scope,intervention_id,family,mode,direction,source_group,direct_group_id,layer,concept_count,positive_concept_count,fraction,fraction_ci_low,fraction_ci_high
discovery,layer_scan.layer_00.monitoring_language.rescue,layer_source_scan,source_contribution,rescue,monitoring_language,,0,4,3,0.0001373116554489606,-0.0002230023216149666,0.0005596496670747811
discovery,layer_scan.layer_00.named_concept.rescue,layer_source_scan,source_contribution,rescue,named_concept,,0,4,2,-0.00016717043935486628,-0.001211343306091796,0.0009724075498002947
discovery,layer_scan.layer_00.trigger_other.rescue,layer_source_scan,source_contribution,rescue,trigger_other,,0,4,2,-0.00010883825035541526,-0.00027070760885348604,1.8696906179886593e-05
discovery,layer_scan.layer_00.original_prompt.rescue,layer_source_scan,source_contribution,rescue,original_prompt,,0,4,3,0.00012692693405326125,-9.708002776317915e-05,0.0003737520640776047
discovery,layer_scan.layer_00.template.rescue,layer_source_scan,source_contribution,rescue,template,,0,4,0,-0.0003975264297207087,-0.00067351219245532,-0.0001749110165048098
discovery,layer_scan.layer_00.response.rescue,layer_source_scan,source_contribution,rescue,response,,0,4,2,9.84709108757382e-06,-0.00034281166417895326,0.00046284803450126146
discovery,layer_scan.layer_00.trigger_instruction.rescue,layer_source_scan,source_contribution,rescue,trigger_instruction,,0,4,1,-0.0001501141559457398,-0.0008833098008479361,0.0006494759506854485
discovery,layer_scan.layer_01.monitoring_language.rescue,layer_source_scan,source_contribution,rescue,monitoring_language,,1,4,4,0.00025343358916072055,2.3389143915784566e-05,0.0004974465297649814
discovery,layer_scan.layer_01.named_concept.rescue,layer_source_scan,source_contribution,rescue,named_concept,,1,4,3,0.003042487699913554,0.0018047147997886856,0.004347288880959681
discovery,layer_scan.layer_01.trigger_other.rescue,layer_source_scan,source_contribution,rescue,trigger_other,,1,4,3,1.0060280400255663e-06,-0.00014114542729004668,0.00011981587097702911
discovery,layer_scan.layer_01.original_prompt.rescue,layer_source_scan,source_contribution,rescue,original_prompt,,1,4,2,-0.00019084866764870588,-0.0006089576853887158,0.00022484609295951314
discovery,layer_scan.layer_01.template.rescue,layer_source_scan,source_contribution,rescue,template,,1,4,3,6.559089085891195e-05,-4.3392812189451335e-05,0.0001791929493514619
discovery,layer_scan.layer_01.response.rescue,layer_source_scan,source_contribution,rescue,response,,1,4,2,5.791662994766291e-06,-0.00030787793230903197,0.0003807310902303552
discovery,layer_scan.layer_01.trigger_instruction.rescue,layer_source_scan,source_contribution,rescue,trigger_instruction,,1,4,3,0.0032744984134842224,0.0019142849846926556,0.004732725903304288
discovery,layer_scan.layer_02.monitoring_language.rescue,layer_source_scan,source_contribution,rescue,monitoring_language,,2,4,3,0.00010856734730083083,-0.00011196334800283517,0.00040600818368292826
discovery,layer_scan.layer_02.named_concept.rescue,layer_source_scan,source_contribution,rescue,named_concept,,2,4,3,0.0001267166702806445,-5.3082280468202954e-05,0.0003158684918459298
discovery,layer_scan.layer_02.trigger_other.rescue,layer_source_scan,source_contribution,rescue,trigger_other,,2,4,3,6.319316823206816e-05,-0.0001258588580644862,0.0002469933461258302
discovery,layer_scan.layer_02.original_prompt.rescue,layer_source_scan,source_contribution,rescue,original_prompt,,2,4,2,7.720400861534204e-05,-0.00016624876453147098,0.00035773430842187014
discovery,layer_scan.layer_02.template.rescue,layer_source_scan,source_contribution,rescue,template,,2,4,0,-0.00015062018126490285,-0.0003523612384038473,2.4398530562862944e-05
discovery,layer_scan.layer_02.response.rescue,layer_source_scan,source_contribution,rescue,response,,2,4,3,-6.008099938602345e-05,-0.0004051895858630682,0.00018525588057510063
discovery,layer_scan.layer_02.trigger_instruction.rescue,layer_source_scan,source_contribution,rescue,trigger_instruction,,2,4,1,-6.738240748608804e-05,-0.00032263811636003764,0.00014298221304492848
discovery,layer_scan.layer_03.monitoring_language.rescue,layer_source_scan,source_contribution,rescue,monitoring_language,,3,4,2,3.127770336683128e-05,-0.00013907391918204743,0.00020770256232659106
discovery,layer_scan.layer_03.named_concept.rescue,layer_source_scan,source_contribution,rescue,named_concept,,3,4,4,0.0025380122985314115,0.001851232714153709,0.0033474140254538187
discovery,layer_scan.layer_03.trigger_other.rescue,layer_source_scan,source_contribution,rescue,trigger_other,,3,4,3,-4.146641201403925e-05,-0.0002132331603350544,0.00011168105989230518
discovery,layer_scan.layer_03.original_prompt.rescue,layer_source_scan,source_contribution,rescue,original_prompt,,3,4,1,-5.1719429152165096e-05,-0.0005860523624983962,0.0003659339750141193
discovery,layer_scan.layer_03.template.rescue,layer_source_scan,source_contribution,rescue,template,,3,4,3,5.6523671842335624e-05,-0.0001458407826432749,0.00023502405549103992
discovery,layer_scan.layer_03.response.rescue,layer_source_scan,source_contribution,rescue,response,,3,4,1,-0.00032880401271728315,-0.0006003976514769951,-0.00010873453180087896
discovery,layer_scan.layer_03.trigger_instruction.rescue,layer_source_scan,source_contribution,rescue,trigger_instruction,,3,4,3,0.00254408846842375,0.0019017957667178927,0.003256976793416603
discovery,layer_scan.layer_04.monitoring_language.rescue,layer_source_scan,source_contribution,rescue,monitoring_language,,4,4,0,-0.0004756479614253553,-0.0007145890844702756,-0.0002748277065625779
discovery,layer_scan.layer_04.named_concept.rescue,layer_source_scan,source_contribution,rescue,named_concept,,4,4,4,0.005811708031177446,0.003880283675417386,0.008303435332124314
discovery,layer_scan.layer_04.trigger_other.rescue,layer_source_scan,source_contribution,rescue,trigger_other,,4,4,4,0.0011174157601147399,0.0005004388503807382,0.002177372167901076
discovery,layer_scan.layer_04.original_prompt.rescue,layer_source_scan,source_contribution,rescue,original_prompt,,4,4,4,0.000823132692827364,3.2400786497050944e-06,0.0017150874831402046
discovery,layer_scan.layer_04.template.rescue,layer_source_scan,source_contribution,rescue,template,,4,4,4,0.0002581716537762163,0.00013026917773878983,0.00041429018954132414
discovery,layer_scan.layer_04.response.rescue,layer_source_scan,source_contribution,rescue,response,,4,4,2,-0.0008655895223858756,-0.0013543091847991124,-0.0003610248169931593
discovery,layer_scan.layer_04.trigger_instruction.rescue,layer_source_scan,source_contribution,rescue,trigger_instruction,,4,4,4,0.006672906224150938,0.004262940934580142,0.009892562567536388
discovery,layer_scan.layer_05.monitoring_language.rescue,layer_source_scan,source_contribution,rescue,monitoring_language,,5,4,3,-1.3490225202978832e-05,-0.0003517512353198824,0.0003551271619183519
discovery,layer_scan.layer_05.named_concept.rescue,layer_source_scan,source_contribution,rescue,named_concept,,5,4,4,0.0016552644150396767,0.0010739859365991658,0.002452410136353773
discovery,layer_scan.layer_05.trigger_other.rescue,layer_source_scan,source_contribution,rescue,trigger_other,,5,4,3,0.00047814576707849845,4.5164266594113996e-05,0.0013166938393478227
discovery,layer_scan.layer_05.original_prompt.rescue,layer_source_scan,source_contribution,rescue,original_prompt,,5,4,2,0.00023791724271979178,-0.00010704065357945735,0.000593977668325885
discovery,layer_scan.layer_05.template.rescue,layer_source_scan,source_contribution,rescue,template,,5,4,4,0.0005757975002785562,0.00037937373159744475,0.0007539659887403033
discovery,layer_scan.layer_05.response.rescue,layer_source_scan,source_contribution,rescue,response,,5,4,1,-0.0005086207575124466,-0.001073252912291941,-6.043580822825612e-05
discovery,layer_scan.layer_05.trigger_instruction.rescue,layer_source_scan,source_contribution,rescue,trigger_instruction,,5,4,4,0.0021302114863069547,0.0010814231960778865,0.0039051889049217916
discovery,layer_scan.layer_06.monitoring_language.rescue,layer_source_scan,source_contribution,rescue,monitoring_language,,6,4,4,0.007807912599634764,0.004330343567895871,0.012338821056455975
discovery,layer_scan.layer_06.named_concept.rescue,layer_source_scan,source_contribution,rescue,named_concept,,6,4,4,0.0035336036447258766,0.0015946588259178754,0.006258048063189961
discovery,layer_scan.layer_06.trigger_other.rescue,layer_source_scan,source_contribution,rescue,trigger_other,,6,4,4,0.0035650564570701834,0.001087852389139651,0.006716079589123723
discovery,layer_scan.layer_06.original_prompt.rescue,layer_source_scan,source_contribution,rescue,original_prompt,,6,4,4,0.0031795580616814185,0.0020347560329012047,0.004717010463192501
discovery,layer_scan.layer_06.template.rescue,layer_source_scan,source_contribution,rescue,template,,6,4,3,-0.00027340271065424824,-0.0006952525644838921,0.00012201140292245847
discovery,layer_scan.layer_06.response.rescue,layer_source_scan,source_contribution,rescue,response,,6,4,4,0.0012306369724237706,0.0004958328065173836,0.0020771573617705346
discovery,layer_scan.layer_06.trigger_instruction.rescue,layer_source_scan,source_contribution,rescue,trigger_instruction,,6,4,4,0.016293213277525455,0.009025124735018032,0.026177934905480593
discovery,layer_scan.layer_07.monitoring_language.rescue,layer_source_scan,source_contribution,rescue,monitoring_language,,7,4,4,0.001962010567685127,0.0005476648286812983,0.004595525404896354
discovery,layer_scan.layer_07.named_concept.rescue,layer_source_scan,source_contribution,rescue,named_concept,,7,4,3,0.000904650472678197,-6.000865240338643e-05,0.002107434067365793
discovery,layer_scan.layer_07.trigger_other.rescue,layer_source_scan,source_contribution,rescue,trigger_other,,7,4,3,0.0005687354303883786,0.00017161425457761992,0.000986168881277384
discovery,layer_scan.layer_07.original_prompt.rescue,layer_source_scan,source_contribution,rescue,original_prompt,,7,4,3,0.0004795109361887487,-0.00032679104455092984,0.0011611414333017936
discovery,layer_scan.layer_07.template.rescue,layer_source_scan,source_contribution,rescue,template,,7,4,4,0.0003007459189760603,3.650613678423067e-05,0.0006806140626106948
discovery,layer_scan.layer_07.response.rescue,layer_source_scan,source_contribution,rescue,response,,7,4,1,-0.0016080849826183713,-0.004141451544744108,4.199931178520007e-05
discovery,layer_scan.layer_07.trigger_instruction.rescue,layer_source_scan,source_contribution,rescue,trigger_instruction,,7,4,3,0.0037983513092131006,0.0013268057976245904,0.0076929161248388825
discovery,layer_scan.layer_08.monitoring_language.rescue,layer_source_scan,source_contribution,rescue,monitoring_language,,8,4,2,6.514711550382205e-05,-5.230981740482953e-05,0.00022803450326145386
discovery,layer_scan.layer_08.named_concept.rescue,layer_source_scan,source_contribution,rescue,named_concept,,8,4,4,0.02324283882321303,0.016008681828031994,0.03259501941408965
discovery,layer_scan.layer_08.trigger_other.rescue,layer_source_scan,source_contribution,rescue,trigger_other,,8,4,3,0.004686705597988791,0.0030221677626803122,0.006106527969733121
discovery,layer_scan.layer_08.original_prompt.rescue,layer_source_scan,source_contribution,rescue,original_prompt,,8,4,4,0.004412780389100317,0.0025878622646549275,0.006077688288814977
discovery,layer_scan.layer_08.template.rescue,layer_source_scan,source_contribution,rescue,template,,8,4,4,0.0006236765268213746,0.00020409327896179957,0.0009570846197302089
discovery,layer_scan.layer_08.response.rescue,layer_source_scan,source_contribution,rescue,response,,8,4,3,0.0024823532571883133,-0.00033729558010897934,0.005569756171006728
discovery,layer_scan.layer_08.trigger_instruction.rescue,layer_source_scan,source_contribution,rescue,trigger_instruction,,8,4,3,0.031276610708732916,0.0228563811404352,0.04167574176469587
discovery,layer_scan.layer_09.monitoring_language.rescue,layer_source_scan,source_contribution,rescue,monitoring_language,,9,4,1,-0.0001119012525560104,-0.0002274346895451479,2.6996317277699424e-05
discovery,layer_scan.layer_09.named_concept.rescue,layer_source_scan,source_contribution,rescue,named_concept,,9,4,4,0.04477359062339297,0.03150408408293163,0.056437516861503466
discovery,layer_scan.layer_09.trigger_other.rescue,layer_source_scan,source_contribution,rescue,trigger_other,,9,4,2,0.01457122859307886,0.01156472848026824,0.017883560824659955
discovery,layer_scan.layer_09.original_prompt.rescue,layer_source_scan,source_contribution,rescue,original_prompt,,9,4,4,0.018344002179803327,0.014727309721754058,0.022355277288417293
discovery,layer_scan.layer_09.template.rescue,layer_source_scan,source_contribution,rescue,template,,9,4,3,0.0015452379436341006,0.000828059368206279,0.0023729810648923416
discovery,layer_scan.layer_09.response.rescue,layer_source_scan,source_contribution,rescue,response,,9,4,4,0.013607747530548957,0.011134990180020184,0.015928705799727334
discovery,layer_scan.layer_09.trigger_instruction.rescue,layer_source_scan,source_contribution,rescue,trigger_instruction,,9,4,4,0.06191966295598004,0.04822519004292621,0.07437620435790752
discovery,layer_scan.layer_10.monitoring_language.rescue,layer_source_scan,source_contribution,rescue,monitoring_language,,10,4,2,0.00014596974777051047,-0.0001208106892535079,0.0005646743596641929
discovery,layer_scan.layer_10.named_concept.rescue,layer_source_scan,source_contribution,rescue,named_concept,,10,4,3,0.14314855920984904,0.12132858808633933,0.16399658446447213
discovery,layer_scan.layer_10.trigger_other.rescue,layer_source_scan,source_contribution,rescue,trigger_other,,10,4,3,0.047425022430055905,0.042359353945896926,0.05274962555464673
discovery,layer_scan.layer_10.original_prompt.rescue,layer_source_scan,source_contribution,rescue,original_prompt,,10,4,3,0.004879289900282388,0.0019963748932222327,0.007545285949445091
discovery,layer_scan.layer_10.template.rescue,layer_source_scan,source_contribution,rescue,template,,10,4,3,0.0004672012516819181,-0.00043342538882650943,0.001380556177833963
discovery,layer_scan.layer_10.response.rescue,layer_source_scan,source_contribution,rescue,response,,10,4,1,-0.007156186943332833,-0.011974618572923403,-0.0024433933863888973
discovery,layer_scan.layer_10.trigger_instruction.rescue,layer_source_scan,source_contribution,rescue,trigger_instruction,,10,4,3,0.19229141003516095,0.16998980770862254,0.21393808828715755
discovery,layer_scan.layer_11.monitoring_language.rescue,layer_source_scan,source_contribution,rescue,monitoring_language,,11,4,3,0.0001506086933595455,8.175229575566238e-06,0.00031176293503486907
discovery,layer_scan.layer_11.named_concept.rescue,layer_source_scan,source_contribution,rescue,named_concept,,11,4,3,0.047116797702507325,0.04104015839175365,0.05376859212556166
discovery,layer_scan.layer_11.trigger_other.rescue,layer_source_scan,source_contribution,rescue,trigger_other,,11,4,3,0.19431250858094712,0.16564690594840675,0.22423193217054257
discovery,layer_scan.layer_11.original_prompt.rescue,layer_source_scan,source_contribution,rescue,original_prompt,,11,4,4,0.05697077880952125,0.04873389619781932,0.0652073226567926
discovery,layer_scan.layer_11.template.rescue,layer_source_scan,source_contribution,rescue,template,,11,4,4,0.009334501039926592,0.006548683798891718,0.012623189815932833
discovery,layer_scan.layer_11.response.rescue,layer_source_scan,source_contribution,rescue,response,,11,4,4,0.0708225292773858,0.059376178220215126,0.08313838780368295
discovery,layer_scan.layer_11.trigger_instruction.rescue,layer_source_scan,source_contribution,rescue,trigger_instruction,,11,4,4,0.24808069364043162,0.21889717664072095,0.2781862491583621
discovery,layer_scan.layer_12.monitoring_language.rescue,layer_source_scan,source_contribution,rescue,monitoring_language,,12,4,3,0.0007660100896319609,0.0005533637221950686,0.0010197659505359665
discovery,layer_scan.layer_12.named_concept.rescue,layer_source_scan,source_contribution,rescue,named_concept,,12,4,4,0.011446243536271954,0.008580899923417968,0.014496752499467363
discovery,layer_scan.layer_12.trigger_other.rescue,layer_source_scan,source_contribution,rescue,trigger_other,,12,4,2,0.0023559517212443796,-1.6718692439497153e-06,0.004859106046552144
discovery,layer_scan.layer_12.original_prompt.rescue,layer_source_scan,source_contribution,rescue,original_prompt,,12,4,4,0.02027109902687715,0.011580705511412262,0.03282945212706129
discovery,layer_scan.layer_12.template.rescue,layer_source_scan,source_contribution,rescue,template,,12,4,4,0.004256476554332544,0.0027126393497892086,0.0062864590689927675
discovery,layer_scan.layer_12.response.rescue,layer_source_scan,source_contribution,rescue,response,,12,4,4,0.06803437051765489,0.056061594162053766,0.08185241608087711
discovery,layer_scan.layer_12.trigger_instruction.rescue,layer_source_scan,source_contribution,rescue,trigger_instruction,,12,4,4,0.01584004311776805,0.012355529965993955,0.019238435472878686
discovery,individual.layer_11.head_08.monitoring_language.rescue,individual_selected_head,source_contribution,rescue,monitoring_language,,11,4,2,4.109449456781263e-05,-0.00011956838342409375,0.0002484116685543815
discovery,individual.layer_11.head_08.named_concept.rescue,individual_selected_head,source_contribution,rescue,named_concept,,11,4,3,0.017529016786843744,0.016558961663288272,0.01853547636499222
discovery,individual.layer_11.head_08.trigger_other.rescue,individual_selected_head,source_contribution,rescue,trigger_other,,11,4,3,0.10528634309743508,0.07884811573863253,0.1368594967849697
discovery,individual.layer_11.head_08.original_prompt.rescue,individual_selected_head,source_contribution,rescue,original_prompt,,11,4,4,0.03578515667005081,0.029757642561306988,0.04168888699053752
discovery,individual.layer_11.head_08.template.rescue,individual_selected_head,source_contribution,rescue,template,,11,4,4,0.004265352376810904,0.0030930364292176427,0.005530979987042844
discovery,individual.layer_11.head_08.response.rescue,individual_selected_head,source_contribution,rescue,response,,11,4,4,0.04530671484470817,0.03851999949930286,0.0526021374188436
discovery,individual.layer_10.head_12.monitoring_language.rescue,individual_selected_head,source_contribution,rescue,monitoring_language,,10,4,2,0.00012421223356038897,5.517582263659928e-06,0.0002902994351964848
discovery,individual.layer_10.head_12.named_concept.rescue,individual_selected_head,source_contribution,rescue,named_concept,,10,4,2,0.15216617772415247,0.1278493162475981,0.17491638396445397
discovery,individual.layer_10.head_12.trigger_other.rescue,individual_selected_head,source_contribution,rescue,trigger_other,,10,4,2,0.0006876068200808554,0.0004284399943010279,0.0009908372253810004
discovery,individual.layer_10.head_12.original_prompt.rescue,individual_selected_head,source_contribution,rescue,original_prompt,,10,4,3,0.0013302555537269354,-0.0013966311739412368,0.003415418399444483
discovery,individual.layer_10.head_12.template.rescue,individual_selected_head,source_contribution,rescue,template,,10,4,2,0.0003122347934364741,8.138352268309796e-05,0.0005315098530045358
discovery,individual.layer_10.head_12.response.rescue,individual_selected_head,source_contribution,rescue,response,,10,4,3,0.0039266759866825995,0.0025110294260895236,0.00550427516851766
discovery,individual.layer_11.head_09.monitoring_language.rescue,individual_selected_head,source_contribution,rescue,monitoring_language,,11,4,2,3.0240954380103912e-05,-0.00013081128551603838,0.00023668682077048695
discovery,individual.layer_11.head_09.named_concept.rescue,individual_selected_head,source_contribution,rescue,named_concept,,11,4,3,0.019650379209486927,0.01629333761070293,0.023243252101589867
discovery,individual.layer_11.head_09.trigger_other.rescue,individual_selected_head,source_contribution,rescue,trigger_other,,11,4,3,0.024180978371875012,0.01970137088392904,0.02901162200086542
discovery,individual.layer_11.head_09.original_prompt.rescue,individual_selected_head,source_contribution,rescue,original_prompt,,11,4,4,0.015720868407337083,0.011396931231456145,0.020870604088880456
discovery,individual.layer_11.head_09.template.rescue,individual_selected_head,source_contribution,rescue,template,,11,4,4,0.0016848992483025347,0.001042913903350126,0.002460071149496224
discovery,individual.layer_11.head_09.response.rescue,individual_selected_head,source_contribution,rescue,response,,11,4,4,0.01925690644258876,0.015771425256048417,0.022988201511519965
discovery,individual.layer_10.head_02.monitoring_language.rescue,individual_selected_head,source_contribution,rescue,monitoring_language,,10,4,2,1.5079730763013777e-05,-0.00012791904260770826,0.0001573693036163127
discovery,individual.layer_10.head_02.named_concept.rescue,individual_selected_head,source_contribution,rescue,named_concept,,10,4,2,-0.005386116336352552,-0.0064128588987623445,-0.004319543791869996
discovery,individual.layer_10.head_02.trigger_other.rescue,individual_selected_head,source_contribution,rescue,trigger_other,,10,4,3,0.03991246324689664,0.03513294889863145,0.04523536345885758
discovery,individual.layer_10.head_02.original_prompt.rescue,individual_selected_head,source_contribution,rescue,original_prompt,,10,4,4,0.0056669419034462865,0.004451174638978166,0.00697957823131874
discovery,individual.layer_10.head_02.template.rescue,individual_selected_head,source_contribution,rescue,template,,10,4,4,0.001229116226569537,0.0008834191665034758,0.0016611360392235666
discovery,individual.layer_10.head_02.response.rescue,individual_selected_head,source_contribution,rescue,response,,10,4,3,0.0045116287851890355,0.0036929045208997494,0.005249359757585198
discovery,individual.layer_09.head_11.monitoring_language.rescue,individual_selected_head,source_contribution,rescue,monitoring_language,,9,4,2,0.00012585271412209306,-2.8892442791043e-05,0.00037384343758038193
discovery,individual.layer_09.head_11.named_concept.rescue,individual_selected_head,source_contribution,rescue,named_concept,,9,4,2,0.011335403660234328,0.009645724042081711,0.013063582918301897
discovery,individual.layer_09.head_11.trigger_other.rescue,individual_selected_head,source_contribution,rescue,trigger_other,,9,4,3,0.007570151280648091,0.005770107395507754,0.009566092776280037
discovery,individual.layer_09.head_11.original_prompt.rescue,individual_selected_head,source_contribution,rescue,original_prompt,,9,4,4,0.007754550530570963,0.005787827966779157,0.010128840501223901
discovery,individual.layer_09.head_11.template.rescue,individual_selected_head,source_contribution,rescue,template,,9,4,4,0.0014459763872157008,0.0008532550635684143,0.002148849588276117
discovery,individual.layer_09.head_11.response.rescue,individual_selected_head,source_contribution,rescue,response,,9,4,4,0.008616913334200359,0.007503961341270315,0.009761912173927186
discovery,individual.layer_12.head_12.monitoring_language.rescue,individual_selected_head,source_contribution,rescue,monitoring_language,,12,4,3,0.0005053687695041498,0.0003149407710364637,0.0007168503452481054
discovery,individual.layer_12.head_12.named_concept.rescue,individual_selected_head,source_contribution,rescue,named_concept,,12,4,3,0.004095122693444391,0.0016677420196435475,0.006722283100473288
discovery,individual.layer_12.head_12.trigger_other.rescue,individual_selected_head,source_contribution,rescue,trigger_other,,12,4,1,-0.0027629867875015516,-0.004030540486414238,-0.0010742959835033136
discovery,individual.layer_12.head_12.original_prompt.rescue,individual_selected_head,source_contribution,rescue,original_prompt,,12,4,3,0.0035533439688677834,0.002486336589918718,0.00487819146643847
discovery,individual.layer_12.head_12.template.rescue,individual_selected_head,source_contribution,rescue,template,,12,4,4,0.001193322338050871,0.0009042243374375118,0.0014914468216593241
discovery,individual.layer_12.head_12.response.rescue,individual_selected_head,source_contribution,rescue,response,,12,4,4,0.025255939616370817,0.022086066122690512,0.02930751288784994
discovery,individual.layer_12.head_03.monitoring_language.rescue,individual_selected_head,source_contribution,rescue,monitoring_language,,12,4,2,9.7166645278504e-05,-6.562047688244883e-05,0.00031408221030416344
discovery,individual.layer_12.head_03.named_concept.rescue,individual_selected_head,source_contribution,rescue,named_concept,,12,4,2,0.002102600837620944,0.0017197047301147639,0.002615963316355653
discovery,individual.layer_12.head_03.trigger_other.rescue,individual_selected_head,source_contribution,rescue,trigger_other,,12,4,3,0.005506449567029708,0.004554302086682479,0.006535146187503767
discovery,individual.layer_12.head_03.original_prompt.rescue,individual_selected_head,source_contribution,rescue,original_prompt,,12,4,4,0.0036713422397669344,0.0026599234875365543,0.004975817964146345
discovery,individual.layer_12.head_03.template.rescue,individual_selected_head,source_contribution,rescue,template,,12,4,3,0.0003262205507602678,-1.8327595130066937e-05,0.0006712586525150414
discovery,individual.layer_12.head_03.response.rescue,individual_selected_head,source_contribution,rescue,response,,12,4,4,0.018338312850957904,0.015608616363719432,0.021026176912735332
discovery,individual.layer_09.head_04.monitoring_language.rescue,individual_selected_head,source_contribution,rescue,monitoring_language,,9,4,1,-1.7490498427276662e-05,-0.00013086209392705784,0.00015538282560596304
discovery,individual.layer_09.head_04.named_concept.rescue,individual_selected_head,source_contribution,rescue,named_concept,,9,4,2,0.019503418321717633,0.010179662375344107,0.02823394185266959
discovery,individual.layer_09.head_04.trigger_other.rescue,individual_selected_head,source_contribution,rescue,trigger_other,,9,4,1,-0.0003143579437374837,-0.0005182521374991519,-7.70798361670443e-05
discovery,individual.layer_09.head_04.original_prompt.rescue,individual_selected_head,source_contribution,rescue,original_prompt,,9,4,4,0.00104138496539167,0.000729001893820689,0.0013785803961891185
discovery,individual.layer_09.head_04.template.rescue,individual_selected_head,source_contribution,rescue,template,,9,4,3,0.0003940257820468814,0.00014487782219632387,0.000677679594406183
discovery,individual.layer_09.head_04.response.rescue,individual_selected_head,source_contribution,rescue,response,,9,4,4,0.003947907950862769,0.0030201195448167173,0.005006998170332394
discovery,individual.layer_11.head_14.monitoring_language.rescue,individual_selected_head,source_contribution,rescue,monitoring_language,,11,4,2,6.695339458790838e-05,-7.073111591555394e-05,0.00026503403105449083
discovery,individual.layer_11.head_14.named_concept.rescue,individual_selected_head,source_contribution,rescue,named_concept,,11,4,0,-0.009066574309232736,-0.010251595701630463,-0.008101910466482872
discovery,individual.layer_11.head_14.trigger_other.rescue,individual_selected_head,source_contribution,rescue,trigger_other,,11,4,2,0.029722128202182126,0.025539358343771135,0.0339431671176216
discovery,individual.layer_11.head_14.original_prompt.rescue,individual_selected_head,source_contribution,rescue,original_prompt,,11,4,3,0.0031006329381892033,0.0018596100396779639,0.004641571318209597
discovery,individual.layer_11.head_14.template.rescue,individual_selected_head,source_contribution,rescue,template,,11,4,2,0.00017785796892899695,-0.00015448690051487977,0.0005426133089886974
discovery,individual.layer_11.head_14.response.rescue,individual_selected_head,source_contribution,rescue,response,,11,4,2,0.0022355149087550843,0.0008438458283150957,0.003716122690039499
discovery,individual.layer_12.head_02.monitoring_language.rescue,individual_selected_head,source_contribution,rescue,monitoring_language,,12,4,2,5.7744697776710085e-05,-9.974535066635308e-05,0.00025840176338333534
discovery,individual.layer_12.head_02.named_concept.rescue,individual_selected_head,source_contribution,rescue,named_concept,,12,4,1,-0.002476353976885835,-0.0028848429272195554,-0.002055322339573961
discovery,individual.layer_12.head_02.trigger_other.rescue,individual_selected_head,source_contribution,rescue,trigger_other,,12,4,3,0.004592274379492627,0.0037590488120065463,0.005503925646402814
discovery,individual.layer_12.head_02.original_prompt.rescue,individual_selected_head,source_contribution,rescue,original_prompt,,12,4,4,0.0033543027047290884,0.002182376297191737,0.004601402890789292
discovery,individual.layer_12.head_02.template.rescue,individual_selected_head,source_contribution,rescue,template,,12,4,2,5.7728499321910344e-05,-0.0002495797181693887,0.0005124453152524349
discovery,individual.layer_12.head_02.response.rescue,individual_selected_head,source_contribution,rescue,response,,12,4,4,0.009529085979220975,0.007429475976116193,0.012311086475132781
discovery,individual.layer_09.head_13.monitoring_language.rescue,individual_selected_head,source_contribution,rescue,monitoring_language,,9,4,2,2.2201942999872673e-05,-0.00014221963443002042,0.0002294860574019758
discovery,individual.layer_09.head_13.named_concept.rescue,individual_selected_head,source_contribution,rescue,named_concept,,9,4,1,-0.002634419969917186,-0.003036687892240754,-0.0022282879900927866
discovery,individual.layer_09.head_13.trigger_other.rescue,individual_selected_head,source_contribution,rescue,trigger_other,,9,4,3,0.0046817070562594825,0.003788415985981328,0.005510104124006899
discovery,individual.layer_09.head_13.original_prompt.rescue,individual_selected_head,source_contribution,rescue,original_prompt,,9,4,4,0.004938878665638083,0.00407876474920199,0.005916591547924925
discovery,individual.layer_09.head_13.template.rescue,individual_selected_head,source_contribution,rescue,template,,9,4,3,0.00011197032754772684,-3.300392963374287e-05,0.0002523514871710264
discovery,individual.layer_09.head_13.response.rescue,individual_selected_head,source_contribution,rescue,response,,9,4,4,0.005051467608129627,0.004011159179905043,0.006226761352593553
discovery,individual.layer_11.head_15.monitoring_language.rescue,individual_selected_head,source_contribution,rescue,monitoring_language,,11,4,2,3.127761720649456e-05,-0.00011714367634754798,0.0001929713804599974
discovery,individual.layer_11.head_15.named_concept.rescue,individual_selected_head,source_contribution,rescue,named_concept,,11,4,3,0.002569937941181203,0.0017818052556501517,0.0035721689968886065
discovery,individual.layer_11.head_15.trigger_other.rescue,individual_selected_head,source_contribution,rescue,trigger_other,,11,4,3,0.010911247929535465,0.00011753491203352341,0.025677081150265034
discovery,individual.layer_11.head_15.original_prompt.rescue,individual_selected_head,source_contribution,rescue,original_prompt,,11,4,4,0.0013357050876714955,0.00047860518597431565,0.0023227669429534375
discovery,individual.layer_11.head_15.template.rescue,individual_selected_head,source_contribution,rescue,template,,11,4,3,0.0017752409340845159,0.0007930650767323061,0.002973312835346196
discovery,individual.layer_11.head_15.response.rescue,individual_selected_head,source_contribution,rescue,response,,11,4,4,0.0023962025387700646,0.0012564589171245991,0.0035315286033335766
discovery,group.selected_attention_12.monitoring_language.rescue,selected_random_source_group,source_contribution,rescue,monitoring_language,,,4,3,0.000622352764201148,0.0004232137081930753,0.0008575363923560493
discovery,group.selected_attention_12.monitoring_language.induction,selected_random_source_group,source_contribution,induction,monitoring_language,,,4,4,0.001109180701256323,0.0007648031180266937,0.0015615594715394688
discovery,group.selected_attention_12.named_concept.rescue,selected_random_source_group,source_contribution,rescue,named_concept,,,4,3,0.3094126458671903,0.28905379675992715,0.33631828153156773
discovery,group.selected_attention_12.named_concept.induction,selected_random_source_group,source_contribution,induction,named_concept,,,4,3,0.3489015938451713,0.33056804969925757,0.36847784363943015
discovery,group.selected_attention_12.trigger_other.rescue,selected_random_source_group,source_contribution,rescue,trigger_other,,,4,3,0.2611777073264056,0.23140520250819152,0.2919220098332233
discovery,group.selected_attention_12.trigger_other.induction,selected_random_source_group,source_contribution,induction,trigger_other,,,4,3,0.2529763175225888,0.21491399258921873,0.2890216469655257
discovery,group.selected_attention_12.original_prompt.rescue,selected_random_source_group,source_contribution,rescue,original_prompt,,,4,4,0.09301972770498858,0.07944591865472352,0.10697965902266232
discovery,group.selected_attention_12.original_prompt.induction,selected_random_source_group,source_contribution,induction,original_prompt,,,4,4,0.04810542263085829,0.03279275084835563,0.06629513514457046
discovery,group.selected_attention_12.template.rescue,selected_random_source_group,source_contribution,rescue,template,,,4,4,0.012553044318855535,0.009136687514240151,0.016387756210167595
discovery,group.selected_attention_12.template.induction,selected_random_source_group,source_contribution,induction,template,,,4,4,0.009458328027064221,0.006380505513636832,0.013248225814123297
discovery,group.selected_attention_12.response.rescue,selected_random_source_group,source_contribution,rescue,response,,,4,4,0.1646099725770412,0.14755601389301148,0.18402771110322072
discovery,group.selected_attention_12.response.induction,selected_random_source_group,source_contribution,induction,response,,,4,4,0.06050834764151219,0.04618028274995358,0.07817045634063673
discovery,group.selected_attention_12.trigger_instruction.rescue,selected_random_source_group,source_contribution,rescue,trigger_instruction,,,4,4,0.5778071735892222,0.5413502506027027,0.6164733081753772
discovery,group.selected_attention_12.trigger_instruction.induction,selected_random_source_group,source_contribution,induction,trigger_instruction,,,4,4,0.6054158339489307,0.5634862834149629,0.6470011763460481
discovery,group.selected_attention_12.all_prompt.rescue,selected_random_source_group,source_contribution,rescue,all_prompt,,,4,4,0.7970714309398854,0.761695438122666,0.831545589348864
discovery,group.selected_attention_12.all_prompt.induction,selected_random_source_group,source_contribution,induction,all_prompt,,,4,4,0.7825651521548465,0.741668257142507,0.8200372808893203
discovery,group.random_attention_12.monitoring_language.rescue,selected_random_source_group,source_contribution,rescue,monitoring_language,,,4,2,0.00014992643715695323,-5.104990993118827e-05,0.0004422967287170161
discovery,group.random_attention_12.monitoring_language.induction,selected_random_source_group,source_contribution,induction,monitoring_language,,,4,3,0.00041690179864511316,0.00017826194121672135,0.0007711099547762502
discovery,group.random_attention_12.named_concept.rescue,selected_random_source_group,source_contribution,rescue,named_concept,,,4,1,-0.0009483568834212871,-0.0014127772972902396,-0.00048396186507519066
discovery,group.random_attention_12.named_concept.induction,selected_random_source_group,source_contribution,induction,named_concept,,,4,4,0.0015222676460165578,0.000801729903807981,0.0025881165645782037
discovery,group.random_attention_12.trigger_other.rescue,selected_random_source_group,source_contribution,rescue,trigger_other,,,4,3,-0.001351637478373884,-0.002295171140153522,-0.0005162274202019868
discovery,group.random_attention_12.trigger_other.induction,selected_random_source_group,source_contribution,induction,trigger_other,,,4,3,0.0005543612268857196,9.703977054727119e-05,0.000986471569703316
discovery,group.random_attention_12.original_prompt.rescue,selected_random_source_group,source_contribution,rescue,original_prompt,,,4,3,0.0022065502036133664,0.0011225285007826762,0.0034559081594160647
discovery,group.random_attention_12.original_prompt.induction,selected_random_source_group,source_contribution,induction,original_prompt,,,4,3,0.00390087677500514,0.001958977657241221,0.006713654621510894
discovery,group.random_attention_12.template.rescue,selected_random_source_group,source_contribution,rescue,template,,,4,3,0.0008308282556506944,0.00023085234264018164,0.0015027847777797391
discovery,group.random_attention_12.template.induction,selected_random_source_group,source_contribution,induction,template,,,4,1,9.880866554138121e-05,-0.0004569164093103366,0.0007840185164124824
discovery,group.random_attention_12.response.rescue,selected_random_source_group,source_contribution,rescue,response,,,4,2,-0.000694681375591658,-0.004963435068608235,0.004100444777517288
discovery,group.random_attention_12.response.induction,selected_random_source_group,source_contribution,induction,response,,,4,1,-0.004640269222088288,-0.007501934941856412,-0.002345701300261303
discovery,group.random_attention_12.trigger_instruction.rescue,selected_random_source_group,source_contribution,rescue,trigger_instruction,,,4,2,-0.002021463242112284,-0.003106791383696191,-0.0010970701913983654
discovery,group.random_attention_12.trigger_instruction.induction,selected_random_source_group,source_contribution,induction,trigger_instruction,,,4,4,0.002254119265392515,0.0013751909619891779,0.003315478832509306
discovery,group.random_attention_12.all_prompt.rescue,selected_random_source_group,source_contribution,rescue,all_prompt,,,4,3,0.0008955722534143675,-0.0007516389580354424,0.0026172688477114976
discovery,group.random_attention_12.all_prompt.induction,selected_random_source_group,source_contribution,induction,all_prompt,,,4,4,0.005900963661691304,0.0034787517360793606,0.009284196048225864
discovery,direct.selected_attention_12.rescue,direct_response_output,direct_output,rescue,,selected_attention_12,,4,4,0.8918850312990849,0.865687643608707,0.913582695334589
discovery,direct.selected_attention_12.induction,direct_response_output,direct_output,induction,,selected_attention_12,,4,4,0.9001317576256889,0.8652415800602204,0.9287489753008334
discovery,direct.random_attention_12.rescue,direct_response_output,direct_output,rescue,,random_attention_12,,4,2,0.0014561294225824127,-0.0030827696893726735,0.006427301767146208
discovery,direct.random_attention_12.induction,direct_response_output,direct_output,induction,,random_attention_12,,4,2,0.0016747856116386217,-0.0006539407340718449,0.0044873817117516215
discovery,direct.random_attention_16.rescue,direct_response_output,direct_output,rescue,,random_attention_16,,4,3,-0.014879796840985325,-0.020425513068859293,-0.008984346563068055
discovery,direct.random_attention_16.induction,direct_response_output,direct_output,induction,,random_attention_16,,4,4,0.017698084581587864,0.01255202195323418,0.023803898873182745
discovery,direct.selected_mlp_4.rescue,direct_response_output,direct_output,rescue,,selected_mlp_4,,4,4,0.6449679763378977,0.5985946690612933,0.6873152377906757
discovery,direct.selected_mlp_4.induction,direct_response_output,direct_output,induction,,selected_mlp_4,,4,4,0.5249636234809066,0.48788986656744865,0.5609019154672663
discovery,direct.layer_09.mlp.rescue,direct_response_output,direct_output,rescue,,layer_09.mlp,,4,4,0.030724330680995997,0.02455694981604214,0.03775272882398031
discovery,direct.layer_09.mlp.induction,direct_response_output,direct_output,induction,,layer_09.mlp,,4,4,0.008855521300435366,0.005347014086910838,0.013672565408424446
discovery,direct.layer_10.mlp.rescue,direct_response_output,direct_output,rescue,,layer_10.mlp,,4,3,0.07842609272611258,0.05913321519583651,0.09627423241251475
discovery,direct.layer_10.mlp.induction,direct_response_output,direct_output,induction,,layer_10.mlp,,4,3,0.06253274730048122,0.038878071923840365,0.09301261856950799
discovery,direct.layer_11.mlp.rescue,direct_response_output,direct_output,rescue,,layer_11.mlp,,4,4,0.3207172932389658,0.28557697035984175,0.35654736746417676
discovery,direct.layer_11.mlp.induction,direct_response_output,direct_output,induction,,layer_11.mlp,,4,4,0.21452400163350982,0.16927961317996634,0.2635073787558471
discovery,direct.layer_12.mlp.rescue,direct_response_output,direct_output,rescue,,layer_12.mlp,,4,4,0.1111012480012378,0.08353675143670285,0.14171763533488888
discovery,direct.layer_12.mlp.induction,direct_response_output,direct_output,induction,,layer_12.mlp,,4,3,0.10498050970452764,0.0732178912138216,0.14200239166688433
discovery,direct.selected_k16.rescue,direct_response_output,direct_output,rescue,,selected_k16,,4,4,0.9334404308038997,0.9126158594357875,0.9498969636281831
discovery,direct.selected_k16.induction,direct_response_output,direct_output,induction,,selected_k16,,4,4,0.9213276113033766,0.8952853743349986,0.9419367073361851
discovery,direct.resid_post_layer12_positive_control.rescue,direct_response_output,direct_output,rescue,,resid_post_layer12_positive_control,,4,4,1.0,1.0,1.0
discovery,direct.resid_post_layer12_positive_control.induction,direct_response_output,direct_output,induction,,resid_post_layer12_positive_control,,4,4,1.0,1.0,1.0
validation,layer_scan.layer_00.monitoring_language.rescue,layer_source_scan,source_contribution,rescue,monitoring_language,,0,7,2,-0.0005157704943156118,-0.0009681935898552736,-0.00010512076054424791
validation,layer_scan.layer_00.named_concept.rescue,layer_source_scan,source_contribution,rescue,named_concept,,0,7,1,-0.000498036456192536,-0.0009244588350648737,-0.00014607057138937108
validation,layer_scan.layer_00.trigger_other.rescue,layer_source_scan,source_contribution,rescue,trigger_other,,0,7,1,-0.000298937283552107,-0.0006229869281236598,-7.13738876541777e-05
validation,layer_scan.layer_00.original_prompt.rescue,layer_source_scan,source_contribution,rescue,original_prompt,,0,7,3,-0.00016690781487899072,-0.0004856814789807909,9.000610123463978e-05
validation,layer_scan.layer_00.template.rescue,layer_source_scan,source_contribution,rescue,template,,0,7,1,-0.00041170925951691876,-0.0007015961141020615,-0.00014147498331369934
validation,layer_scan.layer_00.response.rescue,layer_source_scan,source_contribution,rescue,response,,0,7,2,-0.0002200510806404904,-0.0006240524100983062,0.00010247766329463355
validation,layer_scan.layer_00.trigger_instruction.rescue,layer_source_scan,source_contribution,rescue,trigger_instruction,,0,7,2,-0.0007790329330267798,-0.0012851158018311623,-0.00030733489509370194
validation,layer_scan.layer_01.monitoring_language.rescue,layer_source_scan,source_contribution,rescue,monitoring_language,,1,7,4,0.0001630220439771228,-0.00012059343026747729,0.0004282512220782557
validation,layer_scan.layer_01.named_concept.rescue,layer_source_scan,source_contribution,rescue,named_concept,,1,7,4,4.4613000740954235e-05,-0.0003977848172827579,0.000376047559117235
validation,layer_scan.layer_01.trigger_other.rescue,layer_source_scan,source_contribution,rescue,trigger_other,,1,7,2,-0.00017794113597913996,-0.0004832220999494689,7.169632980350348e-05
validation,layer_scan.layer_01.original_prompt.rescue,layer_source_scan,source_contribution,rescue,original_prompt,,1,7,1,-0.00014618305494330303,-0.0004068740425951036,0.00010523258203461923
validation,layer_scan.layer_01.template.rescue,layer_source_scan,source_contribution,rescue,template,,1,7,1,-0.0001733568255504359,-0.0005194376074707131,0.00010505375676173512
validation,layer_scan.layer_01.response.rescue,layer_source_scan,source_contribution,rescue,response,,1,7,2,-0.00044224681329412967,-0.0008191362066083039,-0.00016062217915223793
validation,layer_scan.layer_01.trigger_instruction.rescue,layer_source_scan,source_contribution,rescue,trigger_instruction,,1,7,6,0.0006936370492920833,0.00042801494192847776,0.0009931480862863389
validation,layer_scan.layer_02.monitoring_language.rescue,layer_source_scan,source_contribution,rescue,monitoring_language,,2,7,2,-0.00018349289694307526,-0.0005577259570641002,9.058002697817099e-05
validation,layer_scan.layer_02.named_concept.rescue,layer_source_scan,source_contribution,rescue,named_concept,,2,7,2,-0.00014244030026317034,-0.00038338609751056537,5.3075754986850086e-05
validation,layer_scan.layer_02.trigger_other.rescue,layer_source_scan,source_contribution,rescue,trigger_other,,2,7,2,-0.0003165063593494995,-0.0007165239216603044,-4.1575200542949625e-05
validation,layer_scan.layer_02.original_prompt.rescue,layer_source_scan,source_contribution,rescue,original_prompt,,2,7,2,-0.00032334124275940795,-0.0006226844131663332,-9.022974872222608e-05
validation,layer_scan.layer_02.template.rescue,layer_source_scan,source_contribution,rescue,template,,2,7,2,-0.0002917021370637205,-0.0007140873099704599,5.403845033921391e-05
validation,layer_scan.layer_02.response.rescue,layer_source_scan,source_contribution,rescue,response,,2,7,1,-0.0003779873487205317,-0.0006828028931460233,-0.00013983954092840266
validation,layer_scan.layer_02.trigger_instruction.rescue,layer_source_scan,source_contribution,rescue,trigger_instruction,,2,7,3,-0.00017804506742606185,-0.00046845517599038063,5.632222255964201e-05
validation,layer_scan.layer_03.monitoring_language.rescue,layer_source_scan,source_contribution,rescue,monitoring_language,,3,7,3,6.339898025088077e-05,-0.00038077668375973545,0.0004607381265891488
validation,layer_scan.layer_03.named_concept.rescue,layer_source_scan,source_contribution,rescue,named_concept,,3,7,4,0.0013269740984313083,0.0004496251177622486,0.002271293607925848
validation,layer_scan.layer_03.trigger_other.rescue,layer_source_scan,source_contribution,rescue,trigger_other,,3,7,4,-0.00036404020569803997,-0.0006900256230602538,-9.687496162597252e-05
validation,layer_scan.layer_03.original_prompt.rescue,layer_source_scan,source_contribution,rescue,original_prompt,,3,7,1,-0.0002137390976444822,-0.000660243036288338,0.0004314541280938697
validation,layer_scan.layer_03.template.rescue,layer_source_scan,source_contribution,rescue,template,,3,7,1,-0.00033929667527771834,-0.0005700291392224762,-0.0001428504269781051
validation,layer_scan.layer_03.response.rescue,layer_source_scan,source_contribution,rescue,response,,3,7,1,-0.0005244884447060623,-0.0008782511838709577,-0.00022082070874926242
validation,layer_scan.layer_03.trigger_instruction.rescue,layer_source_scan,source_contribution,rescue,trigger_instruction,,3,7,5,0.0016312559840231133,0.0005184676635571066,0.002888537185964123
validation,layer_scan.layer_04.monitoring_language.rescue,layer_source_scan,source_contribution,rescue,monitoring_language,,4,7,3,-0.00022956334336830128,-0.0007546065461861414,0.00024399236135195154
validation,layer_scan.layer_04.named_concept.rescue,layer_source_scan,source_contribution,rescue,named_concept,,4,7,4,0.0005753582356739226,-0.00047937499654144634,0.0019152679327241915
validation,layer_scan.layer_04.trigger_other.rescue,layer_source_scan,source_contribution,rescue,trigger_other,,4,7,4,-0.00010466180736163255,-0.0008297407540755194,0.00037982450239495475
validation,layer_scan.layer_04.original_prompt.rescue,layer_source_scan,source_contribution,rescue,original_prompt,,4,7,4,0.0008170410022692588,3.4945231356453e-06,0.001620352680416191
validation,layer_scan.layer_04.template.rescue,layer_source_scan,source_contribution,rescue,template,,4,7,2,-0.00042007837169362407,-0.0009373686886782135,-4.563749234573878e-05
validation,layer_scan.layer_04.response.rescue,layer_source_scan,source_contribution,rescue,response,,4,7,3,-0.00036345102314394004,-0.0008981825598414356,0.0001228471719829212
validation,layer_scan.layer_04.trigger_instruction.rescue,layer_source_scan,source_contribution,rescue,trigger_instruction,,4,7,6,0.0011023356224879178,-2.0496791200606484e-05,0.0024160552792272024
validation,layer_scan.layer_05.monitoring_language.rescue,layer_source_scan,source_contribution,rescue,monitoring_language,,5,7,1,-0.00028234448528875213,-0.0004721671828316207,-0.00011821621785653477
validation,layer_scan.layer_05.named_concept.rescue,layer_source_scan,source_contribution,rescue,named_concept,,5,7,6,0.0005025758761331714,0.00012043583921786341,0.0010147483588946607
validation,layer_scan.layer_05.trigger_other.rescue,layer_source_scan,source_contribution,rescue,trigger_other,,5,7,4,-3.372620191048016e-05,-0.00045429856401428044,0.0002783111063612884
validation,layer_scan.layer_05.original_prompt.rescue,layer_source_scan,source_contribution,rescue,original_prompt,,5,7,3,6.531210527071126e-05,-0.0005552644232785356,0.0007405623682733767
validation,layer_scan.layer_05.template.rescue,layer_source_scan,source_contribution,rescue,template,,5,7,2,-0.0006721744049321448,-0.001011531240267085,-0.0003920954377771894
validation,layer_scan.layer_05.response.rescue,layer_source_scan,source_contribution,rescue,response,,5,7,3,-0.0012351889118564937,-0.0020019667189531166,-0.0006008930993400032
validation,layer_scan.layer_05.trigger_instruction.rescue,layer_source_scan,source_contribution,rescue,trigger_instruction,,5,7,6,0.0006337887587085164,0.00019514054457790098,0.0011988240483608627
validation,layer_scan.layer_06.monitoring_language.rescue,layer_source_scan,source_contribution,rescue,monitoring_language,,6,7,5,0.04471419227831593,0.028866371374648505,0.05682359977578475
validation,layer_scan.layer_06.named_concept.rescue,layer_source_scan,source_contribution,rescue,named_concept,,6,7,5,0.008114677808079734,0.005941137957584948,0.01052377953268279
validation,layer_scan.layer_06.trigger_other.rescue,layer_source_scan,source_contribution,rescue,trigger_other,,6,7,7,0.006338977458297581,0.004213843981904931,0.008543757652059438
validation,layer_scan.layer_06.original_prompt.rescue,layer_source_scan,source_contribution,rescue,original_prompt,,6,7,5,0.004534740539718865,0.002407963396217898,0.007025397138531801
validation,layer_scan.layer_06.template.rescue,layer_source_scan,source_contribution,rescue,template,,6,7,4,0.001085852087469543,-0.00020083903312136252,0.002173066273576418
validation,layer_scan.layer_06.response.rescue,layer_source_scan,source_contribution,rescue,response,,6,7,4,0.0027394649547004086,0.0015235019384337153,0.003765026497478191
validation,layer_scan.layer_06.trigger_instruction.rescue,layer_source_scan,source_contribution,rescue,trigger_instruction,,6,7,6,0.0905874609756042,0.07463162252356731,0.1027503602334911
validation,layer_scan.layer_07.monitoring_language.rescue,layer_source_scan,source_contribution,rescue,monitoring_language,,7,7,5,0.0010146914475439226,0.00016017306527237827,0.0017729134389414616
validation,layer_scan.layer_07.named_concept.rescue,layer_source_scan,source_contribution,rescue,named_concept,,7,7,6,0.004199649408999842,0.0032393656809500096,0.005322347990301663
validation,layer_scan.layer_07.trigger_other.rescue,layer_source_scan,source_contribution,rescue,trigger_other,,7,7,7,0.003932399158136839,0.002487139481104341,0.005457769995373035
validation,layer_scan.layer_07.original_prompt.rescue,layer_source_scan,source_contribution,rescue,original_prompt,,7,7,6,0.0010335672868646178,5.002015343680299e-05,0.0019414789889532196
validation,layer_scan.layer_07.template.rescue,layer_source_scan,source_contribution,rescue,template,,7,7,4,-0.0003700491492257145,-0.000787660662548152,-1.9063074477097199e-06
validation,layer_scan.layer_07.response.rescue,layer_source_scan,source_contribution,rescue,response,,7,7,4,0.0017909629153767454,-0.0013513709796355116,0.004773795565344487
validation,layer_scan.layer_07.trigger_instruction.rescue,layer_source_scan,source_contribution,rescue,trigger_instruction,,7,7,6,0.010319330229847073,0.008092852785654305,0.013162090433075981
validation,layer_scan.layer_08.monitoring_language.rescue,layer_source_scan,source_contribution,rescue,monitoring_language,,8,7,2,-0.00045499101617066986,-0.0007986914714356254,-0.00011164060442829491
validation,layer_scan.layer_08.named_concept.rescue,layer_source_scan,source_contribution,rescue,named_concept,,8,7,5,0.06291547837128277,0.05327211387522834,0.07507562732962879
validation,layer_scan.layer_08.trigger_other.rescue,layer_source_scan,source_contribution,rescue,trigger_other,,8,7,4,0.01418132148458651,0.011058385164567884,0.017686896175270486
validation,layer_scan.layer_08.original_prompt.rescue,layer_source_scan,source_contribution,rescue,original_prompt,,8,7,6,0.004150821872583276,-0.0002520186043347591,0.00811826182206183
validation,layer_scan.layer_08.template.rescue,layer_source_scan,source_contribution,rescue,template,,8,7,2,-0.001269185273902289,-0.001738117665185869,-0.0008171629326232373
validation,layer_scan.layer_08.response.rescue,layer_source_scan,source_contribution,rescue,response,,8,7,5,0.009313311471953883,0.005878050992260099,0.013245018305649616
validation,layer_scan.layer_08.trigger_instruction.rescue,layer_source_scan,source_contribution,rescue,trigger_instruction,,8,7,6,0.07705837094918498,0.0672727457673609,0.08965191041412222
validation,layer_scan.layer_09.monitoring_language.rescue,layer_source_scan,source_contribution,rescue,monitoring_language,,9,7,2,-0.0002865776052111922,-0.0007220104407082967,0.00015299853201504484
validation,layer_scan.layer_09.named_concept.rescue,layer_source_scan,source_contribution,rescue,named_concept,,9,7,6,0.021306816816649362,0.017850268341053882,0.02508817461150363
validation,layer_scan.layer_09.trigger_other.rescue,layer_source_scan,source_contribution,rescue,trigger_other,,9,7,6,0.005601266102669669,0.004547094277835513,0.006582840131066589
validation,layer_scan.layer_09.original_prompt.rescue,layer_source_scan,source_contribution,rescue,original_prompt,,9,7,7,0.00556807009976251,0.002099298690079794,0.008525831764254142
validation,layer_scan.layer_09.template.rescue,layer_source_scan,source_contribution,rescue,template,,9,7,5,-0.0013699345493926695,-0.0027104122034020605,3.411839805071238e-05
validation,layer_scan.layer_09.response.rescue,layer_source_scan,source_contribution,rescue,response,,9,7,6,0.006931450478774271,0.0014181044069317798,0.012017201704468947
validation,layer_scan.layer_09.trigger_instruction.rescue,layer_source_scan,source_contribution,rescue,trigger_instruction,,9,7,7,0.02909765686731655,0.024707976362215358,0.03387654713375409
validation,layer_scan.layer_10.monitoring_language.rescue,layer_source_scan,source_contribution,rescue,monitoring_language,,10,7,3,-0.000280656736932182,-0.0006625108682280708,3.453785239078591e-05
validation,layer_scan.layer_10.named_concept.rescue,layer_source_scan,source_contribution,rescue,named_concept,,10,7,5,0.05635451188419901,0.048454704317381275,0.0643503943124058
validation,layer_scan.layer_10.trigger_other.rescue,layer_source_scan,source_contribution,rescue,trigger_other,,10,7,7,0.010254401229145534,0.008554328411455746,0.012174483913719622
validation,layer_scan.layer_10.original_prompt.rescue,layer_source_scan,source_contribution,rescue,original_prompt,,10,7,7,0.020619768923030555,0.013884889882454331,0.027377144417157172
validation,layer_scan.layer_10.template.rescue,layer_source_scan,source_contribution,rescue,template,,10,7,2,-0.0004938646456046069,-0.002456865065117987,0.0011958505607896127
validation,layer_scan.layer_10.response.rescue,layer_source_scan,source_contribution,rescue,response,,10,7,3,-0.004606936612495302,-0.00878391227038498,-0.0013851212674084931
validation,layer_scan.layer_10.trigger_instruction.rescue,layer_source_scan,source_contribution,rescue,trigger_instruction,,10,7,6,0.07102966881822001,0.062360749206570844,0.07991758311477067
validation,layer_scan.layer_11.monitoring_language.rescue,layer_source_scan,source_contribution,rescue,monitoring_language,,11,7,4,0.0012238893994463986,0.000820658295745413,0.0016397937083589768
validation,layer_scan.layer_11.named_concept.rescue,layer_source_scan,source_contribution,rescue,named_concept,,11,7,6,0.018184216504074403,0.01614807239001225,0.020278884813177377
validation,layer_scan.layer_11.trigger_other.rescue,layer_source_scan,source_contribution,rescue,trigger_other,,11,7,7,0.15966425769573434,0.14419801370485016,0.17581150522474553
validation,layer_scan.layer_11.original_prompt.rescue,layer_source_scan,source_contribution,rescue,original_prompt,,11,7,7,0.03261863116929675,0.02590062856618042,0.0396000258812544
validation,layer_scan.layer_11.template.rescue,layer_source_scan,source_contribution,rescue,template,,11,7,6,0.0035222782818876393,0.001692229663421244,0.005244854217804998
validation,layer_scan.layer_11.response.rescue,layer_source_scan,source_contribution,rescue,response,,11,7,7,0.08070505855441532,0.07262676427702619,0.08856081295434892
validation,layer_scan.layer_11.trigger_instruction.rescue,layer_source_scan,source_contribution,rescue,trigger_instruction,,11,7,7,0.18509420847766528,0.1691013043446674,0.2017493361791578
validation,layer_scan.layer_12.monitoring_language.rescue,layer_source_scan,source_contribution,rescue,monitoring_language,,12,7,4,0.003685737091847809,0.0019724171778151335,0.00567427014137699
validation,layer_scan.layer_12.named_concept.rescue,layer_source_scan,source_contribution,rescue,named_concept,,12,7,4,0.020463419746843552,0.017482418335232702,0.0240305925786319
validation,layer_scan.layer_12.trigger_other.rescue,layer_source_scan,source_contribution,rescue,trigger_other,,12,7,5,0.04560783092915432,0.04021674920054626,0.052170241388683966
validation,layer_scan.layer_12.original_prompt.rescue,layer_source_scan,source_contribution,rescue,original_prompt,,12,7,7,0.014673241665270845,0.010349912833323982,0.019280244964407812
validation,layer_scan.layer_12.template.rescue,layer_source_scan,source_contribution,rescue,template,,12,7,7,0.007232715498555321,0.005980446525677589,0.008538454581484759
validation,layer_scan.layer_12.response.rescue,layer_source_scan,source_contribution,rescue,response,,12,7,7,0.06045037488384109,0.053147123117218725,0.0675073153071212
validation,layer_scan.layer_12.trigger_instruction.rescue,layer_source_scan,source_contribution,rescue,trigger_instruction,,12,7,7,0.0758188457449538,0.06826819453352277,0.08474167681233874
validation,individual.layer_11.head_08.monitoring_language.rescue,individual_selected_head,source_contribution,rescue,monitoring_language,,11,7,4,4.55351858557015e-05,-0.0002328530652063472,0.0002666648325042887
validation,individual.layer_11.head_08.named_concept.rescue,individual_selected_head,source_contribution,rescue,named_concept,,11,7,5,0.009586289722106036,0.008506593965378036,0.01061027074873845
validation,individual.layer_11.head_08.trigger_other.rescue,individual_selected_head,source_contribution,rescue,trigger_other,,11,7,7,0.06859106721037192,0.055112982115426215,0.08107285908517287
validation,individual.layer_11.head_08.original_prompt.rescue,individual_selected_head,source_contribution,rescue,original_prompt,,11,7,7,0.01771203920709415,0.0140223836777442,0.02151371570013699
validation,individual.layer_11.head_08.template.rescue,individual_selected_head,source_contribution,rescue,template,,11,7,6,0.0012630707116703013,0.00045027065371845877,0.0019434347287468142
validation,individual.layer_11.head_08.response.rescue,individual_selected_head,source_contribution,rescue,response,,11,7,7,0.01469482938045549,0.011338675185723908,0.017686624088130466
validation,individual.layer_10.head_12.monitoring_language.rescue,individual_selected_head,source_contribution,rescue,monitoring_language,,10,7,3,-0.0005617696050866504,-0.000992012259848153,-0.00022735569431810618
validation,individual.layer_10.head_12.named_concept.rescue,individual_selected_head,source_contribution,rescue,named_concept,,10,7,4,0.05212327745828948,0.04514769576757729,0.059270089862852274
validation,individual.layer_10.head_12.trigger_other.rescue,individual_selected_head,source_contribution,rescue,trigger_other,,10,7,6,0.007375382507425575,0.006015871010962388,0.008995789797583486
validation,individual.layer_10.head_12.original_prompt.rescue,individual_selected_head,source_contribution,rescue,original_prompt,,10,7,6,0.01024753764445124,0.006468590647779917,0.014208420262956014
validation,individual.layer_10.head_12.template.rescue,individual_selected_head,source_contribution,rescue,template,,10,7,4,0.001599658819533888,0.0008409982993325866,0.0024248214387890673
validation,individual.layer_10.head_12.response.rescue,individual_selected_head,source_contribution,rescue,response,,10,7,6,0.013723433230644235,0.01023988628144978,0.018140688914961105
validation,individual.layer_11.head_09.monitoring_language.rescue,individual_selected_head,source_contribution,rescue,monitoring_language,,11,7,4,2.798919169282027e-05,-0.00030522435560404967,0.0002942700216474328
validation,individual.layer_11.head_09.named_concept.rescue,individual_selected_head,source_contribution,rescue,named_concept,,11,7,5,0.010176052760288651,0.009046865500847247,0.011391029811623642
validation,individual.layer_11.head_09.trigger_other.rescue,individual_selected_head,source_contribution,rescue,trigger_other,,11,7,7,0.02791680552620491,0.023813659565954846,0.0327598693170497
validation,individual.layer_11.head_09.original_prompt.rescue,individual_selected_head,source_contribution,rescue,original_prompt,,11,7,7,0.008498594013683402,0.00560506273796,0.011775663338944151
validation,individual.layer_11.head_09.template.rescue,individual_selected_head,source_contribution,rescue,template,,11,7,4,0.0001921011409387746,-0.00043966969986658727,0.00072210189565228
validation,individual.layer_11.head_09.response.rescue,individual_selected_head,source_contribution,rescue,response,,11,7,7,0.006932837064675226,0.0049455178061046205,0.008833285003677176
validation,individual.layer_10.head_02.monitoring_language.rescue,individual_selected_head,source_contribution,rescue,monitoring_language,,10,7,3,-0.00019035771436938937,-0.0004843194787736772,4.0883829688004025e-05
validation,individual.layer_10.head_02.named_concept.rescue,individual_selected_head,source_contribution,rescue,named_concept,,10,7,6,0.006956376145023149,0.0061476472588604635,0.007943071236889192
validation,individual.layer_10.head_02.trigger_other.rescue,individual_selected_head,source_contribution,rescue,trigger_other,,10,7,5,0.0029486680321387697,0.0020682309605970736,0.003913000937552763
validation,individual.layer_10.head_02.original_prompt.rescue,individual_selected_head,source_contribution,rescue,original_prompt,,10,7,6,0.00719043305434996,0.005607066228655602,0.008799807578774205
validation,individual.layer_10.head_02.template.rescue,individual_selected_head,source_contribution,rescue,template,,10,7,4,0.00025627006905023223,-0.00010816147306501572,0.0006382422287659332
validation,individual.layer_10.head_02.response.rescue,individual_selected_head,source_contribution,rescue,response,,10,7,6,0.004966962956428899,0.003833315866576588,0.006144068249010107
validation,individual.layer_09.head_11.monitoring_language.rescue,individual_selected_head,source_contribution,rescue,monitoring_language,,9,7,1,-0.00032733907535733317,-0.0006341959598745678,-9.30440343432365e-05
validation,individual.layer_09.head_11.named_concept.rescue,individual_selected_head,source_contribution,rescue,named_concept,,9,7,5,0.01451522790583654,0.01301047579707565,0.016218619050775596
validation,individual.layer_09.head_11.trigger_other.rescue,individual_selected_head,source_contribution,rescue,trigger_other,,9,7,6,0.0037109951359417157,0.0028184786582132757,0.004592821048348297
validation,individual.layer_09.head_11.original_prompt.rescue,individual_selected_head,source_contribution,rescue,original_prompt,,9,7,6,0.0009690779642029018,-0.0006683413659229083,0.00295483609441395
validation,individual.layer_09.head_11.template.rescue,individual_selected_head,source_contribution,rescue,template,,9,7,6,0.0006660088320629136,-0.0003096280910113192,0.0015648197868869034
validation,individual.layer_09.head_11.response.rescue,individual_selected_head,source_contribution,rescue,response,,9,7,6,0.0023075428979265023,0.0003879977061422352,0.004227153365375095
validation,individual.layer_12.head_12.monitoring_language.rescue,individual_selected_head,source_contribution,rescue,monitoring_language,,12,7,5,0.00312262704200218,0.001683201348297368,0.00486374437557248
validation,individual.layer_12.head_12.named_concept.rescue,individual_selected_head,source_contribution,rescue,named_concept,,12,7,5,0.003957289769995967,0.002030444437075622,0.00671316323068677
validation,individual.layer_12.head_12.trigger_other.rescue,individual_selected_head,source_contribution,rescue,trigger_other,,12,7,5,0.008507981383504584,0.00724638990620553,0.009955394265960408
validation,individual.layer_12.head_12.original_prompt.rescue,individual_selected_head,source_contribution,rescue,original_prompt,,12,7,6,0.0021458584975935263,0.0013493226473116876,0.0031116894810746696
validation,individual.layer_12.head_12.template.rescue,individual_selected_head,source_contribution,rescue,template,,12,7,6,0.0011578578299518965,0.0007174112238355932,0.00158048889595667
validation,individual.layer_12.head_12.response.rescue,individual_selected_head,source_contribution,rescue,response,,12,7,7,0.04020505605690678,0.03439201551278258,0.04577393092724267
validation,individual.layer_12.head_03.monitoring_language.rescue,individual_selected_head,source_contribution,rescue,monitoring_language,,12,7,4,9.894753987052852e-05,-0.00017188592125264468,0.00032462927264102195
validation,individual.layer_12.head_03.named_concept.rescue,individual_selected_head,source_contribution,rescue,named_concept,,12,7,4,0.003263186891928073,0.002668675798194256,0.003929285138200032
validation,individual.layer_12.head_03.trigger_other.rescue,individual_selected_head,source_contribution,rescue,trigger_other,,12,7,3,0.008675486441926025,0.006968506839615821,0.010781764254231585
validation,individual.layer_12.head_03.original_prompt.rescue,individual_selected_head,source_contribution,rescue,original_prompt,,12,7,7,0.0022623913907776007,0.0013268811673489225,0.0030858548853088586
validation,individual.layer_12.head_03.template.rescue,individual_selected_head,source_contribution,rescue,template,,12,7,6,0.00135902858927008,0.0008418835736241234,0.0018697445821812006
validation,individual.layer_12.head_03.response.rescue,individual_selected_head,source_contribution,rescue,response,,12,7,7,0.012330587577753375,0.010784148495625869,0.013915131675667882
validation,individual.layer_09.head_04.monitoring_language.rescue,individual_selected_head,source_contribution,rescue,monitoring_language,,9,7,1,-0.00021513515934738097,-0.0003912151482224996,-5.7346321975611614e-05
validation,individual.layer_09.head_04.named_concept.rescue,individual_selected_head,source_contribution,rescue,named_concept,,9,7,3,0.0028636801825150104,0.0013557729248988906,0.004843181799362918
validation,individual.layer_09.head_04.trigger_other.rescue,individual_selected_head,source_contribution,rescue,trigger_other,,9,7,4,0.0007725500461197354,0.00037152860934645967,0.00116000451605489
validation,individual.layer_09.head_04.original_prompt.rescue,individual_selected_head,source_contribution,rescue,original_prompt,,9,7,5,0.00399645903351936,0.0027117671223212407,0.0053575802929436015
validation,individual.layer_09.head_04.template.rescue,individual_selected_head,source_contribution,rescue,template,,9,7,4,0.00046856070931189966,0.00016054647876729766,0.0008604702104413167
validation,individual.layer_09.head_04.response.rescue,individual_selected_head,source_contribution,rescue,response,,9,7,7,0.023913648721822497,0.01954903594441969,0.02837304915673203
validation,individual.layer_11.head_14.monitoring_language.rescue,individual_selected_head,source_contribution,rescue,monitoring_language,,11,7,3,-0.0001708437892024482,-0.0004690994397648099,6.622775866553885e-05
validation,individual.layer_11.head_14.named_concept.rescue,individual_selected_head,source_contribution,rescue,named_concept,,11,7,3,-0.0035774191274204085,-0.00425943647208115,-0.002962840630723451
validation,individual.layer_11.head_14.trigger_other.rescue,individual_selected_head,source_contribution,rescue,trigger_other,,11,7,4,-0.00031368202302780283,-0.0010204565294207137,0.0002587052806092632
validation,individual.layer_11.head_14.original_prompt.rescue,individual_selected_head,source_contribution,rescue,original_prompt,,11,7,5,0.00328338265804368,0.0020845633254554783,0.004601668970045619
validation,individual.layer_11.head_14.template.rescue,individual_selected_head,source_contribution,rescue,template,,11,7,3,-8.670372675240047e-05,-0.0005056427734748322,0.00033234414629109544
validation,individual.layer_11.head_14.response.rescue,individual_selected_head,source_contribution,rescue,response,,11,7,5,-2.6801632343296465e-05,-0.0008394050556371,0.0006841522515531788
validation,individual.layer_12.head_02.monitoring_language.rescue,individual_selected_head,source_contribution,rescue,monitoring_language,,12,7,1,-0.00010969796643981384,-0.0003731939002531336,9.541183387821095e-05
validation,individual.layer_12.head_02.named_concept.rescue,individual_selected_head,source_contribution,rescue,named_concept,,12,7,2,0.002142701062359206,0.0015187314643364475,0.002804100492771252
validation,individual.layer_12.head_02.trigger_other.rescue,individual_selected_head,source_contribution,rescue,trigger_other,,12,7,2,0.0023650579671653164,0.0017556919873951914,0.003007074459461818
validation,individual.layer_12.head_02.original_prompt.rescue,individual_selected_head,source_contribution,rescue,original_prompt,,12,7,5,0.0013287932928224037,0.0005790817229792433,0.0022663949270086367
validation,individual.layer_12.head_02.template.rescue,individual_selected_head,source_contribution,rescue,template,,12,7,3,-2.991844410452849e-07,-0.00040141211619528915,0.00036726182354314196
validation,individual.layer_12.head_02.response.rescue,individual_selected_head,source_contribution,rescue,response,,12,7,6,0.005800427640528343,0.0044703299512469106,0.0070731308644283696
validation,individual.layer_09.head_13.monitoring_language.rescue,individual_selected_head,source_contribution,rescue,monitoring_language,,9,7,1,-0.0003522635788461328,-0.0005806848239120728,-0.0001700306647942952
validation,individual.layer_09.head_13.named_concept.rescue,individual_selected_head,source_contribution,rescue,named_concept,,9,7,2,-0.0036647226167769572,-0.004309674363873758,-0.0031151809128287266
validation,individual.layer_09.head_13.trigger_other.rescue,individual_selected_head,source_contribution,rescue,trigger_other,,9,7,2,-0.00015985494471478938,-0.00047720646908448993,9.008673457539906e-05
validation,individual.layer_09.head_13.original_prompt.rescue,individual_selected_head,source_contribution,rescue,original_prompt,,9,7,6,0.002341987971083873,0.0013772515013418148,0.003113639646632881
validation,individual.layer_09.head_13.template.rescue,individual_selected_head,source_contribution,rescue,template,,9,7,3,-0.00010845396932593456,-0.0003156839737174382,7.941897454612947e-05
validation,individual.layer_09.head_13.response.rescue,individual_selected_head,source_contribution,rescue,response,,9,7,5,0.0018056342382887346,0.0010972149835355204,0.002527325076346632
validation,individual.layer_11.head_15.monitoring_language.rescue,individual_selected_head,source_contribution,rescue,monitoring_language,,11,7,4,-1.1352425553904531e-05,-0.0002505634576890971,0.00018453159304381145
validation,individual.layer_11.head_15.named_concept.rescue,individual_selected_head,source_contribution,rescue,named_concept,,11,7,2,-0.0015368112550298563,-0.002183393609586161,-0.0009751113326317193
validation,individual.layer_11.head_15.trigger_other.rescue,individual_selected_head,source_contribution,rescue,trigger_other,,11,7,3,0.007065266202960422,0.003683758402221662,0.010719536025605799
validation,individual.layer_11.head_15.original_prompt.rescue,individual_selected_head,source_contribution,rescue,original_prompt,,11,7,5,0.0007282570059994165,-0.0005477723934344634,0.0018519690604253804
validation,individual.layer_11.head_15.template.rescue,individual_selected_head,source_contribution,rescue,template,,11,7,3,-0.0010022668708979166,-0.0017482528447792733,-0.00036828660687167645
validation,individual.layer_11.head_15.response.rescue,individual_selected_head,source_contribution,rescue,response,,11,7,4,0.0033342456101960916,0.0025307039633406933,0.004152154267401739
validation,group.selected_attention_12.monitoring_language.rescue,selected_random_source_group,source_contribution,rescue,monitoring_language,,,7,4,0.00364937247977795,0.002022457632710216,0.005545418943536685
validation,group.selected_attention_12.monitoring_language.induction,selected_random_source_group,source_contribution,induction,monitoring_language,,,7,7,0.004863056396821048,0.0037391281357183675,0.006342168580545412
validation,group.selected_attention_12.named_concept.rescue,selected_random_source_group,source_contribution,rescue,named_concept,,,7,6,0.1075306701240901,0.09923352317801769,0.116356160084045
validation,group.selected_attention_12.named_concept.induction,selected_random_source_group,source_contribution,induction,named_concept,,,7,6,0.27459476015557865,0.26057850054139514,0.28792957486447207
validation,group.selected_attention_12.trigger_other.rescue,selected_random_source_group,source_contribution,rescue,trigger_other,,,7,7,0.20217245497818395,0.18492703233562566,0.22079384678864708
validation,group.selected_attention_12.trigger_other.induction,selected_random_source_group,source_contribution,induction,trigger_other,,,7,7,0.2566788425815276,0.23945405150339613,0.27543340169320574
validation,group.selected_attention_12.original_prompt.rescue,selected_random_source_group,source_contribution,rescue,original_prompt,,,7,7,0.06711547231969137,0.054914724130269876,0.07844339544322565
validation,group.selected_attention_12.original_prompt.induction,selected_random_source_group,source_contribution,induction,original_prompt,,,7,6,0.08695183537833152,0.0695863150624997,0.10830587502301613
validation,group.selected_attention_12.template.rescue,selected_random_source_group,source_contribution,rescue,template,,,7,7,0.00779243893472679,0.0053166378544972906,0.010212078341499706
validation,group.selected_attention_12.template.induction,selected_random_source_group,source_contribution,induction,template,,,7,6,0.01634991406659601,0.010268951334434692,0.02307927822614131
validation,group.selected_attention_12.response.rescue,selected_random_source_group,source_contribution,rescue,response,,,7,7,0.1354002686018426,0.1214231070184442,0.14916664617419884
validation,group.selected_attention_12.response.induction,selected_random_source_group,source_contribution,induction,response,,,7,7,0.10064072868562203,0.08500554349968434,0.1159389341827143
validation,group.selected_attention_12.trigger_instruction.rescue,selected_random_source_group,source_contribution,rescue,trigger_instruction,,,7,7,0.33169282834553176,0.30904538972850865,0.3555040546744075
validation,group.selected_attention_12.trigger_instruction.induction,selected_random_source_group,source_contribution,induction,trigger_instruction,,,7,7,0.5316046661610805,0.5093910173002008,0.553918271117823
validation,group.selected_attention_12.all_prompt.rescue,selected_random_source_group,source_contribution,rescue,all_prompt,,,7,7,0.4740899758630906,0.4524668938253692,0.4958995233897458
validation,group.selected_attention_12.all_prompt.induction,selected_random_source_group,source_contribution,induction,all_prompt,,,7,7,0.6360004747097917,0.61396707305538,0.6567545404669016
validation,group.random_attention_12.monitoring_language.rescue,selected_random_source_group,source_contribution,rescue,monitoring_language,,,7,4,-1.6214691114257312e-05,-0.0003172273947249246,0.00027668141795647984
validation,group.random_attention_12.monitoring_language.induction,selected_random_source_group,source_contribution,induction,monitoring_language,,,7,4,8.421644572268698e-05,-0.00011567191882911748,0.0002662240719350485
validation,group.random_attention_12.named_concept.rescue,selected_random_source_group,source_contribution,rescue,named_concept,,,7,3,-0.0012909966706689281,-0.002931510852340384,0.00013169052441206928
validation,group.random_attention_12.named_concept.induction,selected_random_source_group,source_contribution,induction,named_concept,,,7,5,0.01186401002926284,0.009511406578361884,0.014194875047895007
validation,group.random_attention_12.trigger_other.rescue,selected_random_source_group,source_contribution,rescue,trigger_other,,,7,2,-0.0012925179051964768,-0.0017517172180242196,-0.0009145314269978992
validation,group.random_attention_12.trigger_other.induction,selected_random_source_group,source_contribution,induction,trigger_other,,,7,4,0.001409678822969126,0.0007073605747896906,0.0021232820084908376
validation,group.random_attention_12.original_prompt.rescue,selected_random_source_group,source_contribution,rescue,original_prompt,,,7,1,-0.0036560946071643036,-0.005528132323129869,-0.002317148964043889
validation,group.random_attention_12.original_prompt.induction,selected_random_source_group,source_contribution,induction,original_prompt,,,7,2,-0.0037235500401434445,-0.007182563414219191,-0.0016225424474926764
validation,group.random_attention_12.template.rescue,selected_random_source_group,source_contribution,rescue,template,,,7,3,-0.0013355048200727403,-0.002767988214008409,-0.0001209601690122854
validation,group.random_attention_12.template.induction,selected_random_source_group,source_contribution,induction,template,,,7,3,-0.0017375811203792053,-0.0026177133814737764,-0.0009979438691121035
validation,group.random_attention_12.response.rescue,selected_random_source_group,source_contribution,rescue,response,,,7,0,-0.032011327465733805,-0.0411000766606123,-0.025175475592191663
validation,group.random_attention_12.response.induction,selected_random_source_group,source_contribution,induction,response,,,7,0,-0.023390916378628307,-0.02900562675007845,-0.018638225011071218
validation,group.random_attention_12.trigger_instruction.rescue,selected_random_source_group,source_contribution,rescue,trigger_instruction,,,7,4,-0.0021991242610486014,-0.004106046900568841,-0.0005467026644217604
validation,group.random_attention_12.trigger_instruction.induction,selected_random_source_group,source_contribution,induction,trigger_instruction,,,7,6,0.013794017425447372,0.011223714526182291,0.016426099663607537
validation,group.random_attention_12.all_prompt.rescue,selected_random_source_group,source_contribution,rescue,all_prompt,,,7,3,-0.00657470532504445,-0.010936845182803924,-0.003260856634529807
validation,group.random_attention_12.all_prompt.induction,selected_random_source_group,source_contribution,induction,all_prompt,,,7,4,0.009604938765616494,0.005407962621828752,0.013219360455734757
validation,direct.selected_attention_12.rescue,direct_response_output,direct_output,rescue,,selected_attention_12,,7,7,0.6495527405311989,0.6280080461951731,0.6685984463566196
validation,direct.selected_attention_12.induction,direct_response_output,direct_output,induction,,selected_attention_12,,7,7,0.7163314528794409,0.6924680857886265,0.7363102970361659
validation,direct.random_attention_12.rescue,direct_response_output,direct_output,rescue,,random_attention_12,,7,2,-0.038402834010555935,-0.05240263016722612,-0.028748300657239503
validation,direct.random_attention_12.induction,direct_response_output,direct_output,induction,,random_attention_12,,7,2,-0.014867025947830839,-0.023997043949489493,-0.007203597150777127
validation,direct.random_attention_16.rescue,direct_response_output,direct_output,rescue,,random_attention_16,,7,1,-0.04001577382053686,-0.05231678866708977,-0.031328975959612274
validation,direct.random_attention_16.induction,direct_response_output,direct_output,induction,,random_attention_16,,7,3,0.035989260537433065,0.025291165022648773,0.045404908957379767
validation,direct.selected_mlp_4.rescue,direct_response_output,direct_output,rescue,,selected_mlp_4,,7,7,0.3701378147227793,0.33944010716292167,0.39696405419739933
validation,direct.selected_mlp_4.induction,direct_response_output,direct_output,induction,,selected_mlp_4,,7,7,0.4325905583665323,0.4097828363228025,0.45617904605221365
validation,direct.layer_09.mlp.rescue,direct_response_output,direct_output,rescue,,layer_09.mlp,,7,5,0.0013933231638923614,-0.01252905461399534,0.013303106551080782
validation,direct.layer_09.mlp.induction,direct_response_output,direct_output,induction,,layer_09.mlp,,7,6,0.12114837252737283,0.10659312969722014,0.13507140460670414
validation,direct.layer_10.mlp.rescue,direct_response_output,direct_output,rescue,,layer_10.mlp,,7,6,0.03782511617802305,0.02560463671032101,0.04886653077854806
validation,direct.layer_10.mlp.induction,direct_response_output,direct_output,induction,,layer_10.mlp,,7,6,0.03078781415275842,0.019424263607713925,0.04120739300960861
validation,direct.layer_11.mlp.rescue,direct_response_output,direct_output,rescue,,layer_11.mlp,,7,7,0.20528112385921318,0.19134092926888685,0.2186900480922831
validation,direct.layer_11.mlp.induction,direct_response_output,direct_output,induction,,layer_11.mlp,,7,7,0.13662357030022668,0.11911418151608295,0.15502492941137033
validation,direct.layer_12.mlp.rescue,direct_response_output,direct_output,rescue,,layer_12.mlp,,7,6,0.09819137153017311,0.08144271651128733,0.11292570396926539
validation,direct.layer_12.mlp.induction,direct_response_output,direct_output,induction,,layer_12.mlp,,7,6,0.09983778373873713,0.08321543784271324,0.11777859039626012
validation,direct.selected_k16.rescue,direct_response_output,direct_output,rescue,,selected_k16,,7,7,0.8325783781333936,0.8133260994778467,0.8490381186068984
validation,direct.selected_k16.induction,direct_response_output,direct_output,induction,,selected_k16,,7,7,0.8005235990992585,0.7850020463322631,0.8145064006808344
validation,direct.resid_post_layer12_positive_control.rescue,direct_response_output,direct_output,rescue,,resid_post_layer12_positive_control,,7,7,1.0,1.0,1.0
validation,direct.resid_post_layer12_positive_control.induction,direct_response_output,direct_output,induction,,resid_post_layer12_positive_control,,7,7,1.0,1.0,1.0
all_benign,layer_scan.layer_00.monitoring_language.rescue,layer_source_scan,source_contribution,rescue,monitoring_language,,0,11,5,-0.00027828607621940366,-0.0005974336395461743,2.320118943103477e-05
all_benign,layer_scan.layer_00.named_concept.rescue,layer_source_scan,source_contribution,rescue,named_concept,,0,11,3,-0.00037772154097883787,-0.0008283675436384946,8.452591038453593e-05
all_benign,layer_scan.layer_00.trigger_other.rescue,layer_source_scan,source_contribution,rescue,trigger_other,,0,11,3,-0.00022981036238967366,-0.00044452168610691235,-7.696979223928169e-05
all_benign,layer_scan.layer_00.original_prompt.rescue,layer_source_scan,source_contribution,rescue,original_prompt,,0,11,6,-6.005881526726276e-05,-0.00028146345056484506,0.0001301387094397623
all_benign,layer_scan.layer_00.template.rescue,layer_source_scan,source_contribution,rescue,template,,0,11,1,-0.00040655186686375136,-0.0006124896541203715,-0.00020445785873010104
all_benign,layer_scan.layer_00.response.rescue,layer_source_scan,source_contribution,rescue,response,,0,11,4,-0.00013645174546664886,-0.00043482526247209263,0.00012305819784492488
all_benign,layer_scan.layer_00.trigger_instruction.rescue,layer_source_scan,source_contribution,rescue,trigger_instruction,,0,11,3,-0.0005503351959064017,-0.0009706962743266281,-0.00013594982564418647
all_benign,layer_scan.layer_01.monitoring_language.rescue,layer_source_scan,source_contribution,rescue,monitoring_language,,1,11,8,0.0001958989694984311,-8.658562395146612e-07,0.00038842919575154575
all_benign,layer_scan.layer_01.named_concept.rescue,layer_source_scan,source_contribution,rescue,named_concept,,1,11,7,0.001134749254985536,0.000606283039138747,0.0016526015561410313
all_benign,layer_scan.layer_01.trigger_other.rescue,layer_source_scan,source_contribution,rescue,trigger_other,,1,11,5,-0.0001128694399721707,-0.0003164420701422569,5.236322525691639e-05
all_benign,layer_scan.layer_01.original_prompt.rescue,layer_source_scan,source_contribution,rescue,original_prompt,,1,11,3,-0.0001624250959270859,-0.00038644175583697743,5.615080514946479e-05
all_benign,layer_scan.layer_01.template.rescue,layer_source_scan,source_contribution,rescue,template,,1,11,4,-8.646674685612758e-05,-0.0003097347081218595,9.812042508281147e-05
all_benign,layer_scan.layer_01.response.rescue,layer_source_scan,source_contribution,rescue,response,,1,11,4,-0.0002793237310072584,-0.0005389579209419905,-4.630363911799459e-05
all_benign,layer_scan.layer_01.trigger_instruction.rescue,layer_source_scan,source_contribution,rescue,trigger_instruction,,1,11,9,0.0016321320908164974,0.0011139896801241576,0.0021977806371097264
all_benign,layer_scan.layer_02.monitoring_language.rescue,layer_source_scan,source_contribution,rescue,monitoring_language,,2,11,5,-7.728917176347304e-05,-0.000329741209335044,0.00012693919081137664
all_benign,layer_scan.layer_02.named_concept.rescue,layer_source_scan,source_contribution,rescue,named_concept,,2,11,5,-4.4565038247237664e-05,-0.00021283939403028907,9.807684233279999e-05
all_benign,layer_scan.layer_02.trigger_other.rescue,layer_source_scan,source_contribution,rescue,trigger_other,,2,11,5,-0.00017843380386529307,-0.00044308696224038625,1.0900101496515652e-05
all_benign,layer_scan.layer_02.original_prompt.rescue,layer_source_scan,source_contribution,rescue,original_prompt,,2,11,4,-0.00017768842407768067,-0.00038824763531883604,7.313611315513919e-06
all_benign,layer_scan.layer_02.template.rescue,layer_source_scan,source_contribution,rescue,template,,2,11,2,-0.00024039960768233222,-0.000520290195524694,-1.2590982115182148e-05
all_benign,layer_scan.layer_02.response.rescue,layer_source_scan,source_contribution,rescue,response,,2,11,4,-0.00026238503987161964,-0.00048811886279369045,-7.97858600197651e-05
all_benign,layer_scan.layer_02.trigger_instruction.rescue,layer_source_scan,source_contribution,rescue,trigger_instruction,,2,11,4,-0.00013780410017516227,-0.0003443747020584551,3.139463754190264e-05
all_benign,layer_scan.layer_03.monitoring_language.rescue,layer_source_scan,source_contribution,rescue,monitoring_language,,3,11,5,5.171851592940826e-05,-0.0002399836113531879,0.00030951133328414366
all_benign,layer_scan.layer_03.named_concept.rescue,layer_source_scan,source_contribution,rescue,named_concept,,3,11,8,0.0017673516257404368,0.001161042460138438,0.002423185708138189
all_benign,layer_scan.layer_03.trigger_other.rescue,layer_source_scan,source_contribution,rescue,trigger_other,,3,11,7,-0.00024674064435840334,-0.0004647500206006386,-6.774205936075746e-05
all_benign,layer_scan.layer_03.original_prompt.rescue,layer_source_scan,source_contribution,rescue,original_prompt,,3,11,2,-0.00015482285455636682,-0.000502053901298555,0.0002812300953812791
all_benign,layer_scan.layer_03.template.rescue,layer_source_scan,source_contribution,rescue,template,,3,11,4,-0.0001953620035976987,-0.00035991567830955353,-5.562387624000898e-05
all_benign,layer_scan.layer_03.response.rescue,layer_source_scan,source_contribution,rescue,response,,3,11,2,-0.00045333046943741537,-0.0006989490728420015,-0.0002452444052305496
all_benign,layer_scan.layer_03.trigger_instruction.rescue,layer_source_scan,source_contribution,rescue,trigger_instruction,,3,11,8,0.0019631950692597087,0.0012183535021296245,0.0027994698635428754
all_benign,layer_scan.layer_04.monitoring_language.rescue,layer_source_scan,source_contribution,rescue,monitoring_language,,4,11,3,-0.0003190486590254119,-0.0006622728217377395,-7.96429790731949e-06
all_benign,layer_scan.layer_04.named_concept.rescue,layer_source_scan,source_contribution,rescue,named_concept,,4,11,8,0.0024794854340388396,0.0014870318643930933,0.003729105250049078
all_benign,layer_scan.layer_04.trigger_other.rescue,layer_source_scan,source_contribution,rescue,trigger_other,,4,11,8,0.00033973003535704835,-0.00017699502058671598,0.0008438059522205268
all_benign,layer_scan.layer_04.original_prompt.rescue,layer_source_scan,source_contribution,rescue,original_prompt,,4,11,8,0.0008192561624722062,0.00021459177943280026,0.0014143133165049843
all_benign,layer_scan.layer_04.template.rescue,layer_source_scan,source_contribution,rescue,template,,4,11,6,-0.00017344199879550034,-0.0005043825687396246,7.447660884904705e-05
all_benign,layer_scan.layer_04.response.rescue,layer_source_scan,source_contribution,rescue,response,,4,11,5,-0.0005460468410500984,-0.0009277931524436953,-0.00018975775785455418
all_benign,layer_scan.layer_04.trigger_instruction.rescue,layer_source_scan,source_contribution,rescue,trigger_instruction,,4,11,10,0.0031279976594562886,0.0019709542591293053,0.004541274779678611
all_benign,layer_scan.layer_05.monitoring_language.rescue,layer_source_scan,source_contribution,rescue,monitoring_language,,5,11,4,-0.00018457929980301635,-0.00035935967652652454,-1.0794097647715175e-05
all_benign,layer_scan.layer_05.named_concept.rescue,layer_source_scan,source_contribution,rescue,named_concept,,5,11,10,0.0009217353448264461,0.0005906333553083274,0.001356258500324826
all_benign,layer_scan.layer_05.trigger_other.rescue,layer_source_scan,source_contribution,rescue,trigger_other,,5,11,7,0.00015240905954005753,-0.0001695086267731684,0.0005255746389236937
all_benign,layer_scan.layer_05.original_prompt.rescue,layer_source_scan,source_contribution,rescue,original_prompt,,5,11,5,0.00012807760979764965,-0.00028324739919073915,0.0005768305356079693
all_benign,layer_scan.layer_05.template.rescue,layer_source_scan,source_contribution,rescue,template,,5,11,6,-0.00021836643940098083,-0.000445687552611846,-2.8376050014963543e-05
all_benign,layer_scan.layer_05.response.rescue,layer_source_scan,source_contribution,rescue,response,,5,11,4,-0.0009709823102768404,-0.00149327084482152,-0.00053140909862514
all_benign,layer_scan.layer_05.trigger_instruction.rescue,layer_source_scan,source_contribution,rescue,trigger_instruction,,5,11,10,0.0011779424778352212,0.000669327361744758,0.0019084603623770332
all_benign,layer_scan.layer_06.monitoring_language.rescue,layer_source_scan,source_contribution,rescue,monitoring_language,,6,11,9,0.03129372694061369,0.02119865953882574,0.039240166074836914
all_benign,layer_scan.layer_06.named_concept.rescue,layer_source_scan,source_contribution,rescue,named_concept,,6,11,9,0.006448832657769241,0.004857531500284652,0.008290309471485381
all_benign,layer_scan.layer_06.trigger_other.rescue,layer_source_scan,source_contribution,rescue,trigger_other,,6,11,11,0.005330278912396709,0.003671596225928239,0.007118732281495788
all_benign,layer_scan.layer_06.original_prompt.rescue,layer_source_scan,source_contribution,rescue,original_prompt,,6,11,9,0.004041946911341612,0.0026031215827908806,0.005688297050276514
all_benign,layer_scan.layer_06.template.rescue,layer_source_scan,source_contribution,rescue,template,,6,11,7,0.0005915776154245279,-0.00023914474833439068,0.001306965184672239
all_benign,layer_scan.layer_06.response.rescue,layer_source_scan,source_contribution,rescue,response,,6,11,8,0.0021908002338725404,0.001358595833700538,0.002920599498208017
all_benign,layer_scan.layer_06.trigger_instruction.rescue,layer_source_scan,source_contribution,rescue,trigger_instruction,,6,11,10,0.06357137090357558,0.05310389890145978,0.07218445642438757
all_benign,layer_scan.layer_07.monitoring_language.rescue,layer_source_scan,source_contribution,rescue,monitoring_language,,7,11,9,0.0013591711275952696,0.0005548941021477072,0.0024319641545766124
all_benign,layer_scan.layer_07.named_concept.rescue,layer_source_scan,source_contribution,rescue,named_concept,,7,11,9,0.003001467977610153,0.002293155275721385,0.003824273373514725
all_benign,layer_scan.layer_07.trigger_other.rescue,layer_source_scan,source_contribution,rescue,trigger_other,,7,11,10,0.0027092487116828533,0.0017871706523051643,0.0036739424827825712
all_benign,layer_scan.layer_07.original_prompt.rescue,layer_source_scan,source_contribution,rescue,original_prompt,,7,11,9,0.000832092250255211,0.0001390848600753682,0.001465735478233821
all_benign,layer_scan.layer_07.template.rescue,layer_source_scan,source_contribution,rescue,template,,7,11,8,-0.00012612366987961457,-0.0004114415200335403,0.00014486846313920034
all_benign,layer_scan.layer_07.response.rescue,layer_source_scan,source_contribution,rescue,response,,7,11,5,0.0005549454979239765,-0.0016350205916320468,0.0026003096659326817
all_benign,layer_scan.layer_07.trigger_instruction.rescue,layer_source_scan,source_contribution,rescue,trigger_instruction,,7,11,9,0.007948065167798356,0.006188662004189189,0.010207472241063748
all_benign,layer_scan.layer_08.monitoring_language.rescue,layer_source_scan,source_contribution,rescue,monitoring_language,,8,11,4,-0.0002658498773799455,-0.0004926741359619532,-3.7650708486370056e-05
all_benign,layer_scan.layer_08.named_concept.rescue,layer_source_scan,source_contribution,rescue,named_concept,,8,11,9,0.048489063990166496,0.04169583772976143,0.05695090141886219
all_benign,layer_scan.layer_08.trigger_other.rescue,layer_source_scan,source_contribution,rescue,trigger_other,,8,11,7,0.010728733889460067,0.008659425346346785,0.013037725938893071
all_benign,layer_scan.layer_08.original_prompt.rescue,layer_source_scan,source_contribution,rescue,original_prompt,,8,11,10,0.004246079514953109,0.0014353795702092542,0.0068366502804758705
all_benign,layer_scan.layer_08.template.rescue,layer_source_scan,source_contribution,rescue,template,,8,11,6,-0.0005808718918209569,-0.0009179259517079683,-0.00026627641731107716
all_benign,layer_scan.layer_08.response.rescue,layer_source_scan,source_contribution,rescue,response,,8,11,8,0.0068293266665845846,0.004408285992933031,0.009584634612051024
all_benign,layer_scan.layer_08.trigger_instruction.rescue,layer_source_scan,source_contribution,rescue,trigger_instruction,,8,11,9,0.060410458134475147,0.05318763656981304,0.06921724457701404
all_benign,layer_scan.layer_09.monitoring_language.rescue,layer_source_scan,source_contribution,rescue,monitoring_language,,9,11,3,-0.0002230589315183989,-0.0005027260852034628,6.637107577732245e-05
all_benign,layer_scan.layer_09.named_concept.rescue,layer_source_scan,source_contribution,rescue,named_concept,,9,11,10,0.02984018911001067,0.024669493178172217,0.0347463026588734
all_benign,layer_scan.layer_09.trigger_other.rescue,layer_source_scan,source_contribution,rescue,trigger_other,,9,11,8,0.008863070644636649,0.007571330230312591,0.010222748618938701
all_benign,layer_scan.layer_09.original_prompt.rescue,layer_source_scan,source_contribution,rescue,original_prompt,,9,11,11,0.010213863583413717,0.007601962162427938,0.012577512094429996
all_benign,layer_scan.layer_09.template.rescue,layer_source_scan,source_contribution,rescue,template,,9,11,8,-0.0003098718246556621,-0.0012051392835681282,0.0006261499942742227
all_benign,layer_scan.layer_09.response.rescue,layer_source_scan,source_contribution,rescue,response,,9,11,10,0.009359194861237792,0.005740989316795395,0.012737360877589442
all_benign,layer_scan.layer_09.trigger_instruction.rescue,layer_source_scan,source_contribution,rescue,trigger_instruction,,9,11,11,0.041032931808648726,0.03539049579446757,0.04653314799899423
all_benign,layer_scan.layer_10.monitoring_language.rescue,layer_source_scan,source_contribution,rescue,monitoring_language,,10,11,5,-0.00012551983340393017,-0.0003964365098068937,0.00013163752944784504
all_benign,layer_scan.layer_10.named_concept.rescue,layer_source_scan,source_contribution,rescue,named_concept,,10,11,8,0.08791598363898083,0.07864404668183729,0.09696581550214678
all_benign,layer_scan.layer_10.trigger_other.rescue,layer_source_scan,source_contribution,rescue,trigger_other,,10,11,10,0.0237709907567493,0.021626369162237317,0.026106346114061704
all_benign,layer_scan.layer_10.original_prompt.rescue,layer_source_scan,source_contribution,rescue,original_prompt,,10,11,10,0.014895958369303948,0.010456495383599539,0.01929514234785538
all_benign,layer_scan.layer_10.template.rescue,layer_source_scan,source_contribution,rescue,template,,10,11,5,-0.000144386137500416,-0.0014205490340194363,0.0009822406268676393
all_benign,layer_scan.layer_10.response.rescue,layer_source_scan,source_contribution,rescue,response,,10,11,4,-0.00553393673279986,-0.008758238912758837,-0.0029010231576353895
all_benign,layer_scan.layer_10.trigger_instruction.rescue,layer_source_scan,source_contribution,rescue,trigger_instruction,,10,11,9,0.11512484744256217,0.1054101646572049,0.12472247944796787
all_benign,layer_scan.layer_11.monitoring_language.rescue,layer_source_scan,source_contribution,rescue,monitoring_language,,11,11,7,0.0008336055063239066,0.0005719933295869036,0.0011031927248758965
all_benign,layer_scan.layer_11.named_concept.rescue,layer_source_scan,source_contribution,rescue,named_concept,,11,11,9,0.028705155121686365,0.02609279339454864,0.031513796082717815
all_benign,layer_scan.layer_11.trigger_other.rescue,layer_source_scan,source_contribution,rescue,trigger_other,,11,11,10,0.17226362165399353,0.15826464530870799,0.1873854422581017
all_benign,layer_scan.layer_11.original_prompt.rescue,layer_source_scan,source_contribution,rescue,original_prompt,,11,11,11,0.04147395758392384,0.03621524832248223,0.046756846447354304
all_benign,layer_scan.layer_11.template.rescue,layer_source_scan,source_contribution,rescue,template,,11,11,10,0.0056358138302654405,0.00407190934270914,0.007274990713139274
all_benign,layer_scan.layer_11.response.rescue,layer_source_scan,source_contribution,rescue,response,,11,11,11,0.07711141154458641,0.07034056121247016,0.08371230697874425
all_benign,layer_scan.layer_11.trigger_instruction.rescue,layer_source_scan,source_contribution,rescue,trigger_instruction,,11,11,11,0.2079983849004894,0.19363078481276239,0.22343865029256332
all_benign,layer_scan.layer_12.monitoring_language.rescue,layer_source_scan,source_contribution,rescue,monitoring_language,,12,11,7,0.002624018181951137,0.0015328187065336918,0.0038934245860539644
all_benign,layer_scan.layer_12.named_concept.rescue,layer_source_scan,source_contribution,rescue,named_concept,,12,11,8,0.01718444657936297,0.014952714265136648,0.019728863040206632
all_benign,layer_scan.layer_12.trigger_other.rescue,layer_source_scan,source_contribution,rescue,trigger_other,,12,11,7,0.029879874853550707,0.026349805139946593,0.034187908493098114
all_benign,layer_scan.layer_12.original_prompt.rescue,layer_source_scan,source_contribution,rescue,original_prompt,,12,11,11,0.01670882616040041,0.012300605414898292,0.022182070370802647
all_benign,layer_scan.layer_12.template.rescue,layer_source_scan,source_contribution,rescue,template,,12,11,11,0.006150446791565221,0.0051593290950581435,0.007254810139582725
all_benign,layer_scan.layer_12.response.rescue,layer_source_scan,source_contribution,rescue,response,,12,11,11,0.06320819147795519,0.056801066768957534,0.06992767354892293
all_benign,layer_scan.layer_12.trigger_instruction.rescue,layer_source_scan,source_contribution,rescue,trigger_instruction,,12,11,11,0.05400837206234081,0.04904357396640002,0.05991285479508239
all_benign,individual.layer_11.head_08.monitoring_language.rescue,individual_selected_head,source_contribution,rescue,monitoring_language,,11,11,6,4.3920389023741904e-05,-0.00014471644720555048,0.00020380678417005626
all_benign,individual.layer_11.head_08.named_concept.rescue,individual_selected_head,source_contribution,rescue,named_concept,,11,11,8,0.012474554109283385,0.011695115149728787,0.013234646895139118
all_benign,individual.layer_11.head_08.trigger_other.rescue,individual_selected_head,source_contribution,rescue,trigger_other,,11,11,10,0.08193480389657672,0.06910030411712564,0.09602444255601517
all_benign,individual.layer_11.head_08.original_prompt.rescue,individual_selected_head,source_contribution,rescue,original_prompt,,11,11,11,0.02428408192089657,0.02099594522243981,0.02751681060359954
all_benign,individual.layer_11.head_08.template.rescue,individual_selected_head,source_contribution,rescue,template,,11,11,10,0.002354809498994157,0.0016802243054679833,0.002988922384952132
all_benign,individual.layer_11.head_08.response.rescue,individual_selected_head,source_contribution,rescue,response,,11,11,11,0.025826424094729187,0.02260854829182786,0.029095058462953963
all_benign,individual.layer_10.head_12.monitoring_language.rescue,individual_selected_head,source_contribution,rescue,monitoring_language,,10,11,5,-0.0003123216637604543,-0.0005964939921534507,-9.004594599142088e-05
all_benign,individual.layer_10.head_12.named_concept.rescue,individual_selected_head,source_contribution,rescue,named_concept,,10,11,6,0.0885025139186033,0.07881810691124325,0.09803693108571007
all_benign,individual.layer_10.head_12.trigger_other.rescue,individual_selected_head,source_contribution,rescue,trigger_other,,10,11,8,0.00494346407566386,0.004074270427084644,0.0059758516285220945
all_benign,individual.layer_10.head_12.original_prompt.rescue,individual_selected_head,source_contribution,rescue,original_prompt,,10,11,9,0.007004889611460583,0.004422989002079695,0.00965674155322576
all_benign,individual.layer_10.head_12.template.rescue,individual_selected_head,source_contribution,rescue,template,,10,11,6,0.0011315046282257375,0.0006420735280556857,0.0016653274735000218
all_benign,individual.layer_10.head_12.response.rescue,individual_selected_head,source_contribution,rescue,response,,10,11,9,0.010160976051021823,0.007849834806155776,0.01301882438918859
all_benign,individual.layer_11.head_09.monitoring_language.rescue,individual_selected_head,source_contribution,rescue,monitoring_language,,11,11,6,2.880801448819614e-05,-0.00019030159318051705,0.000211888614476302
all_benign,individual.layer_11.head_09.named_concept.rescue,individual_selected_head,source_contribution,rescue,named_concept,,11,11,8,0.01362126237817893,0.012191117320694637,0.015185405313933925
all_benign,individual.layer_11.head_09.trigger_other.rescue,individual_selected_head,source_contribution,rescue,trigger_other,,11,11,10,0.0265583229246304,0.02341103624405257,0.030162131992255963
all_benign,individual.layer_11.head_09.original_prompt.rescue,individual_selected_head,source_contribution,rescue,original_prompt,,11,11,11,0.011124875611375649,0.008596864416709466,0.013858538220316187
all_benign,individual.layer_11.head_09.template.rescue,individual_selected_head,source_contribution,rescue,template,,11,11,8,0.0007349368163437782,0.00027046512053856996,0.001176394239993124
all_benign,individual.layer_11.head_09.response.rescue,individual_selected_head,source_contribution,rescue,response,,11,11,11,0.011414316838461967,0.009631791231216224,0.013238674588542653
all_benign,individual.layer_10.head_02.monitoring_language.rescue,individual_selected_head,source_contribution,rescue,monitoring_language,,10,11,5,-0.00011565318886669732,-0.00030807384731366993,4.095316216509344e-05
all_benign,individual.layer_10.head_02.named_concept.rescue,individual_selected_head,source_contribution,rescue,named_concept,,10,11,8,0.0024681970608865307,0.0018196417862212664,0.003212905741106291
all_benign,individual.layer_10.head_02.trigger_other.rescue,individual_selected_head,source_contribution,rescue,trigger_other,,10,11,8,0.01639004811023254,0.014582777184162721,0.01840365466316184
all_benign,individual.layer_10.head_02.original_prompt.rescue,individual_selected_head,source_contribution,rescue,original_prompt,,10,11,10,0.006636436272203169,0.005513219289713254,0.007773163649983093
all_benign,individual.layer_10.head_02.template.rescue,individual_selected_head,source_contribution,rescue,template,,10,11,8,0.0006100323081481611,0.00033995675585263594,0.0008920523060805207
all_benign,individual.layer_10.head_02.response.rescue,individual_selected_head,source_contribution,rescue,response,,10,11,9,0.004801386894159858,0.004022398646835173,0.005595276356506444
all_benign,individual.layer_09.head_11.monitoring_language.rescue,individual_selected_head,source_contribution,rescue,monitoring_language,,9,11,3,-0.0001625420610011782,-0.0003690349027442466,1.5286843912463683e-05
all_benign,individual.layer_09.head_11.named_concept.rescue,individual_selected_head,source_contribution,rescue,named_concept,,9,11,7,0.013358928180163009,0.012206366022229213,0.014609173143639579
all_benign,individual.layer_09.head_11.trigger_other.rescue,individual_selected_head,source_contribution,rescue,trigger_other,,9,11,9,0.00511432464310767,0.004257236853207322,0.006046530277769189
all_benign,individual.layer_09.head_11.original_prompt.rescue,individual_selected_head,source_contribution,rescue,original_prompt,,9,11,10,0.0034365225337912877,0.002130793243973504,0.004934297439417942
all_benign,individual.layer_09.head_11.template.rescue,individual_selected_head,source_contribution,rescue,template,,9,11,10,0.0009496333975730181,0.00028078378404770355,0.0015860266424651422
all_benign,individual.layer_09.head_11.response.rescue,individual_selected_head,source_contribution,rescue,response,,9,11,10,0.004601859420207905,0.0033087159939514397,0.005881718805071091
all_benign,individual.layer_12.head_12.monitoring_language.rescue,individual_selected_head,source_contribution,rescue,monitoring_language,,12,11,8,0.0021708967610938055,0.0012550016141034588,0.003276566250245506
all_benign,individual.layer_12.head_12.named_concept.rescue,individual_selected_head,source_contribution,rescue,named_concept,,12,11,8,0.004007410833068121,0.002429604457905764,0.00596984579394459
all_benign,individual.layer_12.head_12.trigger_other.rescue,individual_selected_head,source_contribution,rescue,trigger_other,,12,11,6,0.004409447503138716,0.003450856630989742,0.005499787570343614
all_benign,individual.layer_12.head_12.original_prompt.rescue,individual_selected_head,source_contribution,rescue,original_prompt,,12,11,9,0.0026576713962387106,0.002006917633698718,0.0034429198523669774
all_benign,individual.layer_12.head_12.template.rescue,individual_selected_head,source_contribution,rescue,template,,12,11,10,0.0011707540147151598,0.0008672679321304763,0.0014659691849792426
all_benign,individual.layer_12.head_12.response.rescue,individual_selected_head,source_contribution,rescue,response,,12,11,11,0.03476901371489371,0.03085380264686563,0.03855059167671071
all_benign,individual.layer_12.head_03.monitoring_language.rescue,individual_selected_head,source_contribution,rescue,monitoring_language,,12,11,6,9.829994183706506e-05,-8.686350338982632e-05,0.0002613279078614646
all_benign,individual.layer_12.head_03.named_concept.rescue,individual_selected_head,source_contribution,rescue,named_concept,,12,11,6,0.0028411555994527532,0.00242272406050776,0.0033016237494231503
all_benign,individual.layer_12.head_03.trigger_other.rescue,individual_selected_head,source_contribution,rescue,trigger_other,,12,11,6,0.007523109396509183,0.00639742090304617,0.00890873279456337
all_benign,individual.layer_12.head_03.original_prompt.rescue,individual_selected_head,source_contribution,rescue,original_prompt,,12,11,11,0.0027747371540464494,0.0020687752809600973,0.0034707095385570724
all_benign,individual.layer_12.head_03.template.rescue,individual_selected_head,source_contribution,rescue,template,,12,11,9,0.0009834620298119665,0.000631064541110756,0.0013361646399489841
all_benign,individual.layer_12.head_03.response.rescue,individual_selected_head,source_contribution,rescue,response,,12,11,11,0.014515214949827753,0.013099883941486135,0.0159259366365792
all_benign,individual.layer_09.head_04.monitoring_language.rescue,individual_selected_head,source_contribution,rescue,monitoring_language,,9,11,2,-0.00014326437355825214,-0.00026549969708549847,-2.5163842680970457e-05
all_benign,individual.layer_09.head_04.named_concept.rescue,individual_selected_head,source_contribution,rescue,named_concept,,9,11,5,0.008914494051315964,0.005382957423143553,0.012255928633617116
all_benign,individual.layer_09.head_04.trigger_other.rescue,individual_selected_head,source_contribution,rescue,trigger_other,,9,11,5,0.00037731077708074665,0.00010861780698801757,0.0006363686215052356
all_benign,individual.layer_09.head_04.original_prompt.rescue,individual_selected_head,source_contribution,rescue,original_prompt,,9,11,9,0.002921886645109291,0.0021065421539883025,0.0037994486143680677
all_benign,individual.layer_09.head_04.template.rescue,individual_selected_head,source_contribution,rescue,template,,9,11,7,0.0004414570993973476,0.0002223716864215341,0.0007103537949621032
all_benign,individual.layer_09.head_04.response.rescue,individual_selected_head,source_contribution,rescue,response,,9,11,11,0.016653379350564414,0.01384415011474225,0.01951880306090622
all_benign,individual.layer_11.head_14.monitoring_language.rescue,individual_selected_head,source_contribution,rescue,monitoring_language,,11,11,5,-8.437208600595489e-05,-0.00028356062568635844,8.374638353203566e-05
all_benign,individual.layer_11.head_14.named_concept.rescue,individual_selected_head,source_contribution,rescue,named_concept,,11,11,3,-0.005573475557170345,-0.006182718454503106,-0.005044312215294043
all_benign,individual.layer_11.head_14.trigger_other.rescue,individual_selected_head,source_contribution,rescue,trigger_other,,11,11,6,0.010608430786139444,0.00902246496370095,0.012200511877525097
all_benign,individual.layer_11.head_14.original_prompt.rescue,individual_selected_head,source_contribution,rescue,original_prompt,,11,11,8,0.0032169282144602347,0.002306792155036294,0.004217524754391872
all_benign,individual.layer_11.head_14.template.rescue,individual_selected_head,source_contribution,rescue,template,,11,11,5,9.50052622265316e-06,-0.00028714580684727876,0.0003055420392038858
all_benign,individual.layer_11.head_14.response.rescue,individual_selected_head,source_contribution,rescue,response,,11,11,7,0.0007958589280561147,9.018739440056613e-05,0.0014964435566040138
all_benign,individual.layer_12.head_02.monitoring_language.rescue,individual_selected_head,source_contribution,rescue,monitoring_language,,12,11,3,-4.8809724906532404e-05,-0.0002283425381911656,0.00010093209714277449
all_benign,individual.layer_12.head_02.named_concept.rescue,individual_selected_head,source_contribution,rescue,named_concept,,12,11,3,0.00046304468445191834,3.5198980018092276e-05,0.0009112514003206879
all_benign,individual.layer_12.head_02.trigger_other.rescue,individual_selected_head,source_contribution,rescue,trigger_other,,12,11,5,0.003174954844375248,0.00267489661876338,0.0036958391064340246
all_benign,individual.layer_12.head_02.original_prompt.rescue,individual_selected_head,source_contribution,rescue,original_prompt,,12,11,9,0.0020653421698793796,0.0014206139523648242,0.0028115708584009256
all_benign,individual.layer_12.head_02.template.rescue,individual_selected_head,source_contribution,rescue,template,,12,11,5,2.0801791472756755e-05,-0.0002584932372688973,0.00030736574102147593
all_benign,individual.layer_12.head_02.response.rescue,individual_selected_head,source_contribution,rescue,response,,12,11,10,0.007156303400052937,0.0060036870628945044,0.008450277493086104
all_benign,individual.layer_09.head_13.monitoring_language.rescue,individual_selected_head,source_contribution,rescue,monitoring_language,,9,11,3,-0.0002160942981748581,-0.00037549562687714464,-7.723372371938096e-05
all_benign,individual.layer_09.head_13.named_concept.rescue,individual_selected_head,source_contribution,rescue,named_concept,,9,11,3,-0.00329006710882795,-0.0037239261223243145,-0.0029038058198201716
all_benign,individual.layer_09.head_13.trigger_other.rescue,individual_selected_head,source_contribution,rescue,trigger_other,,9,11,5,0.0016007130556394916,0.0012246954377912454,0.0019546559386380007
all_benign,individual.layer_09.head_13.original_prompt.rescue,individual_selected_head,source_contribution,rescue,original_prompt,,9,11,10,0.003286311860012676,0.002579784384645854,0.0038835622977279696
all_benign,individual.layer_09.head_13.template.rescue,individual_selected_head,source_contribution,rescue,template,,9,11,6,-2.8299679553694056e-05,-0.00017113793874966435,9.834936724318445e-05
all_benign,individual.layer_09.head_13.response.rescue,individual_selected_head,source_contribution,rescue,response,,9,11,9,0.0029859372818672415,0.002400602200101727,0.003607074854232578
all_benign,individual.layer_11.head_15.monitoring_language.rescue,individual_selected_head,source_contribution,rescue,monitoring_language,,11,11,6,4.149408177149695e-06,-0.0001572253973190986,0.00014216009968712176
all_benign,individual.layer_11.head_15.named_concept.rescue,individual_selected_head,source_contribution,rescue,named_concept,,11,11,5,-4.344791095310792e-05,-0.000551226911945244,0.0004662969836321692
all_benign,individual.layer_11.head_15.trigger_other.rescue,individual_selected_head,source_contribution,rescue,trigger_other,,11,11,6,0.008463805012624075,0.003918950989485959,0.014362146900136711
all_benign,individual.layer_11.head_15.original_prompt.rescue,individual_selected_head,source_contribution,rescue,original_prompt,,11,11,9,0.0009491472175165358,9.675963143992072e-05,0.001745832212538302
all_benign,individual.layer_11.head_15.template.rescue,individual_selected_head,source_contribution,rescue,template,,11,11,6,7.7359672775133e-06,-0.0005915666712726594,0.000614966892844147
all_benign,individual.layer_11.head_15.response.rescue,individual_selected_head,source_contribution,rescue,response,,11,11,8,0.002993139038768445,0.0023445486585131395,0.0036631069883521646
all_benign,group.selected_attention_12.monitoring_language.rescue,selected_random_source_group,source_contribution,rescue,monitoring_language,,,11,7,0.0025486380377500216,0.0015141950392008093,0.003752248030118662
all_benign,group.selected_attention_12.monitoring_language.induction,selected_random_source_group,source_contribution,induction,monitoring_language,,,11,11,0.003498010689342966,0.002767097562428325,0.004444634839189798
all_benign,group.selected_attention_12.named_concept.rescue,selected_random_source_group,source_contribution,rescue,named_concept,,,11,9,0.18094229766703562,0.17168295959405558,0.19249988137847004
all_benign,group.selected_attention_12.named_concept.induction,selected_random_source_group,source_contribution,induction,named_concept,,,11,9,0.3016154269517941,0.2904511239561123,0.3128605932442671
all_benign,group.selected_attention_12.trigger_other.rescue,selected_random_source_group,source_contribution,rescue,trigger_other,,,11,10,0.22362891037753727,0.2082428710603133,0.23990141197673095
all_benign,group.selected_attention_12.trigger_other.induction,selected_random_source_group,source_contribution,induction,trigger_other,,,11,10,0.2553324698328226,0.23785870812124785,0.27333943403844824
all_benign,group.selected_attention_12.original_prompt.rescue,selected_random_source_group,source_contribution,rescue,original_prompt,,,11,11,0.07653520155070853,0.06730346388704006,0.08513896896053119
all_benign,group.selected_attention_12.original_prompt.induction,selected_random_source_group,source_contribution,induction,original_prompt,,,11,10,0.07282586710652308,0.06049053621885798,0.08790272380687926
all_benign,group.selected_attention_12.template.rescue,selected_random_source_group,source_contribution,rescue,template,,,11,11,0.00952356816531906,0.007493586096605332,0.011583654260669932
all_benign,group.selected_attention_12.template.induction,selected_random_source_group,source_contribution,induction,template,,,11,10,0.01384388277949354,0.009816089673412088,0.01835639003333767
all_benign,group.selected_attention_12.response.rescue,selected_random_source_group,source_contribution,rescue,response,,,11,11,0.14602197913827847,0.1349156153092624,0.15682722318562972
all_benign,group.selected_attention_12.response.induction,selected_random_source_group,source_contribution,induction,response,,,11,11,0.086047135578673,0.07485271952608881,0.0978011673585557
all_benign,group.selected_attention_12.trigger_instruction.rescue,selected_random_source_group,source_contribution,rescue,trigger_instruction,,,11,11,0.4211889538886918,0.4020030945733184,0.4422398342369293
all_benign,group.selected_attention_12.trigger_instruction.induction,selected_random_source_group,source_contribution,induction,trigger_instruction,,,11,11,0.5584450908112079,0.5378476291033063,0.5797355066650198
all_benign,group.selected_attention_12.all_prompt.rescue,selected_random_source_group,source_contribution,rescue,all_prompt,,,11,11,0.5915377777091979,0.5727340479795358,0.6102719939205613
all_benign,group.selected_attention_12.all_prompt.induction,selected_random_source_group,source_contribution,induction,all_prompt,,,11,11,0.6892967210534481,0.6689658280169704,0.7085000451615452
all_benign,group.random_attention_12.monitoring_language.rescue,selected_random_source_group,source_contribution,rescue,monitoring_language,,,11,6,4.420026462072833e-05,-0.000168012334381238,0.0002585306701355857
all_benign,group.random_attention_12.monitoring_language.induction,selected_random_source_group,source_contribution,induction,monitoring_language,,,11,7,0.00020519293769447834,5.034020306712634e-05,0.00037628367505559675
all_benign,group.random_attention_12.named_concept.rescue,selected_random_source_group,source_contribution,rescue,named_concept,,,11,4,-0.0011664003843970593,-0.00221639629887118,-0.00024277488308723592
all_benign,group.random_attention_12.named_concept.induction,selected_random_source_group,source_contribution,induction,named_concept,,,11,9,0.008103376435355102,0.006564578076281583,0.009636711060383461
all_benign,group.random_attention_12.trigger_other.rescue,selected_random_source_group,source_contribution,rescue,trigger_other,,,11,5,-0.001314015931806443,-0.0017590399563087832,-0.0009203205621420142
all_benign,group.random_attention_12.trigger_other.induction,selected_random_source_group,source_contribution,induction,trigger_other,,,11,7,0.0010986542425751597,0.0006243616540653447,0.0015785040476512422
all_benign,group.random_attention_12.original_prompt.rescue,selected_random_source_group,source_contribution,rescue,original_prompt,,,11,4,-0.0015242237668815148,-0.002808841590901892,-0.0005574669957068252
all_benign,group.random_attention_12.original_prompt.induction,selected_random_source_group,source_contribution,induction,original_prompt,,,11,5,-0.0009510311982712321,-0.0032655023356739895,0.0007799861459582756
all_benign,group.random_attention_12.template.rescue,selected_random_source_group,source_contribution,rescue,template,,,11,6,-0.0005477473379914913,-0.0014892639803226922,0.00026315676823371445
all_benign,group.random_attention_12.template.induction,selected_random_source_group,source_contribution,induction,template,,,11,4,-0.0010698030164080828,-0.0016643702808733327,-0.0005416901459728264
all_benign,group.random_attention_12.response.rescue,selected_random_source_group,source_contribution,rescue,response,,,11,2,-0.02062345616022757,-0.026672260039430858,-0.015978541343665404
all_benign,group.random_attention_12.response.induction,selected_random_source_group,source_contribution,induction,response,,,11,1,-0.01657249923079557,-0.020315886525343718,-0.013405609517232993
all_benign,group.random_attention_12.trigger_instruction.rescue,selected_random_source_group,source_contribution,rescue,trigger_instruction,,,11,6,-0.0021345202541626675,-0.0033787013254668857,-0.0010285082590979606
all_benign,group.random_attention_12.trigger_instruction.induction,selected_random_source_group,source_contribution,induction,trigger_instruction,,,11,10,0.00959769082179106,0.007929826688632494,0.011301824213748672
all_benign,group.random_attention_12.all_prompt.rescue,selected_random_source_group,source_contribution,rescue,all_prompt,,,11,6,-0.003858240751059426,-0.006676740298668322,-0.0016637240237663347
all_benign,group.random_attention_12.all_prompt.induction,selected_random_source_group,source_contribution,induction,all_prompt,,,11,8,0.008258038727825516,0.005466570889914082,0.010895278785483804
all_benign,direct.selected_attention_12.rescue,direct_response_output,direct_output,rescue,,selected_attention_12,,11,11,0.7376735735377029,0.7210618632274248,0.7523986708369801
all_benign,direct.selected_attention_12.induction,direct_response_output,direct_output,induction,,selected_attention_12,,11,11,0.783167927332622,0.7638748133689588,0.8003446190237318
all_benign,direct.random_attention_12.rescue,direct_response_output,direct_output,rescue,,random_attention_12,,11,4,-0.023908665489414716,-0.033047747094035296,-0.0175057822328991
all_benign,direct.random_attention_12.induction,direct_response_output,direct_output,induction,,random_attention_12,,11,4,-0.0088518217443874,-0.014704906075767913,-0.0038287857963917294
all_benign,direct.random_attention_16.rescue,direct_response_output,direct_output,rescue,,random_attention_16,,11,4,-0.030875418555245393,-0.039028868151061887,-0.02489493636505083
all_benign,direct.random_attention_16.induction,direct_response_output,direct_output,induction,,random_attention_16,,11,7,0.029337923826216628,0.022345213540536923,0.03584840242216811
all_benign,direct.selected_mlp_4.rescue,direct_response_output,direct_output,rescue,,selected_mlp_4,,11,11,0.47007605531009505,0.44417104201293217,0.4930399026237871
all_benign,direct.selected_mlp_4.induction,direct_response_output,direct_output,induction,,selected_mlp_4,,11,11,0.4661807638626684,0.4462585900036443,0.48568342135668613
all_benign,direct.layer_09.mlp.rescue,direct_response_output,direct_output,rescue,,layer_09.mlp,,11,9,0.012059144079202775,0.0029928042061040795,0.02015376847364796
all_benign,direct.layer_09.mlp.induction,direct_response_output,direct_output,induction,,layer_09.mlp,,11,10,0.08031460844485011,0.07103327006829346,0.08940758196847776
all_benign,direct.layer_10.mlp.rescue,direct_response_output,direct_output,rescue,,layer_10.mlp,,11,9,0.0525891076500556,0.042198752399094604,0.06219778461000185
all_benign,direct.layer_10.mlp.induction,direct_response_output,direct_output,induction,,layer_10.mlp,,11,9,0.04233142620647579,0.031287862805208996,0.05521942566267207
all_benign,direct.layer_11.mlp.rescue,direct_response_output,direct_output,rescue,,layer_11.mlp,,11,11,0.24725791272457773,0.2316450968147897,0.2626921486754082
all_benign,direct.layer_11.mlp.induction,direct_response_output,direct_output,induction,,layer_11.mlp,,11,11,0.16495099987596598,0.14544249537674736,0.18708645291740267
all_benign,direct.layer_12.mlp.rescue,direct_response_output,direct_output,rescue,,layer_12.mlp,,11,10,0.10288587206510572,0.08815084208299898,0.11732204340766444
all_benign,direct.layer_12.mlp.induction,direct_response_output,direct_output,induction,,layer_12.mlp,,11,9,0.10170786590811548,0.085745701094477,0.11926619208205964
all_benign,direct.selected_k16.rescue,direct_response_output,direct_output,rescue,,selected_k16,,11,11,0.869255488195396,0.8550535755820492,0.8813684455173013
all_benign,direct.selected_k16.induction,direct_response_output,direct_output,induction,,selected_k16,,11,11,0.844452330809847,0.8309119290359817,0.8562484765118896
all_benign,direct.resid_post_layer12_positive_control.rescue,direct_response_output,direct_output,rescue,,resid_post_layer12_positive_control,,11,11,1.0,1.0,1.0
all_benign,direct.resid_post_layer12_positive_control.induction,direct_response_output,direct_output,induction,,resid_post_layer12_positive_control,,11,11,1.0,1.0,1.0
