split,concept,intervention_id,family,direction,source_group,direct_group_id,fraction,fraction_ci_low,fraction_ci_high
discovery,HTML,layer_scan.layer_00.monitoring_language.rescue,layer_source_scan,rescue,monitoring_language,,-0.00044173226560251293,-0.0011604507117019382,0.00014085390309410558
discovery,HTML,layer_scan.layer_00.named_concept.rescue,layer_source_scan,rescue,named_concept,,-0.0008420402306153604,-0.001388546628736005,-0.0004796636579999808
discovery,HTML,layer_scan.layer_00.trigger_other.rescue,layer_source_scan,rescue,trigger_other,,-0.0006015678547866131,-0.0012143203912122085,-0.00013581514016268751
discovery,HTML,layer_scan.layer_00.original_prompt.rescue,layer_source_scan,rescue,original_prompt,,-0.0004403399801447298,-0.001027881160814702,5.2258426725466594e-05
discovery,HTML,layer_scan.layer_00.template.rescue,layer_source_scan,rescue,template,,-0.0011200342425448887,-0.0016125661721936495,-0.0007027589506045381
discovery,HTML,layer_scan.layer_00.response.rescue,layer_source_scan,rescue,response,,-0.0005662397537615516,-0.0010674949624603595,-9.746138638567332e-05
discovery,HTML,layer_scan.layer_00.trigger_instruction.rescue,layer_source_scan,rescue,trigger_instruction,,-0.0005924189855749661,-0.0016698845250437018,0.00026671992676362396
discovery,HTML,layer_scan.layer_01.monitoring_language.rescue,layer_source_scan,rescue,monitoring_language,,0.0001234046274681908,-0.0004429579383888703,0.0006735503596839719
discovery,HTML,layer_scan.layer_01.named_concept.rescue,layer_source_scan,rescue,named_concept,,0.009876601892205506,0.006002161798618321,0.014086455534897246
discovery,HTML,layer_scan.layer_01.trigger_other.rescue,layer_source_scan,rescue,trigger_other,,-0.0003341820222093842,-0.0008360316902776176,5.811488521142698e-05
discovery,HTML,layer_scan.layer_01.original_prompt.rescue,layer_source_scan,rescue,original_prompt,,-0.0010548557850310765,-0.002685357904928108,0.0005713922346190003
discovery,HTML,layer_scan.layer_01.template.rescue,layer_source_scan,rescue,template,,2.6179231813414396e-05,-0.0002744986544373132,0.00026233389968371984
discovery,HTML,layer_scan.layer_01.response.rescue,layer_source_scan,rescue,response,,-0.0008615718325187469,-0.0014888391230189325,-0.00023457427743167963
discovery,HTML,layer_scan.layer_01.trigger_instruction.rescue,layer_source_scan,rescue,trigger_instruction,,0.010287920184667869,0.006027536299014783,0.015145134511300718
discovery,HTML,layer_scan.layer_02.monitoring_language.rescue,layer_source_scan,rescue,monitoring_language,,-0.0003301696809667138,-0.0008985891990331053,0.0001326592571870951
discovery,HTML,layer_scan.layer_02.named_concept.rescue,layer_source_scan,rescue,named_concept,,0.00014083713816717336,-0.00047516931214899443,0.0006991350050093618
discovery,HTML,layer_scan.layer_02.trigger_other.rescue,layer_source_scan,rescue,trigger_other,,-0.00030725942573142043,-0.0009673886278035979,0.0001878314156835875
discovery,HTML,layer_scan.layer_02.original_prompt.rescue,layer_source_scan,rescue,original_prompt,,-0.00040170329704712464,-0.001078143892105921,0.00011721171986984742
discovery,HTML,layer_scan.layer_02.template.rescue,layer_source_scan,rescue,template,,-0.0004049113420953645,-0.0011015488133966594,0.00016877850545016598
discovery,HTML,layer_scan.layer_02.response.rescue,layer_source_scan,rescue,response,,-0.0010439886466767825,-0.0023288324331983737,-0.00018115053234734176
discovery,HTML,layer_scan.layer_02.trigger_instruction.rescue,layer_source_scan,rescue,trigger_instruction,,-0.00010913141659354324,-0.0008410274182218905,0.0005226532733676154
discovery,HTML,layer_scan.layer_03.monitoring_language.rescue,layer_source_scan,rescue,monitoring_language,,0.0002571706615926626,-0.00031050450794879844,0.0008710362919527923
discovery,HTML,layer_scan.layer_03.named_concept.rescue,layer_source_scan,rescue,named_concept,,0.0077233090453958965,0.005961815737666361,0.009702670850720763
discovery,HTML,layer_scan.layer_03.trigger_other.rescue,layer_source_scan,rescue,trigger_other,,-0.00041724388374329906,-0.0008853180848531312,2.280183096912839e-05
discovery,HTML,layer_scan.layer_03.original_prompt.rescue,layer_source_scan,rescue,original_prompt,,0.0007120123458490941,-0.0002618960528361844,0.0017914094387434132
discovery,HTML,layer_scan.layer_03.template.rescue,layer_source_scan,rescue,template,,-0.0001881382848138709,-0.0008345934911065367,0.00031291958155184004
discovery,HTML,layer_scan.layer_03.response.rescue,layer_source_scan,rescue,response,,-0.0009339188845230703,-0.0019073592275180569,-0.000195082527485444
discovery,HTML,layer_scan.layer_03.trigger_instruction.rescue,layer_source_scan,rescue,trigger_instruction,,0.008558838742043462,0.006665088422245938,0.0106963191932433
discovery,HTML,layer_scan.layer_04.monitoring_language.rescue,layer_source_scan,rescue,monitoring_language,,-0.0011820016084339669,-0.0019884497146504415,-0.0005483203558656146
discovery,HTML,layer_scan.layer_04.named_concept.rescue,layer_source_scan,rescue,named_concept,,0.01920839669628514,0.012694886443062646,0.02801379273997106
discovery,HTML,layer_scan.layer_04.trigger_other.rescue,layer_source_scan,rescue,trigger_other,,0.0018730596011569509,0.0013191460409106481,0.0025046403767191765
discovery,HTML,layer_scan.layer_04.original_prompt.rescue,layer_source_scan,rescue,original_prompt,,0.00038211990334333925,-0.002105165865115411,0.0023663635193346987
discovery,HTML,layer_scan.layer_04.template.rescue,layer_source_scan,rescue,template,,0.000427495613645794,9.284769790720158e-05,0.000844468771583245
discovery,HTML,layer_scan.layer_04.response.rescue,layer_source_scan,rescue,response,,-0.004044446065764753,-0.005895206056813372,-0.002083294259245193
discovery,HTML,layer_scan.layer_04.trigger_instruction.rescue,layer_source_scan,rescue,trigger_instruction,,0.021183358188015238,0.013867292114451485,0.0308682108587265
discovery,HTML,layer_scan.layer_05.monitoring_language.rescue,layer_source_scan,rescue,monitoring_language,,-0.0011179717102584134,-0.002207588180509533,-0.0003978789173889418
discovery,HTML,layer_scan.layer_05.named_concept.rescue,layer_source_scan,rescue,named_concept,,0.004890193979973378,0.0032330945251778324,0.007004516047120068
discovery,HTML,layer_scan.layer_05.trigger_other.rescue,layer_source_scan,rescue,trigger_other,,0.0003628259344064891,0.00012533408462912012,0.0006772068587203031
discovery,HTML,layer_scan.layer_05.original_prompt.rescue,layer_source_scan,rescue,original_prompt,,0.0003488665209107292,-0.0006782214315540841,0.0012639880288143953
discovery,HTML,layer_scan.layer_05.template.rescue,layer_source_scan,rescue,template,,0.0018807522068044395,0.0011875435556765058,0.0025275888054116283
discovery,HTML,layer_scan.layer_05.response.rescue,layer_source_scan,rescue,response,,-0.0012375528842265653,-0.003210767843932629,0.00020529569663584212
discovery,HTML,layer_scan.layer_05.trigger_instruction.rescue,layer_source_scan,rescue,trigger_instruction,,0.004803366549892812,0.003080517999608745,0.006759692153334652
discovery,HTML,layer_scan.layer_06.monitoring_language.rescue,layer_source_scan,rescue,monitoring_language,,0.00796207229181148,-0.0001721871229589083,0.019389411806059523
discovery,HTML,layer_scan.layer_06.named_concept.rescue,layer_source_scan,rescue,named_concept,,0.005224619728302287,0.001548057533722286,0.010544532158883051
discovery,HTML,layer_scan.layer_06.trigger_other.rescue,layer_source_scan,rescue,trigger_other,,0.0002966908518735437,-8.998889255552884e-05,0.0006711120955036013
discovery,HTML,layer_scan.layer_06.original_prompt.rescue,layer_source_scan,rescue,original_prompt,,0.0033560111754031502,0.0013025295938563926,0.005547496983800555
discovery,HTML,layer_scan.layer_06.template.rescue,layer_source_scan,rescue,template,,-0.0021191529106172296,-0.0036207456188582705,-0.0009547936646445486
discovery,HTML,layer_scan.layer_06.response.rescue,layer_source_scan,rescue,response,,0.0002259493456815872,-0.001523377811780313,0.0018804943583202098
discovery,HTML,layer_scan.layer_06.trigger_instruction.rescue,layer_source_scan,rescue,trigger_instruction,,0.01521983702972733,0.0029078259117463756,0.033951475473466226
discovery,HTML,layer_scan.layer_07.monitoring_language.rescue,layer_source_scan,rescue,monitoring_language,,0.0034778864214713256,0.0019099336832539824,0.005804679540587413
discovery,HTML,layer_scan.layer_07.named_concept.rescue,layer_source_scan,rescue,named_concept,,0.001941174958411032,-0.0007638875616127705,0.0053017664503634074
discovery,HTML,layer_scan.layer_07.trigger_other.rescue,layer_source_scan,rescue,trigger_other,,0.0012809726924198368,0.00010934384812275722,0.0025196544385169793
discovery,HTML,layer_scan.layer_07.original_prompt.rescue,layer_source_scan,rescue,original_prompt,,0.0006708287248024589,-0.0015370355184304656,0.0027424045618103334
discovery,HTML,layer_scan.layer_07.template.rescue,layer_source_scan,rescue,template,,7.218253687364451e-05,-0.0004034010580321726,0.0005299181474560242
discovery,HTML,layer_scan.layer_07.response.rescue,layer_source_scan,rescue,response,,-0.005020170072939246,-0.00793231853064599,-0.0024543688016677
discovery,HTML,layer_scan.layer_07.trigger_instruction.rescue,layer_source_scan,rescue,trigger_instruction,,0.00880527631464757,0.004300602651177867,0.01628722588730082
discovery,HTML,layer_scan.layer_08.monitoring_language.rescue,layer_source_scan,rescue,monitoring_language,,-1.9973355495024412e-05,-0.00024376003829865137,0.0002208319591929635
discovery,HTML,layer_scan.layer_08.named_concept.rescue,layer_source_scan,rescue,named_concept,,0.06005401226721086,0.042648229260929274,0.07788475240135415
discovery,HTML,layer_scan.layer_08.trigger_other.rescue,layer_source_scan,rescue,trigger_other,,0.021218409050579343,0.01820628556581752,0.02440306968946711
discovery,HTML,layer_scan.layer_08.original_prompt.rescue,layer_source_scan,rescue,original_prompt,,0.01330804020844847,0.010035371458001192,0.01784542460249339
discovery,HTML,layer_scan.layer_08.template.rescue,layer_source_scan,rescue,template,,0.0005691827466548087,-0.0010525433325910126,0.0017245662714252047
discovery,HTML,layer_scan.layer_08.response.rescue,layer_source_scan,rescue,response,,0.011408374854768937,0.00042832845166239684,0.023774464284402438
discovery,HTML,layer_scan.layer_08.trigger_instruction.rescue,layer_source_scan,rescue,trigger_instruction,,0.09403848166109928,0.07202825628651763,0.11605125721532425
discovery,HTML,layer_scan.layer_09.monitoring_language.rescue,layer_source_scan,rescue,monitoring_language,,-0.00022465150409511976,-0.0005283266168369205,6.397812875062239e-05
discovery,HTML,layer_scan.layer_09.named_concept.rescue,layer_source_scan,rescue,named_concept,,0.010159601429314767,0.0055242594599870685,0.01564585198820916
discovery,HTML,layer_scan.layer_09.trigger_other.rescue,layer_source_scan,rescue,trigger_other,,0.05741585372479591,0.04566402157570412,0.07062776606074044
discovery,HTML,layer_scan.layer_09.original_prompt.rescue,layer_source_scan,rescue,original_prompt,,0.03559279977717096,0.02625728250963499,0.04692080137739796
discovery,HTML,layer_scan.layer_09.template.rescue,layer_source_scan,rescue,template,,-3.21535683182562e-05,-0.0010768203539252546,0.0008615867346681491
discovery,HTML,layer_scan.layer_09.response.rescue,layer_source_scan,rescue,response,,0.02799072924335598,0.019840662506573147,0.03519379279195573
discovery,HTML,layer_scan.layer_09.trigger_instruction.rescue,layer_source_scan,rescue,trigger_instruction,,0.07446526352280405,0.06258707609816086,0.08559755263303084
discovery,HTML,layer_scan.layer_10.monitoring_language.rescue,layer_source_scan,rescue,monitoring_language,,-0.0004633050737569162,-0.0008695591520298591,-0.00020718926275393502
discovery,HTML,layer_scan.layer_10.named_concept.rescue,layer_source_scan,rescue,named_concept,,0.0019807743596807585,0.0002467412064938062,0.0039704246599455905
discovery,HTML,layer_scan.layer_10.trigger_other.rescue,layer_source_scan,rescue,trigger_other,,0.18488026372482252,0.1654051338973453,0.20606219280218654
discovery,HTML,layer_scan.layer_10.original_prompt.rescue,layer_source_scan,rescue,original_prompt,,0.016423533309375463,0.011176612483288046,0.020579258374957086
discovery,HTML,layer_scan.layer_10.template.rescue,layer_source_scan,rescue,template,,-0.0029979135277154343,-0.0059846728376353,-5.795987330234727e-05
discovery,HTML,layer_scan.layer_10.response.rescue,layer_source_scan,rescue,response,,-0.006016735709909568,-0.02348915939925376,0.010896761888111608
discovery,HTML,layer_scan.layer_10.trigger_instruction.rescue,layer_source_scan,rescue,trigger_instruction,,0.19017052194368925,0.17061183629074797,0.21054612667467001
discovery,HTML,layer_scan.layer_11.monitoring_language.rescue,layer_source_scan,rescue,monitoring_language,,6.853883138675477e-05,-0.000341950286286108,0.0003497542404684898
discovery,HTML,layer_scan.layer_11.named_concept.rescue,layer_source_scan,rescue,named_concept,,-0.013672352872184058,-0.019330468267006073,-0.009962198763548322
discovery,HTML,layer_scan.layer_11.trigger_other.rescue,layer_source_scan,rescue,trigger_other,,0.2812551405266006,0.2577372396170297,0.303823549634568
discovery,HTML,layer_scan.layer_11.original_prompt.rescue,layer_source_scan,rescue,original_prompt,,0.12107666525124754,0.10113713557565578,0.13891637804173568
discovery,HTML,layer_scan.layer_11.template.rescue,layer_source_scan,rescue,template,,0.015464647730483611,0.011359560040240607,0.019390391167851514
discovery,HTML,layer_scan.layer_11.response.rescue,layer_source_scan,rescue,response,,0.17917547612186874,0.13804260355251663,0.2230996097725811
discovery,HTML,layer_scan.layer_11.trigger_instruction.rescue,layer_source_scan,rescue,trigger_instruction,,0.2626365244806466,0.2370991174861512,0.2879751116031517
discovery,HTML,layer_scan.layer_12.monitoring_language.rescue,layer_source_scan,rescue,monitoring_language,,0.0012107917563027864,0.0006934313484518186,0.0017180462030006013
discovery,HTML,layer_scan.layer_12.named_concept.rescue,layer_source_scan,rescue,named_concept,,3.659852342308241e-05,-0.0007813341119332112,0.0008075225745214977
discovery,HTML,layer_scan.layer_12.trigger_other.rescue,layer_source_scan,rescue,trigger_other,,0.014561889230341735,0.0064974111762233925,0.023747501928971595
discovery,HTML,layer_scan.layer_12.original_prompt.rescue,layer_source_scan,rescue,original_prompt,,0.03343816339012747,0.025936143902508795,0.041904278432957874
discovery,HTML,layer_scan.layer_12.template.rescue,layer_source_scan,rescue,template,,0.006837797214786866,0.003664045631794779,0.009402013724807763
discovery,HTML,layer_scan.layer_12.response.rescue,layer_source_scan,rescue,response,,0.192985564717349,0.15029767492496407,0.24409765223358862
discovery,HTML,layer_scan.layer_12.trigger_instruction.rescue,layer_source_scan,rescue,trigger_instruction,,0.017014572195798622,0.008724233624325992,0.026038156314668638
discovery,HTML,individual.layer_11.head_08.monitoring_language.rescue,individual_selected_head,rescue,monitoring_language,,-0.00019762837059285215,-0.0005965483118877049,1.760845306021196e-05
discovery,HTML,individual.layer_11.head_08.named_concept.rescue,individual_selected_head,rescue,named_concept,,-0.0002458830956821889,-0.0005827037840855553,-4.422659050566148e-05
discovery,HTML,individual.layer_11.head_08.trigger_other.rescue,individual_selected_head,rescue,trigger_other,,0.1607645147297495,0.14669416021841833,0.17730769247272612
discovery,HTML,individual.layer_11.head_08.original_prompt.rescue,individual_selected_head,rescue,original_prompt,,0.063808210990387,0.04983866323748173,0.07753281725352222
discovery,HTML,individual.layer_11.head_08.template.rescue,individual_selected_head,rescue,template,,0.006742387578722546,0.003713113810023783,0.00911401865689483
discovery,HTML,individual.layer_11.head_08.response.rescue,individual_selected_head,rescue,response,,0.11201682309790972,0.08900561618756973,0.13664024091988908
discovery,HTML,individual.layer_10.head_12.monitoring_language.rescue,individual_selected_head,rescue,monitoring_language,,-0.00011915160668249005,-0.0003320615427598698,6.1612585186206e-05
discovery,HTML,individual.layer_10.head_12.named_concept.rescue,individual_selected_head,rescue,named_concept,,-0.00038396003554574845,-0.0006577207034050162,-0.0001874423205526287
discovery,HTML,individual.layer_10.head_12.trigger_other.rescue,individual_selected_head,rescue,trigger_other,,0.002687595339183983,0.0020376152213845604,0.0034133233903890173
discovery,HTML,individual.layer_10.head_12.original_prompt.rescue,individual_selected_head,rescue,original_prompt,,0.007336756373253707,0.005575127499619987,0.009137084119906944
discovery,HTML,individual.layer_10.head_12.template.rescue,individual_selected_head,rescue,template,,-0.0005695178700691548,-0.0010552362516081661,-0.00017118068133705714
discovery,HTML,individual.layer_10.head_12.response.rescue,individual_selected_head,rescue,response,,0.012594909769026058,0.008983981372163767,0.01756437818757615
discovery,HTML,individual.layer_11.head_09.monitoring_language.rescue,individual_selected_head,rescue,monitoring_language,,-0.00020844067057025325,-0.0006237280085155311,1.8796398957990526e-05
discovery,HTML,individual.layer_11.head_09.named_concept.rescue,individual_selected_head,rescue,named_concept,,-0.0058953022174330315,-0.00820839249792387,-0.003995785134780625
discovery,HTML,individual.layer_11.head_09.trigger_other.rescue,individual_selected_head,rescue,trigger_other,,0.07591820022543082,0.06382630871678298,0.08934565810446216
discovery,HTML,individual.layer_11.head_09.original_prompt.rescue,individual_selected_head,rescue,original_prompt,,0.04457157862315496,0.029042875869899773,0.06468867051787346
discovery,HTML,individual.layer_11.head_09.template.rescue,individual_selected_head,rescue,template,,0.0014530859848749785,0.00022013816371222388,0.0025721127778787294
discovery,HTML,individual.layer_11.head_09.response.rescue,individual_selected_head,rescue,response,,0.05127031790044718,0.03812778571204415,0.06569570249116426
discovery,HTML,individual.layer_10.head_02.monitoring_language.rescue,individual_selected_head,rescue,monitoring_language,,-0.00026179536471063804,-0.0007175791963512014,-3.063426106578046e-05
discovery,HTML,individual.layer_10.head_02.named_concept.rescue,individual_selected_head,rescue,named_concept,,-0.00029468620454045554,-0.0007116031352522158,-9.800233018773013e-06
discovery,HTML,individual.layer_10.head_02.trigger_other.rescue,individual_selected_head,rescue,trigger_other,,0.15453817151047244,0.13605521707639834,0.1753959087363993
discovery,HTML,individual.layer_10.head_02.original_prompt.rescue,individual_selected_head,rescue,original_prompt,,0.015097090462781855,0.01136371232376168,0.019512382028533202
discovery,HTML,individual.layer_10.head_02.template.rescue,individual_selected_head,rescue,template,,0.003266722111515387,0.0025573695341634894,0.004114231738570852
discovery,HTML,individual.layer_10.head_02.response.rescue,individual_selected_head,rescue,response,,0.011833119409840599,0.009343087687129477,0.01380970803106601
discovery,HTML,individual.layer_09.head_11.monitoring_language.rescue,individual_selected_head,rescue,monitoring_language,,4.720060962239372e-05,-0.0001400957862741592,0.00024080298045676266
discovery,HTML,individual.layer_09.head_11.named_concept.rescue,individual_selected_head,rescue,named_concept,,-0.0005707090814783302,-0.0008754067830185827,-0.00032875454957765677
discovery,HTML,individual.layer_09.head_11.trigger_other.rescue,individual_selected_head,rescue,trigger_other,,0.028272424845725785,0.021176830656679132,0.036213056637639164
discovery,HTML,individual.layer_09.head_11.original_prompt.rescue,individual_selected_head,rescue,original_prompt,,0.011904899798617028,0.007191955922555272,0.0184437025627515
discovery,HTML,individual.layer_09.head_11.template.rescue,individual_selected_head,rescue,template,,0.0017760444192802642,0.0011130378548991223,0.0024213659723401277
discovery,HTML,individual.layer_09.head_11.response.rescue,individual_selected_head,rescue,response,,0.016211604308719516,0.012650526632213012,0.01969517420816484
discovery,HTML,individual.layer_12.head_12.monitoring_language.rescue,individual_selected_head,rescue,monitoring_language,,0.0005729117562835321,8.752841019787695e-05,0.0009480145856733186
discovery,HTML,individual.layer_12.head_12.named_concept.rescue,individual_selected_head,rescue,named_concept,,-0.00014518155624769575,-0.000548912723529926,6.100495925209231e-05
discovery,HTML,individual.layer_12.head_12.trigger_other.rescue,individual_selected_head,rescue,trigger_other,,-0.00241079253866363,-0.006841114468925919,0.004032407137434216
discovery,HTML,individual.layer_12.head_12.original_prompt.rescue,individual_selected_head,rescue,original_prompt,,0.012618804068468931,0.008865852706818238,0.017316644524307364
discovery,HTML,individual.layer_12.head_12.template.rescue,individual_selected_head,rescue,template,,0.0024940097755987416,0.0015680190857355815,0.0034247292396759207
discovery,HTML,individual.layer_12.head_12.response.rescue,individual_selected_head,rescue,response,,0.08488232503847841,0.0730002466121915,0.10051488628277674
discovery,HTML,individual.layer_12.head_03.monitoring_language.rescue,individual_selected_head,rescue,monitoring_language,,-5.629464045714782e-05,-0.00044850728329854744,0.00017906490182995367
discovery,HTML,individual.layer_12.head_03.named_concept.rescue,individual_selected_head,rescue,named_concept,,-0.0002144058673456129,-0.0006395593572307983,1.2270778633746681e-05
discovery,HTML,individual.layer_12.head_03.trigger_other.rescue,individual_selected_head,rescue,trigger_other,,0.01859278107728444,0.015695515559740945,0.021841420207962686
discovery,HTML,individual.layer_12.head_03.original_prompt.rescue,individual_selected_head,rescue,original_prompt,,0.008070079521678717,0.005291119676341172,0.012483928828495644
discovery,HTML,individual.layer_12.head_03.template.rescue,individual_selected_head,rescue,template,,-0.0011097154879595244,-0.0021992392070867986,-0.000455094988868641
discovery,HTML,individual.layer_12.head_03.response.rescue,individual_selected_head,rescue,response,,0.04969023537441752,0.039534766205016066,0.05965147798168597
discovery,HTML,individual.layer_09.head_04.monitoring_language.rescue,individual_selected_head,rescue,monitoring_language,,-0.0003089045770382101,-0.0004908022377493989,-0.00015481857616805124
discovery,HTML,individual.layer_09.head_04.named_concept.rescue,individual_selected_head,rescue,named_concept,,-0.0005297113015978325,-0.0008342615147054561,-0.00023763551910733796
discovery,HTML,individual.layer_09.head_04.trigger_other.rescue,individual_selected_head,rescue,trigger_other,,-0.00016679701647301582,-0.0004232783632503881,9.958397286007201e-05
discovery,HTML,individual.layer_09.head_04.original_prompt.rescue,individual_selected_head,rescue,original_prompt,,0.0012986854881562725,0.0009669982720217193,0.0016495531060302113
discovery,HTML,individual.layer_09.head_04.template.rescue,individual_selected_head,rescue,template,,2.1584994460379494e-05,-0.0002653239681230086,0.00032230622062532954
discovery,HTML,individual.layer_09.head_04.response.rescue,individual_selected_head,rescue,response,,0.01084250678333966,0.007874170044232633,0.01445429518093646
discovery,HTML,individual.layer_11.head_14.monitoring_language.rescue,individual_selected_head,rescue,monitoring_language,,-0.0001252599925530703,-0.00039526848940402175,5.890239427524206e-05
discovery,HTML,individual.layer_11.head_14.named_concept.rescue,individual_selected_head,rescue,named_concept,,-0.008491847571515687,-0.012691612259482283,-0.005325710364557617
discovery,HTML,individual.layer_11.head_14.trigger_other.rescue,individual_selected_head,rescue,trigger_other,,0.12144407628327758,0.10506760577976354,0.13777957115161954
discovery,HTML,individual.layer_11.head_14.original_prompt.rescue,individual_selected_head,rescue,original_prompt,,0.011769969972271827,0.007364748194335442,0.01757472681810322
discovery,HTML,individual.layer_11.head_14.template.rescue,individual_selected_head,rescue,template,,0.0022191445977286076,0.001126928618025431,0.003488986697277691
discovery,HTML,individual.layer_11.head_14.response.rescue,individual_selected_head,rescue,response,,0.012672993524568686,0.007835366930190104,0.01766789869132414
discovery,HTML,individual.layer_12.head_02.monitoring_language.rescue,individual_selected_head,rescue,monitoring_language,,-0.00018515263984969702,-0.0005229330169511649,-1.4169813251827025e-05
discovery,HTML,individual.layer_12.head_02.named_concept.rescue,individual_selected_head,rescue,named_concept,,-0.00031300222242271403,-0.0007157313704912809,-0.00010624976312636515
discovery,HTML,individual.layer_12.head_02.trigger_other.rescue,individual_selected_head,rescue,trigger_other,,0.016022628215369778,0.012928149106991662,0.01941035660507115
discovery,HTML,individual.layer_12.head_02.original_prompt.rescue,individual_selected_head,rescue,original_prompt,,0.0077088560865081,0.00440425875243398,0.010941944803658246
discovery,HTML,individual.layer_12.head_02.template.rescue,individual_selected_head,rescue,template,,0.0007169721723814155,0.0002164940278259887,0.0012485052795549636
discovery,HTML,individual.layer_12.head_02.response.rescue,individual_selected_head,rescue,response,,0.030073981296567263,0.0220020691064188,0.040892815360994414
discovery,HTML,individual.layer_09.head_13.monitoring_language.rescue,individual_selected_head,rescue,monitoring_language,,-0.0002717241575047632,-0.0006326689918816685,-1.540376097981623e-07
discovery,HTML,individual.layer_09.head_13.named_concept.rescue,individual_selected_head,rescue,named_concept,,-0.0011886766575324413,-0.001864633490417508,-0.0006005428534129022
discovery,HTML,individual.layer_09.head_13.trigger_other.rescue,individual_selected_head,rescue,trigger_other,,0.01839756864185137,0.01486415181175971,0.021677395833983464
discovery,HTML,individual.layer_09.head_13.original_prompt.rescue,individual_selected_head,rescue,original_prompt,,0.012328556725880313,0.009376538248764511,0.01583038029391666
discovery,HTML,individual.layer_09.head_13.template.rescue,individual_selected_head,rescue,template,,-0.00018478705067041042,-0.0007023362297920568,0.0002853016593360061
discovery,HTML,individual.layer_09.head_13.response.rescue,individual_selected_head,rescue,response,,0.015325833519108491,0.011436217329426927,0.019599196976837787
discovery,HTML,individual.layer_11.head_15.monitoring_language.rescue,individual_selected_head,rescue,monitoring_language,,-0.00018750764347960153,-0.0006026378218432503,9.743869054668503e-05
discovery,HTML,individual.layer_11.head_15.named_concept.rescue,individual_selected_head,rescue,named_concept,,0.0007084051992801329,0.0002480859958510634,0.001150399368253181
discovery,HTML,individual.layer_11.head_15.trigger_other.rescue,individual_selected_head,rescue,trigger_other,,-0.025259415531482306,-0.03627967154460508,-0.015011711051034793
discovery,HTML,individual.layer_11.head_15.original_prompt.rescue,individual_selected_head,rescue,original_prompt,,0.0014232660941511685,-0.0003362982458675928,0.003773127524229899
discovery,HTML,individual.layer_11.head_15.template.rescue,individual_selected_head,rescue,template,,0.0021309583945316925,0.0015087025507056135,0.002831927619249312
discovery,HTML,individual.layer_11.head_15.response.rescue,individual_selected_head,rescue,response,,0.0022354041764773794,-0.0008163760468892262,0.0057586075651833366
discovery,HTML,group.selected_attention_12.monitoring_language.rescue,selected_random_source_group,rescue,monitoring_language,,0.0005628123552057398,7.475193668741179e-05,0.0010164069887647178
discovery,HTML,group.selected_attention_12.monitoring_language.induction,selected_random_source_group,induction,monitoring_language,,0.0003531835198028051,-4.5932678143139266e-06,0.0008481595626876545
discovery,HTML,group.selected_attention_12.named_concept.rescue,selected_random_source_group,rescue,named_concept,,-0.01560729148851176,-0.021551206509896417,-0.011656568020287994
discovery,HTML,group.selected_attention_12.named_concept.induction,selected_random_source_group,induction,named_concept,,-0.00046753981508365264,-0.0010644122503932797,-5.391101341648422e-05
discovery,HTML,group.selected_attention_12.trigger_other.rescue,selected_random_source_group,rescue,trigger_other,,0.5404482353659237,0.4950916613627925,0.5803975738466608
discovery,HTML,group.selected_attention_12.trigger_other.induction,selected_random_source_group,induction,trigger_other,,0.36876995138206203,0.28881285508391463,0.443640170971362
discovery,HTML,group.selected_attention_12.original_prompt.rescue,selected_random_source_group,rescue,original_prompt,,0.20039762332180627,0.16596844530359908,0.2346618843190935
discovery,HTML,group.selected_attention_12.original_prompt.induction,selected_random_source_group,induction,original_prompt,,0.02874672806062624,0.010713762043950869,0.057864497822507584
discovery,HTML,group.selected_attention_12.template.rescue,selected_random_source_group,rescue,template,,0.021011580018974445,0.015228699473512625,0.0267495867810814
discovery,HTML,group.selected_attention_12.template.induction,selected_random_source_group,induction,template,,0.004281524555379123,0.0028656072924453805,0.005717721518610411
discovery,HTML,group.selected_attention_12.response.rescue,selected_random_source_group,rescue,response,,0.42645911957729266,0.36423740642534086,0.4988630368998886
discovery,HTML,group.selected_attention_12.response.induction,selected_random_source_group,induction,response,,0.0939523244778474,0.05902710523989658,0.13895599406347794
discovery,HTML,group.selected_attention_12.trigger_instruction.rescue,selected_random_source_group,rescue,trigger_instruction,,0.5318502968611555,0.48388304394964116,0.5758061591720474
discovery,HTML,group.selected_attention_12.trigger_instruction.induction,selected_random_source_group,induction,trigger_instruction,,0.36669425788513255,0.2883207921517614,0.4406376632717462
discovery,HTML,group.selected_attention_12.all_prompt.rescue,selected_random_source_group,rescue,all_prompt,,0.8387833733185327,0.7777008430697682,0.879833840344416
discovery,HTML,group.selected_attention_12.all_prompt.induction,selected_random_source_group,induction,all_prompt,,0.6064267726122985,0.5200012214831596,0.6865683301753761
discovery,HTML,group.random_attention_12.monitoring_language.rescue,selected_random_source_group,rescue,monitoring_language,,-7.949432045937645e-05,-0.0003980343106643301,0.00016737241584431804
discovery,HTML,group.random_attention_12.monitoring_language.induction,selected_random_source_group,induction,monitoring_language,,-5.2145203272244946e-05,-0.00011989842077291511,1.5911311991065816e-05
discovery,HTML,group.random_attention_12.named_concept.rescue,selected_random_source_group,rescue,named_concept,,-0.0009320452399792265,-0.0019582389344540052,0.00015268196114804643
discovery,HTML,group.random_attention_12.named_concept.induction,selected_random_source_group,induction,named_concept,,0.00045947248052739505,2.931144129436579e-05,0.0012645974712790203
discovery,HTML,group.random_attention_12.trigger_other.rescue,selected_random_source_group,rescue,trigger_other,,-0.008876459574431164,-0.012511675833121542,-0.005604077972000773
discovery,HTML,group.random_attention_12.trigger_other.induction,selected_random_source_group,induction,trigger_other,,-0.00017439822482568298,-0.0016102022544973258,0.0006182700360174986
discovery,HTML,group.random_attention_12.original_prompt.rescue,selected_random_source_group,rescue,original_prompt,,0.008939279981738577,0.005099718999209051,0.01371592260806391
discovery,HTML,group.random_attention_12.original_prompt.induction,selected_random_source_group,induction,original_prompt,,0.002914208838541274,0.00012285110374081162,0.00812679676502089
discovery,HTML,group.random_attention_12.template.rescue,selected_random_source_group,rescue,template,,-0.00024811623625233117,-0.001891226772033322,0.0010814570204422016
discovery,HTML,group.random_attention_12.template.induction,selected_random_source_group,induction,template,,-0.000437134981672984,-0.0009529400330341276,-4.7975400008134655e-05
discovery,HTML,group.random_attention_12.response.rescue,selected_random_source_group,rescue,response,,0.007105277491235411,-0.009164256456096713,0.02552945679106195
discovery,HTML,group.random_attention_12.response.induction,selected_random_source_group,induction,response,,-0.005232507314845395,-0.0094904510896001,-0.002287956752841694
discovery,HTML,group.random_attention_12.trigger_instruction.rescue,selected_random_source_group,rescue,trigger_instruction,,-0.009389253236757508,-0.013153178187557724,-0.006179745251419084
discovery,HTML,group.random_attention_12.trigger_instruction.induction,selected_random_source_group,induction,trigger_instruction,,0.00039215532631475635,-0.0010611321885560876,0.0015492706428881303
discovery,HTML,group.random_attention_12.all_prompt.rescue,selected_random_source_group,rescue,all_prompt,,-0.0011010053257630213,-0.006377348574150247,0.004800482353880257
discovery,HTML,group.random_attention_12.all_prompt.induction,selected_random_source_group,induction,all_prompt,,0.0026111475952186615,0.00017948148073820434,0.006439007301875001
discovery,HTML,direct.selected_attention_12.rescue,direct_response_output,rescue,,selected_attention_12,0.9782317234977381,0.9642899004578503,0.9871358339190482
discovery,HTML,direct.selected_attention_12.induction,direct_response_output,induction,,selected_attention_12,0.8949649309493742,0.8531687362586196,0.9301957924971156
discovery,HTML,direct.random_attention_12.rescue,direct_response_output,rescue,,random_attention_12,0.009681739813069256,-0.006785160165366007,0.028535370547824047
discovery,HTML,direct.random_attention_12.induction,direct_response_output,induction,,random_attention_12,-0.002083041839433196,-0.0043865357980740795,0.0001030454549450908
discovery,HTML,direct.random_attention_16.rescue,direct_response_output,rescue,,random_attention_16,0.026761853008984482,0.010339676123213883,0.045616921736728405
discovery,HTML,direct.random_attention_16.induction,direct_response_output,induction,,random_attention_16,0.008442026906108405,0.003987448961957168,0.01487614407404686
discovery,HTML,direct.selected_mlp_4.rescue,direct_response_output,rescue,,selected_mlp_4,0.6562374086897611,0.5659699491318698,0.7386974058033683
discovery,HTML,direct.selected_mlp_4.induction,direct_response_output,induction,,selected_mlp_4,0.1161035312728,0.08997180117722943,0.1357682202425455
discovery,HTML,direct.layer_09.mlp.rescue,direct_response_output,rescue,,layer_09.mlp,0.06876131677496261,0.049002309932521075,0.09240711723757783
discovery,HTML,direct.layer_09.mlp.induction,direct_response_output,induction,,layer_09.mlp,0.006883459303279762,0.002126286786112384,0.015962006457894463
discovery,HTML,direct.layer_10.mlp.rescue,direct_response_output,rescue,,layer_10.mlp,0.1265208730735118,0.10307633630968481,0.15208862030496512
discovery,HTML,direct.layer_10.mlp.induction,direct_response_output,induction,,layer_10.mlp,0.021329740095401593,0.011762672179554245,0.03586249664228738
discovery,HTML,direct.layer_11.mlp.rescue,direct_response_output,rescue,,layer_11.mlp,0.34041789511993464,0.2928012510495179,0.38944717854531397
discovery,HTML,direct.layer_11.mlp.induction,direct_response_output,induction,,layer_11.mlp,0.06946491752311162,0.05170236000699569,0.08867975061137286
discovery,HTML,direct.layer_12.mlp.rescue,direct_response_output,rescue,,layer_12.mlp,0.17920508884539096,0.11730461258307613,0.2349874031456255
discovery,HTML,direct.layer_12.mlp.induction,direct_response_output,induction,,layer_12.mlp,-0.012365469046682283,-0.03561412505828747,0.0006643925206404053
discovery,HTML,direct.selected_k16.rescue,direct_response_output,rescue,,selected_k16,0.9969188387695845,0.9907214639205605,1.000245294617475
discovery,HTML,direct.selected_k16.induction,direct_response_output,induction,,selected_k16,0.9410342248564656,0.9197567297275661,0.9600903709007252
discovery,HTML,direct.resid_post_layer12_positive_control.rescue,direct_response_output,rescue,,resid_post_layer12_positive_control,1.0,1.0,1.0
discovery,HTML,direct.resid_post_layer12_positive_control.induction,direct_response_output,induction,,resid_post_layer12_positive_control,1.0,1.0,1.0
validation,all-caps,layer_scan.layer_00.monitoring_language.rescue,layer_source_scan,rescue,monitoring_language,,-0.0021702726059187744,-0.004202146271642422,-0.00033053931314594876
validation,all-caps,layer_scan.layer_00.named_concept.rescue,layer_source_scan,rescue,named_concept,,-0.0007692869731291308,-0.0018031875144663325,0.0002619866229673075
validation,all-caps,layer_scan.layer_00.trigger_other.rescue,layer_source_scan,rescue,trigger_other,,7.303337279660505e-05,-0.0005887912176918203,0.0005469436641471756
validation,all-caps,layer_scan.layer_00.original_prompt.rescue,layer_source_scan,rescue,original_prompt,,0.0001568113754632542,-0.0013872182241588648,0.0011635363658334583
validation,all-caps,layer_scan.layer_00.template.rescue,layer_source_scan,rescue,template,,0.0005053304021623837,-9.082277763283858e-05,0.0011485014082983141
validation,all-caps,layer_scan.layer_00.response.rescue,layer_source_scan,rescue,response,,0.0009482611286414361,-0.0001859874926626688,0.0019311171630365543
validation,all-caps,layer_scan.layer_00.trigger_instruction.rescue,layer_source_scan,rescue,trigger_instruction,,-0.0038224337713415506,-0.005640238666861236,-0.00206196076136414
validation,all-caps,layer_scan.layer_01.monitoring_language.rescue,layer_source_scan,rescue,monitoring_language,,0.0013254800442707277,-0.00012949619890595006,0.0026983736311869673
validation,all-caps,layer_scan.layer_01.named_concept.rescue,layer_source_scan,rescue,named_concept,,-0.0006765234171640819,-0.0023578548568209874,0.0006064153815605642
validation,all-caps,layer_scan.layer_01.trigger_other.rescue,layer_source_scan,rescue,trigger_other,,0.00015418068437412835,-0.000750021448765476,0.000915655303507861
validation,all-caps,layer_scan.layer_01.original_prompt.rescue,layer_source_scan,rescue,original_prompt,,0.000154893823524795,-0.0014297586515062313,0.0016747213734902516
validation,all-caps,layer_scan.layer_01.template.rescue,layer_source_scan,rescue,template,,-5.4261965597390844e-05,-0.0021564475214488257,0.0014190862685756775
validation,all-caps,layer_scan.layer_01.response.rescue,layer_source_scan,rescue,response,,-0.000910797551926415,-0.0018991793470142368,-0.00026954558453163284
validation,all-caps,layer_scan.layer_01.trigger_instruction.rescue,layer_source_scan,rescue,trigger_instruction,,0.0006326019692513573,-0.0005957240831210506,0.002097764902669047
validation,all-caps,layer_scan.layer_02.monitoring_language.rescue,layer_source_scan,rescue,monitoring_language,,0.0006340520188577129,6.264160523533629e-07,0.0013858356536951817
validation,all-caps,layer_scan.layer_02.named_concept.rescue,layer_source_scan,rescue,named_concept,,0.0004886350222684435,-0.00029361967304309463,0.001324516338974655
validation,all-caps,layer_scan.layer_02.trigger_other.rescue,layer_source_scan,rescue,trigger_other,,0.00010990266688607053,-0.001066315625744443,0.0008972734347860116
validation,all-caps,layer_scan.layer_02.original_prompt.rescue,layer_source_scan,rescue,original_prompt,,6.610007549845713e-05,-0.0006193092720768488,0.000581623636063071
validation,all-caps,layer_scan.layer_02.template.rescue,layer_source_scan,rescue,template,,0.0004623677302188888,-0.0002741927983008048,0.0012694278349119573
validation,all-caps,layer_scan.layer_02.response.rescue,layer_source_scan,rescue,response,,-0.0002554543675371325,-0.0006772157975169213,0.0001881463208456637
validation,all-caps,layer_scan.layer_02.trigger_instruction.rescue,layer_source_scan,rescue,trigger_instruction,,0.0001525246167909136,-0.0006649326150271302,0.000849154281685705
validation,all-caps,layer_scan.layer_03.monitoring_language.rescue,layer_source_scan,rescue,monitoring_language,,0.002505241988755238,0.0006307532848452039,0.004483799236879694
validation,all-caps,layer_scan.layer_03.named_concept.rescue,layer_source_scan,rescue,named_concept,,0.0021343383164935162,0.0003449332766228693,0.003888918312740102
validation,all-caps,layer_scan.layer_03.trigger_other.rescue,layer_source_scan,rescue,trigger_other,,0.00023108085612101478,-0.0013705126100723363,0.001346497454266363
validation,all-caps,layer_scan.layer_03.original_prompt.rescue,layer_source_scan,rescue,original_prompt,,-0.0015895713192992673,-0.0031953187391837233,-0.00047271989207222265
validation,all-caps,layer_scan.layer_03.template.rescue,layer_source_scan,rescue,template,,0.0002785759235554132,-0.0010050262403192263,0.0010890023866824995
validation,all-caps,layer_scan.layer_03.response.rescue,layer_source_scan,rescue,response,,-0.0006019211382360103,-0.0019549031527780663,0.0005382905593395378
validation,all-caps,layer_scan.layer_03.trigger_instruction.rescue,layer_source_scan,rescue,trigger_instruction,,0.004605286235870029,0.0028488310991123806,0.007471726503395965
validation,all-caps,layer_scan.layer_04.monitoring_language.rescue,layer_source_scan,rescue,monitoring_language,,0.001495048686762574,-0.00042749183118650705,0.0031505883765369155
validation,all-caps,layer_scan.layer_04.named_concept.rescue,layer_source_scan,rescue,named_concept,,-0.005761720606359399,-0.009464342905951589,-0.0032016468634752343
validation,all-caps,layer_scan.layer_04.trigger_other.rescue,layer_source_scan,rescue,trigger_other,,2.0284846952295644e-06,-0.001641345945057051,0.0014841090428179013
validation,all-caps,layer_scan.layer_04.original_prompt.rescue,layer_source_scan,rescue,original_prompt,,0.0049885985293533506,0.0012392932800936456,0.008995151928254598
validation,all-caps,layer_scan.layer_04.template.rescue,layer_source_scan,rescue,template,,0.001193042180223591,0.00011887182886362405,0.0021863072285209645
validation,all-caps,layer_scan.layer_04.response.rescue,layer_source_scan,rescue,response,,0.0016937767967483454,-0.00023012931974001084,0.0035542199364631756
validation,all-caps,layer_scan.layer_04.trigger_instruction.rescue,layer_source_scan,rescue,trigger_instruction,,-0.004180984288760058,-0.008730913588592966,-0.0005515308223645693
validation,all-caps,layer_scan.layer_05.monitoring_language.rescue,layer_source_scan,rescue,monitoring_language,,-0.00047369079517780693,-0.0014627823805666697,0.00019741423533099103
validation,all-caps,layer_scan.layer_05.named_concept.rescue,layer_source_scan,rescue,named_concept,,0.0011708397813328362,0.00043974910754558373,0.002117547923103386
validation,all-caps,layer_scan.layer_05.trigger_other.rescue,layer_source_scan,rescue,trigger_other,,0.0016204819395964959,0.0006987963687651563,0.0029633372851443373
validation,all-caps,layer_scan.layer_05.original_prompt.rescue,layer_source_scan,rescue,original_prompt,,-0.0010496536683295514,-0.002457366201177675,0.00047900664435758896
validation,all-caps,layer_scan.layer_05.template.rescue,layer_source_scan,rescue,template,,-0.0013253849590506388,-0.001819390451844014,-0.0007669595368447632
validation,all-caps,layer_scan.layer_05.response.rescue,layer_source_scan,rescue,response,,-0.0020178430743479497,-0.004734676307598836,-0.000256595524431619
validation,all-caps,layer_scan.layer_05.trigger_instruction.rescue,layer_source_scan,rescue,trigger_instruction,,0.0016581832293617392,0.0006954342927168224,0.0026623188133357294
validation,all-caps,layer_scan.layer_06.monitoring_language.rescue,layer_source_scan,rescue,monitoring_language,,0.4275956753625455,0.3729950955850544,0.4788529283029674
validation,all-caps,layer_scan.layer_06.named_concept.rescue,layer_source_scan,rescue,named_concept,,0.026258464971623124,0.01707471414414771,0.03494095773169372
validation,all-caps,layer_scan.layer_06.trigger_other.rescue,layer_source_scan,rescue,trigger_other,,0.024684075592464716,0.010927743654215867,0.03801663597593682
validation,all-caps,layer_scan.layer_06.original_prompt.rescue,layer_source_scan,rescue,original_prompt,,0.028451510487753184,0.016295535519159073,0.04447360719716101
validation,all-caps,layer_scan.layer_06.template.rescue,layer_source_scan,rescue,template,,0.018280292037455115,0.015183520831170689,0.022666422447396504
validation,all-caps,layer_scan.layer_06.response.rescue,layer_source_scan,rescue,response,,0.019975162314234483,0.01645303879916581,0.023389734844988762
validation,all-caps,layer_scan.layer_06.trigger_instruction.rescue,layer_source_scan,rescue,trigger_instruction,,0.6669490882591235,0.6062087106401663,0.7213044774605699
validation,all-caps,layer_scan.layer_07.monitoring_language.rescue,layer_source_scan,rescue,monitoring_language,,0.010000770269520403,0.0070232838907392904,0.013332078922856363
validation,all-caps,layer_scan.layer_07.named_concept.rescue,layer_source_scan,rescue,named_concept,,0.019527239613700762,0.014698093707403272,0.02511112722544894
validation,all-caps,layer_scan.layer_07.trigger_other.rescue,layer_source_scan,rescue,trigger_other,,0.02047187165644214,0.01087270019116129,0.030562575197993096
validation,all-caps,layer_scan.layer_07.original_prompt.rescue,layer_source_scan,rescue,original_prompt,,0.002627244249897619,0.00020203323484754412,0.004962562218285075
validation,all-caps,layer_scan.layer_07.template.rescue,layer_source_scan,rescue,template,,-5.407179515721307e-05,-0.001608803057444844,0.0012820961507275788
validation,all-caps,layer_scan.layer_07.response.rescue,layer_source_scan,rescue,response,,0.047908482123808264,0.034643915605348984,0.06071444548693349
validation,all-caps,layer_scan.layer_07.trigger_instruction.rescue,layer_source_scan,rescue,trigger_instruction,,0.054722003739717556,0.041326813746832704,0.07348566603947314
validation,all-caps,layer_scan.layer_08.monitoring_language.rescue,layer_source_scan,rescue,monitoring_language,,0.002232759443053854,0.0013519810218634157,0.0034336892512920954
validation,all-caps,layer_scan.layer_08.named_concept.rescue,layer_source_scan,rescue,named_concept,,0.029393670314772254,0.020752775885749513,0.0384707907604553
validation,all-caps,layer_scan.layer_08.trigger_other.rescue,layer_source_scan,rescue,trigger_other,,0.010624941349257212,0.007508855951441703,0.014816583476030192
validation,all-caps,layer_scan.layer_08.original_prompt.rescue,layer_source_scan,rescue,original_prompt,,0.01377929844048591,0.007468210762912472,0.02007231971291155
validation,all-caps,layer_scan.layer_08.template.rescue,layer_source_scan,rescue,template,,-0.0028553378453541746,-0.005031107268115763,-0.0011383666335635755
validation,all-caps,layer_scan.layer_08.response.rescue,layer_source_scan,rescue,response,,0.0413282996379971,0.023999835043139087,0.05945832056339466
validation,all-caps,layer_scan.layer_08.trigger_instruction.rescue,layer_source_scan,rescue,trigger_instruction,,0.042639683298389644,0.03007135881518964,0.05635705455028595
validation,all-caps,layer_scan.layer_09.monitoring_language.rescue,layer_source_scan,rescue,monitoring_language,,-0.00024101726162030333,-0.0012797540778901656,0.0006550809668651228
validation,all-caps,layer_scan.layer_09.named_concept.rescue,layer_source_scan,rescue,named_concept,,0.0026278068374498116,-0.006173502200435435,0.009613660310781827
validation,all-caps,layer_scan.layer_09.trigger_other.rescue,layer_source_scan,rescue,trigger_other,,0.020875595577171207,0.015803876706345817,0.02562169948702258
validation,all-caps,layer_scan.layer_09.original_prompt.rescue,layer_source_scan,rescue,original_prompt,,0.010064128721172964,0.004921770815557156,0.016135665270130363
validation,all-caps,layer_scan.layer_09.template.rescue,layer_source_scan,rescue,template,,0.008918906482885743,0.0058940048056670465,0.01268329566570122
validation,all-caps,layer_scan.layer_09.response.rescue,layer_source_scan,rescue,response,,0.07709286194539654,0.05359959521440824,0.09974675492774795
validation,all-caps,layer_scan.layer_09.trigger_instruction.rescue,layer_source_scan,rescue,trigger_instruction,,0.03319285574980207,0.01576587453619571,0.04760022288570568
validation,all-caps,layer_scan.layer_10.monitoring_language.rescue,layer_source_scan,rescue,monitoring_language,,0.000517501310333761,-0.00038881505641737824,0.0014480083620490947
validation,all-caps,layer_scan.layer_10.named_concept.rescue,layer_source_scan,rescue,named_concept,,0.1079927534602918,0.07979784840060045,0.13347541159763415
validation,all-caps,layer_scan.layer_10.trigger_other.rescue,layer_source_scan,rescue,trigger_other,,0.009345569712961254,0.005237072536319787,0.014612918506542841
validation,all-caps,layer_scan.layer_10.original_prompt.rescue,layer_source_scan,rescue,original_prompt,,0.007945376457005684,0.00268351400059639,0.012861939179759812
validation,all-caps,layer_scan.layer_10.template.rescue,layer_source_scan,rescue,template,,0.01336837973810345,0.008755407954253523,0.019311171965249244
validation,all-caps,layer_scan.layer_10.response.rescue,layer_source_scan,rescue,response,,0.010560220009450045,-0.0015637091100530523,0.02161212724704142
validation,all-caps,layer_scan.layer_10.trigger_instruction.rescue,layer_source_scan,rescue,trigger_instruction,,0.13586998883754983,0.0994980031256836,0.16739709648507695
validation,all-caps,layer_scan.layer_11.monitoring_language.rescue,layer_source_scan,rescue,monitoring_language,,0.0049801280209970985,0.0033648039767753307,0.007267470455271189
validation,all-caps,layer_scan.layer_11.named_concept.rescue,layer_source_scan,rescue,named_concept,,0.013218208480509737,0.010331233185006,0.017482867475195785
validation,all-caps,layer_scan.layer_11.trigger_other.rescue,layer_source_scan,rescue,trigger_other,,0.06470567451715864,0.038981248435984266,0.09550751990452633
validation,all-caps,layer_scan.layer_11.original_prompt.rescue,layer_source_scan,rescue,original_prompt,,0.024594299297164127,0.017618867566281785,0.032905071373352614
validation,all-caps,layer_scan.layer_11.template.rescue,layer_source_scan,rescue,template,,0.015773441523726707,0.007811943063554538,0.023686388570846418
validation,all-caps,layer_scan.layer_11.response.rescue,layer_source_scan,rescue,response,,0.3938135448087792,0.344034198411157,0.44182629885571956
validation,all-caps,layer_scan.layer_11.trigger_instruction.rescue,layer_source_scan,rescue,trigger_instruction,,0.09172359306540004,0.06327119950083596,0.12787218360179484
validation,all-caps,layer_scan.layer_12.monitoring_language.rescue,layer_source_scan,rescue,monitoring_language,,-0.00027599277507633186,-0.0016749749814101479,0.0008393540457932204
validation,all-caps,layer_scan.layer_12.named_concept.rescue,layer_source_scan,rescue,named_concept,,0.014659375542555276,0.010788722910481337,0.018285954617674984
validation,all-caps,layer_scan.layer_12.trigger_other.rescue,layer_source_scan,rescue,trigger_other,,0.01434374807823856,0.008521431724065854,0.021567589957360477
validation,all-caps,layer_scan.layer_12.original_prompt.rescue,layer_source_scan,rescue,original_prompt,,0.016779593703865593,0.008517853572058535,0.028490564749108122
validation,all-caps,layer_scan.layer_12.template.rescue,layer_source_scan,rescue,template,,0.01804110516632152,0.013005651449898455,0.024142270867197294
validation,all-caps,layer_scan.layer_12.response.rescue,layer_source_scan,rescue,response,,0.18562833014688235,0.16213802915372585,0.20642652462133695
validation,all-caps,layer_scan.layer_12.trigger_instruction.rescue,layer_source_scan,rescue,trigger_instruction,,0.031642752720608035,0.025787193686224598,0.038789275063704956
validation,all-caps,individual.layer_11.head_08.monitoring_language.rescue,individual_selected_head,rescue,monitoring_language,,0.0002703906708594283,-0.0005810874646879406,0.0009251833850278733
validation,all-caps,individual.layer_11.head_08.named_concept.rescue,individual_selected_head,rescue,named_concept,,0.007486423870941655,0.005049560719001353,0.010855314754774154
validation,all-caps,individual.layer_11.head_08.trigger_other.rescue,individual_selected_head,rescue,trigger_other,,0.050720999925049075,0.033053844908771474,0.07353686167788712
validation,all-caps,individual.layer_11.head_08.original_prompt.rescue,individual_selected_head,rescue,original_prompt,,0.013232724824109973,0.0100405872637509,0.016843660296310004
validation,all-caps,individual.layer_11.head_08.template.rescue,individual_selected_head,rescue,template,,0.0008223524497070698,-0.004046362663940838,0.004586535613952448
validation,all-caps,individual.layer_11.head_08.response.rescue,individual_selected_head,rescue,response,,0.015134912575756474,0.0001937947248694006,0.026305951378074295
validation,all-caps,individual.layer_10.head_12.monitoring_language.rescue,individual_selected_head,rescue,monitoring_language,,0.0002119845744198302,-0.00039525926806895,0.0008758074845092775
validation,all-caps,individual.layer_10.head_12.named_concept.rescue,individual_selected_head,rescue,named_concept,,0.11142253281527631,0.08376126457451118,0.13750331654623799
validation,all-caps,individual.layer_10.head_12.trigger_other.rescue,individual_selected_head,rescue,trigger_other,,0.01377532070877886,0.008169969413763396,0.021073071166523145
validation,all-caps,individual.layer_10.head_12.original_prompt.rescue,individual_selected_head,rescue,original_prompt,,0.0064532833358342066,0.0019370887712191838,0.010847077217698944
validation,all-caps,individual.layer_10.head_12.template.rescue,individual_selected_head,rescue,template,,-0.0008500935626680023,-0.0018516057695836428,2.385729518852758e-05
validation,all-caps,individual.layer_10.head_12.response.rescue,individual_selected_head,rescue,response,,0.0033019293528066492,-0.007969365921280086,0.012228627975507665
validation,all-caps,individual.layer_11.head_09.monitoring_language.rescue,individual_selected_head,rescue,monitoring_language,,0.0001221686602775368,-0.0005263361192835818,0.0007239953726977541
validation,all-caps,individual.layer_11.head_09.named_concept.rescue,individual_selected_head,rescue,named_concept,,0.004550128884450135,0.0034435687369551334,0.005855142682156961
validation,all-caps,individual.layer_11.head_09.trigger_other.rescue,individual_selected_head,rescue,trigger_other,,0.014020799051975,0.005097055633211877,0.024577465959745276
validation,all-caps,individual.layer_11.head_09.original_prompt.rescue,individual_selected_head,rescue,original_prompt,,0.0008105064160376628,-0.0014403327766277353,0.0036617617902851263
validation,all-caps,individual.layer_11.head_09.template.rescue,individual_selected_head,rescue,template,,-0.002868855794143478,-0.005593692329270063,-0.0011315955305910993
validation,all-caps,individual.layer_11.head_09.response.rescue,individual_selected_head,rescue,response,,0.0011507688761257407,-0.0015537144951938973,0.0038488035687039525
validation,all-caps,individual.layer_10.head_02.monitoring_language.rescue,individual_selected_head,rescue,monitoring_language,,0.0002948117248855905,-0.000491763114663786,0.0010578712401484568
validation,all-caps,individual.layer_10.head_02.named_concept.rescue,individual_selected_head,rescue,named_concept,,0.0013233881694287722,0.0007426356645942313,0.002044872283104587
validation,all-caps,individual.layer_10.head_02.trigger_other.rescue,individual_selected_head,rescue,trigger_other,,0.001034186472528426,0.000528907824255182,0.0016581592486630107
validation,all-caps,individual.layer_10.head_02.original_prompt.rescue,individual_selected_head,rescue,original_prompt,,-0.0009132143012703409,-0.0031408858861030962,0.0007175115895326616
validation,all-caps,individual.layer_10.head_02.template.rescue,individual_selected_head,rescue,template,,0.0007719176642182566,0.00014578990645799494,0.0014531692277849938
validation,all-caps,individual.layer_10.head_02.response.rescue,individual_selected_head,rescue,response,,0.001882116846439406,0.0008322186539242392,0.00292684819471169
validation,all-caps,individual.layer_09.head_11.monitoring_language.rescue,individual_selected_head,rescue,monitoring_language,,-0.00011495010731912222,-0.001215313065177354,0.0006529397288145866
validation,all-caps,individual.layer_09.head_11.named_concept.rescue,individual_selected_head,rescue,named_concept,,0.0078306085963584,0.004351952962781235,0.011951873761700654
validation,all-caps,individual.layer_09.head_11.trigger_other.rescue,individual_selected_head,rescue,trigger_other,,0.018592108169199935,0.013544374969444346,0.023515134672290706
validation,all-caps,individual.layer_09.head_11.original_prompt.rescue,individual_selected_head,rescue,original_prompt,,0.0024245780270464997,-0.0015118729539878712,0.006650282441078287
validation,all-caps,individual.layer_09.head_11.template.rescue,individual_selected_head,rescue,template,,0.004590072600655808,0.002186232633103863,0.0077929346005960205
validation,all-caps,individual.layer_09.head_11.response.rescue,individual_selected_head,rescue,response,,0.004495161703470418,0.002241030442117878,0.006980040973704866
validation,all-caps,individual.layer_12.head_12.monitoring_language.rescue,individual_selected_head,rescue,monitoring_language,,0.0012489443658675152,0.0006623146657805956,0.0020944024049225733
validation,all-caps,individual.layer_12.head_12.named_concept.rescue,individual_selected_head,rescue,named_concept,,0.0010647880658603657,0.0004701957385672977,0.0016510584004591998
validation,all-caps,individual.layer_12.head_12.trigger_other.rescue,individual_selected_head,rescue,trigger_other,,0.014822383304860989,0.010905805041816118,0.020344150414810858
validation,all-caps,individual.layer_12.head_12.original_prompt.rescue,individual_selected_head,rescue,original_prompt,,0.005326610639232658,0.0027917977597228002,0.00843075170291468
validation,all-caps,individual.layer_12.head_12.template.rescue,individual_selected_head,rescue,template,,0.0020625252040213852,0.0005500244920704113,0.0037395553525224183
validation,all-caps,individual.layer_12.head_12.response.rescue,individual_selected_head,rescue,response,,0.18241444178410965,0.15561435276954177,0.20894311696591933
validation,all-caps,individual.layer_12.head_03.monitoring_language.rescue,individual_selected_head,rescue,monitoring_language,,2.433389257441403e-05,-0.0006351772926160772,0.0005939895569456421
validation,all-caps,individual.layer_12.head_03.named_concept.rescue,individual_selected_head,rescue,named_concept,,0.00020566140728391929,-0.00044916697931160975,0.0009185577434427617
validation,all-caps,individual.layer_12.head_03.trigger_other.rescue,individual_selected_head,rescue,trigger_other,,-0.005108905104070813,-0.006042920911507961,-0.0038680517195752106
validation,all-caps,individual.layer_12.head_03.original_prompt.rescue,individual_selected_head,rescue,original_prompt,,0.004203622494909553,0.0025547067044174297,0.006525412006335604
validation,all-caps,individual.layer_12.head_03.template.rescue,individual_selected_head,rescue,template,,0.003582256429165366,0.002691372643248325,0.004723612269847004
validation,all-caps,individual.layer_12.head_03.response.rescue,individual_selected_head,rescue,response,,0.033068428815547425,0.027580989885063703,0.03882445602554043
validation,all-caps,individual.layer_09.head_04.monitoring_language.rescue,individual_selected_head,rescue,monitoring_language,,-9.67650589771228e-05,-0.0008912055842457408,0.0005863082608082883
validation,all-caps,individual.layer_09.head_04.named_concept.rescue,individual_selected_head,rescue,named_concept,,0.0010084976155677453,0.0001402670782301114,0.0018642593671547652
validation,all-caps,individual.layer_09.head_04.trigger_other.rescue,individual_selected_head,rescue,trigger_other,,-5.29228487478057e-05,-0.0010268865560576666,0.0007158162525894232
validation,all-caps,individual.layer_09.head_04.original_prompt.rescue,individual_selected_head,rescue,original_prompt,,0.0018200975116364302,0.0004125876828238596,0.003498845988241943
validation,all-caps,individual.layer_09.head_04.template.rescue,individual_selected_head,rescue,template,,0.00221837780351541,0.0015210964562504734,0.0027417756618581157
validation,all-caps,individual.layer_09.head_04.response.rescue,individual_selected_head,rescue,response,,0.10396586269445413,0.07563850697653371,0.13241124365331913
validation,all-caps,individual.layer_11.head_14.monitoring_language.rescue,individual_selected_head,rescue,monitoring_language,,0.0005381902694714344,-0.00010625878555617341,0.0013560930654720462
validation,all-caps,individual.layer_11.head_14.named_concept.rescue,individual_selected_head,rescue,named_concept,,0.00045507786334540755,-0.0007640600618326241,0.0012299619919217935
validation,all-caps,individual.layer_11.head_14.trigger_other.rescue,individual_selected_head,rescue,trigger_other,,-0.0006262233357370613,-0.001637181443353277,0.00014978960244258076
validation,all-caps,individual.layer_11.head_14.original_prompt.rescue,individual_selected_head,rescue,original_prompt,,-0.003026863658626184,-0.007057001480952099,-0.0005578041933677965
validation,all-caps,individual.layer_11.head_14.template.rescue,individual_selected_head,rescue,template,,-0.0007739065300717825,-0.002161516307744195,0.0002721232242535623
validation,all-caps,individual.layer_11.head_14.response.rescue,individual_selected_head,rescue,response,,0.0012582468698995445,-0.00038162467125219066,0.0026149176553670137
validation,all-caps,individual.layer_12.head_02.monitoring_language.rescue,individual_selected_head,rescue,monitoring_language,,0.0003025849416278569,-0.0001800827546641478,0.000910727700595726
validation,all-caps,individual.layer_12.head_02.named_concept.rescue,individual_selected_head,rescue,named_concept,,0.0008443171355476024,0.00037920466229057656,0.001355384193808525
validation,all-caps,individual.layer_12.head_02.trigger_other.rescue,individual_selected_head,rescue,trigger_other,,-0.0009112888255635409,-0.0023191505806728274,0.00012120259423763769
validation,all-caps,individual.layer_12.head_02.original_prompt.rescue,individual_selected_head,rescue,original_prompt,,-0.000178221397519935,-0.0012010254543506043,0.0008690365914852192
validation,all-caps,individual.layer_12.head_02.template.rescue,individual_selected_head,rescue,template,,-0.0017351547150236922,-0.003175091377999683,-0.000498546053603185
validation,all-caps,individual.layer_12.head_02.response.rescue,individual_selected_head,rescue,response,,0.016238899523598485,0.012148751708602842,0.020291396435311575
validation,all-caps,individual.layer_09.head_13.monitoring_language.rescue,individual_selected_head,rescue,monitoring_language,,-0.00047338176821251805,-0.0016395449492658354,0.00031034213074835216
validation,all-caps,individual.layer_09.head_13.named_concept.rescue,individual_selected_head,rescue,named_concept,,0.00011904669555128505,-0.0007271653504003137,0.0007455895905668336
validation,all-caps,individual.layer_09.head_13.trigger_other.rescue,individual_selected_head,rescue,trigger_other,,7.83660688899234e-05,-0.000901533944131263,0.0008966614190629139
validation,all-caps,individual.layer_09.head_13.original_prompt.rescue,individual_selected_head,rescue,original_prompt,,0.002256728842284594,0.0006150150317604877,0.004315977071019601
validation,all-caps,individual.layer_09.head_13.template.rescue,individual_selected_head,rescue,template,,0.0014749698577871376,0.0009876738630857787,0.0021302699761157158
validation,all-caps,individual.layer_09.head_13.response.rescue,individual_selected_head,rescue,response,,0.0010424826579811812,-0.0009474526865542241,0.0032023539864949125
validation,all-caps,individual.layer_11.head_15.monitoring_language.rescue,individual_selected_head,rescue,monitoring_language,,-6.951521965331628e-05,-0.0007678582010755869,0.0005436448113591071
validation,all-caps,individual.layer_11.head_15.named_concept.rescue,individual_selected_head,rescue,named_concept,,-0.005539078563521273,-0.00806632778858391,-0.003627988949965925
validation,all-caps,individual.layer_11.head_15.trigger_other.rescue,individual_selected_head,rescue,trigger_other,,-0.02092988923784196,-0.02613439379223273,-0.01721716073293849
validation,all-caps,individual.layer_11.head_15.original_prompt.rescue,individual_selected_head,rescue,original_prompt,,0.008260940531175674,0.004204628974692065,0.013543932910898155
validation,all-caps,individual.layer_11.head_15.template.rescue,individual_selected_head,rescue,template,,0.0019849356644288546,-0.0004707570150870988,0.003997712796465423
validation,all-caps,individual.layer_11.head_15.response.rescue,individual_selected_head,rescue,response,,0.00202747837665029,0.00011087004122544957,0.003915635792658757
validation,all-caps,group.selected_attention_12.monitoring_language.rescue,selected_random_source_group,rescue,monitoring_language,,0.001463908277183464,0.0006519576555820179,0.0024625362635481577
validation,all-caps,group.selected_attention_12.monitoring_language.induction,selected_random_source_group,induction,monitoring_language,,0.00040537998831228323,-4.8788251567134855e-05,0.0010535564692419352
validation,all-caps,group.selected_attention_12.named_concept.rescue,selected_random_source_group,rescue,named_concept,,0.12817848991818145,0.0970461053624855,0.15785197198519604
validation,all-caps,group.selected_attention_12.named_concept.induction,selected_random_source_group,induction,named_concept,,0.03284305307263174,0.019862451405287796,0.04988355669739864
validation,all-caps,group.selected_attention_12.trigger_other.rescue,selected_random_source_group,rescue,trigger_other,,0.08901661985845788,0.05516435352863764,0.12629876616079966
validation,all-caps,group.selected_attention_12.trigger_other.induction,selected_random_source_group,induction,trigger_other,,0.029819406463951897,0.017825717271687237,0.04482995858534585
validation,all-caps,group.selected_attention_12.original_prompt.rescue,selected_random_source_group,rescue,original_prompt,,0.038422075352358684,0.02440779444337706,0.05308732651268786
validation,all-caps,group.selected_attention_12.original_prompt.induction,selected_random_source_group,induction,original_prompt,,-0.0012115758743725831,-0.004585602945197052,0.002602487342492619
validation,all-caps,group.selected_attention_12.template.rescue,selected_random_source_group,rescue,template,,0.00977697135650453,0.0012594588847453896,0.018668685685830928
validation,all-caps,group.selected_attention_12.template.induction,selected_random_source_group,induction,template,,-0.001980736067208262,-0.004153569143144212,-0.0003360839958407058
validation,all-caps,group.selected_attention_12.response.rescue,selected_random_source_group,rescue,response,,0.35016314523968645,0.30882663491010776,0.3889999772381927
validation,all-caps,group.selected_attention_12.response.induction,selected_random_source_group,induction,response,,0.03357641368010395,0.0188872940481877,0.04925327452139934
validation,all-caps,group.selected_attention_12.trigger_instruction.rescue,selected_random_source_group,rescue,trigger_instruction,,0.25482174972034444,0.19107669435491953,0.31632742409792863
validation,all-caps,group.selected_attention_12.trigger_instruction.induction,selected_random_source_group,induction,trigger_instruction,,0.07817524870074169,0.05008856480294442,0.11384801708279611
validation,all-caps,group.selected_attention_12.all_prompt.rescue,selected_random_source_group,rescue,all_prompt,,0.3059115931378867,0.23214343103859789,0.3742179130911823
validation,all-caps,group.selected_attention_12.all_prompt.induction,selected_random_source_group,induction,all_prompt,,0.09032325718161432,0.06186245452150471,0.1277582080398276
validation,all-caps,group.random_attention_12.monitoring_language.rescue,selected_random_source_group,rescue,monitoring_language,,-0.001057601207975314,-0.0026972384584323284,-3.6098831840594317e-05
validation,all-caps,group.random_attention_12.monitoring_language.induction,selected_random_source_group,induction,monitoring_language,,-0.0003142249573204047,-0.000751875596402947,7.387526030397045e-06
validation,all-caps,group.random_attention_12.named_concept.rescue,selected_random_source_group,rescue,named_concept,,0.004714428220995388,0.0012191788583354641,0.0077533095929808735
validation,all-caps,group.random_attention_12.named_concept.induction,selected_random_source_group,induction,named_concept,,0.0010184736399087375,0.000522057282322948,0.001560965697747497
validation,all-caps,group.random_attention_12.trigger_other.rescue,selected_random_source_group,rescue,trigger_other,,-0.0015188833819315213,-0.0034017083629475486,-0.00024388443050257764
validation,all-caps,group.random_attention_12.trigger_other.induction,selected_random_source_group,induction,trigger_other,,-0.00030382897325735315,-0.0006403979806945087,-7.760787180062463e-05
validation,all-caps,group.random_attention_12.original_prompt.rescue,selected_random_source_group,rescue,original_prompt,,0.004937743784142478,0.0018703051106130565,0.009371657997945353
validation,all-caps,group.random_attention_12.original_prompt.induction,selected_random_source_group,induction,original_prompt,,0.0004618289139717184,-3.491525835251847e-05,0.0010020802850300315
validation,all-caps,group.random_attention_12.template.rescue,selected_random_source_group,rescue,template,,0.0040776979684385055,0.0015373325605883036,0.007250331756655809
validation,all-caps,group.random_attention_12.template.induction,selected_random_source_group,induction,template,,0.000833215936102225,-0.0004553069015730754,0.002584739160168739
validation,all-caps,group.random_attention_12.response.rescue,selected_random_source_group,rescue,response,,-0.037398530500711874,-0.06009440213303864,-0.017255050337941447
validation,all-caps,group.random_attention_12.response.induction,selected_random_source_group,induction,response,,-0.011226585155601296,-0.017322602897664508,-0.006500834543720595
validation,all-caps,group.random_attention_12.trigger_instruction.rescue,selected_random_source_group,rescue,trigger_instruction,,0.0015115776675213586,-0.003420447533910071,0.005484316210853255
validation,all-caps,group.random_attention_12.trigger_instruction.induction,selected_random_source_group,induction,trigger_instruction,,0.0006412071816694015,-0.00022994896650678018,0.001313422833644857
validation,all-caps,group.random_attention_12.all_prompt.rescue,selected_random_source_group,rescue,all_prompt,,0.011320156935937102,0.006865255430483494,0.01657207710358725
validation,all-caps,group.random_attention_12.all_prompt.induction,selected_random_source_group,induction,all_prompt,,0.0022239165175855875,0.0010658214229321728,0.0035583323206181856
validation,all-caps,direct.selected_attention_12.rescue,direct_response_output,rescue,,selected_attention_12,0.5309813359677855,0.4661494068801822,0.5848254084936552
validation,all-caps,direct.selected_attention_12.induction,direct_response_output,induction,,selected_attention_12,0.16146227883346187,0.11951254263661945,0.2089436409894186
validation,all-caps,direct.random_attention_12.rescue,direct_response_output,rescue,,random_attention_12,-0.031987531728650334,-0.05614713971027376,-0.009923309790243034
validation,all-caps,direct.random_attention_12.induction,direct_response_output,induction,,random_attention_12,-0.010178841115441864,-0.01683056569120181,-0.005441499680912573
validation,all-caps,direct.random_attention_16.rescue,direct_response_output,rescue,,random_attention_16,-0.00393040303875248,-0.02564229516391948,0.015308577602949862
validation,all-caps,direct.random_attention_16.induction,direct_response_output,induction,,random_attention_16,-0.0060547891022100266,-0.011765527971709063,-0.0022673968619941515
validation,all-caps,direct.selected_mlp_4.rescue,direct_response_output,rescue,,selected_mlp_4,0.6173607038569315,0.5060169829729709,0.7011858570479432
validation,all-caps,direct.selected_mlp_4.induction,direct_response_output,induction,,selected_mlp_4,0.08697622573941219,0.05102834207153895,0.12149907124199326
validation,all-caps,direct.layer_09.mlp.rescue,direct_response_output,rescue,,layer_09.mlp,0.07809122506125647,0.0500658583555848,0.10576625028757698
validation,all-caps,direct.layer_09.mlp.induction,direct_response_output,induction,,layer_09.mlp,0.0039187471755232515,-0.005040096175344933,0.01077554218285928
validation,all-caps,direct.layer_10.mlp.rescue,direct_response_output,rescue,,layer_10.mlp,0.030988558482628156,-0.029451462659959123,0.08811263436392126
validation,all-caps,direct.layer_10.mlp.induction,direct_response_output,induction,,layer_10.mlp,0.003473288766943503,-0.012490638199812465,0.01370904891867969
validation,all-caps,direct.layer_11.mlp.rescue,direct_response_output,rescue,,layer_11.mlp,0.3955075830898828,0.3644895289309004,0.4294007362032204
validation,all-caps,direct.layer_11.mlp.induction,direct_response_output,induction,,layer_11.mlp,0.03492201217219182,0.023809956261262723,0.04711714457306025
validation,all-caps,direct.layer_12.mlp.rescue,direct_response_output,rescue,,layer_12.mlp,0.10015028298272732,0.04995140222048023,0.14489409750538035
validation,all-caps,direct.layer_12.mlp.induction,direct_response_output,induction,,layer_12.mlp,0.0009135312520039705,-0.0220292457764246,0.01607878637525422
validation,all-caps,direct.selected_k16.rescue,direct_response_output,rescue,,selected_k16,0.8891126939648357,0.8528853450273363,0.9171438545676106
validation,all-caps,direct.selected_k16.induction,direct_response_output,induction,,selected_k16,0.3679879949204525,0.3233046364263758,0.4126735708676717
validation,all-caps,direct.resid_post_layer12_positive_control.rescue,direct_response_output,rescue,,resid_post_layer12_positive_control,1.0,1.0,1.0
validation,all-caps,direct.resid_post_layer12_positive_control.induction,direct_response_output,induction,,resid_post_layer12_positive_control,1.0,1.0,1.0
discovery,biology-focused,layer_scan.layer_00.monitoring_language.rescue,layer_source_scan,rescue,monitoring_language,,3.8705963259125346e-05,-0.0001387279564574533,0.0002034149051143136
discovery,biology-focused,layer_scan.layer_00.named_concept.rescue,layer_source_scan,rescue,named_concept,,0.00017280051825405873,4.3937594181568195e-05,0.00029822394315444454
discovery,biology-focused,layer_scan.layer_00.trigger_other.rescue,layer_source_scan,rescue,trigger_other,,3.930487227800137e-05,-7.238287474488171e-05,0.00013973350869895604
discovery,biology-focused,layer_scan.layer_00.original_prompt.rescue,layer_source_scan,rescue,original_prompt,,0.0001136118665493732,-5.219849811714638e-05,0.00024220773026545188
discovery,biology-focused,layer_scan.layer_00.template.rescue,layer_source_scan,rescue,template,,-2.3512463482227174e-05,-0.0001895305005949137,0.0001367699923247124
discovery,biology-focused,layer_scan.layer_00.response.rescue,layer_source_scan,rescue,response,,-0.0001458378690905418,-0.0003427794685433022,1.218439772623384e-06
discovery,biology-focused,layer_scan.layer_00.trigger_instruction.rescue,layer_source_scan,rescue,trigger_instruction,,0.00035529161929981356,0.00021446273202364887,0.0005174522200249833
discovery,biology-focused,layer_scan.layer_01.monitoring_language.rescue,layer_source_scan,rescue,monitoring_language,,8.509440259959771e-05,-6.494577504017885e-05,0.00022392583948651544
discovery,biology-focused,layer_scan.layer_01.named_concept.rescue,layer_source_scan,rescue,named_concept,,-0.0005072712416623585,-0.0006256579160854483,-0.0004028767716851894
discovery,biology-focused,layer_scan.layer_01.trigger_other.rescue,layer_source_scan,rescue,trigger_other,,5.714061772641144e-05,-0.00015305925506883914,0.00022669453241290293
discovery,biology-focused,layer_scan.layer_01.original_prompt.rescue,layer_source_scan,rescue,original_prompt,,0.0001043299510882043,-0.0001486407164794335,0.0003350020399587923
discovery,biology-focused,layer_scan.layer_01.template.rescue,layer_source_scan,rescue,template,,-4.3248277151306675e-05,-0.00022973599647824297,8.974233619095311e-05
discovery,biology-focused,layer_scan.layer_01.response.rescue,layer_source_scan,rescue,response,,-6.573907230721592e-05,-0.00019160155356327498,4.5868672635365465e-05
discovery,biology-focused,layer_scan.layer_01.trigger_instruction.rescue,layer_source_scan,rescue,trigger_instruction,,-0.0005169688704425119,-0.000589242882169433,-0.0004323242515812152
discovery,biology-focused,layer_scan.layer_02.monitoring_language.rescue,layer_source_scan,rescue,monitoring_language,,3.2841352199778496e-05,-8.711282122208474e-05,0.00012661516633243983
discovery,biology-focused,layer_scan.layer_02.named_concept.rescue,layer_source_scan,rescue,named_concept,,-1.870944801712333e-05,-0.00011962895143442865,9.948220292899123e-05
discovery,biology-focused,layer_scan.layer_02.trigger_other.rescue,layer_source_scan,rescue,trigger_other,,6.914698205776148e-05,-3.752910508503218e-05,0.000156657778963987
discovery,biology-focused,layer_scan.layer_02.original_prompt.rescue,layer_source_scan,rescue,original_prompt,,6.240631976688226e-05,-0.00010383801568205432,0.00019798619741245057
discovery,biology-focused,layer_scan.layer_02.template.rescue,layer_source_scan,rescue,template,,-5.818342401810146e-05,-0.00020430563309189212,6.875403865539728e-05
discovery,biology-focused,layer_scan.layer_02.response.rescue,layer_source_scan,rescue,response,,0.0002488361283603041,9.317807578024115e-05,0.0004065362850914718
discovery,biology-focused,layer_scan.layer_02.trigger_instruction.rescue,layer_source_scan,rescue,trigger_instruction,,-7.634328493555032e-05,-0.00020212317923719268,2.909529432246541e-05
discovery,biology-focused,layer_scan.layer_03.monitoring_language.rescue,layer_source_scan,rescue,monitoring_language,,0.00018279642721224062,5.504152254720596e-05,0.00031111028802742935
discovery,biology-focused,layer_scan.layer_03.named_concept.rescue,layer_source_scan,rescue,named_concept,,5.817168070400585e-05,-0.00015122415710171666,0.00027381391778296055
discovery,biology-focused,layer_scan.layer_03.trigger_other.rescue,layer_source_scan,rescue,trigger_other,,0.00012640033559949075,-5.747978929297003e-05,0.0002816509223666569
discovery,biology-focused,layer_scan.layer_03.original_prompt.rescue,layer_source_scan,rescue,original_prompt,,-9.121736656904795e-05,-0.00021174473391554697,9.018268272273397e-06
discovery,biology-focused,layer_scan.layer_03.template.rescue,layer_source_scan,rescue,template,,0.0001760252323047128,9.947126419548364e-05,0.0002466396255101747
discovery,biology-focused,layer_scan.layer_03.response.rescue,layer_source_scan,rescue,response,,-0.000354276996961953,-0.0004843545114064089,-0.00023483730827457752
discovery,biology-focused,layer_scan.layer_03.trigger_instruction.rescue,layer_source_scan,rescue,trigger_instruction,,1.203924561081775e-05,-0.00020323942787537917,0.00023202671465276964
discovery,biology-focused,layer_scan.layer_04.monitoring_language.rescue,layer_source_scan,rescue,monitoring_language,,-0.00043954285194734656,-0.0005672311107545384,-0.00031421458776607046
discovery,biology-focused,layer_scan.layer_04.named_concept.rescue,layer_source_scan,rescue,named_concept,,0.0007881008549447383,0.0005041925375094574,0.0011210891803778654
discovery,biology-focused,layer_scan.layer_04.trigger_other.rescue,layer_source_scan,rescue,trigger_other,,7.901606322371079e-05,-0.000179997731404758,0.00034041242267515253
discovery,biology-focused,layer_scan.layer_04.original_prompt.rescue,layer_source_scan,rescue,original_prompt,,0.00015689772230578582,-7.802684354250154e-05,0.0003987046714061998
discovery,biology-focused,layer_scan.layer_04.template.rescue,layer_source_scan,rescue,template,,7.146041493459634e-05,-9.213167555923068e-05,0.00020948642694901276
discovery,biology-focused,layer_scan.layer_04.response.rescue,layer_source_scan,rescue,response,,0.000220673312496216,7.089446760197812e-05,0.00037199246336303704
discovery,biology-focused,layer_scan.layer_04.trigger_instruction.rescue,layer_source_scan,rescue,trigger_instruction,,0.00041510736397720456,-5.944888550596195e-05,0.0008649346780692789
discovery,biology-focused,layer_scan.layer_05.monitoring_language.rescue,layer_source_scan,rescue,monitoring_language,,0.00021533949923399067,6.24592790079751e-05,0.000368917115513369
discovery,biology-focused,layer_scan.layer_05.named_concept.rescue,layer_source_scan,rescue,named_concept,,0.00030419880833264045,0.0001099714329069741,0.0004952411006024995
discovery,biology-focused,layer_scan.layer_05.trigger_other.rescue,layer_source_scan,rescue,trigger_other,,6.200469842481244e-07,-0.00011804094223562342,0.00011378602169655648
discovery,biology-focused,layer_scan.layer_05.original_prompt.rescue,layer_source_scan,rescue,original_prompt,,-1.3676263595745563e-05,-0.0002091080066795231,0.00017166412259402128
discovery,biology-focused,layer_scan.layer_05.template.rescue,layer_source_scan,rescue,template,,0.0003103123776508142,0.00017246748331632022,0.0004411741027951255
discovery,biology-focused,layer_scan.layer_05.response.rescue,layer_source_scan,rescue,response,,-0.0006092196486519734,-0.0007690421789680067,-0.00042618779841594855
discovery,biology-focused,layer_scan.layer_05.trigger_instruction.rescue,layer_source_scan,rescue,trigger_instruction,,0.00045195083762076643,0.00011939704954121607,0.0007398274833963469
discovery,biology-focused,layer_scan.layer_06.monitoring_language.rescue,layer_source_scan,rescue,monitoring_language,,0.007195823750573737,0.005678844083958472,0.008816368681080296
discovery,biology-focused,layer_scan.layer_06.named_concept.rescue,layer_source_scan,rescue,named_concept,,0.0006732958676832513,-3.104069032673825e-05,0.0014813206270047033
discovery,biology-focused,layer_scan.layer_06.trigger_other.rescue,layer_source_scan,rescue,trigger_other,,0.0020200402661329966,0.00043471250374454485,0.0037851827377335134
discovery,biology-focused,layer_scan.layer_06.original_prompt.rescue,layer_source_scan,rescue,original_prompt,,0.00504486432157726,0.003427462587817707,0.006978124426776458
discovery,biology-focused,layer_scan.layer_06.template.rescue,layer_source_scan,rescue,template,,0.00011210872234513532,-0.00011626632373433567,0.00030948037764048605
discovery,biology-focused,layer_scan.layer_06.response.rescue,layer_source_scan,rescue,response,,0.0016093366449416453,0.001102872285090591,0.002156158142004893
discovery,biology-focused,layer_scan.layer_06.trigger_instruction.rescue,layer_source_scan,rescue,trigger_instruction,,0.01147469752898547,0.009004389912096126,0.013542040934523793
discovery,biology-focused,layer_scan.layer_07.monitoring_language.rescue,layer_source_scan,rescue,monitoring_language,,2.4726722159713082e-05,-0.00014941320092426273,0.00027145453357571586
discovery,biology-focused,layer_scan.layer_07.named_concept.rescue,layer_source_scan,rescue,named_concept,,0.00021549685964287183,-0.0007505407208017778,0.0010609853683003643
discovery,biology-focused,layer_scan.layer_07.trigger_other.rescue,layer_source_scan,rescue,trigger_other,,-0.0002738893146518751,-0.0007820495030105014,0.0002917286210488515
discovery,biology-focused,layer_scan.layer_07.original_prompt.rescue,layer_source_scan,rescue,original_prompt,,0.0010129712278987247,0.0006918939638079467,0.0013152031967063492
discovery,biology-focused,layer_scan.layer_07.template.rescue,layer_source_scan,rescue,template,,0.00025801470265743163,5.6932224584901636e-08,0.00046063959437206463
discovery,biology-focused,layer_scan.layer_07.response.rescue,layer_source_scan,rescue,response,,0.0031725619927554746,0.002543591813104011,0.0036600254041141657
discovery,biology-focused,layer_scan.layer_07.trigger_instruction.rescue,layer_source_scan,rescue,trigger_instruction,,-7.958913695157649e-05,-0.0013910451965343342,0.00112621568762589
discovery,biology-focused,layer_scan.layer_08.monitoring_language.rescue,layer_source_scan,rescue,monitoring_language,,6.588234073918234e-05,-4.3099930207221575e-05,0.00019019866908271744
discovery,biology-focused,layer_scan.layer_08.named_concept.rescue,layer_source_scan,rescue,named_concept,,0.003000442586718961,0.002001092727505523,0.0038524354973809224
discovery,biology-focused,layer_scan.layer_08.trigger_other.rescue,layer_source_scan,rescue,trigger_other,,0.0016909244939522943,0.001251249469922555,0.002247570343166723
discovery,biology-focused,layer_scan.layer_08.original_prompt.rescue,layer_source_scan,rescue,original_prompt,,0.0020305153023062795,0.0004825025804646499,0.0033648881176607894
discovery,biology-focused,layer_scan.layer_08.template.rescue,layer_source_scan,rescue,template,,0.0007093783745734176,0.00046672123889718244,0.0009416470731215323
discovery,biology-focused,layer_scan.layer_08.response.rescue,layer_source_scan,rescue,response,,-0.0029790439197739434,-0.004888469191795599,-0.000948216797140327
discovery,biology-focused,layer_scan.layer_08.trigger_instruction.rescue,layer_source_scan,rescue,trigger_instruction,,0.0040693472196550685,0.0035136555493421517,0.004558946613084369
discovery,biology-focused,layer_scan.layer_09.monitoring_language.rescue,layer_source_scan,rescue,monitoring_language,,-0.00039374862430011196,-0.0004814814150164461,-0.00030589091867802017
discovery,biology-focused,layer_scan.layer_09.named_concept.rescue,layer_source_scan,rescue,named_concept,,0.047672310035254226,0.03774596720413735,0.05845275624865833
discovery,biology-focused,layer_scan.layer_09.trigger_other.rescue,layer_source_scan,rescue,trigger_other,,-0.0005811954038942135,-0.0009208588659152136,-0.00027116515636035725
discovery,biology-focused,layer_scan.layer_09.original_prompt.rescue,layer_source_scan,rescue,original_prompt,,0.01898158288064932,0.012807861671885731,0.025258148565455357
discovery,biology-focused,layer_scan.layer_09.template.rescue,layer_source_scan,rescue,template,,0.001144343682686296,0.0006287581471505575,0.0016010189309741615
discovery,biology-focused,layer_scan.layer_09.response.rescue,layer_source_scan,rescue,response,,0.018019922889359948,0.015185957299124694,0.021066900154435318
discovery,biology-focused,layer_scan.layer_09.trigger_instruction.rescue,layer_source_scan,rescue,trigger_instruction,,0.04639550176956947,0.03623308068368893,0.057215632980266724
discovery,biology-focused,layer_scan.layer_10.monitoring_language.rescue,layer_source_scan,rescue,monitoring_language,,0.000615213436166372,0.00044255566371671415,0.000847318652400825
discovery,biology-focused,layer_scan.layer_10.named_concept.rescue,layer_source_scan,rescue,named_concept,,-0.0830004440428899,-0.09906890675442094,-0.06764825633366475
discovery,biology-focused,layer_scan.layer_10.trigger_other.rescue,layer_source_scan,rescue,trigger_other,,0.0011978039457751439,0.0008638098437310944,0.0016621881968805696
discovery,biology-focused,layer_scan.layer_10.original_prompt.rescue,layer_source_scan,rescue,original_prompt,,0.0010165247547440559,-0.003126557104514967,0.004825390740496876
discovery,biology-focused,layer_scan.layer_10.template.rescue,layer_source_scan,rescue,template,,0.0009092166992012052,0.00025985997533858424,0.0015679794350442113
discovery,biology-focused,layer_scan.layer_10.response.rescue,layer_source_scan,rescue,response,,-0.024184917354289768,-0.030130510102460293,-0.01854766433164344
discovery,biology-focused,layer_scan.layer_10.trigger_instruction.rescue,layer_source_scan,rescue,trigger_instruction,,-0.08233793793219771,-0.09842948787960165,-0.06692673324120704
discovery,biology-focused,layer_scan.layer_11.monitoring_language.rescue,layer_source_scan,rescue,monitoring_language,,0.0004947223362197914,0.00033566220736641546,0.0006655095892463101
discovery,biology-focused,layer_scan.layer_11.named_concept.rescue,layer_source_scan,rescue,named_concept,,0.1899419191186006,0.16715285807475977,0.21543810150634174
discovery,biology-focused,layer_scan.layer_11.trigger_other.rescue,layer_source_scan,rescue,trigger_other,,0.010446600912531603,0.008756789327585128,0.012313971362837886
discovery,biology-focused,layer_scan.layer_11.original_prompt.rescue,layer_source_scan,rescue,original_prompt,,0.05503613128861692,0.04203790788703837,0.07026045052280606
discovery,biology-focused,layer_scan.layer_11.template.rescue,layer_source_scan,rescue,template,,0.007730400546171205,0.005641620848227196,0.010209377928768177
discovery,biology-focused,layer_scan.layer_11.response.rescue,layer_source_scan,rescue,response,,0.067061686543862,0.06117509020432775,0.07360666316432922
discovery,biology-focused,layer_scan.layer_11.trigger_instruction.rescue,layer_source_scan,rescue,trigger_instruction,,0.2155404743114229,0.19386032806728207,0.24024424498619074
discovery,biology-focused,layer_scan.layer_12.monitoring_language.rescue,layer_source_scan,rescue,monitoring_language,,0.001317416645827373,0.0010722262185260064,0.001556335165109591
discovery,biology-focused,layer_scan.layer_12.named_concept.rescue,layer_source_scan,rescue,named_concept,,0.02838576033353041,0.02389020774414276,0.033453633930606665
discovery,biology-focused,layer_scan.layer_12.trigger_other.rescue,layer_source_scan,rescue,trigger_other,,-0.0030045668386293385,-0.006096223356284181,-0.0006603930095668146
discovery,biology-focused,layer_scan.layer_12.original_prompt.rescue,layer_source_scan,rescue,original_prompt,,0.00263530302421857,-0.0005046301551174856,0.006090792239818744
discovery,biology-focused,layer_scan.layer_12.template.rescue,layer_source_scan,rescue,template,,0.0038946936064367227,0.0029973784441164005,0.004850504910182444
discovery,biology-focused,layer_scan.layer_12.response.rescue,layer_source_scan,rescue,response,,0.03244041666725188,0.025164538666546412,0.03982749588281126
discovery,biology-focused,layer_scan.layer_12.trigger_instruction.rescue,layer_source_scan,rescue,trigger_instruction,,0.03230363054466623,0.023970394176820377,0.040332445873962425
discovery,biology-focused,individual.layer_11.head_08.monitoring_language.rescue,individual_selected_head,rescue,monitoring_language,,8.081748760597713e-06,-4.2228581491534966e-05,5.674167416472915e-05
discovery,biology-focused,individual.layer_11.head_08.named_concept.rescue,individual_selected_head,rescue,named_concept,,0.06676748834181319,0.06342328041041224,0.0703216938997006
discovery,biology-focused,individual.layer_11.head_08.trigger_other.rescue,individual_selected_head,rescue,trigger_other,,0.0044397360435561965,0.0036884107354540983,0.005212383018636124
discovery,biology-focused,individual.layer_11.head_08.original_prompt.rescue,individual_selected_head,rescue,original_prompt,,0.04406338293134568,0.03458341048877038,0.054406953258192774
discovery,biology-focused,individual.layer_11.head_08.template.rescue,individual_selected_head,rescue,template,,0.0058369696466286005,0.004566453733947737,0.0076413759628163255
discovery,biology-focused,individual.layer_11.head_08.response.rescue,individual_selected_head,rescue,response,,0.0455033997763312,0.03990615809538426,0.05122762703838016
discovery,biology-focused,individual.layer_10.head_12.monitoring_language.rescue,individual_selected_head,rescue,monitoring_language,,0.0004624000385030388,0.00035644632339682994,0.0005743254114533002
discovery,biology-focused,individual.layer_10.head_12.named_concept.rescue,individual_selected_head,rescue,named_concept,,-0.000542503532612003,-0.0010953809587941996,-1.3783647921977184e-05
discovery,biology-focused,individual.layer_10.head_12.trigger_other.rescue,individual_selected_head,rescue,trigger_other,,-4.028191601075599e-05,-0.00022016752500554667,0.0001618436918800946
discovery,biology-focused,individual.layer_10.head_12.original_prompt.rescue,individual_selected_head,rescue,original_prompt,,0.0011557370460218554,-0.0003866563078566922,0.002359212583834483
discovery,biology-focused,individual.layer_10.head_12.template.rescue,individual_selected_head,rescue,template,,0.0007068253780890324,0.00027814455322504734,0.0010960375006445673
discovery,biology-focused,individual.layer_10.head_12.response.rescue,individual_selected_head,rescue,response,,0.004024750810045586,0.0013689743005354334,0.00645749636759301
discovery,biology-focused,individual.layer_11.head_09.monitoring_language.rescue,individual_selected_head,rescue,monitoring_language,,1.8669520749198263e-05,-3.7292296769003524e-05,7.732018822607071e-05
discovery,biology-focused,individual.layer_11.head_09.named_concept.rescue,individual_selected_head,rescue,named_concept,,0.08221105259772607,0.06908185104796702,0.0964334563792453
discovery,biology-focused,individual.layer_11.head_09.trigger_other.rescue,individual_selected_head,rescue,trigger_other,,0.0027147864713432863,0.001608138936865706,0.0038776161551735606
discovery,biology-focused,individual.layer_11.head_09.original_prompt.rescue,individual_selected_head,rescue,original_prompt,,0.008784287829041847,0.0060384784196581024,0.012354144390478118
discovery,biology-focused,individual.layer_11.head_09.template.rescue,individual_selected_head,rescue,template,,0.002977007629109765,0.00175719730698942,0.004171918001417102
discovery,biology-focused,individual.layer_11.head_09.response.rescue,individual_selected_head,rescue,response,,0.017675970614150854,0.01568231195618545,0.019962404552379527
discovery,biology-focused,individual.layer_10.head_02.monitoring_language.rescue,individual_selected_head,rescue,monitoring_language,,3.350367511477082e-05,-1.7027464207978505e-05,8.91464210432295e-05
discovery,biology-focused,individual.layer_10.head_02.named_concept.rescue,individual_selected_head,rescue,named_concept,,-0.025199436350986294,-0.028559800198573758,-0.021562657140132675
discovery,biology-focused,individual.layer_10.head_02.trigger_other.rescue,individual_selected_head,rescue,trigger_other,,7.104705027843092e-06,-8.174762442327128e-05,0.00010153420754442244
discovery,biology-focused,individual.layer_10.head_02.original_prompt.rescue,individual_selected_head,rescue,original_prompt,,0.0052780442635852985,0.003215477831264919,0.007721833411375829
discovery,biology-focused,individual.layer_10.head_02.template.rescue,individual_selected_head,rescue,template,,0.0002812523725898216,0.00015772467323723862,0.00042696131783526316
discovery,biology-focused,individual.layer_10.head_02.response.rescue,individual_selected_head,rescue,response,,0.00562269878897731,0.0036142635801686834,0.007606620801370426
discovery,biology-focused,individual.layer_09.head_11.monitoring_language.rescue,individual_selected_head,rescue,monitoring_language,,-7.045988457365051e-08,-6.87145805187702e-05,7.03042510895241e-05
discovery,biology-focused,individual.layer_09.head_11.named_concept.rescue,individual_selected_head,rescue,named_concept,,0.045670572898470645,0.03898766006028985,0.0524708084117565
discovery,biology-focused,individual.layer_09.head_11.trigger_other.rescue,individual_selected_head,rescue,trigger_other,,0.0002962720713181048,0.00017797841919840184,0.00042468088749111855
discovery,biology-focused,individual.layer_09.head_11.original_prompt.rescue,individual_selected_head,rescue,original_prompt,,0.011603279772343924,0.007254951948918587,0.016481157438852513
discovery,biology-focused,individual.layer_09.head_11.template.rescue,individual_selected_head,rescue,template,,0.0010321504084796723,0.0006663015458380316,0.0014484696529564489
discovery,biology-focused,individual.layer_09.head_11.response.rescue,individual_selected_head,rescue,response,,0.013770942891309996,0.012510732042579615,0.014998224990269298
discovery,biology-focused,individual.layer_12.head_12.monitoring_language.rescue,individual_selected_head,rescue,monitoring_language,,0.0010711429086027306,0.0007886246423571109,0.001336437586943603
discovery,biology-focused,individual.layer_12.head_12.named_concept.rescue,individual_selected_head,rescue,named_concept,,0.001012355878240115,0.0008156985668019526,0.001238586378497983
discovery,biology-focused,individual.layer_12.head_12.trigger_other.rescue,individual_selected_head,rescue,trigger_other,,-0.00888578764143301,-0.010879235479434814,-0.007432530681359071
discovery,biology-focused,individual.layer_12.head_12.original_prompt.rescue,individual_selected_head,rescue,original_prompt,,-0.0006331783580698337,-0.0016910705622510832,0.00032301350236570755
discovery,biology-focused,individual.layer_12.head_12.template.rescue,individual_selected_head,rescue,template,,0.0015272884580184484,0.001296415870875738,0.0017367119769289253
discovery,biology-focused,individual.layer_12.head_12.response.rescue,individual_selected_head,rescue,response,,0.011389596080397415,0.008141624718258387,0.01473343235211837
discovery,biology-focused,individual.layer_12.head_03.monitoring_language.rescue,individual_selected_head,rescue,monitoring_language,,5.3582393555442084e-05,8.296128602364462e-06,0.00011428389866180074
discovery,biology-focused,individual.layer_12.head_03.named_concept.rescue,individual_selected_head,rescue,named_concept,,0.008233042573417074,0.006921949356583836,0.010161807012429473
discovery,biology-focused,individual.layer_12.head_03.trigger_other.rescue,individual_selected_head,rescue,trigger_other,,0.005441328000096277,0.004647490123166074,0.006320084081856954
discovery,biology-focused,individual.layer_12.head_03.original_prompt.rescue,individual_selected_head,rescue,original_prompt,,0.002675873825756078,0.0013207312585089858,0.004240405446013638
discovery,biology-focused,individual.layer_12.head_03.template.rescue,individual_selected_head,rescue,template,,0.0013969306255687374,0.0012073515432899566,0.0016140212549097446
discovery,biology-focused,individual.layer_12.head_03.response.rescue,individual_selected_head,rescue,response,,0.01622082133462173,0.0133882842022075,0.018953528393684416
discovery,biology-focused,individual.layer_09.head_04.monitoring_language.rescue,individual_selected_head,rescue,monitoring_language,,-3.644185230149204e-05,-0.00013864869164379386,6.605838913339305e-05
discovery,biology-focused,individual.layer_09.head_04.named_concept.rescue,individual_selected_head,rescue,named_concept,,-0.0009552105631880652,-0.0011001863612344564,-0.0008140772331201442
discovery,biology-focused,individual.layer_09.head_04.trigger_other.rescue,individual_selected_head,rescue,trigger_other,,-0.0015637937242160567,-0.0021429681809401776,-0.0010994817770527004
discovery,biology-focused,individual.layer_09.head_04.original_prompt.rescue,individual_selected_head,rescue,original_prompt,,0.0009312776890612152,0.000657232685971317,0.0012620050081382605
discovery,biology-focused,individual.layer_09.head_04.template.rescue,individual_selected_head,rescue,template,,-2.6861656662294692e-05,-0.00022067819187524302,0.00016043614147211185
discovery,biology-focused,individual.layer_09.head_04.response.rescue,individual_selected_head,rescue,response,,0.0015503969514957866,0.0012261418097360539,0.0018862528800843
discovery,biology-focused,individual.layer_11.head_14.monitoring_language.rescue,individual_selected_head,rescue,monitoring_language,,3.603553363378399e-05,-1.884933693518497e-05,8.540008255072585e-05
discovery,biology-focused,individual.layer_11.head_14.named_concept.rescue,individual_selected_head,rescue,named_concept,,-0.027497092085333703,-0.02966307107754758,-0.02556407576858213
discovery,biology-focused,individual.layer_11.head_14.trigger_other.rescue,individual_selected_head,rescue,trigger_other,,-0.0025383009011260256,-0.0028347706810154154,-0.0022416536374772244
discovery,biology-focused,individual.layer_11.head_14.original_prompt.rescue,individual_selected_head,rescue,original_prompt,,-0.001966735014790211,-0.003578337157127201,-0.0006083422959636005
discovery,biology-focused,individual.layer_11.head_14.template.rescue,individual_selected_head,rescue,template,,-0.0017244352150555225,-0.0019796080219857425,-0.0014726740871070423
discovery,biology-focused,individual.layer_11.head_14.response.rescue,individual_selected_head,rescue,response,,-0.00525429693382116,-0.007830480170133125,-0.0023585085172846466
discovery,biology-focused,individual.layer_12.head_02.monitoring_language.rescue,individual_selected_head,rescue,monitoring_language,,1.1553072407259561e-05,-2.450241621734812e-05,4.704389458173197e-05
discovery,biology-focused,individual.layer_12.head_02.named_concept.rescue,individual_selected_head,rescue,named_concept,,-0.010098599542622343,-0.011515716228917647,-0.008714521022697624
discovery,biology-focused,individual.layer_12.head_02.trigger_other.rescue,individual_selected_head,rescue,trigger_other,,0.0014652250430231579,0.0010738823626632765,0.0019155233706508905
discovery,biology-focused,individual.layer_12.head_02.original_prompt.rescue,individual_selected_head,rescue,original_prompt,,0.000872171240555199,0.00035958801719999266,0.0014471318554578518
discovery,biology-focused,individual.layer_12.head_02.template.rescue,individual_selected_head,rescue,template,,-0.0014198841073000137,-0.0015568840611504568,-0.0012856927445054269
discovery,biology-focused,individual.layer_12.head_02.response.rescue,individual_selected_head,rescue,response,,0.0035056728403915025,0.0020598205768900778,0.0047948311290842965
discovery,biology-focused,individual.layer_09.head_13.monitoring_language.rescue,individual_selected_head,rescue,monitoring_language,,4.816637709454748e-05,-2.117350341389521e-05,0.00012814610318037954
discovery,biology-focused,individual.layer_09.head_13.named_concept.rescue,individual_selected_head,rescue,named_concept,,-0.009357556495921526,-0.010778644999575848,-0.00783049371502093
discovery,biology-focused,individual.layer_09.head_13.trigger_other.rescue,individual_selected_head,rescue,trigger_other,,3.438912099757969e-05,-4.383873397180031e-05,0.00012414098965397407
discovery,biology-focused,individual.layer_09.head_13.original_prompt.rescue,individual_selected_head,rescue,original_prompt,,0.005432861070633343,0.004335262356164717,0.007055503178481176
discovery,biology-focused,individual.layer_09.head_13.template.rescue,individual_selected_head,rescue,template,,0.00022666710001061454,6.8353771957687e-05,0.00037130780004231763
discovery,biology-focused,individual.layer_09.head_13.response.rescue,individual_selected_head,rescue,response,,0.003653255765956652,0.0022492216649589144,0.005194530009473665
discovery,biology-focused,individual.layer_11.head_15.monitoring_language.rescue,individual_selected_head,rescue,monitoring_language,,7.676134691735398e-05,1.860808828401239e-05,0.00014021659158774925
discovery,biology-focused,individual.layer_11.head_15.named_concept.rescue,individual_selected_head,rescue,named_concept,,0.007018976486282332,0.004872841238146763,0.009567027548997397
discovery,biology-focused,individual.layer_11.head_15.trigger_other.rescue,individual_selected_head,rescue,trigger_other,,0.001796842141106225,0.0016524100704301218,0.0019547884239937826
discovery,biology-focused,individual.layer_11.head_15.original_prompt.rescue,individual_selected_head,rescue,original_prompt,,0.0023119931465267365,0.0005400144393230208,0.00433254599806312
discovery,biology-focused,individual.layer_11.head_15.template.rescue,individual_selected_head,rescue,template,,-0.00040137942979943833,-0.0007346722061068971,-6.447739047770226e-05
discovery,biology-focused,individual.layer_11.head_15.response.rescue,individual_selected_head,rescue,response,,0.007065425990856101,0.004150634128733952,0.009917037242278173
discovery,biology-focused,group.selected_attention_12.monitoring_language.rescue,selected_random_source_group,rescue,monitoring_language,,0.0015559750256912005,0.001279876699421381,0.0018749330392058277
discovery,biology-focused,group.selected_attention_12.monitoring_language.induction,selected_random_source_group,induction,monitoring_language,,0.0007516284700265976,0.0006104089003031094,0.0008886493354896602
discovery,biology-focused,group.selected_attention_12.named_concept.rescue,selected_random_source_group,rescue,named_concept,,0.27637460388451074,0.23422947107609557,0.32507084773451167
discovery,biology-focused,group.selected_attention_12.named_concept.induction,selected_random_source_group,induction,named_concept,,0.46876328007353646,0.4132503704318903,0.5325670490169938
discovery,biology-focused,group.selected_attention_12.trigger_other.rescue,selected_random_source_group,rescue,trigger_other,,0.0035734552493513544,0.0016678446856873517,0.005636639258429539
discovery,biology-focused,group.selected_attention_12.trigger_other.induction,selected_random_source_group,induction,trigger_other,,0.021332124630026303,0.01518459384501463,0.02781834750502716
discovery,biology-focused,group.selected_attention_12.original_prompt.rescue,selected_random_source_group,rescue,original_prompt,,0.09804907947143607,0.07146198079422232,0.1303675928160069
discovery,biology-focused,group.selected_attention_12.original_prompt.induction,selected_random_source_group,induction,original_prompt,,0.030726231016739,0.018720153287129657,0.044577002624102545
discovery,biology-focused,group.selected_attention_12.template.rescue,selected_random_source_group,rescue,template,,0.010248817667870546,0.0075185780363055885,0.013585152834589187
discovery,biology-focused,group.selected_attention_12.template.induction,selected_random_source_group,induction,template,,0.005823828878155615,0.004475200216907115,0.007243121087857612
discovery,biology-focused,group.selected_attention_12.response.rescue,selected_random_source_group,rescue,response,,0.16632025690726115,0.15241034808194498,0.18201655417404
discovery,biology-focused,group.selected_attention_12.response.induction,selected_random_source_group,induction,response,,0.06345940380706876,0.04145937111315676,0.08909259117446536
discovery,biology-focused,group.selected_attention_12.trigger_instruction.rescue,selected_random_source_group,rescue,trigger_instruction,,0.2815162683441781,0.23933127850406846,0.33153447507856837
discovery,biology-focused,group.selected_attention_12.trigger_instruction.induction,selected_random_source_group,induction,trigger_instruction,,0.5057767217479925,0.44799004452122826,0.5733678364517897
discovery,biology-focused,group.selected_attention_12.all_prompt.rescue,selected_random_source_group,rescue,all_prompt,,0.6274439146012483,0.5519836085960926,0.7025250220867918
discovery,biology-focused,group.selected_attention_12.all_prompt.induction,selected_random_source_group,induction,all_prompt,,0.7793892183026803,0.7345003705897777,0.8284862256338283
discovery,biology-focused,group.random_attention_12.monitoring_language.rescue,selected_random_source_group,rescue,monitoring_language,,0.0002132304000224194,0.0001201251955810076,0.00030864160050633933
discovery,biology-focused,group.random_attention_12.monitoring_language.induction,selected_random_source_group,induction,monitoring_language,,7.183150366001757e-05,-5.720715169080815e-06,0.0001722781550181583
discovery,biology-focused,group.random_attention_12.named_concept.rescue,selected_random_source_group,rescue,named_concept,,-0.002335719338325504,-0.003339115102065122,-0.0013476059670511084
discovery,biology-focused,group.random_attention_12.named_concept.induction,selected_random_source_group,induction,named_concept,,0.0016622144396513509,0.0009169696306242101,0.002507817482778035
discovery,biology-focused,group.random_attention_12.trigger_other.rescue,selected_random_source_group,rescue,trigger_other,,0.00305470139516631,0.002764612345493547,0.0034266409835647803
discovery,biology-focused,group.random_attention_12.trigger_other.induction,selected_random_source_group,induction,trigger_other,,0.0011594972551952692,0.0007678451991746969,0.0016515023701426613
discovery,biology-focused,group.random_attention_12.original_prompt.rescue,selected_random_source_group,rescue,original_prompt,,-0.0013598945615740077,-0.002126150892275881,-0.0005511072064389341
discovery,biology-focused,group.random_attention_12.original_prompt.induction,selected_random_source_group,induction,original_prompt,,-0.0003552775273228988,-0.0005805908663831937,-0.0001511182150863035
discovery,biology-focused,group.random_attention_12.template.rescue,selected_random_source_group,rescue,template,,0.0010645690013720089,0.00043038715409760063,0.0017210331669988788
discovery,biology-focused,group.random_attention_12.template.induction,selected_random_source_group,induction,template,,-0.00022425032596973835,-0.00036661880230362586,-9.303407070104347e-05
discovery,biology-focused,group.random_attention_12.response.rescue,selected_random_source_group,rescue,response,,-0.009825330274954715,-0.012685197441012208,-0.007390431200818719
discovery,biology-focused,group.random_attention_12.response.induction,selected_random_source_group,induction,response,,-0.008261628148588605,-0.0112362280797814,-0.005617880975893264
discovery,biology-focused,group.random_attention_12.trigger_instruction.rescue,selected_random_source_group,rescue,trigger_instruction,,0.001020484600257095,-0.00012453347506541165,0.002350707210375094
discovery,biology-focused,group.random_attention_12.trigger_instruction.induction,selected_random_source_group,induction,trigger_instruction,,0.003100253710543175,0.0018902367265010397,0.004506091909622059
discovery,biology-focused,group.random_attention_12.all_prompt.rescue,selected_random_source_group,rescue,all_prompt,,0.0006055369453515907,-0.00127001514695737,0.0024129857032709093
discovery,biology-focused,group.random_attention_12.all_prompt.induction,selected_random_source_group,induction,all_prompt,,0.002483353934472674,0.0014083255205048044,0.003758192052378163
discovery,biology-focused,direct.selected_attention_12.rescue,direct_response_output,rescue,,selected_attention_12,0.8608721384532222,0.8257986340579343,0.8920442405361372
discovery,biology-focused,direct.selected_attention_12.induction,direct_response_output,induction,,selected_attention_12,0.8996258429814719,0.8806741290069308,0.9196830328543457
discovery,biology-focused,direct.random_attention_12.rescue,direct_response_output,rescue,,random_attention_12,-0.009175700708168344,-0.013168999183941653,-0.005091494964128118
discovery,biology-focused,direct.random_attention_12.induction,direct_response_output,induction,,random_attention_12,-0.006275467343621438,-0.008949560714326234,-0.004180217474809093
discovery,biology-focused,direct.random_attention_16.rescue,direct_response_output,rescue,,random_attention_16,-0.10112081924102369,-0.11238051666869615,-0.08989286232886139
discovery,biology-focused,direct.random_attention_16.induction,direct_response_output,induction,,random_attention_16,0.025036181972760557,0.012975438361836634,0.03917579587979846
discovery,biology-focused,direct.selected_mlp_4.rescue,direct_response_output,rescue,,selected_mlp_4,0.7135643446453562,0.6559969030386235,0.7616703205412997
discovery,biology-focused,direct.selected_mlp_4.induction,direct_response_output,induction,,selected_mlp_4,0.4577911541119123,0.4193951023831988,0.49819356431630635
discovery,biology-focused,direct.layer_09.mlp.rescue,direct_response_output,rescue,,layer_09.mlp,0.04123474972717111,0.031940512378039486,0.050233677452343646
discovery,biology-focused,direct.layer_09.mlp.induction,direct_response_output,induction,,layer_09.mlp,0.0011987481082284307,-0.0011315097842592694,0.003765703241830459
discovery,biology-focused,direct.layer_10.mlp.rescue,direct_response_output,rescue,,layer_10.mlp,0.04969252410243584,0.041935188233703125,0.05596179299874887
discovery,biology-focused,direct.layer_10.mlp.induction,direct_response_output,induction,,layer_10.mlp,0.06023672839574168,0.044893557684722654,0.07602858957251261
discovery,biology-focused,direct.layer_11.mlp.rescue,direct_response_output,rescue,,layer_11.mlp,0.4716185259761145,0.4356207163110179,0.510446280155711
discovery,biology-focused,direct.layer_11.mlp.induction,direct_response_output,induction,,layer_11.mlp,0.10184065973412489,0.08325689182577835,0.12875056431512413
discovery,biology-focused,direct.layer_12.mlp.rescue,direct_response_output,rescue,,layer_12.mlp,0.052790567721266224,0.033000229256845065,0.07707510351624866
discovery,biology-focused,direct.layer_12.mlp.induction,direct_response_output,induction,,layer_12.mlp,0.004954645136706339,-3.335438653547921e-05,0.009327931807482417
discovery,biology-focused,direct.selected_k16.rescue,direct_response_output,rescue,,selected_k16,0.9616520950849754,0.9502356527068158,0.9716429362699153
discovery,biology-focused,direct.selected_k16.induction,direct_response_output,induction,,selected_k16,0.8628287366392852,0.8462236967381808,0.8769499161010287
discovery,biology-focused,direct.resid_post_layer12_positive_control.rescue,direct_response_output,rescue,,resid_post_layer12_positive_control,1.0,1.0,1.0
discovery,biology-focused,direct.resid_post_layer12_positive_control.induction,direct_response_output,induction,,resid_post_layer12_positive_control,1.0,1.0,1.0
validation,chemistry-based,layer_scan.layer_00.monitoring_language.rescue,layer_source_scan,rescue,monitoring_language,,-0.0004414863403825438,-0.0005967285911532821,-0.00023958177659955216
validation,chemistry-based,layer_scan.layer_00.named_concept.rescue,layer_source_scan,rescue,named_concept,,-0.00013559495765691352,-0.0004282206562272685,0.00014568925867037462
validation,chemistry-based,layer_scan.layer_00.trigger_other.rescue,layer_source_scan,rescue,trigger_other,,-0.00013066050008863326,-0.00025010288755001724,2.5254003523885166e-05
validation,chemistry-based,layer_scan.layer_00.original_prompt.rescue,layer_source_scan,rescue,original_prompt,,0.00012456763994591913,-0.000151896903970722,0.00041988652866621715
validation,chemistry-based,layer_scan.layer_00.template.rescue,layer_source_scan,rescue,template,,-0.0007283315603916327,-0.0009693449037837522,-0.0005035274845855093
validation,chemistry-based,layer_scan.layer_00.response.rescue,layer_source_scan,rescue,response,,0.00018157116857230873,-5.2655960515880425e-05,0.0004472753648182805
validation,chemistry-based,layer_scan.layer_00.trigger_instruction.rescue,layer_source_scan,rescue,trigger_instruction,,-0.0004544958760910525,-0.00073897871168088,-0.00016796296497344597
validation,chemistry-based,layer_scan.layer_01.monitoring_language.rescue,layer_source_scan,rescue,monitoring_language,,0.0002861113776014984,-2.2796030059875907e-05,0.0006324815385710726
validation,chemistry-based,layer_scan.layer_01.named_concept.rescue,layer_source_scan,rescue,named_concept,,0.00046160936762823144,0.00023968954204782068,0.0007210253279067477
validation,chemistry-based,layer_scan.layer_01.trigger_other.rescue,layer_source_scan,rescue,trigger_other,,-7.847052779095921e-05,-0.0002370836055323783,9.861527741625635e-05
validation,chemistry-based,layer_scan.layer_01.original_prompt.rescue,layer_source_scan,rescue,original_prompt,,-0.00047295159089344083,-0.0007004488452032696,-0.00024753177753766923
validation,chemistry-based,layer_scan.layer_01.template.rescue,layer_source_scan,rescue,template,,-5.0005315015307235e-05,-0.00021650901925361252,0.00012432743367787758
validation,chemistry-based,layer_scan.layer_01.response.rescue,layer_source_scan,rescue,response,,-0.00020288071495977084,-0.00038787220100444273,-2.9410115131174235e-05
validation,chemistry-based,layer_scan.layer_01.trigger_instruction.rescue,layer_source_scan,rescue,trigger_instruction,,0.000914092097497695,0.00045489990560745966,0.0014623301624575337
validation,chemistry-based,layer_scan.layer_02.monitoring_language.rescue,layer_source_scan,rescue,monitoring_language,,-0.00013245996039843347,-0.00027294200076416605,2.1763851587029987e-05
validation,chemistry-based,layer_scan.layer_02.named_concept.rescue,layer_source_scan,rescue,named_concept,,-0.00030077697912637004,-0.0004432620957935117,-0.00017105239559573528
validation,chemistry-based,layer_scan.layer_02.trigger_other.rescue,layer_source_scan,rescue,trigger_other,,-0.00027938870635035417,-0.000383527893377368,-0.00017156132901861536
validation,chemistry-based,layer_scan.layer_02.original_prompt.rescue,layer_source_scan,rescue,original_prompt,,-0.00014910496826408537,-0.00028539443122838553,-2.4523285542587302e-05
validation,chemistry-based,layer_scan.layer_02.template.rescue,layer_source_scan,rescue,template,,-0.00023509386616192855,-0.0004545332251709729,1.343933418661156e-05
validation,chemistry-based,layer_scan.layer_02.response.rescue,layer_source_scan,rescue,response,,-1.1780841715723212e-06,-0.00019388788035649163,0.00023883556268778462
validation,chemistry-based,layer_scan.layer_02.trigger_instruction.rescue,layer_source_scan,rescue,trigger_instruction,,-0.00025688139419418135,-0.0003690088305090196,-0.0001257411450887411
validation,chemistry-based,layer_scan.layer_03.monitoring_language.rescue,layer_source_scan,rescue,monitoring_language,,0.00011154685761047422,-5.4045907010152614e-05,0.00028335327925575326
validation,chemistry-based,layer_scan.layer_03.named_concept.rescue,layer_source_scan,rescue,named_concept,,0.0003770740962618987,-8.637643324386528e-06,0.0008275745506599195
validation,chemistry-based,layer_scan.layer_03.trigger_other.rescue,layer_source_scan,rescue,trigger_other,,0.00012645707327120934,-0.00011355975242034265,0.0003852733544170018
validation,chemistry-based,layer_scan.layer_03.original_prompt.rescue,layer_source_scan,rescue,original_prompt,,-1.0616815827821204e-05,-0.00012624496063250453,0.000131856703125399
validation,chemistry-based,layer_scan.layer_03.template.rescue,layer_source_scan,rescue,template,,-8.970028478680611e-05,-0.00030040113382541006,0.0001121589908134125
validation,chemistry-based,layer_scan.layer_03.response.rescue,layer_source_scan,rescue,response,,-0.00018571555059831733,-0.00034045684807149264,-5.4678125567873625e-05
validation,chemistry-based,layer_scan.layer_03.trigger_instruction.rescue,layer_source_scan,rescue,trigger_instruction,,0.0008752743646272237,0.00045653777089866513,0.0013022368686221861
validation,chemistry-based,layer_scan.layer_04.monitoring_language.rescue,layer_source_scan,rescue,monitoring_language,,-0.00030307691433483343,-0.0005232310625958923,-9.263188213110365e-05
validation,chemistry-based,layer_scan.layer_04.named_concept.rescue,layer_source_scan,rescue,named_concept,,-0.00042069695049088335,-0.0007944266364991414,4.3707313360389523e-05
validation,chemistry-based,layer_scan.layer_04.trigger_other.rescue,layer_source_scan,rescue,trigger_other,,0.0007569092394366471,0.0005493868253458838,0.000958911897809612
validation,chemistry-based,layer_scan.layer_04.original_prompt.rescue,layer_source_scan,rescue,original_prompt,,0.00012010554070896144,-0.00029140187456150156,0.0005677769638240696
validation,chemistry-based,layer_scan.layer_04.template.rescue,layer_source_scan,rescue,template,,-0.000156876387477035,-0.00028990951754863777,-3.901141910134543e-05
validation,chemistry-based,layer_scan.layer_04.response.rescue,layer_source_scan,rescue,response,,3.0160641786291858e-05,-0.000384923612178308,0.00036977796450012496
validation,chemistry-based,layer_scan.layer_04.trigger_instruction.rescue,layer_source_scan,rescue,trigger_instruction,,0.00046138724674624047,-7.10563555924624e-05,0.0011144276892068412
validation,chemistry-based,layer_scan.layer_05.monitoring_language.rescue,layer_source_scan,rescue,monitoring_language,,-0.0002934441783639342,-0.0004680337524766694,-0.00013002134381592714
validation,chemistry-based,layer_scan.layer_05.named_concept.rescue,layer_source_scan,rescue,named_concept,,-0.0007896453587913406,-0.0012689473264626517,-0.00035286436052238613
validation,chemistry-based,layer_scan.layer_05.trigger_other.rescue,layer_source_scan,rescue,trigger_other,,-0.00041580185611688,-0.0005303500623863027,-0.0002967849957480337
validation,chemistry-based,layer_scan.layer_05.original_prompt.rescue,layer_source_scan,rescue,original_prompt,,0.00017728058039612887,-0.00029932197716754134,0.0005990877397332913
validation,chemistry-based,layer_scan.layer_05.template.rescue,layer_source_scan,rescue,template,,0.00010996670652593091,-0.00010980232356872045,0.00029087448483915113
validation,chemistry-based,layer_scan.layer_05.response.rescue,layer_source_scan,rescue,response,,1.002355625693395e-05,-0.0002752688380864253,0.0002613030304028946
validation,chemistry-based,layer_scan.layer_05.trigger_instruction.rescue,layer_source_scan,rescue,trigger_instruction,,-0.0011556724557451063,-0.0015096269615313923,-0.0007706648092862633
validation,chemistry-based,layer_scan.layer_06.monitoring_language.rescue,layer_source_scan,rescue,monitoring_language,,0.009445125363662142,0.00493112624858694,0.015588868489994879
validation,chemistry-based,layer_scan.layer_06.named_concept.rescue,layer_source_scan,rescue,named_concept,,-0.002740361554257188,-0.003806821339941616,-0.0018116290455125628
validation,chemistry-based,layer_scan.layer_06.trigger_other.rescue,layer_source_scan,rescue,trigger_other,,0.006251049573885971,0.0052617438498291135,0.00748327976108598
validation,chemistry-based,layer_scan.layer_06.original_prompt.rescue,layer_source_scan,rescue,original_prompt,,0.004425862604969092,0.00323782990263696,0.005561118489403772
validation,chemistry-based,layer_scan.layer_06.template.rescue,layer_source_scan,rescue,template,,-0.00020954152976276566,-0.0005860262285486352,0.00017021528740722105
validation,chemistry-based,layer_scan.layer_06.response.rescue,layer_source_scan,rescue,response,,0.0035822840467049587,0.002331775886553894,0.005140640200644758
validation,chemistry-based,layer_scan.layer_06.trigger_instruction.rescue,layer_source_scan,rescue,trigger_instruction,,0.018569283241190608,0.013154488234377072,0.025345595191729468
validation,chemistry-based,layer_scan.layer_07.monitoring_language.rescue,layer_source_scan,rescue,monitoring_language,,7.388190400096869e-05,-0.00010785488776391116,0.0002545266122233616
validation,chemistry-based,layer_scan.layer_07.named_concept.rescue,layer_source_scan,rescue,named_concept,,0.003684254401479215,0.0008056555156460603,0.006930014529370705
validation,chemistry-based,layer_scan.layer_07.trigger_other.rescue,layer_source_scan,rescue,trigger_other,,0.001105565921087373,0.00041745277925121023,0.0017102886455444453
validation,chemistry-based,layer_scan.layer_07.original_prompt.rescue,layer_source_scan,rescue,original_prompt,,0.001618448660917974,0.001324695849589612,0.001861862348117596
validation,chemistry-based,layer_scan.layer_07.template.rescue,layer_source_scan,rescue,template,,-0.00043207853695036966,-0.0007317227995907729,-0.00019211711629476058
validation,chemistry-based,layer_scan.layer_07.response.rescue,layer_source_scan,rescue,response,,-0.0035356358498301226,-0.004646252002891641,-0.0026390956174874667
validation,chemistry-based,layer_scan.layer_07.trigger_instruction.rescue,layer_source_scan,rescue,trigger_instruction,,0.0053870190245382645,0.0025298378627999648,0.008458599861164661
validation,chemistry-based,layer_scan.layer_08.monitoring_language.rescue,layer_source_scan,rescue,monitoring_language,,-1.110042078608001e-05,-0.00016511934140023342,0.00015824676497027844
validation,chemistry-based,layer_scan.layer_08.named_concept.rescue,layer_source_scan,rescue,named_concept,,-0.00874705004138576,-0.017133859016906478,-0.0033873441364117053
validation,chemistry-based,layer_scan.layer_08.trigger_other.rescue,layer_source_scan,rescue,trigger_other,,-0.004705712423023833,-0.005336062322219664,-0.004027705035920491
validation,chemistry-based,layer_scan.layer_08.original_prompt.rescue,layer_source_scan,rescue,original_prompt,,0.004797465217226505,0.0018634643973661365,0.007931421233389604
validation,chemistry-based,layer_scan.layer_08.template.rescue,layer_source_scan,rescue,template,,-0.00109907942900189,-0.0015503366421000142,-0.0006697523082093813
validation,chemistry-based,layer_scan.layer_08.response.rescue,layer_source_scan,rescue,response,,-0.0009231596904650476,-0.006969439815625503,0.005839025731283345
validation,chemistry-based,layer_scan.layer_08.trigger_instruction.rescue,layer_source_scan,rescue,trigger_instruction,,-0.013595091339944586,-0.022206695091587753,-0.008345666759387619
validation,chemistry-based,layer_scan.layer_09.monitoring_language.rescue,layer_source_scan,rescue,monitoring_language,,-0.0003274314849652856,-0.00045225333625082363,-0.00018268792389153552
validation,chemistry-based,layer_scan.layer_09.named_concept.rescue,layer_source_scan,rescue,named_concept,,0.11838311135870436,0.09954663117129138,0.13800142758998413
validation,chemistry-based,layer_scan.layer_09.trigger_other.rescue,layer_source_scan,rescue,trigger_other,,-0.002319732083527922,-0.0027862605188992634,-0.001831986826582059
validation,chemistry-based,layer_scan.layer_09.original_prompt.rescue,layer_source_scan,rescue,original_prompt,,0.009484671315626735,0.005517256178272549,0.014297248696813166
validation,chemistry-based,layer_scan.layer_09.template.rescue,layer_source_scan,rescue,template,,0.0027020246146882416,0.0017722312470105912,0.003829222106126404
validation,chemistry-based,layer_scan.layer_09.response.rescue,layer_source_scan,rescue,response,,0.017636251823932268,0.008416852080690087,0.02888838419316794
validation,chemistry-based,layer_scan.layer_09.trigger_instruction.rescue,layer_source_scan,rescue,trigger_instruction,,0.11596437802991334,0.09734410061504517,0.13509767562195954
validation,chemistry-based,layer_scan.layer_10.monitoring_language.rescue,layer_source_scan,rescue,monitoring_language,,0.0007382060988416612,0.0005631986146829665,0.0009474003850999902
validation,chemistry-based,layer_scan.layer_10.named_concept.rescue,layer_source_scan,rescue,named_concept,,0.10085875784947432,0.08313148472826526,0.12064388580873771
validation,chemistry-based,layer_scan.layer_10.trigger_other.rescue,layer_source_scan,rescue,trigger_other,,0.0015349902540807872,0.001358336724437024,0.0017201089833954364
validation,chemistry-based,layer_scan.layer_10.original_prompt.rescue,layer_source_scan,rescue,original_prompt,,0.007817367307297686,0.0058380164410101534,0.009875168590380269
validation,chemistry-based,layer_scan.layer_10.template.rescue,layer_source_scan,rescue,template,,-0.0019387272911518037,-0.003501787872054927,-0.0005287774061570701
validation,chemistry-based,layer_scan.layer_10.response.rescue,layer_source_scan,rescue,response,,-0.0030051240222769473,-0.008276892399781764,0.0024009791790063394
validation,chemistry-based,layer_scan.layer_10.trigger_instruction.rescue,layer_source_scan,rescue,trigger_instruction,,0.1048305153986384,0.08692817862245782,0.12476462131809832
validation,chemistry-based,layer_scan.layer_11.monitoring_language.rescue,layer_source_scan,rescue,monitoring_language,,0.000797228397003108,0.0006450276264783536,0.0009609675565904529
validation,chemistry-based,layer_scan.layer_11.named_concept.rescue,layer_source_scan,rescue,named_concept,,0.10735262209891396,0.09338596543515919,0.12116021615824236
validation,chemistry-based,layer_scan.layer_11.trigger_other.rescue,layer_source_scan,rescue,trigger_other,,0.02543140985468759,0.022746874165679564,0.02840584156838368
validation,chemistry-based,layer_scan.layer_11.original_prompt.rescue,layer_source_scan,rescue,original_prompt,,0.053936924917965624,0.04208179540671938,0.06638557276348558
validation,chemistry-based,layer_scan.layer_11.template.rescue,layer_source_scan,rescue,template,,0.004438610656601333,0.0018694002942496856,0.007202641178488535
validation,chemistry-based,layer_scan.layer_11.response.rescue,layer_source_scan,rescue,response,,0.032171074759132466,0.02436269562148718,0.03918063163249478
validation,chemistry-based,layer_scan.layer_11.trigger_instruction.rescue,layer_source_scan,rescue,trigger_instruction,,0.14999919038344342,0.1344257540579612,0.16566445120634177
validation,chemistry-based,layer_scan.layer_12.monitoring_language.rescue,layer_source_scan,rescue,monitoring_language,,0.0003695079279905357,0.00023349520684330842,0.0005173133678145339
validation,chemistry-based,layer_scan.layer_12.named_concept.rescue,layer_source_scan,rescue,named_concept,,0.10921975336298959,0.09564603625455656,0.12411103601650517
validation,chemistry-based,layer_scan.layer_12.trigger_other.rescue,layer_source_scan,rescue,trigger_other,,0.0040315642995543246,0.002811392895998887,0.005193913854029982
validation,chemistry-based,layer_scan.layer_12.original_prompt.rescue,layer_source_scan,rescue,original_prompt,,0.006930247432849856,0.002885143588004884,0.010242023188685938
validation,chemistry-based,layer_scan.layer_12.template.rescue,layer_source_scan,rescue,template,,0.012712450434674118,0.009988817684149075,0.015431686729913246
validation,chemistry-based,layer_scan.layer_12.response.rescue,layer_source_scan,rescue,response,,0.07172807653469088,0.0656720002069904,0.07800856015143717
validation,chemistry-based,layer_scan.layer_12.trigger_instruction.rescue,layer_source_scan,rescue,trigger_instruction,,0.14015184627734667,0.12421819478506632,0.157916786514611
validation,chemistry-based,individual.layer_11.head_08.monitoring_language.rescue,individual_selected_head,rescue,monitoring_language,,4.791625406189856e-05,-2.1884965182114644e-07,9.630104821531595e-05
validation,chemistry-based,individual.layer_11.head_08.named_concept.rescue,individual_selected_head,rescue,named_concept,,0.058429187608366344,0.05162181130137642,0.0644254804104418
validation,chemistry-based,individual.layer_11.head_08.trigger_other.rescue,individual_selected_head,rescue,trigger_other,,0.014133250873814411,0.012657964196987777,0.015738571703948205
validation,chemistry-based,individual.layer_11.head_08.original_prompt.rescue,individual_selected_head,rescue,original_prompt,,0.03529843836957953,0.024187641138827654,0.04717744320372346
validation,chemistry-based,individual.layer_11.head_08.template.rescue,individual_selected_head,rescue,template,,0.004606280994280435,0.003585543466288078,0.005663588808906704
validation,chemistry-based,individual.layer_11.head_08.response.rescue,individual_selected_head,rescue,response,,0.023343737859705543,0.014995167023282113,0.03057004896106131
validation,chemistry-based,individual.layer_10.head_12.monitoring_language.rescue,individual_selected_head,rescue,monitoring_language,,0.0003831247815536019,0.00029381529913866333,0.0004814090407244857
validation,chemistry-based,individual.layer_10.head_12.named_concept.rescue,individual_selected_head,rescue,named_concept,,0.05021540200647641,0.04644626463901394,0.05400217008617532
validation,chemistry-based,individual.layer_10.head_12.trigger_other.rescue,individual_selected_head,rescue,trigger_other,,0.0007234617709282359,0.0005403833762694485,0.0009085596813583981
validation,chemistry-based,individual.layer_10.head_12.original_prompt.rescue,individual_selected_head,rescue,original_prompt,,-0.0017862764513741835,-0.003006057595022264,-0.0004898520624509935
validation,chemistry-based,individual.layer_10.head_12.template.rescue,individual_selected_head,rescue,template,,0.0001563927825187762,-0.00010262094656576013,0.000402379742344171
validation,chemistry-based,individual.layer_10.head_12.response.rescue,individual_selected_head,rescue,response,,-0.0035288007123096157,-0.005255389596595181,-0.0018391315068489488
validation,chemistry-based,individual.layer_11.head_09.monitoring_language.rescue,individual_selected_head,rescue,monitoring_language,,-1.1491241072114742e-05,-6.807488377171006e-05,4.3151559556574606e-05
validation,chemistry-based,individual.layer_11.head_09.named_concept.rescue,individual_selected_head,rescue,named_concept,,0.06579116212107482,0.05805709080148358,0.07416891378573161
validation,chemistry-based,individual.layer_11.head_09.trigger_other.rescue,individual_selected_head,rescue,trigger_other,,0.005792696104755785,0.004590065291645734,0.006907021491940677
validation,chemistry-based,individual.layer_11.head_09.original_prompt.rescue,individual_selected_head,rescue,original_prompt,,0.01159393964598312,0.010324564045611185,0.012881398283832354
validation,chemistry-based,individual.layer_11.head_09.template.rescue,individual_selected_head,rescue,template,,-0.00019733612788019894,-0.0012798596647542403,0.0010317568973880321
validation,chemistry-based,individual.layer_11.head_09.response.rescue,individual_selected_head,rescue,response,,0.010876590416794736,0.007955180796638655,0.013957175174504446
validation,chemistry-based,individual.layer_10.head_02.monitoring_language.rescue,individual_selected_head,rescue,monitoring_language,,1.6951478449664735e-05,-4.1323849238609425e-05,9.687769593414594e-05
validation,chemistry-based,individual.layer_10.head_02.named_concept.rescue,individual_selected_head,rescue,named_concept,,0.044835808567372806,0.03956517516819103,0.05146628051143042
validation,chemistry-based,individual.layer_10.head_02.trigger_other.rescue,individual_selected_head,rescue,trigger_other,,-0.00012329677110212273,-0.00021255604395210221,-3.964948502453284e-05
validation,chemistry-based,individual.layer_10.head_02.original_prompt.rescue,individual_selected_head,rescue,original_prompt,,0.011238532176513908,0.009318553100097824,0.013306266713791174
validation,chemistry-based,individual.layer_10.head_02.template.rescue,individual_selected_head,rescue,template,,-0.0006050263543193077,-0.0010076061225412671,-0.0002835741186376041
validation,chemistry-based,individual.layer_10.head_02.response.rescue,individual_selected_head,rescue,response,,0.012339205814884013,0.009900388408776935,0.014847436247497774
validation,chemistry-based,individual.layer_09.head_11.monitoring_language.rescue,individual_selected_head,rescue,monitoring_language,,-2.6384586792445492e-05,-9.912768887277622e-05,4.8989525356508155e-05
validation,chemistry-based,individual.layer_09.head_11.named_concept.rescue,individual_selected_head,rescue,named_concept,,0.09449264965871702,0.08461217037191283,0.10562916088621013
validation,chemistry-based,individual.layer_09.head_11.trigger_other.rescue,individual_selected_head,rescue,trigger_other,,-0.000635653731123454,-0.0007964769399985788,-0.00046977718604174516
validation,chemistry-based,individual.layer_09.head_11.original_prompt.rescue,individual_selected_head,rescue,original_prompt,,0.006950716293873833,0.0041094799654633665,0.010497510219688033
validation,chemistry-based,individual.layer_09.head_11.template.rescue,individual_selected_head,rescue,template,,0.0008852107595254017,0.00019672711741257218,0.0017733080867065674
validation,chemistry-based,individual.layer_09.head_11.response.rescue,individual_selected_head,rescue,response,,0.015650314004558814,0.008043537195254814,0.025512032567907447
validation,chemistry-based,individual.layer_12.head_12.monitoring_language.rescue,individual_selected_head,rescue,monitoring_language,,0.0006136665754630827,0.0004175327450831806,0.0008300602237276374
validation,chemistry-based,individual.layer_12.head_12.named_concept.rescue,individual_selected_head,rescue,named_concept,,0.006370837397383983,0.005857039853585328,0.006896908117613538
validation,chemistry-based,individual.layer_12.head_12.trigger_other.rescue,individual_selected_head,rescue,trigger_other,,0.010743674968005384,0.009601538462783462,0.011821838164794877
validation,chemistry-based,individual.layer_12.head_12.original_prompt.rescue,individual_selected_head,rescue,original_prompt,,-0.001152382817366253,-0.0016726711390052406,-0.0006956832113449716
validation,chemistry-based,individual.layer_12.head_12.template.rescue,individual_selected_head,rescue,template,,0.000697288058390845,0.0004768352369401805,0.0009628926403772375
validation,chemistry-based,individual.layer_12.head_12.response.rescue,individual_selected_head,rescue,response,,0.019209112282564146,0.016079352381131715,0.02250612175212156
validation,chemistry-based,individual.layer_12.head_03.monitoring_language.rescue,individual_selected_head,rescue,monitoring_language,,0.000112477515989449,7.54311561008509e-05,0.00015245203290468096
validation,chemistry-based,individual.layer_12.head_03.named_concept.rescue,individual_selected_head,rescue,named_concept,,0.02427385921224413,0.020944901148921703,0.028456777444553057
validation,chemistry-based,individual.layer_12.head_03.trigger_other.rescue,individual_selected_head,rescue,trigger_other,,-0.0038609473456179245,-0.004214397047937174,-0.0034598268789818
validation,chemistry-based,individual.layer_12.head_03.original_prompt.rescue,individual_selected_head,rescue,original_prompt,,0.0038488544100047204,0.0030093338311291806,0.00473108894146126
validation,chemistry-based,individual.layer_12.head_03.template.rescue,individual_selected_head,rescue,template,,0.0005292409587093784,0.00041796858922246754,0.0006511464923392782
validation,chemistry-based,individual.layer_12.head_03.response.rescue,individual_selected_head,rescue,response,,0.021709563602673957,0.016330935555051444,0.02757029545660666
validation,chemistry-based,individual.layer_09.head_04.monitoring_language.rescue,individual_selected_head,rescue,monitoring_language,,-9.211830957810014e-05,-0.00016898635599678973,-1.4146990212587089e-05
validation,chemistry-based,individual.layer_09.head_04.named_concept.rescue,individual_selected_head,rescue,named_concept,,-0.001216662913620397,-0.0014953642876501627,-0.0009950190230506078
validation,chemistry-based,individual.layer_09.head_04.trigger_other.rescue,individual_selected_head,rescue,trigger_other,,-0.0014090898888429223,-0.0017569665072441009,-0.0011645407035169816
validation,chemistry-based,individual.layer_09.head_04.original_prompt.rescue,individual_selected_head,rescue,original_prompt,,-0.0002873091433702092,-0.0005500250461111827,-3.641572627855983e-05
validation,chemistry-based,individual.layer_09.head_04.template.rescue,individual_selected_head,rescue,template,,0.00026840356349037075,7.532478318012369e-05,0.0004361044625321929
validation,chemistry-based,individual.layer_09.head_04.response.rescue,individual_selected_head,rescue,response,,0.0037457087827156258,0.0026064918667185674,0.00487489104208649
validation,chemistry-based,individual.layer_11.head_14.monitoring_language.rescue,individual_selected_head,rescue,monitoring_language,,-2.299091711443167e-05,-8.298016941141839e-05,4.886828109356196e-05
validation,chemistry-based,individual.layer_11.head_14.named_concept.rescue,individual_selected_head,rescue,named_concept,,-0.019205353097510706,-0.021892841068921608,-0.01621538141288213
validation,chemistry-based,individual.layer_11.head_14.trigger_other.rescue,individual_selected_head,rescue,trigger_other,,-0.001264823781818159,-0.0013678971622230211,-0.0011533420972535359
validation,chemistry-based,individual.layer_11.head_14.original_prompt.rescue,individual_selected_head,rescue,original_prompt,,-8.862342025766006e-05,-0.002457408090621033,0.0023052599275194628
validation,chemistry-based,individual.layer_11.head_14.template.rescue,individual_selected_head,rescue,template,,0.0036074343161911506,0.0027244034452228514,0.004548122588054727
validation,chemistry-based,individual.layer_11.head_14.response.rescue,individual_selected_head,rescue,response,,-0.009293037227603216,-0.012410352049844706,-0.006775641608003546
validation,chemistry-based,individual.layer_12.head_02.monitoring_language.rescue,individual_selected_head,rescue,monitoring_language,,-3.0495228937645336e-05,-8.387441084734963e-05,2.5840541115418122e-05
validation,chemistry-based,individual.layer_12.head_02.named_concept.rescue,individual_selected_head,rescue,named_concept,,0.016816454258324835,0.012952452654955076,0.021132563504559953
validation,chemistry-based,individual.layer_12.head_02.trigger_other.rescue,individual_selected_head,rescue,trigger_other,,-0.0019055160018090537,-0.0023060162170525983,-0.0015438240776802416
validation,chemistry-based,individual.layer_12.head_02.original_prompt.rescue,individual_selected_head,rescue,original_prompt,,-0.0007413242261597369,-0.0021703638960078285,0.0006086995015007735
validation,chemistry-based,individual.layer_12.head_02.template.rescue,individual_selected_head,rescue,template,,0.0006856140596310162,0.0003794303341032867,0.0010429367369727016
validation,chemistry-based,individual.layer_12.head_02.response.rescue,individual_selected_head,rescue,response,,0.004154616456520584,-0.000419874336296926,0.008802039725046576
validation,chemistry-based,individual.layer_09.head_13.monitoring_language.rescue,individual_selected_head,rescue,monitoring_language,,-4.542793785225297e-05,-0.00010892322417497666,1.8089093828827587e-05
validation,chemistry-based,individual.layer_09.head_13.named_concept.rescue,individual_selected_head,rescue,named_concept,,-0.02416768543065245,-0.028196702620155816,-0.020727988434375125
validation,chemistry-based,individual.layer_09.head_13.trigger_other.rescue,individual_selected_head,rescue,trigger_other,,-5.8811423906391987e-05,-0.0001352452839435142,2.3686505861764474e-05
validation,chemistry-based,individual.layer_09.head_13.original_prompt.rescue,individual_selected_head,rescue,original_prompt,,0.0015830639609197934,0.0006072551630857633,0.0026649577438064486
validation,chemistry-based,individual.layer_09.head_13.template.rescue,individual_selected_head,rescue,template,,0.0002786267473754232,0.00011488945355912054,0.00047886805285466164
validation,chemistry-based,individual.layer_09.head_13.response.rescue,individual_selected_head,rescue,response,,0.002059054952742756,0.0004935701728341061,0.00383795347663973
validation,chemistry-based,individual.layer_11.head_15.monitoring_language.rescue,individual_selected_head,rescue,monitoring_language,,0.00015473109338894506,3.2077357625931274e-05,0.00028367422714648953
validation,chemistry-based,individual.layer_11.head_15.named_concept.rescue,individual_selected_head,rescue,named_concept,,-0.010341762696154775,-0.013609437751882567,-0.007286651117580627
validation,chemistry-based,individual.layer_11.head_15.trigger_other.rescue,individual_selected_head,rescue,trigger_other,,0.0020047899777753436,0.0017001188338671917,0.0023337408145186938
validation,chemistry-based,individual.layer_11.head_15.original_prompt.rescue,individual_selected_head,rescue,original_prompt,,0.006972987426864345,0.00468167451325703,0.009412883157761839
validation,chemistry-based,individual.layer_11.head_15.template.rescue,individual_selected_head,rescue,template,,-0.0042969565786825144,-0.005674797494168074,-0.0030050663583260423
validation,chemistry-based,individual.layer_11.head_15.response.rescue,individual_selected_head,rescue,response,,0.023113226994020138,0.019159535853262844,0.02729567183598717
validation,chemistry-based,group.selected_attention_12.monitoring_language.rescue,selected_random_source_group,rescue,monitoring_language,,0.001063008684760598,0.0008556701647732578,0.0012871571501598467
validation,chemistry-based,group.selected_attention_12.monitoring_language.induction,selected_random_source_group,induction,monitoring_language,,0.001240874089757412,0.0009294182194188597,0.0015628908497773524
validation,chemistry-based,group.selected_attention_12.named_concept.rescue,selected_random_source_group,rescue,named_concept,,0.3513077168705418,0.33410522928261754,0.37031967698105583
validation,chemistry-based,group.selected_attention_12.named_concept.induction,selected_random_source_group,induction,named_concept,,0.5562036221263473,0.474899310915871,0.6250730339176934
validation,chemistry-based,group.selected_attention_12.trigger_other.rescue,selected_random_source_group,rescue,trigger_other,,0.027300385565580763,0.024149407711636983,0.03052168653186842
validation,chemistry-based,group.selected_attention_12.trigger_other.induction,selected_random_source_group,induction,trigger_other,,0.030083017567177853,0.020866895677449242,0.04034826234630358
validation,chemistry-based,group.selected_attention_12.original_prompt.rescue,selected_random_source_group,rescue,original_prompt,,0.0818052426505732,0.06402141608797081,0.1007922798155262
validation,chemistry-based,group.selected_attention_12.original_prompt.induction,selected_random_source_group,induction,original_prompt,,0.05021473845548717,0.03705034905428938,0.06305973781348917
validation,chemistry-based,group.selected_attention_12.template.rescue,selected_random_source_group,rescue,template,,0.007011909191033976,0.0032494257733864727,0.011551614848145153
validation,chemistry-based,group.selected_attention_12.template.induction,selected_random_source_group,induction,template,,0.004227078473870851,0.0028335727274066036,0.005350191996266711
validation,chemistry-based,group.selected_attention_12.response.rescue,selected_random_source_group,rescue,response,,0.13712619997256778,0.11354721451459418,0.16436034057281784
validation,chemistry-based,group.selected_attention_12.response.induction,selected_random_source_group,induction,response,,0.044883173736714826,0.030760300466799024,0.05895023014945394
validation,chemistry-based,group.selected_attention_12.trigger_instruction.rescue,selected_random_source_group,rescue,trigger_instruction,,0.4120453112091113,0.3919211785855858,0.43473846750819295
validation,chemistry-based,group.selected_attention_12.trigger_instruction.induction,selected_random_source_group,induction,trigger_instruction,,0.6146869313151876,0.5306349661991856,0.6837677380654692
validation,chemistry-based,group.selected_attention_12.all_prompt.rescue,selected_random_source_group,rescue,all_prompt,,0.6531787622419569,0.6155741267627055,0.6874223419118527
validation,chemistry-based,group.selected_attention_12.all_prompt.induction,selected_random_source_group,induction,all_prompt,,0.7568818089135496,0.6960078035208459,0.8088767849542812
validation,chemistry-based,group.random_attention_12.monitoring_language.rescue,selected_random_source_group,rescue,monitoring_language,,4.481218502749321e-05,-7.203228160908692e-05,0.00016257364327230272
validation,chemistry-based,group.random_attention_12.monitoring_language.induction,selected_random_source_group,induction,monitoring_language,,0.0001411001815422085,3.047619357327144e-05,0.0002929815843954073
validation,chemistry-based,group.random_attention_12.named_concept.rescue,selected_random_source_group,rescue,named_concept,,0.014160076890714106,0.012063178849045616,0.016655992986605618
validation,chemistry-based,group.random_attention_12.named_concept.induction,selected_random_source_group,induction,named_concept,,0.017856235846805343,0.012384273722025696,0.026411371083197504
validation,chemistry-based,group.random_attention_12.trigger_other.rescue,selected_random_source_group,rescue,trigger_other,,-0.00210139006818754,-0.0026088317864716745,-0.0016963293659558716
validation,chemistry-based,group.random_attention_12.trigger_other.induction,selected_random_source_group,induction,trigger_other,,0.001736794104511412,0.0012906052427886943,0.002177564070421765
validation,chemistry-based,group.random_attention_12.original_prompt.rescue,selected_random_source_group,rescue,original_prompt,,-0.0018342883017650404,-0.003142752542428517,-0.0004155685864573679
validation,chemistry-based,group.random_attention_12.original_prompt.induction,selected_random_source_group,induction,original_prompt,,-0.000427349330323676,-0.0011558352386722953,0.00047800078069447116
validation,chemistry-based,group.random_attention_12.template.rescue,selected_random_source_group,rescue,template,,0.00544769457685934,0.0047075161118159195,0.006312035596542302
validation,chemistry-based,group.random_attention_12.template.induction,selected_random_source_group,induction,template,,0.0010713874218281052,0.000721942892451959,0.0014929542079998475
validation,chemistry-based,group.random_attention_12.response.rescue,selected_random_source_group,rescue,response,,-0.002031483846808536,-0.0059489185971209535,0.0019252183117268462
validation,chemistry-based,group.random_attention_12.response.induction,selected_random_source_group,induction,response,,-0.006820190753308435,-0.012086845845307935,5.2346102298958424e-05
validation,chemistry-based,group.random_attention_12.trigger_instruction.rescue,selected_random_source_group,rescue,trigger_instruction,,0.012938454214614821,0.010945181079258766,0.01538433465870995
validation,chemistry-based,group.random_attention_12.trigger_instruction.induction,selected_random_source_group,induction,trigger_instruction,,0.019646035304067305,0.013845692882395,0.02834250584071597
validation,chemistry-based,group.random_attention_12.all_prompt.rescue,selected_random_source_group,rescue,all_prompt,,0.01687394982687969,0.014551799286029095,0.01934699435582189
validation,chemistry-based,group.random_attention_12.all_prompt.induction,selected_random_source_group,induction,all_prompt,,0.020673133509020454,0.014342271381633905,0.03040120205321731
validation,chemistry-based,direct.selected_attention_12.rescue,direct_response_output,rescue,,selected_attention_12,0.878137421258042,0.8575311672660306,0.8943079817404391
validation,chemistry-based,direct.selected_attention_12.induction,direct_response_output,induction,,selected_attention_12,0.8423980054579487,0.7940757553343244,0.8828876542755043
validation,chemistry-based,direct.random_attention_12.rescue,direct_response_output,rescue,,random_attention_12,0.015647561392616166,0.013440206262859408,0.018267483026322834
validation,chemistry-based,direct.random_attention_12.induction,direct_response_output,induction,,random_attention_12,0.012294542647663425,0.003502028956562741,0.0274542290258885
validation,chemistry-based,direct.random_attention_16.rescue,direct_response_output,rescue,,random_attention_16,-0.06346054892598607,-0.07358082616807188,-0.05408352115134509
validation,chemistry-based,direct.random_attention_16.induction,direct_response_output,induction,,random_attention_16,0.06985385708398868,0.050189940058649005,0.09644401772711085
validation,chemistry-based,direct.selected_mlp_4.rescue,direct_response_output,rescue,,selected_mlp_4,0.20114609707757158,0.13804457961995262,0.2582758522853366
validation,chemistry-based,direct.selected_mlp_4.induction,direct_response_output,induction,,selected_mlp_4,0.10065686121437147,0.06596832127359195,0.13122787227268853
validation,chemistry-based,direct.layer_09.mlp.rescue,direct_response_output,rescue,,layer_09.mlp,0.024047245302792137,0.0094980409019059,0.041993458467464564
validation,chemistry-based,direct.layer_09.mlp.induction,direct_response_output,induction,,layer_09.mlp,0.02492413355838471,0.016809130444023473,0.035166880045186526
validation,chemistry-based,direct.layer_10.mlp.rescue,direct_response_output,rescue,,layer_10.mlp,0.02108891006022673,-0.003720252468419438,0.04848054420463129
validation,chemistry-based,direct.layer_10.mlp.induction,direct_response_output,induction,,layer_10.mlp,0.06571567194942196,0.04529163330043703,0.08494352859691022
validation,chemistry-based,direct.layer_11.mlp.rescue,direct_response_output,rescue,,layer_11.mlp,0.21115747042587685,0.1857147143420882,0.2354944949250214
validation,chemistry-based,direct.layer_11.mlp.induction,direct_response_output,induction,,layer_11.mlp,0.07048785193763904,0.05268694190482568,0.08682351097533778
validation,chemistry-based,direct.layer_12.mlp.rescue,direct_response_output,rescue,,layer_12.mlp,-0.001242299599721582,-0.03174683552217201,0.018834283391179076
validation,chemistry-based,direct.layer_12.mlp.induction,direct_response_output,induction,,layer_12.mlp,-0.012170436119421892,-0.03853006046104211,0.002307166282992911
validation,chemistry-based,direct.selected_k16.rescue,direct_response_output,rescue,,selected_k16,0.9194323699173726,0.9026328973197095,0.9339532304745718
validation,chemistry-based,direct.selected_k16.induction,direct_response_output,induction,,selected_k16,0.8487304524942858,0.8184636468876577,0.8800754627117374
validation,chemistry-based,direct.resid_post_layer12_positive_control.rescue,direct_response_output,rescue,,resid_post_layer12_positive_control,1.0,1.0,1.0
validation,chemistry-based,direct.resid_post_layer12_positive_control.induction,direct_response_output,induction,,resid_post_layer12_positive_control,1.0,1.0,1.0
discovery,comforting,layer_scan.layer_00.monitoring_language.rescue,layer_source_scan,rescue,monitoring_language,,0.00012938744609460354,-6.297242437313088e-05,0.000329394874218833
discovery,comforting,layer_scan.layer_00.named_concept.rescue,layer_source_scan,rescue,named_concept,,4.013626069626003e-05,-7.451444775294503e-05,0.0001818471903279918
discovery,comforting,layer_scan.layer_00.trigger_other.rescue,layer_source_scan,rescue,trigger_other,,-2.5900684400470232e-05,-0.0001377831961783264,8.132452009189728e-05
discovery,comforting,layer_scan.layer_00.original_prompt.rescue,layer_source_scan,rescue,original_prompt,,5.128056044037059e-05,-9.842040320493455e-05,0.00021408409460923821
discovery,comforting,layer_scan.layer_00.template.rescue,layer_source_scan,rescue,template,,-9.420689330866228e-05,-0.00017982305293810292,-1.399707609173897e-05
discovery,comforting,layer_scan.layer_00.response.rescue,layer_source_scan,rescue,response,,7.18412915041919e-07,-0.0001351747919327349,0.0001535406320918771
discovery,comforting,layer_scan.layer_00.trigger_instruction.rescue,layer_source_scan,rescue,trigger_instruction,,-2.8820899140074697e-05,-0.00029377144026726114,0.00015067945305319115
discovery,comforting,layer_scan.layer_01.monitoring_language.rescue,layer_source_scan,rescue,monitoring_language,,5.372760505227951e-05,-5.171488868757597e-05,0.0001576782205915133
discovery,comforting,layer_scan.layer_01.named_concept.rescue,layer_source_scan,rescue,named_concept,,5.3540033725918365e-05,-7.432031374361711e-05,0.00018189066834942738
discovery,comforting,layer_scan.layer_01.trigger_other.rescue,layer_source_scan,rescue,trigger_other,,2.8863968114961947e-05,-8.58093826374524e-05,0.00015029111346497395
discovery,comforting,layer_scan.layer_01.original_prompt.rescue,layer_source_scan,rescue,original_prompt,,-2.846034629067526e-05,-0.0002897127697877528,0.00019442690212015815
discovery,comforting,layer_scan.layer_01.template.rescue,layer_source_scan,rescue,template,,0.00011630230242464793,-6.262721110398873e-06,0.0002669600600126975
discovery,comforting,layer_scan.layer_01.response.rescue,layer_source_scan,rescue,response,,1.2308894994341484e-05,-0.00011165503501169325,0.00017031300590380827
discovery,comforting,layer_scan.layer_01.trigger_instruction.rescue,layer_source_scan,rescue,trigger_instruction,,1.660777754567122e-05,-2.3078840327790064e-05,6.364326434558785e-05
discovery,comforting,layer_scan.layer_02.monitoring_language.rescue,layer_source_scan,rescue,monitoring_language,,8.405379106612401e-05,-4.373956173094087e-05,0.00023089348656000369
discovery,comforting,layer_scan.layer_02.named_concept.rescue,layer_source_scan,rescue,named_concept,,9.84801191823848e-05,1.525011459270843e-05,0.00020764976486245797
discovery,comforting,layer_scan.layer_02.trigger_other.rescue,layer_source_scan,rescue,trigger_other,,6.913599503658734e-05,-4.005941631926029e-05,0.00019029533431853834
discovery,comforting,layer_scan.layer_02.original_prompt.rescue,layer_source_scan,rescue,original_prompt,,-2.7657541613398946e-05,-0.00016025507491764364,0.0001026780017050983
discovery,comforting,layer_scan.layer_02.template.rescue,layer_source_scan,rescue,template,,-8.833948929621172e-06,-0.0001618208405543672,0.0001475638586716774
discovery,comforting,layer_scan.layer_02.response.rescue,layer_source_scan,rescue,response,,9.955888202242401e-05,1.8901131372553658e-05,0.00018368479364707927
discovery,comforting,layer_scan.layer_02.trigger_instruction.rescue,layer_source_scan,rescue,trigger_instruction,,0.00011520169869284765,1.5143314392773477e-07,0.00024092672131697547
discovery,comforting,layer_scan.layer_03.monitoring_language.rescue,layer_source_scan,rescue,monitoring_language,,-6.864507017668313e-05,-0.00022373054665018963,0.0001078929263271906
discovery,comforting,layer_scan.layer_03.named_concept.rescue,layer_source_scan,rescue,named_concept,,0.00016623469251557336,2.492121781957949e-05,0.000346655889846493
discovery,comforting,layer_scan.layer_03.trigger_other.rescue,layer_source_scan,rescue,trigger_other,,2.81417774623993e-05,-8.252223211183181e-05,0.0001695061443609794
discovery,comforting,layer_scan.layer_03.original_prompt.rescue,layer_source_scan,rescue,original_prompt,,-4.112976127449879e-05,-0.0002767211681844905,0.0001351059071708138
discovery,comforting,layer_scan.layer_03.template.rescue,layer_source_scan,rescue,template,,5.491611828694466e-05,-5.559627115031129e-05,0.0001613293492985182
discovery,comforting,layer_scan.layer_03.response.rescue,layer_source_scan,rescue,response,,5.130903557650654e-05,-0.00023912244432265582,0.00033930104976210586
discovery,comforting,layer_scan.layer_03.trigger_instruction.rescue,layer_source_scan,rescue,trigger_instruction,,-0.0001111880805787806,-0.00038872867712301496,0.00012154851910106764
discovery,comforting,layer_scan.layer_04.monitoring_language.rescue,layer_source_scan,rescue,monitoring_language,,-4.358952786284711e-06,-0.00016126116255147627,0.0002120586497768504
discovery,comforting,layer_scan.layer_04.named_concept.rescue,layer_source_scan,rescue,named_concept,,0.001108596266226179,0.00040287568010943,0.0018042867974944362
discovery,comforting,layer_scan.layer_04.trigger_other.rescue,layer_source_scan,rescue,trigger_other,,0.00016974036779146488,9.639164391751002e-06,0.000329135958462272
discovery,comforting,layer_scan.layer_04.original_prompt.rescue,layer_source_scan,rescue,original_prompt,,0.0004042845932552951,1.3233146644498335e-05,0.000859927787118202
discovery,comforting,layer_scan.layer_04.template.rescue,layer_source_scan,rescue,template,,0.00012096351917879371,2.386625737332102e-05,0.00023411836094179225
discovery,comforting,layer_scan.layer_04.response.rescue,layer_source_scan,rescue,response,,-0.00013325342690577937,-0.0003278481741892248,5.686587267123954e-05
discovery,comforting,layer_scan.layer_04.trigger_instruction.rescue,layer_source_scan,rescue,trigger_instruction,,0.0013355471683651012,0.0004313550942424734,0.0022407538388660216
discovery,comforting,layer_scan.layer_05.monitoring_language.rescue,layer_source_scan,rescue,monitoring_language,,0.00010956928517351659,-4.1598921469443986e-05,0.00029090511002660696
discovery,comforting,layer_scan.layer_05.named_concept.rescue,layer_source_scan,rescue,named_concept,,0.0001403895079390915,-4.287983681146934e-06,0.00032405966693274066
discovery,comforting,layer_scan.layer_05.trigger_other.rescue,layer_source_scan,rescue,trigger_other,,-2.3994544006331716e-05,-0.00017166141965053146,0.00011906254885603001
discovery,comforting,layer_scan.layer_05.original_prompt.rescue,layer_source_scan,rescue,original_prompt,,-9.447918730239087e-05,-0.00021631795585466898,-5.958277950100355e-06
discovery,comforting,layer_scan.layer_05.template.rescue,layer_source_scan,rescue,template,,8.779681237237138e-05,3.931123789884533e-08,0.00019865924239445573
discovery,comforting,layer_scan.layer_05.response.rescue,layer_source_scan,rescue,response,,0.0002068610289022934,2.5355306756515822e-05,0.0004448569552769669
discovery,comforting,layer_scan.layer_05.trigger_instruction.rescue,layer_source_scan,rescue,trigger_instruction,,0.00020213293529837387,-2.7784697799569846e-05,0.00043177321059991076
discovery,comforting,layer_scan.layer_06.monitoring_language.rescue,layer_source_scan,rescue,monitoring_language,,1.6388397242783104e-05,-5.539146463942853e-05,0.00012184663258771486
discovery,comforting,layer_scan.layer_06.named_concept.rescue,layer_source_scan,rescue,named_concept,,0.0013992193183761388,3.017342128339392e-05,0.0028895146966544313
discovery,comforting,layer_scan.layer_06.trigger_other.rescue,layer_source_scan,rescue,trigger_other,,0.0014221902546255319,0.00040710235157630686,0.002815300912015163
discovery,comforting,layer_scan.layer_06.original_prompt.rescue,layer_source_scan,rescue,original_prompt,,0.00015862957248032085,-0.00043797115863027086,0.0007587490488777204
discovery,comforting,layer_scan.layer_06.template.rescue,layer_source_scan,rescue,template,,7.225053525680182e-05,-7.019289810224652e-05,0.00022807673389166648
discovery,comforting,layer_scan.layer_06.response.rescue,layer_source_scan,rescue,response,,0.0001630623822546215,-0.00024411754380782163,0.0005401065018897147
discovery,comforting,layer_scan.layer_06.trigger_instruction.rescue,layer_source_scan,rescue,trigger_instruction,,0.0033053538167536842,0.0003230046701997591,0.006988780822960114
discovery,comforting,layer_scan.layer_07.monitoring_language.rescue,layer_source_scan,rescue,monitoring_language,,3.398592414770218e-05,-0.00016645902840020129,0.0002301675361664863
discovery,comforting,layer_scan.layer_07.named_concept.rescue,layer_source_scan,rescue,named_concept,,-0.0004001932510597757,-0.0010747061585959377,0.00014073352936147692
discovery,comforting,layer_scan.layer_07.trigger_other.rescue,layer_source_scan,rescue,trigger_other,,0.0005076298197908462,-1.2670685053037057e-05,0.001078555116127142
discovery,comforting,layer_scan.layer_07.original_prompt.rescue,layer_source_scan,rescue,original_prompt,,0.0003917641074879572,-9.999449772376793e-06,0.000884341747839357
discovery,comforting,layer_scan.layer_07.template.rescue,layer_source_scan,rescue,template,,0.00010152282531721733,1.582142371104228e-05,0.00018966251838410217
discovery,comforting,layer_scan.layer_07.response.rescue,layer_source_scan,rescue,response,,-0.0007232759205133517,-0.0017480124253813312,0.00010616735283460302
discovery,comforting,layer_scan.layer_07.trigger_instruction.rescue,layer_source_scan,rescue,trigger_instruction,,0.00011119626212172187,-0.0011109316428411543,0.001270424167727336
discovery,comforting,layer_scan.layer_08.monitoring_language.rescue,layer_source_scan,rescue,monitoring_language,,-2.8685670203183202e-06,-0.00013495977799387728,0.00014698388731154146
discovery,comforting,layer_scan.layer_08.named_concept.rescue,layer_source_scan,rescue,named_concept,,0.00236608299325959,0.0008723733181758989,0.003851279614064387
discovery,comforting,layer_scan.layer_08.trigger_other.rescue,layer_source_scan,rescue,trigger_other,,-0.005991841149173385,-0.011904873375150699,-0.0016459071200108932
discovery,comforting,layer_scan.layer_08.original_prompt.rescue,layer_source_scan,rescue,original_prompt,,0.0018253884402098307,0.0001249582066646942,0.004199123329215353
discovery,comforting,layer_scan.layer_08.template.rescue,layer_source_scan,rescue,template,,0.00045110086584997116,0.0001289732468898511,0.0008703340550010438
discovery,comforting,layer_scan.layer_08.response.rescue,layer_source_scan,rescue,response,,0.0002843387860724718,-0.000993933109193074,0.0018138428666761542
discovery,comforting,layer_scan.layer_08.trigger_instruction.rescue,layer_source_scan,rescue,trigger_instruction,,-0.0032236415978913694,-0.007627988092392625,-0.0001960503457066986
discovery,comforting,layer_scan.layer_09.monitoring_language.rescue,layer_source_scan,rescue,monitoring_language,,-0.0001404623485756273,-0.00032551948993568135,9.408123790446552e-06
discovery,comforting,layer_scan.layer_09.named_concept.rescue,layer_source_scan,rescue,named_concept,,0.12052908348638829,0.06874727672086887,0.16594942789768274
discovery,comforting,layer_scan.layer_09.trigger_other.rescue,layer_source_scan,rescue,trigger_other,,-0.000606936556137312,-0.0010450810996090818,-0.00019200580138346035
discovery,comforting,layer_scan.layer_09.original_prompt.rescue,layer_source_scan,rescue,original_prompt,,0.007422756696799758,0.002397934717406357,0.013194990381475001
discovery,comforting,layer_scan.layer_09.template.rescue,layer_source_scan,rescue,template,,0.0027166141126367593,0.0010886438927124019,0.004288547590204769
discovery,comforting,layer_scan.layer_09.response.rescue,layer_source_scan,rescue,response,,0.0013709095823461442,-0.0003396054220953598,0.003104183888666351
discovery,comforting,layer_scan.layer_09.trigger_instruction.rescue,layer_source_scan,rescue,trigger_instruction,,0.12429537049963876,0.07145396732685053,0.17120096291668196
discovery,comforting,layer_scan.layer_10.monitoring_language.rescue,layer_source_scan,rescue,monitoring_language,,-0.0002923681685720525,-0.0005559992915612243,-7.243806454923582e-05
discovery,comforting,layer_scan.layer_10.named_concept.rescue,layer_source_scan,rescue,named_concept,,0.6499172228530723,0.5645191955390376,0.7316596149934301
discovery,comforting,layer_scan.layer_10.trigger_other.rescue,layer_source_scan,rescue,trigger_other,,-0.0010443588691399699,-0.001738828045100049,-0.0003491245274257127
discovery,comforting,layer_scan.layer_10.original_prompt.rescue,layer_source_scan,rescue,original_prompt,,0.005410044448421289,0.0007495553178174835,0.012594699030063439
discovery,comforting,layer_scan.layer_10.template.rescue,layer_source_scan,rescue,template,,0.0022411571070610472,0.0009606387081001472,0.003456279014247269
discovery,comforting,layer_scan.layer_10.response.rescue,layer_source_scan,rescue,response,,-0.0030209272676067515,-0.006873418013204055,0.0003897411276242687
discovery,comforting,layer_scan.layer_10.trigger_instruction.rescue,layer_source_scan,rescue,trigger_instruction,,0.6533303103515887,0.5689418173547881,0.7346714391151927
discovery,comforting,layer_scan.layer_11.monitoring_language.rescue,layer_source_scan,rescue,monitoring_language,,-8.978794177215517e-05,-0.0002135546715405861,1.5935884837193806e-05
discovery,comforting,layer_scan.layer_11.named_concept.rescue,layer_source_scan,rescue,named_concept,,0.009753936511871555,0.003607208650930813,0.016509523598522112
discovery,comforting,layer_scan.layer_11.trigger_other.rescue,layer_source_scan,rescue,trigger_other,,-0.0007588931320233356,-0.0016134185711251276,-1.94219799333555e-05
discovery,comforting,layer_scan.layer_11.original_prompt.rescue,layer_source_scan,rescue,original_prompt,,0.014028846754982218,0.0037463006945640605,0.028851096797352604
discovery,comforting,layer_scan.layer_11.template.rescue,layer_source_scan,rescue,template,,0.0031717725170510884,0.001290206205878253,0.005096789801026734
discovery,comforting,layer_scan.layer_11.response.rescue,layer_source_scan,rescue,response,,0.0078794945142966,0.0027752547783891995,0.013756541773550996
discovery,comforting,layer_scan.layer_11.trigger_instruction.rescue,layer_source_scan,rescue,trigger_instruction,,0.009529567597342503,0.0035737239695277866,0.01600922358529174
discovery,comforting,layer_scan.layer_12.monitoring_language.rescue,layer_source_scan,rescue,monitoring_language,,-5.695883314511848e-05,-0.0001914867541203793,2.772606604400906e-05
discovery,comforting,layer_scan.layer_12.named_concept.rescue,layer_source_scan,rescue,named_concept,,0.016154222392191758,0.006009209002775223,0.02719928408523786
discovery,comforting,layer_scan.layer_12.trigger_other.rescue,layer_source_scan,rescue,trigger_other,,-0.0046655742256415805,-0.008022206579828068,-0.0014969981261524535
discovery,comforting,layer_scan.layer_12.original_prompt.rescue,layer_source_scan,rescue,original_prompt,,0.0009991093695129155,-2.04949882026917e-05,0.001960658376229031
discovery,comforting,layer_scan.layer_12.template.rescue,layer_source_scan,rescue,template,,0.0003494563625646037,-0.00011834755480129845,0.000847672148485342
discovery,comforting,layer_scan.layer_12.response.rescue,layer_source_scan,rescue,response,,0.004202831001991317,0.001614130349874482,0.00735545782993929
discovery,comforting,layer_scan.layer_12.trigger_instruction.rescue,layer_source_scan,rescue,trigger_instruction,,0.010039987609791745,0.003813754757031784,0.016600694563507365
discovery,comforting,individual.layer_11.head_08.monitoring_language.rescue,individual_selected_head,rescue,monitoring_language,,-3.6389633446446026e-05,-0.00018209718108803155,7.581744204511577e-05
discovery,comforting,individual.layer_11.head_08.named_concept.rescue,individual_selected_head,rescue,named_concept,,0.002507344774047287,0.0008770734496182794,0.004257220047426623
discovery,comforting,individual.layer_11.head_08.trigger_other.rescue,individual_selected_head,rescue,trigger_other,,-0.0008521679699168365,-0.0017216358634026536,-0.00017617323955074663
discovery,comforting,individual.layer_11.head_08.original_prompt.rescue,individual_selected_head,rescue,original_prompt,,0.008049374729284573,0.0018901288232796415,0.01715121688315763
discovery,comforting,individual.layer_11.head_08.template.rescue,individual_selected_head,rescue,template,,0.0009320031211969269,0.00039861483346964594,0.0014621401132839224
discovery,comforting,individual.layer_11.head_08.response.rescue,individual_selected_head,rescue,response,,0.003195801283220161,0.0014424339063571188,0.005053072576004566
discovery,comforting,individual.layer_10.head_12.monitoring_language.rescue,individual_selected_head,rescue,monitoring_language,,-6.829908003558693e-05,-0.00022476933303998634,2.3518999639943383e-05
discovery,comforting,individual.layer_10.head_12.named_concept.rescue,individual_selected_head,rescue,named_concept,,0.6091290059734648,0.5115822746439511,0.7005592316251452
discovery,comforting,individual.layer_10.head_12.trigger_other.rescue,individual_selected_head,rescue,trigger_other,,-0.00041352666235894726,-0.0007383297513848693,-0.00013918721954288358
discovery,comforting,individual.layer_10.head_12.original_prompt.rescue,individual_selected_head,rescue,original_prompt,,0.004075903459689628,0.0006947660519124038,0.008943372071090834
discovery,comforting,individual.layer_10.head_12.template.rescue,individual_selected_head,rescue,template,,0.001128986820966226,0.00046387802466759965,0.0017530190142087114
discovery,comforting,individual.layer_10.head_12.response.rescue,individual_selected_head,rescue,response,,0.0018581160531993845,0.0004393663288167585,0.003421275949010607
discovery,comforting,individual.layer_11.head_09.monitoring_language.rescue,individual_selected_head,rescue,monitoring_language,,-9.855924067506106e-05,-0.0002352981436512836,1.1393698400962904e-05
discovery,comforting,individual.layer_11.head_09.named_concept.rescue,individual_selected_head,rescue,named_concept,,0.0018378418289082992,0.0004908415182372162,0.0033095974616074194
discovery,comforting,individual.layer_11.head_09.trigger_other.rescue,individual_selected_head,rescue,trigger_other,,-0.0005439892497847993,-0.0009584956163915038,-0.00016690536617114632
discovery,comforting,individual.layer_11.head_09.original_prompt.rescue,individual_selected_head,rescue,original_prompt,,0.004469652468181799,0.0011444715202242946,0.009763755485392227
discovery,comforting,individual.layer_11.head_09.template.rescue,individual_selected_head,rescue,template,,0.00017683461469099603,-3.69185315058817e-05,0.0003917462820177496
discovery,comforting,individual.layer_11.head_09.response.rescue,individual_selected_head,rescue,response,,0.0011473724111282866,0.00045221268005545836,0.001950137211643348
discovery,comforting,individual.layer_10.head_02.monitoring_language.rescue,individual_selected_head,rescue,monitoring_language,,-2.1731073340657473e-05,-0.00013819123511748548,7.489789546399206e-05
discovery,comforting,individual.layer_10.head_02.named_concept.rescue,individual_selected_head,rescue,named_concept,,0.00038747900073638256,0.00014215670869916015,0.0006211912832318374
discovery,comforting,individual.layer_10.head_02.trigger_other.rescue,individual_selected_head,rescue,trigger_other,,-0.0001641341787921732,-0.00034325242303198834,-2.6756054843236444e-05
discovery,comforting,individual.layer_10.head_02.original_prompt.rescue,individual_selected_head,rescue,original_prompt,,0.0014680818802751945,0.0001819673494486584,0.0033611548660405495
discovery,comforting,individual.layer_10.head_02.template.rescue,individual_selected_head,rescue,template,,7.944212879687742e-05,9.461046537771625e-06,0.00019541219717706318
discovery,comforting,individual.layer_10.head_02.response.rescue,individual_selected_head,rescue,response,,-6.422581598304212e-05,-0.0002733882012477086,0.00011938662343174523
discovery,comforting,individual.layer_09.head_11.monitoring_language.rescue,individual_selected_head,rescue,monitoring_language,,-9.86334562397194e-05,-0.00023233388507753162,-2.0886449334383536e-06
discovery,comforting,individual.layer_09.head_11.named_concept.rescue,individual_selected_head,rescue,named_concept,,-0.00013199674433125633,-0.0015142902983318915,0.0012655938270566915
discovery,comforting,individual.layer_09.head_11.trigger_other.rescue,individual_selected_head,rescue,trigger_other,,-0.00024408322542839936,-0.0005437686589517579,1.2501762545253391e-05
discovery,comforting,individual.layer_09.head_11.original_prompt.rescue,individual_selected_head,rescue,original_prompt,,0.0020562177332553973,0.0007839556652198575,0.0033206473233779407
discovery,comforting,individual.layer_09.head_11.template.rescue,individual_selected_head,rescue,template,,0.0005296228754525582,0.000127951798550048,0.0009648833378756193
discovery,comforting,individual.layer_09.head_11.response.rescue,individual_selected_head,rescue,response,,0.0008047435501836068,0.00010808851056458212,0.0015020037509049801
discovery,comforting,individual.layer_12.head_12.monitoring_language.rescue,individual_selected_head,rescue,monitoring_language,,-3.978549549032571e-05,-0.00013311180562310343,1.686596648892059e-05
discovery,comforting,individual.layer_12.head_12.named_concept.rescue,individual_selected_head,rescue,named_concept,,0.01507499784379464,0.005420314301034076,0.025610068269106792
discovery,comforting,individual.layer_12.head_12.trigger_other.rescue,individual_selected_head,rescue,trigger_other,,-0.0001750843484857088,-0.0003356527277407807,-4.815496196317181e-05
discovery,comforting,individual.layer_12.head_12.original_prompt.rescue,individual_selected_head,rescue,original_prompt,,0.0006700393089232601,0.00020431550616807775,0.0011645942121830516
discovery,comforting,individual.layer_12.head_12.template.rescue,individual_selected_head,rescue,template,,0.00020013799241870307,4.949364769198381e-05,0.0003872173922798713
discovery,comforting,individual.layer_12.head_12.response.rescue,individual_selected_head,rescue,response,,0.002389072329909744,0.0008976163559580802,0.004061340255088982
discovery,comforting,individual.layer_12.head_03.monitoring_language.rescue,individual_selected_head,rescue,monitoring_language,,-3.30694356860389e-05,-0.0001272969625430391,3.22973343402868e-05
discovery,comforting,individual.layer_12.head_03.named_concept.rescue,individual_selected_head,rescue,named_concept,,-3.1314071581637385e-05,-0.0001056913184877214,1.936932803380335e-05
discovery,comforting,individual.layer_12.head_03.trigger_other.rescue,individual_selected_head,rescue,trigger_other,,-0.0029379150347480544,-0.005280889208755934,-0.0008000334225704392
discovery,comforting,individual.layer_12.head_03.original_prompt.rescue,individual_selected_head,rescue,original_prompt,,0.0008864644168249715,0.00020429153530998327,0.0016632377043422908
discovery,comforting,individual.layer_12.head_03.template.rescue,individual_selected_head,rescue,template,,0.00018745437906811653,5.660590851842164e-05,0.00033388153544721923
discovery,comforting,individual.layer_12.head_03.response.rescue,individual_selected_head,rescue,response,,0.002720675748313975,0.0006970440128771324,0.005035971535237585
discovery,comforting,individual.layer_09.head_04.monitoring_language.rescue,individual_selected_head,rescue,monitoring_language,,-5.306298497499079e-05,-0.0001914821389315747,2.7792784962802828e-05
discovery,comforting,individual.layer_09.head_04.named_concept.rescue,individual_selected_head,rescue,named_concept,,0.07926930453506238,0.04217330470785944,0.11421553594803303
discovery,comforting,individual.layer_09.head_04.trigger_other.rescue,individual_selected_head,rescue,trigger_other,,-5.722812823901755e-05,-0.00013298648823950802,8.749085886247201e-06
discovery,comforting,individual.layer_09.head_04.original_prompt.rescue,individual_selected_head,rescue,original_prompt,,0.0007932284205068095,5.680529340044382e-06,0.0017357068128698624
discovery,comforting,individual.layer_09.head_04.template.rescue,individual_selected_head,rescue,template,,0.0012494243116695023,0.0004920120587006568,0.00201311988223911
discovery,comforting,individual.layer_09.head_04.response.rescue,individual_selected_head,rescue,response,,0.0017005928453132238,0.00010304617092880437,0.003577769991857092
discovery,comforting,individual.layer_11.head_14.monitoring_language.rescue,individual_selected_head,rescue,monitoring_language,,-4.121673167551393e-05,-0.00012155287847906359,6.755264284411259e-06
discovery,comforting,individual.layer_11.head_14.named_concept.rescue,individual_selected_head,rescue,named_concept,,-8.37231032697173e-05,-0.00020867024961802516,1.9095930440330596e-05
discovery,comforting,individual.layer_11.head_14.trigger_other.rescue,individual_selected_head,rescue,trigger_other,,-8.877109796979167e-05,-0.000250089526228886,2.628523962563048e-05
discovery,comforting,individual.layer_11.head_14.original_prompt.rescue,individual_selected_head,rescue,original_prompt,,0.00044916376910768854,2.092647297637741e-05,0.0011404930771748412
discovery,comforting,individual.layer_11.head_14.template.rescue,individual_selected_head,rescue,template,,-3.2600420320179445e-05,-0.0001308506532088326,5.501221281454635e-05
discovery,comforting,individual.layer_11.head_14.response.rescue,individual_selected_head,rescue,response,,-8.994096348958073e-05,-0.00019035976550957497,1.0782996010656764e-05
discovery,comforting,individual.layer_12.head_02.monitoring_language.rescue,individual_selected_head,rescue,monitoring_language,,-4.8075372967331535e-05,-0.0001729173214985333,3.463021276322656e-05
discovery,comforting,individual.layer_12.head_02.named_concept.rescue,individual_selected_head,rescue,named_concept,,-5.958916576433177e-06,-6.00018892961027e-05,3.463185858654809e-05
discovery,comforting,individual.layer_12.head_02.trigger_other.rescue,individual_selected_head,rescue,trigger_other,,-0.00027885523604979153,-0.0007200732104344134,-1.7746120480414083e-05
discovery,comforting,individual.layer_12.head_02.original_prompt.rescue,individual_selected_head,rescue,original_prompt,,0.00045892049600246016,1.852462412656584e-05,0.0011668321765400719
discovery,comforting,individual.layer_12.head_02.template.rescue,individual_selected_head,rescue,template,,-5.537160804961301e-05,-0.00015502881516480833,6.764706151287885e-06
discovery,comforting,individual.layer_12.head_02.response.rescue,individual_selected_head,rescue,response,,0.0007357051116298434,8.895795010424748e-05,0.001551447678130186
discovery,comforting,individual.layer_09.head_13.monitoring_language.rescue,individual_selected_head,rescue,monitoring_language,,-0.0001348944327327527,-0.0002716651228598935,-6.081980897780295e-06
discovery,comforting,individual.layer_09.head_13.named_concept.rescue,individual_selected_head,rescue,named_concept,,-0.00014958517999236312,-0.0003323462833293999,3.4330417462074003e-06
discovery,comforting,individual.layer_09.head_13.trigger_other.rescue,individual_selected_head,rescue,trigger_other,,-0.00011296345003148737,-0.000244740068412321,6.587735867187701e-06
discovery,comforting,individual.layer_09.head_13.original_prompt.rescue,individual_selected_head,rescue,original_prompt,,0.0013479995118876008,0.0003043353106799322,0.0026139564351756236
discovery,comforting,individual.layer_09.head_13.template.rescue,individual_selected_head,rescue,template,,8.839252923831375e-05,1.343278288356534e-05,0.00017662910531238263
discovery,comforting,individual.layer_09.head_13.response.rescue,individual_selected_head,rescue,response,,0.0001428097134928568,-8.127585730411917e-06,0.0002684470323501548
discovery,comforting,individual.layer_11.head_15.monitoring_language.rescue,individual_selected_head,rescue,monitoring_language,,-0.00011705679610547802,-0.00023277439611979538,-1.443010130122709e-05
discovery,comforting,individual.layer_11.head_15.named_concept.rescue,individual_selected_head,rescue,named_concept,,-0.0002880248478826108,-0.0004927650132737436,-8.936352771081024e-05
discovery,comforting,individual.layer_11.head_15.trigger_other.rescue,individual_selected_head,rescue,trigger_other,,0.00020402489231448364,9.831203188185144e-06,0.0004694992349692294
discovery,comforting,individual.layer_11.head_15.original_prompt.rescue,individual_selected_head,rescue,original_prompt,,0.00016218363946122766,-2.1073065227075124e-05,0.00040552936074056547
discovery,comforting,individual.layer_11.head_15.template.rescue,individual_selected_head,rescue,template,,0.0004322286745013475,6.324745602129901e-05,0.0008873775736128483
discovery,comforting,individual.layer_11.head_15.response.rescue,individual_selected_head,rescue,response,,1.1275010154115524e-05,-6.299591312895373e-05,0.00012081654697190674
discovery,comforting,group.selected_attention_12.monitoring_language.rescue,selected_random_source_group,rescue,monitoring_language,,-9.640805407659076e-05,-0.00020750870104921883,9.273468421188552e-07
discovery,comforting,group.selected_attention_12.monitoring_language.induction,selected_random_source_group,induction,monitoring_language,,0.00012463897184753276,-6.912941381968741e-05,0.00037471991676615494
discovery,comforting,group.selected_attention_12.named_concept.rescue,selected_random_source_group,rescue,named_concept,,0.9704475198391459,0.9036689739308484,1.07005658447563
discovery,comforting,group.selected_attention_12.named_concept.induction,selected_random_source_group,induction,named_concept,,0.913155617405085,0.8677119544873122,0.9563834304054519
discovery,comforting,group.selected_attention_12.trigger_other.rescue,selected_random_source_group,rescue,trigger_other,,-0.004831465734944791,-0.008490545743248068,-0.0014102022915559963
discovery,comforting,group.selected_attention_12.trigger_other.induction,selected_random_source_group,induction,trigger_other,,-0.007031806632080825,-0.015070440942112025,-0.001889523858096362
discovery,comforting,group.selected_attention_12.original_prompt.rescue,selected_random_source_group,rescue,original_prompt,,0.025838673872137147,0.007040447609307156,0.05050354116940009
discovery,comforting,group.selected_attention_12.original_prompt.induction,selected_random_source_group,induction,original_prompt,,0.030317863189400152,0.01645242340770432,0.04576315263927578
discovery,comforting,group.selected_attention_12.template.rescue,selected_random_source_group,rescue,template,,0.005345332762817213,0.0021657568353453255,0.008801256923894154
discovery,comforting,group.selected_attention_12.template.induction,selected_random_source_group,induction,template,,0.017175941709854883,0.005825460226522484,0.03157850268347738
discovery,comforting,group.selected_attention_12.response.rescue,selected_random_source_group,rescue,response,,0.02008545016895516,0.007916425077343013,0.031918730100805426
discovery,comforting,group.selected_attention_12.response.induction,selected_random_source_group,induction,response,,0.021649830024313144,0.004066971781683615,0.04932531813918412
discovery,comforting,group.selected_attention_12.trigger_instruction.rescue,selected_random_source_group,rescue,trigger_instruction,,0.9656379440906965,0.8988887361192769,1.0642747947218325
discovery,comforting,group.selected_attention_12.trigger_instruction.induction,selected_random_source_group,induction,trigger_instruction,,0.9036417014516245,0.8581187336927609,0.9475742667151775
discovery,comforting,group.selected_attention_12.all_prompt.rescue,selected_random_source_group,rescue,all_prompt,,1.0396353725064775,0.9905088507561916,1.1189443987532053
discovery,comforting,group.selected_attention_12.all_prompt.induction,selected_random_source_group,induction,all_prompt,,0.9681181329666647,0.9502570175484344,0.9884602217496231
discovery,comforting,group.random_attention_12.monitoring_language.rescue,selected_random_source_group,rescue,monitoring_language,,-0.0002719141106004177,-0.0005752289750225908,-1.2656508159876739e-05
discovery,comforting,group.random_attention_12.monitoring_language.induction,selected_random_source_group,induction,monitoring_language,,0.00029311315651291933,-3.516857728601792e-05,0.000751599468314251
discovery,comforting,group.random_attention_12.named_concept.rescue,selected_random_source_group,rescue,named_concept,,-0.0009296914513738236,-0.0020947803204278232,0.0001358143546291261
discovery,comforting,group.random_attention_12.named_concept.induction,selected_random_source_group,induction,named_concept,,0.0031702936904816773,0.0005923882798258063,0.00716531271979569
discovery,comforting,group.random_attention_12.trigger_other.rescue,selected_random_source_group,rescue,trigger_other,,0.00010483044061171152,-8.853019881394268e-05,0.0003528242279810948
discovery,comforting,group.random_attention_12.trigger_other.induction,selected_random_source_group,induction,trigger_other,,0.00023409949357692476,-0.00048767326194655954,0.0009896772798440642
discovery,comforting,group.random_attention_12.original_prompt.rescue,selected_random_source_group,rescue,original_prompt,,0.00047053517451075714,-0.00024391693999966518,0.0016563454085475296
discovery,comforting,group.random_attention_12.original_prompt.induction,selected_random_source_group,induction,original_prompt,,0.0015655149792977426,-0.00038115750570449203,0.00415037722381106
discovery,comforting,group.random_attention_12.template.rescue,selected_random_source_group,rescue,template,,0.000916537951004832,0.0003480632101611761,0.0015217466739445972
discovery,comforting,group.random_attention_12.template.induction,selected_random_source_group,induction,template,,0.0021720107098428905,0.0005641103832363298,0.004467992338903514
discovery,comforting,group.random_attention_12.response.rescue,selected_random_source_group,rescue,response,,-0.003569213490032243,-0.006791568265772416,-0.0008848027077542678
discovery,comforting,group.random_attention_12.response.induction,selected_random_source_group,induction,response,,0.0020545217608574813,-0.0019541720689652165,0.00645602064902668
discovery,comforting,group.random_attention_12.trigger_instruction.rescue,selected_random_source_group,rescue,trigger_instruction,,-0.0007077345902565743,-0.0021150872331628275,0.0004428036486843232
discovery,comforting,group.random_attention_12.trigger_instruction.induction,selected_random_source_group,induction,trigger_instruction,,0.00372945948105047,0.0010328193590888042,0.007405925053288089
discovery,comforting,group.random_attention_12.all_prompt.rescue,selected_random_source_group,rescue,all_prompt,,0.001247806205746014,-0.0005114391293650132,0.003271640030751661
discovery,comforting,group.random_attention_12.all_prompt.induction,selected_random_source_group,induction,all_prompt,,0.007662179849806222,0.002280728281860692,0.015570317126355138
discovery,comforting,direct.selected_attention_12.rescue,direct_response_output,rescue,,selected_attention_12,1.0023329476180962,0.9760974026150532,1.038731153711606
discovery,comforting,direct.selected_attention_12.induction,direct_response_output,induction,,selected_attention_12,0.9749774984628137,0.9582644584919204,0.9911723281463196
discovery,comforting,direct.random_attention_12.rescue,direct_response_output,rescue,,random_attention_12,-0.0009227316741741452,-0.0019201846359598873,-0.00021461322857851075
discovery,comforting,direct.random_attention_12.induction,direct_response_output,induction,,random_attention_12,0.009672280794916588,0.0032500631069114494,0.01823142998799288
discovery,comforting,direct.random_attention_16.rescue,direct_response_output,rescue,,random_attention_16,0.005225058184090008,0.00205754424344874,0.008491940747007001
discovery,comforting,direct.random_attention_16.induction,direct_response_output,induction,,random_attention_16,0.0211532245724858,0.008144137492680701,0.038325019776107784
discovery,comforting,direct.selected_mlp_4.rescue,direct_response_output,rescue,,selected_mlp_4,0.8105628597654909,0.6975738261329956,0.8984691019476229
discovery,comforting,direct.selected_mlp_4.induction,direct_response_output,induction,,selected_mlp_4,0.8941892608969773,0.8555059595908725,0.9404151492788098
discovery,comforting,direct.layer_09.mlp.rescue,direct_response_output,rescue,,layer_09.mlp,0.005836073225547792,0.002683910620557892,0.008629584780848281
discovery,comforting,direct.layer_09.mlp.induction,direct_response_output,induction,,layer_09.mlp,0.012691682556423556,0.0031615155821871233,0.027440573107290353
discovery,comforting,direct.layer_10.mlp.rescue,direct_response_output,rescue,,layer_10.mlp,0.15374303998540975,0.0816593042499253,0.21727925031940776
discovery,comforting,direct.layer_10.mlp.induction,direct_response_output,induction,,layer_10.mlp,0.18531570459919422,0.09404577948634525,0.3043958917596965
discovery,comforting,direct.layer_11.mlp.rescue,direct_response_output,rescue,,layer_11.mlp,0.1905237990699958,0.11246883717687234,0.25993465886212824
discovery,comforting,direct.layer_11.mlp.induction,direct_response_output,induction,,layer_11.mlp,0.2611044097300145,0.13903117677636756,0.411388914796716
discovery,comforting,direct.layer_12.mlp.rescue,direct_response_output,rescue,,layer_12.mlp,0.05548719778242301,0.02888083432760666,0.07883305366559923
discovery,comforting,direct.layer_12.mlp.induction,direct_response_output,induction,,layer_12.mlp,0.10953470439723761,0.041474987038618766,0.2062295101349186
discovery,comforting,direct.selected_k16.rescue,direct_response_output,rescue,,selected_k16,0.9978464641180544,0.9920371257167094,1.0051903336132775
discovery,comforting,direct.selected_k16.induction,direct_response_output,induction,,selected_k16,0.9913376436087443,0.9847142273413853,0.997119872982412
discovery,comforting,direct.resid_post_layer12_positive_control.rescue,direct_response_output,rescue,,resid_post_layer12_positive_control,1.0,1.0,1.0
discovery,comforting,direct.resid_post_layer12_positive_control.induction,direct_response_output,induction,,resid_post_layer12_positive_control,1.0,1.0,1.0
validation,confused,layer_scan.layer_00.monitoring_language.rescue,layer_source_scan,rescue,monitoring_language,,-0.0001448988328014185,-0.000552812563244798,0.0001460146445601644
validation,confused,layer_scan.layer_00.named_concept.rescue,layer_source_scan,rescue,named_concept,,-7.397369928740444e-05,-0.0004208177792982612,0.00022440089803417093
validation,confused,layer_scan.layer_00.trigger_other.rescue,layer_source_scan,rescue,trigger_other,,-0.0002835639895195882,-0.0006193257385256383,1.1908487722613476e-05
validation,confused,layer_scan.layer_00.original_prompt.rescue,layer_source_scan,rescue,original_prompt,,-0.00038692541700276477,-0.0006727337876757549,-0.00013452061991918966
validation,confused,layer_scan.layer_00.template.rescue,layer_source_scan,rescue,template,,-0.00017094261316531823,-0.0004985557898175273,0.00015288844591628253
validation,confused,layer_scan.layer_00.response.rescue,layer_source_scan,rescue,response,,-0.0004622088291909859,-0.000818076802560938,-7.963235596711233e-05
validation,confused,layer_scan.layer_00.trigger_instruction.rescue,layer_source_scan,rescue,trigger_instruction,,1.369346637151757e-05,-0.00043131961232925636,0.000393791270185862
validation,confused,layer_scan.layer_01.monitoring_language.rescue,layer_source_scan,rescue,monitoring_language,,0.00018551943908908878,-0.00017229724575429644,0.0005270856510841777
validation,confused,layer_scan.layer_01.named_concept.rescue,layer_source_scan,rescue,named_concept,,0.00019502739742437936,-0.0001698270684437579,0.0006101890383804221
validation,confused,layer_scan.layer_01.trigger_other.rescue,layer_source_scan,rescue,trigger_other,,-0.00023669298740950975,-0.000464281760134799,1.5772716828644864e-05
validation,confused,layer_scan.layer_01.original_prompt.rescue,layer_source_scan,rescue,original_prompt,,-0.0002752319861718394,-0.0005159881820248718,-1.3330773956798404e-05
validation,confused,layer_scan.layer_01.template.rescue,layer_source_scan,rescue,template,,-0.0002949389853943409,-0.0006136559758623622,3.1902964843347476e-06
validation,confused,layer_scan.layer_01.response.rescue,layer_source_scan,rescue,response,,-0.0004886288036859712,-0.0009287388574585209,-2.7888352594550787e-05
validation,confused,layer_scan.layer_01.trigger_instruction.rescue,layer_source_scan,rescue,trigger_instruction,,0.0005388966994685935,2.4083994039101194e-05,0.0011605411465541431
validation,confused,layer_scan.layer_02.monitoring_language.rescue,layer_source_scan,rescue,monitoring_language,,-0.00011504573853237747,-0.0004409249640996841,0.00018369537761209643
validation,confused,layer_scan.layer_02.named_concept.rescue,layer_source_scan,rescue,named_concept,,-0.0003055225802822171,-0.0005563553233755534,-7.996981415043467e-05
validation,confused,layer_scan.layer_02.trigger_other.rescue,layer_source_scan,rescue,trigger_other,,-0.00017888448926601524,-0.0005193031619859886,0.0001330708520096131
validation,confused,layer_scan.layer_02.original_prompt.rescue,layer_source_scan,rescue,original_prompt,,-0.00012344183421357047,-0.00044385389830861957,0.00019630212840950336
validation,confused,layer_scan.layer_02.template.rescue,layer_source_scan,rescue,template,,-0.00030668181553059954,-0.0007251612536566351,4.520071282915942e-05
validation,confused,layer_scan.layer_02.response.rescue,layer_source_scan,rescue,response,,-0.00010522567839944545,-0.0004963675629492332,0.00029334099128037664
validation,confused,layer_scan.layer_02.trigger_instruction.rescue,layer_source_scan,rescue,trigger_instruction,,4.8350699025682e-05,-9.326825898238385e-05,0.00017798339352974486
validation,confused,layer_scan.layer_03.monitoring_language.rescue,layer_source_scan,rescue,monitoring_language,,-1.9968941802664816e-05,-0.00047647654952977036,0.00031352757630811925
validation,confused,layer_scan.layer_03.named_concept.rescue,layer_source_scan,rescue,named_concept,,-0.00014029533128620748,-0.000393428899759267,9.270268996193308e-05
validation,confused,layer_scan.layer_03.trigger_other.rescue,layer_source_scan,rescue,trigger_other,,-0.00020203018150895887,-0.0006412767170709385,0.00016119440300888587
validation,confused,layer_scan.layer_03.original_prompt.rescue,layer_source_scan,rescue,original_prompt,,-0.00046996957478412317,-0.0009121638843290863,-6.689442760202945e-05
validation,confused,layer_scan.layer_03.template.rescue,layer_source_scan,rescue,template,,-0.0005233891413982851,-0.000984697702967839,-0.00012597755600320936
validation,confused,layer_scan.layer_03.response.rescue,layer_source_scan,rescue,response,,-0.0003261268721729377,-0.000693263975120228,8.506525339565416e-06
validation,confused,layer_scan.layer_03.trigger_instruction.rescue,layer_source_scan,rescue,trigger_instruction,,-4.967991828885129e-05,-0.0005599992256016604,0.0003811816691420957
validation,confused,layer_scan.layer_04.monitoring_language.rescue,layer_source_scan,rescue,monitoring_language,,0.0005231801446587931,-0.00010234929409408016,0.0013506044642725464
validation,confused,layer_scan.layer_04.named_concept.rescue,layer_source_scan,rescue,named_concept,,-0.00010778658511402108,-0.00032138924558374366,0.00015454665481427367
validation,confused,layer_scan.layer_04.trigger_other.rescue,layer_source_scan,rescue,trigger_other,,0.00015033553465140442,-0.00033714757077460145,0.0007167259760428564
validation,confused,layer_scan.layer_04.original_prompt.rescue,layer_source_scan,rescue,original_prompt,,-0.00017616195840623245,-0.0006260950945589899,0.0002893221622821097
validation,confused,layer_scan.layer_04.template.rescue,layer_source_scan,rescue,template,,-3.7404843122686274e-05,-0.0003750262429281612,0.00030961396225802785
validation,confused,layer_scan.layer_04.response.rescue,layer_source_scan,rescue,response,,-0.0006106773263029283,-0.0013053354977219673,-7.205157850514996e-05
validation,confused,layer_scan.layer_04.trigger_instruction.rescue,layer_source_scan,rescue,trigger_instruction,,0.0010947555743143597,-1.3627324857368247e-05,0.0025475878120845134
validation,confused,layer_scan.layer_05.monitoring_language.rescue,layer_source_scan,rescue,monitoring_language,,-0.00025185500420385796,-0.0006418792230604641,9.454077847125293e-05
validation,confused,layer_scan.layer_05.named_concept.rescue,layer_source_scan,rescue,named_concept,,6.206367175955216e-05,-0.000338903190076547,0.00039197278302362644
validation,confused,layer_scan.layer_05.trigger_other.rescue,layer_source_scan,rescue,trigger_other,,0.0005836220017198871,0.0001761168005194943,0.0010364247622538499
validation,confused,layer_scan.layer_05.original_prompt.rescue,layer_source_scan,rescue,original_prompt,,-0.0004486017481384584,-0.0010630481851890666,0.00017666696690104582
validation,confused,layer_scan.layer_05.template.rescue,layer_source_scan,rescue,template,,-0.0005164699560095024,-0.0010108205248801686,-8.529826379910072e-05
validation,confused,layer_scan.layer_05.response.rescue,layer_source_scan,rescue,response,,-0.0014470571981412788,-0.002125510450952209,-0.0008175232070188286
validation,confused,layer_scan.layer_05.trigger_instruction.rescue,layer_source_scan,rescue,trigger_instruction,,0.0006434981742727561,7.58145965610983e-05,0.0013272297247410565
validation,confused,layer_scan.layer_06.monitoring_language.rescue,layer_source_scan,rescue,monitoring_language,,0.027481951020677794,0.019086304265847332,0.03986395544564568
validation,confused,layer_scan.layer_06.named_concept.rescue,layer_source_scan,rescue,named_concept,,-0.00031923833963928047,-0.0008036700944146979,2.099814386832692e-05
validation,confused,layer_scan.layer_06.trigger_other.rescue,layer_source_scan,rescue,trigger_other,,0.005821475993883507,0.0018891565579116506,0.01255766430308973
validation,confused,layer_scan.layer_06.original_prompt.rescue,layer_source_scan,rescue,original_prompt,,-0.0005917310752121777,-0.0019845844912286027,0.0008678812694462082
validation,confused,layer_scan.layer_06.template.rescue,layer_source_scan,rescue,template,,0.0010996015120473817,0.0003495981393854197,0.0021132397419782525
validation,confused,layer_scan.layer_06.response.rescue,layer_source_scan,rescue,response,,-0.0002677721958835707,-0.0015689780282492321,0.0010368371547725423
validation,confused,layer_scan.layer_06.trigger_instruction.rescue,layer_source_scan,rescue,trigger_instruction,,0.05390336341323086,0.038576637663768454,0.07274315675614391
validation,confused,layer_scan.layer_07.monitoring_language.rescue,layer_source_scan,rescue,monitoring_language,,0.00047540349001091585,9.240527319469229e-05,0.0008906289774899024
validation,confused,layer_scan.layer_07.named_concept.rescue,layer_source_scan,rescue,named_concept,,-0.0004367307333353113,-0.001009843152447723,8.951458012021437e-05
validation,confused,layer_scan.layer_07.trigger_other.rescue,layer_source_scan,rescue,trigger_other,,0.0017554109875878147,0.00038490445753020056,0.0039338658187614076
validation,confused,layer_scan.layer_07.original_prompt.rescue,layer_source_scan,rescue,original_prompt,,0.0015953557112384344,0.0009040197557184833,0.0023441562342006797
validation,confused,layer_scan.layer_07.template.rescue,layer_source_scan,rescue,template,,0.0009975915968129202,0.0004592199798250068,0.0017784608871066069
validation,confused,layer_scan.layer_07.response.rescue,layer_source_scan,rescue,response,,-0.003501294510477986,-0.006078751595809785,-0.00045045532961852
validation,confused,layer_scan.layer_07.trigger_instruction.rescue,layer_source_scan,rescue,trigger_instruction,,0.002129529084394508,0.000941036446268031,0.0040789632097699155
validation,confused,layer_scan.layer_08.monitoring_language.rescue,layer_source_scan,rescue,monitoring_language,,-0.000530102116670769,-0.0008207677458844962,-0.00025461029173085654
validation,confused,layer_scan.layer_08.named_concept.rescue,layer_source_scan,rescue,named_concept,,-0.0004944528461598158,-0.0008951800151061627,-9.249431571486816e-05
validation,confused,layer_scan.layer_08.trigger_other.rescue,layer_source_scan,rescue,trigger_other,,0.11447541986978205,0.09795446994134227,0.13547572896137702
validation,confused,layer_scan.layer_08.original_prompt.rescue,layer_source_scan,rescue,original_prompt,,0.006610633749089432,0.004242581700765082,0.009603592286411708
validation,confused,layer_scan.layer_08.template.rescue,layer_source_scan,rescue,template,,-0.0007665025086449899,-0.0012337427722001937,-0.00029519689800366954
validation,confused,layer_scan.layer_08.response.rescue,layer_source_scan,rescue,response,,0.014898853673226235,0.010786916508590032,0.01913798898433461
validation,confused,layer_scan.layer_08.trigger_instruction.rescue,layer_source_scan,rescue,trigger_instruction,,0.11304625557916448,0.09663660295896112,0.13415770285497045
validation,confused,layer_scan.layer_09.monitoring_language.rescue,layer_source_scan,rescue,monitoring_language,,-0.0015809683756918033,-0.0021326990173173776,-0.0010778953076721037
validation,confused,layer_scan.layer_09.named_concept.rescue,layer_source_scan,rescue,named_concept,,0.0002452284142503641,-0.00018056174272305142,0.0005397751256847173
validation,confused,layer_scan.layer_09.trigger_other.rescue,layer_source_scan,rescue,trigger_other,,0.008075831864218619,0.006474891929900688,0.009629680140185332
validation,confused,layer_scan.layer_09.original_prompt.rescue,layer_source_scan,rescue,original_prompt,,0.008018823126931581,0.005032294443554013,0.011952081965730494
validation,confused,layer_scan.layer_09.template.rescue,layer_source_scan,rescue,template,,-0.0005608190641297104,-0.0016176453082154844,0.00044964674205292
validation,confused,layer_scan.layer_09.response.rescue,layer_source_scan,rescue,response,,0.002286059282404456,-0.0037696581655713456,0.008984239098302713
validation,confused,layer_scan.layer_09.trigger_instruction.rescue,layer_source_scan,rescue,trigger_instruction,,0.007492722601166286,0.005822414180677943,0.009213417391803994
validation,confused,layer_scan.layer_10.monitoring_language.rescue,layer_source_scan,rescue,monitoring_language,,-0.000877947930011718,-0.0013173469145530648,-0.0004500468667549818
validation,confused,layer_scan.layer_10.named_concept.rescue,layer_source_scan,rescue,named_concept,,-0.0010356680161251741,-0.0014598112241328977,-0.0006327335580128805
validation,confused,layer_scan.layer_10.trigger_other.rescue,layer_source_scan,rescue,trigger_other,,0.031652327692965554,0.023777973736891618,0.04117917024395082
validation,confused,layer_scan.layer_10.original_prompt.rescue,layer_source_scan,rescue,original_prompt,,0.021342833422244727,0.0152027462471247,0.03100819355353768
validation,confused,layer_scan.layer_10.template.rescue,layer_source_scan,rescue,template,,-0.0020231971165873513,-0.00470385744635345,0.0001007805481683556
validation,confused,layer_scan.layer_10.response.rescue,layer_source_scan,rescue,response,,0.020230686532581435,0.0103492928543943,0.029757118417722373
validation,confused,layer_scan.layer_10.trigger_instruction.rescue,layer_source_scan,rescue,trigger_instruction,,0.03014690745866533,0.022513904347468677,0.03941402066050297
validation,confused,layer_scan.layer_11.monitoring_language.rescue,layer_source_scan,rescue,monitoring_language,,-0.0012968414882871832,-0.0017931860315811494,-0.0008215167326035852
validation,confused,layer_scan.layer_11.named_concept.rescue,layer_source_scan,rescue,named_concept,,-0.0015317510368530276,-0.0020593511677161214,-0.0010303084211003549
validation,confused,layer_scan.layer_11.trigger_other.rescue,layer_source_scan,rescue,trigger_other,,0.35464617433014933,0.3196752531576871,0.39474177145509803
validation,confused,layer_scan.layer_11.original_prompt.rescue,layer_source_scan,rescue,original_prompt,,0.037414130937789294,0.023147443214599297,0.05599881666271093
validation,confused,layer_scan.layer_11.template.rescue,layer_source_scan,rescue,template,,0.0003513151592165167,-0.0015763696653932652,0.002479939536020768
validation,confused,layer_scan.layer_11.response.rescue,layer_source_scan,rescue,response,,0.06380217351760348,0.05259217892173624,0.07565735989175203
validation,confused,layer_scan.layer_11.trigger_instruction.rescue,layer_source_scan,rescue,trigger_instruction,,0.3519398393243656,0.317102531524077,0.39216588752397025
validation,confused,layer_scan.layer_12.monitoring_language.rescue,layer_source_scan,rescue,monitoring_language,,0.000382987918430735,-1.977291618097508e-05,0.0007984035034056528
validation,confused,layer_scan.layer_12.named_concept.rescue,layer_source_scan,rescue,named_concept,,-0.001051440303398839,-0.001413103786126762,-0.0007046449425534911
validation,confused,layer_scan.layer_12.trigger_other.rescue,layer_source_scan,rescue,trigger_other,,0.28938943923814525,0.25338506786495024,0.33410534135332964
validation,confused,layer_scan.layer_12.original_prompt.rescue,layer_source_scan,rescue,original_prompt,,0.015392083191804224,0.009298329995315885,0.021883572533648935
validation,confused,layer_scan.layer_12.template.rescue,layer_source_scan,rescue,template,,0.015175208668544946,0.012398775611360796,0.017762187281941393
validation,confused,layer_scan.layer_12.response.rescue,layer_source_scan,rescue,response,,0.08433837984384393,0.06811553181658639,0.1038836621014516
validation,confused,layer_scan.layer_12.trigger_instruction.rescue,layer_source_scan,rescue,trigger_instruction,,0.2915233962667938,0.25456797979285667,0.3372809644624347
validation,confused,individual.layer_11.head_08.monitoring_language.rescue,individual_selected_head,rescue,monitoring_language,,-3.717912664403488e-05,-0.0002588434583058369,0.00016621074962135506
validation,confused,individual.layer_11.head_08.named_concept.rescue,individual_selected_head,rescue,named_concept,,-0.00016758194559428645,-0.0003946354123631548,5.336605255973493e-05
validation,confused,individual.layer_11.head_08.trigger_other.rescue,individual_selected_head,rescue,trigger_other,,0.10608458533317786,0.09498383047864259,0.118168781157656
validation,confused,individual.layer_11.head_08.original_prompt.rescue,individual_selected_head,rescue,original_prompt,,0.017868655542060033,0.01138423620506361,0.026230193078666177
validation,confused,individual.layer_11.head_08.template.rescue,individual_selected_head,rescue,template,,-2.435787333199737e-05,-0.0012531012519563403,0.0013222782148497026
validation,confused,individual.layer_11.head_08.response.rescue,individual_selected_head,rescue,response,,0.012983061374375432,0.009422172848433732,0.016409666618473432
validation,confused,individual.layer_10.head_12.monitoring_language.rescue,individual_selected_head,rescue,monitoring_language,,-0.0003305826826589077,-0.000752955661279635,1.9664893404032882e-05
validation,confused,individual.layer_10.head_12.named_concept.rescue,individual_selected_head,rescue,named_concept,,-2.5951821798523227e-05,-0.0002588442497042467,0.0001916610997498157
validation,confused,individual.layer_10.head_12.trigger_other.rescue,individual_selected_head,rescue,trigger_other,,0.02883262728243493,0.02188437357621087,0.0372186164494149
validation,confused,individual.layer_10.head_12.original_prompt.rescue,individual_selected_head,rescue,original_prompt,,0.009947592729993241,0.006174797774095236,0.014094164825210368
validation,confused,individual.layer_10.head_12.template.rescue,individual_selected_head,rescue,template,,0.001589999821461052,0.0011517563157297736,0.0021039103092514266
validation,confused,individual.layer_10.head_12.response.rescue,individual_selected_head,rescue,response,,0.02673485734257363,0.020771916215055825,0.03341563415143984
validation,confused,individual.layer_11.head_09.monitoring_language.rescue,individual_selected_head,rescue,monitoring_language,,-0.00022931958244023105,-0.000493038867412877,3.299553388079638e-05
validation,confused,individual.layer_11.head_09.named_concept.rescue,individual_selected_head,rescue,named_concept,,-0.00035788044345975956,-0.0006210252645795157,-0.0001069374308562437
validation,confused,individual.layer_11.head_09.trigger_other.rescue,individual_selected_head,rescue,trigger_other,,0.12485354588312886,0.10489902621364472,0.14978970196295877
validation,confused,individual.layer_11.head_09.original_prompt.rescue,individual_selected_head,rescue,original_prompt,,0.01109120616875445,0.005144859735886707,0.019066498609384187
validation,confused,individual.layer_11.head_09.template.rescue,individual_selected_head,rescue,template,,0.0013582586634659068,0.0007393925291991865,0.0020027334751802875
validation,confused,individual.layer_11.head_09.response.rescue,individual_selected_head,rescue,response,,0.010638051078318259,0.00791695967285675,0.014029640922165127
validation,confused,individual.layer_10.head_02.monitoring_language.rescue,individual_selected_head,rescue,monitoring_language,,-6.49032407934505e-05,-0.000285236298742183,0.000193843259811379
validation,confused,individual.layer_10.head_02.named_concept.rescue,individual_selected_head,rescue,named_concept,,-0.0004756905121998182,-0.000745290879645885,-0.00022181692965123832
validation,confused,individual.layer_10.head_02.trigger_other.rescue,individual_selected_head,rescue,trigger_other,,0.0006610288207813472,0.0003948207390413382,0.0009196233927722522
validation,confused,individual.layer_10.head_02.original_prompt.rescue,individual_selected_head,rescue,original_prompt,,0.00819403206020573,0.005519883318361491,0.012566847659294441
validation,confused,individual.layer_10.head_02.template.rescue,individual_selected_head,rescue,template,,0.0007688321256345277,0.0005889656405042919,0.0009636544820173775
validation,confused,individual.layer_10.head_02.response.rescue,individual_selected_head,rescue,response,,0.00624810521814337,0.003350211245166571,0.008962686874482264
validation,confused,individual.layer_09.head_11.monitoring_language.rescue,individual_selected_head,rescue,monitoring_language,,-0.0003981778014570155,-0.0007254791300143605,-9.023138681657872e-05
validation,confused,individual.layer_09.head_11.named_concept.rescue,individual_selected_head,rescue,named_concept,,-0.0002670616069692978,-0.000489273735099404,-5.7401159451242576e-05
validation,confused,individual.layer_09.head_11.trigger_other.rescue,individual_selected_head,rescue,trigger_other,,0.0005286697923494503,9.61325384438945e-05,0.0009244389497284139
validation,confused,individual.layer_09.head_11.original_prompt.rescue,individual_selected_head,rescue,original_prompt,,0.0067357893565668375,0.003995738282909065,0.010335410476411861
validation,confused,individual.layer_09.head_11.template.rescue,individual_selected_head,rescue,template,,0.002066621065807408,0.001399805571576563,0.0027344430121294607
validation,confused,individual.layer_09.head_11.response.rescue,individual_selected_head,rescue,response,,0.005927484713400249,0.004256045534571986,0.007667786257430779
validation,confused,individual.layer_12.head_12.monitoring_language.rescue,individual_selected_head,rescue,monitoring_language,,0.00032734741313157113,0.000153893971755338,0.0005182528083807125
validation,confused,individual.layer_12.head_12.named_concept.rescue,individual_selected_head,rescue,named_concept,,-0.00014999835324502395,-0.00034743083256103403,6.279415845152368e-05
validation,confused,individual.layer_12.head_12.trigger_other.rescue,individual_selected_head,rescue,trigger_other,,0.03109327534794035,0.0247171350179422,0.038244741460189566
validation,confused,individual.layer_12.head_12.original_prompt.rescue,individual_selected_head,rescue,original_prompt,,0.002355033779683211,0.0013451798959698935,0.0037943722535055697
validation,confused,individual.layer_12.head_12.template.rescue,individual_selected_head,rescue,template,,0.0033139219669654015,0.002330675175956201,0.0043061043706674245
validation,confused,individual.layer_12.head_12.response.rescue,individual_selected_head,rescue,response,,0.05243207931304767,0.03953616040292942,0.06788197666734641
validation,confused,individual.layer_12.head_03.monitoring_language.rescue,individual_selected_head,rescue,monitoring_language,,-0.00020116911494225172,-0.00041657370859188173,7.082910513178491e-06
validation,confused,individual.layer_12.head_03.named_concept.rescue,individual_selected_head,rescue,named_concept,,-0.00022060859833820338,-0.00047965033562763536,3.3455607132308245e-05
validation,confused,individual.layer_12.head_03.trigger_other.rescue,individual_selected_head,rescue,trigger_other,,0.0655460200189394,0.05464192374369355,0.07932080402587699
validation,confused,individual.layer_12.head_03.original_prompt.rescue,individual_selected_head,rescue,original_prompt,,0.003405473685355682,0.0013373253959831136,0.005834724295211399
validation,confused,individual.layer_12.head_03.template.rescue,individual_selected_head,rescue,template,,0.002373327960946747,0.001748056152047541,0.0030160786654512147
validation,confused,individual.layer_12.head_03.response.rescue,individual_selected_head,rescue,response,,0.009831574459966429,0.007702322070834213,0.012163494543262692
validation,confused,individual.layer_09.head_04.monitoring_language.rescue,individual_selected_head,rescue,monitoring_language,,-0.0003176499644191411,-0.0006633637918999479,1.4268411284545318e-06
validation,confused,individual.layer_09.head_04.named_concept.rescue,individual_selected_head,rescue,named_concept,,-0.00016365280689183636,-0.00040050146780706906,4.2035669790804464e-05
validation,confused,individual.layer_09.head_04.trigger_other.rescue,individual_selected_head,rescue,trigger_other,,0.0044175640826429625,0.0030010842347603537,0.005841249964920401
validation,confused,individual.layer_09.head_04.original_prompt.rescue,individual_selected_head,rescue,original_prompt,,0.00645194949135112,0.004537650660548552,0.00900128420923355
validation,confused,individual.layer_09.head_04.template.rescue,individual_selected_head,rescue,template,,-0.0008435916526624221,-0.0012854009791705184,-0.0004952763650332176
validation,confused,individual.layer_09.head_04.response.rescue,individual_selected_head,rescue,response,,0.024787983048625575,0.018116750962215374,0.03240493519351953
validation,confused,individual.layer_11.head_14.monitoring_language.rescue,individual_selected_head,rescue,monitoring_language,,0.0003680516181150382,0.0001543944900963628,0.0005930203786141937
validation,confused,individual.layer_11.head_14.named_concept.rescue,individual_selected_head,rescue,named_concept,,-3.8382947863508954e-05,-0.00024670070430022326,0.000170757491188695
validation,confused,individual.layer_11.head_14.trigger_other.rescue,individual_selected_head,rescue,trigger_other,,0.007466333279526426,0.006287320168135769,0.008934064529039939
validation,confused,individual.layer_11.head_14.original_prompt.rescue,individual_selected_head,rescue,original_prompt,,0.0002996149391125758,-0.0006615096930208787,0.0012491114223456771
validation,confused,individual.layer_11.head_14.template.rescue,individual_selected_head,rescue,template,,-0.002304595899885802,-0.0031433445665880653,-0.0014048501992557473
validation,confused,individual.layer_11.head_14.response.rescue,individual_selected_head,rescue,response,,-5.5665584907902924e-05,-0.0012563025364949023,0.0009474224488451097
validation,confused,individual.layer_12.head_02.monitoring_language.rescue,individual_selected_head,rescue,monitoring_language,,-0.00010157241539312483,-0.00033066239215311777,0.00013492753029400596
validation,confused,individual.layer_12.head_02.named_concept.rescue,individual_selected_head,rescue,named_concept,,-0.000300414699969032,-0.0005583969335119646,-3.7860801433939076e-05
validation,confused,individual.layer_12.head_02.trigger_other.rescue,individual_selected_head,rescue,trigger_other,,0.021424537214270144,0.018153038979191936,0.02529371530212298
validation,confused,individual.layer_12.head_02.original_prompt.rescue,individual_selected_head,rescue,original_prompt,,0.005285867509782921,0.003260441239105097,0.007632935196308466
validation,confused,individual.layer_12.head_02.template.rescue,individual_selected_head,rescue,template,,0.001557583033854242,0.000946946260381027,0.0022093863396425886
validation,confused,individual.layer_12.head_02.response.rescue,individual_selected_head,rescue,response,,0.01160174061736238,0.009073226544082413,0.014591207038388919
validation,confused,individual.layer_09.head_13.monitoring_language.rescue,individual_selected_head,rescue,monitoring_language,,-0.00017986816725322437,-0.0004404134578466938,6.407366110834394e-05
validation,confused,individual.layer_09.head_13.named_concept.rescue,individual_selected_head,rescue,named_concept,,-5.1282226624956825e-05,-0.00041828115740680667,0.00029155262000716317
validation,confused,individual.layer_09.head_13.trigger_other.rescue,individual_selected_head,rescue,trigger_other,,-1.4295376981254606e-06,-0.0002999372154542826,0.0003255996485719093
validation,confused,individual.layer_09.head_13.original_prompt.rescue,individual_selected_head,rescue,original_prompt,,-5.7273466490394916e-05,-0.0006103794444608808,0.00042493109085648117
validation,confused,individual.layer_09.head_13.template.rescue,individual_selected_head,rescue,template,,-0.0003802458812085996,-0.0009261613666532938,0.00013863535743487566
validation,confused,individual.layer_09.head_13.response.rescue,individual_selected_head,rescue,response,,0.0019200836985683721,0.0014853592337857175,0.0023989772020159765
validation,confused,individual.layer_11.head_15.monitoring_language.rescue,individual_selected_head,rescue,monitoring_language,,-0.0006786542124785081,-0.0009376353972788165,-0.0004238016127738376
validation,confused,individual.layer_11.head_15.named_concept.rescue,individual_selected_head,rescue,named_concept,,-0.0006982358136573144,-0.0011188939092943654,-0.0003140338610247604
validation,confused,individual.layer_11.head_15.trigger_other.rescue,individual_selected_head,rescue,trigger_other,,-0.0015779365296575722,-0.0025194218339978933,-0.0008368618067812645
validation,confused,individual.layer_11.head_15.original_prompt.rescue,individual_selected_head,rescue,original_prompt,,0.005983824661120913,0.0037128563872042557,0.008573075708074059
validation,confused,individual.layer_11.head_15.template.rescue,individual_selected_head,rescue,template,,-0.0003581005866920245,-0.0007678728948959108,5.9037864821249726e-05
validation,confused,individual.layer_11.head_15.response.rescue,individual_selected_head,rescue,response,,0.004200054209295627,0.002548728062744011,0.006143568806548971
validation,confused,group.selected_attention_12.monitoring_language.rescue,selected_random_source_group,rescue,monitoring_language,,-0.0005293469417854044,-0.0009965433148921518,-0.0001170509449990261
validation,confused,group.selected_attention_12.monitoring_language.induction,selected_random_source_group,induction,monitoring_language,,0.0004587896425328964,0.0001736567051560651,0.0007552240436047266
validation,confused,group.selected_attention_12.named_concept.rescue,selected_random_source_group,rescue,named_concept,,-0.0014528338680208385,-0.0020792243999604317,-0.0009055845153141379
validation,confused,group.selected_attention_12.named_concept.induction,selected_random_source_group,induction,named_concept,,-0.0002774807910887736,-0.0004516789649104751,-0.00012705896834776551
validation,confused,group.selected_attention_12.trigger_other.rescue,selected_random_source_group,rescue,trigger_other,,0.5491545520382974,0.5079236988588415,0.5974125893066042
validation,confused,group.selected_attention_12.trigger_other.induction,selected_random_source_group,induction,trigger_other,,0.36462637891137295,0.30349369449858166,0.41630327389615074
validation,confused,group.selected_attention_12.original_prompt.rescue,selected_random_source_group,rescue,original_prompt,,0.08023514685739698,0.05333723269619782,0.11530449862818466
validation,confused,group.selected_attention_12.original_prompt.induction,selected_random_source_group,induction,original_prompt,,0.017579914006647428,0.012780955810412718,0.02416172894052195
validation,confused,group.selected_attention_12.template.rescue,selected_random_source_group,rescue,template,,0.01051064666592392,0.006527031953398918,0.014674731532898444
validation,confused,group.selected_attention_12.template.induction,selected_random_source_group,induction,template,,0.000832787914542281,-0.0005324793991581151,0.0022070561428456314
validation,confused,group.selected_attention_12.response.rescue,selected_random_source_group,rescue,response,,0.17515736123871176,0.14276336284428143,0.209808859007413
validation,confused,group.selected_attention_12.response.induction,selected_random_source_group,induction,response,,0.049439298949362526,0.036166864242733875,0.0620207301495564
validation,confused,group.selected_attention_12.trigger_instruction.rescue,selected_random_source_group,rescue,trigger_instruction,,0.547297936469578,0.5057935892529687,0.5955347313206472
validation,confused,group.selected_attention_12.trigger_instruction.induction,selected_random_source_group,induction,trigger_instruction,,0.3650895045395945,0.3040148988802468,0.4167413650983812
validation,confused,group.selected_attention_12.all_prompt.rescue,selected_random_source_group,rescue,all_prompt,,0.6462781457964208,0.5986536606569143,0.7011055906666284
validation,confused,group.selected_attention_12.all_prompt.induction,selected_random_source_group,induction,all_prompt,,0.46182289302521673,0.40475563534671394,0.5119653429027092
validation,confused,group.random_attention_12.monitoring_language.rescue,selected_random_source_group,rescue,monitoring_language,,0.0003901049540662368,0.00015002218689534011,0.0005994302054094959
validation,confused,group.random_attention_12.monitoring_language.induction,selected_random_source_group,induction,monitoring_language,,0.00031671644564941004,0.0001259630633431246,0.0005343016090916615
validation,confused,group.random_attention_12.named_concept.rescue,selected_random_source_group,rescue,named_concept,,-4.5196241570949014e-05,-0.0003889760301640405,0.00029369288503057624
validation,confused,group.random_attention_12.named_concept.induction,selected_random_source_group,induction,named_concept,,-3.6761133165050834e-05,-0.0002493673527248472,0.00013875159653795572
validation,confused,group.random_attention_12.trigger_other.rescue,selected_random_source_group,rescue,trigger_other,,0.000262669888816772,-0.0005791918721114784,0.0009189237942093557
validation,confused,group.random_attention_12.trigger_other.induction,selected_random_source_group,induction,trigger_other,,0.0014841443662199371,0.0010007215327140556,0.0019551355905745435
validation,confused,group.random_attention_12.original_prompt.rescue,selected_random_source_group,rescue,original_prompt,,-0.002669275703937036,-0.004691140934229052,-0.0006953139226049781
validation,confused,group.random_attention_12.original_prompt.induction,selected_random_source_group,induction,original_prompt,,-0.0018996187378373128,-0.0030226146667666595,-0.0009526952035694529
validation,confused,group.random_attention_12.template.rescue,selected_random_source_group,rescue,template,,-0.002003515196973589,-0.0025324550413491826,-0.0014797119282303729
validation,confused,group.random_attention_12.template.induction,selected_random_source_group,induction,template,,-0.0014974644250835623,-0.002224284235997965,-0.0007997486346646399
validation,confused,group.random_attention_12.response.rescue,selected_random_source_group,rescue,response,,-0.02106731998713037,-0.02642203170360336,-0.015880117027886366
validation,confused,group.random_attention_12.response.induction,selected_random_source_group,induction,response,,-0.009144560377908239,-0.01162318574846768,-0.006693638179101809
validation,confused,group.random_attention_12.trigger_instruction.rescue,selected_random_source_group,rescue,trigger_instruction,,0.0012009091982371498,8.889021567258272e-05,0.0020600232853753495
validation,confused,group.random_attention_12.trigger_instruction.induction,selected_random_source_group,induction,trigger_instruction,,0.002041937157561803,0.0014679112091597708,0.002590799933243928
validation,confused,group.random_attention_12.all_prompt.rescue,selected_random_source_group,rescue,all_prompt,,-0.003356412397415727,-0.005703852998417773,-0.001010937576010364
validation,confused,group.random_attention_12.all_prompt.induction,selected_random_source_group,induction,all_prompt,,-0.0012755934864388271,-0.0020861964613654396,-0.0004314033431446298
validation,confused,direct.selected_attention_12.rescue,direct_response_output,rescue,,selected_attention_12,0.7893309521972542,0.7541117203769678,0.8262462790761992
validation,confused,direct.selected_attention_12.induction,direct_response_output,induction,,selected_attention_12,0.623622651226021,0.573947820681533,0.6630681456139167
validation,confused,direct.random_attention_12.rescue,direct_response_output,rescue,,random_attention_12,-0.024342886872464196,-0.03114326790437781,-0.01817534988333021
validation,confused,direct.random_attention_12.induction,direct_response_output,induction,,random_attention_12,-0.009569342070990992,-0.012563634396633655,-0.006783128416802253
validation,confused,direct.random_attention_16.rescue,direct_response_output,rescue,,random_attention_16,-0.018728872188693246,-0.02597919659614356,-0.012853813160564935
validation,confused,direct.random_attention_16.induction,direct_response_output,induction,,random_attention_16,-0.005246453511337918,-0.0077383417499620405,-0.0026893744499253375
validation,confused,direct.selected_mlp_4.rescue,direct_response_output,rescue,,selected_mlp_4,0.2753195502324402,0.2438335415858188,0.31192870248270727
validation,confused,direct.selected_mlp_4.induction,direct_response_output,induction,,selected_mlp_4,0.10110474199585193,0.07755584227412005,0.12116365017516444
validation,confused,direct.layer_09.mlp.rescue,direct_response_output,rescue,,layer_09.mlp,0.012470657101604849,0.006373654584679142,0.018016113571087733
validation,confused,direct.layer_09.mlp.induction,direct_response_output,induction,,layer_09.mlp,0.008276415788290293,0.002858591333195234,0.013908833255346444
validation,confused,direct.layer_10.mlp.rescue,direct_response_output,rescue,,layer_10.mlp,0.04564443089885488,0.03015242948284178,0.06210146076907317
validation,confused,direct.layer_10.mlp.induction,direct_response_output,induction,,layer_10.mlp,0.01609253715752335,0.011546671925364783,0.019998525029394344
validation,confused,direct.layer_11.mlp.rescue,direct_response_output,rescue,,layer_11.mlp,0.09558824240410477,0.07313967874353242,0.121617515787584
validation,confused,direct.layer_11.mlp.induction,direct_response_output,induction,,layer_11.mlp,0.026425636913314003,0.01890835254828756,0.03283720826633894
validation,confused,direct.layer_12.mlp.rescue,direct_response_output,rescue,,layer_12.mlp,0.10407121106334663,0.09402350181631386,0.11700719998347368
validation,confused,direct.layer_12.mlp.induction,direct_response_output,induction,,layer_12.mlp,0.025011091247968104,0.018900060204303407,0.03129745882763639
validation,confused,direct.selected_k16.rescue,direct_response_output,rescue,,selected_k16,0.8527487221918448,0.8300895922798311,0.8792583109435488
validation,confused,direct.selected_k16.induction,direct_response_output,induction,,selected_k16,0.6719326989925603,0.6328944639780721,0.7046305900164641
validation,confused,direct.resid_post_layer12_positive_control.rescue,direct_response_output,rescue,,resid_post_layer12_positive_control,1.0,1.0,1.0
validation,confused,direct.resid_post_layer12_positive_control.induction,direct_response_output,induction,,resid_post_layer12_positive_control,1.0,1.0,1.0
validation,finnish,layer_scan.layer_00.monitoring_language.rescue,layer_source_scan,rescue,monitoring_language,,0.00018005155973820108,-0.0012200308066613761,0.001673453672365183
validation,finnish,layer_scan.layer_00.named_concept.rescue,layer_source_scan,rescue,named_concept,,-0.0005099370096601797,-0.0011099460534662459,-2.0556181890037707e-05
validation,finnish,layer_scan.layer_00.trigger_other.rescue,layer_source_scan,rescue,trigger_other,,-0.00030793133717334415,-0.000732990312729064,-1.8612914644004372e-05
validation,finnish,layer_scan.layer_00.original_prompt.rescue,layer_source_scan,rescue,original_prompt,,0.00018937654370226143,-1.428744981234292e-05,0.000369410083442269
validation,finnish,layer_scan.layer_00.template.rescue,layer_source_scan,rescue,template,,-0.00018163193032743322,-0.0007393701384674873,0.00022888803117908257
validation,finnish,layer_scan.layer_00.response.rescue,layer_source_scan,rescue,response,,-0.00035256143306439363,-0.0012429885729068413,0.00019562866414891486
validation,finnish,layer_scan.layer_00.trigger_instruction.rescue,layer_source_scan,rescue,trigger_instruction,,-0.00019054073146031298,-0.0015758122908047744,0.0013128014922977461
validation,finnish,layer_scan.layer_01.monitoring_language.rescue,layer_source_scan,rescue,monitoring_language,,-6.9539812949957e-05,-0.0002810715717468819,0.00012742491497156691
validation,finnish,layer_scan.layer_01.named_concept.rescue,layer_source_scan,rescue,named_concept,,0.00047446405301814534,0.00012023089513211529,0.0009442456640130223
validation,finnish,layer_scan.layer_01.trigger_other.rescue,layer_source_scan,rescue,trigger_other,,-0.00020915005634616443,-0.0010233945722567068,0.0002599551535878747
validation,finnish,layer_scan.layer_01.original_prompt.rescue,layer_source_scan,rescue,original_prompt,,-0.00016391007461397008,-0.0005600087268726368,0.00024391444726391473
validation,finnish,layer_scan.layer_01.template.rescue,layer_source_scan,rescue,template,,1.0275483480960861e-05,-0.0002586397937455737,0.00021080036604057814
validation,finnish,layer_scan.layer_01.response.rescue,layer_source_scan,rescue,response,,1.2081408542361218e-05,-0.0003576815611202872,0.0003133593663989678
validation,finnish,layer_scan.layer_01.trigger_instruction.rescue,layer_source_scan,rescue,trigger_instruction,,0.0006196075631749314,4.650323499743245e-05,0.0013914978538104785
validation,finnish,layer_scan.layer_02.monitoring_language.rescue,layer_source_scan,rescue,monitoring_language,,-3.0130474375086912e-05,-0.00019437069799382823,0.00014069155032045682
validation,finnish,layer_scan.layer_02.named_concept.rescue,layer_source_scan,rescue,named_concept,,-0.00018320000231285814,-0.0006027467887792456,0.00015337704963971972
validation,finnish,layer_scan.layer_02.trigger_other.rescue,layer_source_scan,rescue,trigger_other,,-0.00032656525926681013,-0.0008523644214747891,4.280180584517372e-05
validation,finnish,layer_scan.layer_02.original_prompt.rescue,layer_source_scan,rescue,original_prompt,,-0.0001308571445091844,-0.0005435755724445808,0.00016331248101133106
validation,finnish,layer_scan.layer_02.template.rescue,layer_source_scan,rescue,template,,-5.297623589974734e-05,-0.0002576827638400993,9.279347930189458e-05
validation,finnish,layer_scan.layer_02.response.rescue,layer_source_scan,rescue,response,,4.460045433421715e-05,-0.0004032905355923957,0.00046380528904259067
validation,finnish,layer_scan.layer_02.trigger_instruction.rescue,layer_source_scan,rescue,trigger_instruction,,0.00013155509027524607,-2.2714985501692855e-05,0.0002807469707523768
validation,finnish,layer_scan.layer_03.monitoring_language.rescue,layer_source_scan,rescue,monitoring_language,,-0.00029647518772688686,-0.0005862861712531813,-4.553554622818589e-05
validation,finnish,layer_scan.layer_03.named_concept.rescue,layer_source_scan,rescue,named_concept,,-0.0004445771966895685,-0.0020577734871525823,0.0006973616778218394
validation,finnish,layer_scan.layer_03.trigger_other.rescue,layer_source_scan,rescue,trigger_other,,-0.00017977945312896556,-0.0003381992123704476,-4.614793424980116e-05
validation,finnish,layer_scan.layer_03.original_prompt.rescue,layer_source_scan,rescue,original_prompt,,-4.156340780478692e-05,-0.00101988394552788,0.0011336124782350583
validation,finnish,layer_scan.layer_03.template.rescue,layer_source_scan,rescue,template,,-8.457288640605922e-05,-0.0001554446383181608,-2.3068589366758467e-05
validation,finnish,layer_scan.layer_03.response.rescue,layer_source_scan,rescue,response,,-9.461914024613603e-06,-0.0006309221825206977,0.0006240637434746471
validation,finnish,layer_scan.layer_03.trigger_instruction.rescue,layer_source_scan,rescue,trigger_instruction,,-0.0008676753021922024,-0.00266299409978137,0.0003879992694174385
validation,finnish,layer_scan.layer_04.monitoring_language.rescue,layer_source_scan,rescue,monitoring_language,,-0.00034103720892420637,-0.0007696540216128092,-4.5381979160789414e-05
validation,finnish,layer_scan.layer_04.named_concept.rescue,layer_source_scan,rescue,named_concept,,0.0011054112651933128,-0.00013566496094805707,0.003078166533657256
validation,finnish,layer_scan.layer_04.trigger_other.rescue,layer_source_scan,rescue,trigger_other,,-0.0002420960222268218,-0.00048691952345634505,-3.253684837556831e-05
validation,finnish,layer_scan.layer_04.original_prompt.rescue,layer_source_scan,rescue,original_prompt,,0.0005020696864854504,-0.0017474521771219259,0.0028593381949976737
validation,finnish,layer_scan.layer_04.template.rescue,layer_source_scan,rescue,template,,-0.00014960636601334338,-0.00043657073744482244,6.799576859899012e-05
validation,finnish,layer_scan.layer_04.response.rescue,layer_source_scan,rescue,response,,-0.0003865140468728879,-0.0017686652076762451,0.0005668792871385258
validation,finnish,layer_scan.layer_04.trigger_instruction.rescue,layer_source_scan,rescue,trigger_instruction,,0.0008843634386370263,-0.00024886412090961355,0.0028164056007503025
validation,finnish,layer_scan.layer_05.monitoring_language.rescue,layer_source_scan,rescue,monitoring_language,,7.549300977256373e-05,-3.8483897233083e-06,0.00018449168001051524
validation,finnish,layer_scan.layer_05.named_concept.rescue,layer_source_scan,rescue,named_concept,,0.0009093280189988553,0.0001404080693835778,0.0023207443125110097
validation,finnish,layer_scan.layer_05.trigger_other.rescue,layer_source_scan,rescue,trigger_other,,0.00023087246532072712,5.509463589141323e-05,0.0005009456909535259
validation,finnish,layer_scan.layer_05.original_prompt.rescue,layer_source_scan,rescue,original_prompt,,-0.0015251175743025958,-0.0037032392334129774,-0.0003431210371846458
validation,finnish,layer_scan.layer_05.template.rescue,layer_source_scan,rescue,template,,-0.00029201497414849126,-0.0008885960587024167,0.0001228405621559174
validation,finnish,layer_scan.layer_05.response.rescue,layer_source_scan,rescue,response,,-0.0014496974673865847,-0.003269898066310747,-3.436382434128711e-05
validation,finnish,layer_scan.layer_05.trigger_instruction.rescue,layer_source_scan,rescue,trigger_instruction,,0.0015571323773383543,0.00033058172920893264,0.003585939946618347
validation,finnish,layer_scan.layer_06.monitoring_language.rescue,layer_source_scan,rescue,monitoring_language,,0.020762226138743164,0.008102853403950486,0.033917420603909634
validation,finnish,layer_scan.layer_06.named_concept.rescue,layer_source_scan,rescue,named_concept,,0.013072667397801168,0.006739419281557344,0.02063022129519246
validation,finnish,layer_scan.layer_06.trigger_other.rescue,layer_source_scan,rescue,trigger_other,,0.004084038645865992,0.0017503026416781397,0.0070081990138065155
validation,finnish,layer_scan.layer_06.original_prompt.rescue,layer_source_scan,rescue,original_prompt,,0.0026537292187705816,0.0006922724531270708,0.005610894056695115
validation,finnish,layer_scan.layer_06.template.rescue,layer_source_scan,rescue,template,,0.0006240098147787432,-1.2218181311381094e-05,0.0014582047286533846
validation,finnish,layer_scan.layer_06.response.rescue,layer_source_scan,rescue,response,,0.0019317237084932025,0.0006074441409078328,0.003521125390436978
validation,finnish,layer_scan.layer_06.trigger_instruction.rescue,layer_source_scan,rescue,trigger_instruction,,0.040451796421876796,0.020614534444591017,0.06121046150811322
validation,finnish,layer_scan.layer_07.monitoring_language.rescue,layer_source_scan,rescue,monitoring_language,,0.001560698119707233,0.00046007663522735164,0.0030597052660527517
validation,finnish,layer_scan.layer_07.named_concept.rescue,layer_source_scan,rescue,named_concept,,0.002872920352493697,0.0007957688835283614,0.006318139435953084
validation,finnish,layer_scan.layer_07.trigger_other.rescue,layer_source_scan,rescue,trigger_other,,0.0007442165125151088,0.00029250865145612404,0.0013815292584993554
validation,finnish,layer_scan.layer_07.original_prompt.rescue,layer_source_scan,rescue,original_prompt,,-0.001357412827937745,-0.005594543234024626,0.0014452418020942327
validation,finnish,layer_scan.layer_07.template.rescue,layer_source_scan,rescue,template,,0.0003581495030761172,0.00020043902461918647,0.0005094501271394075
validation,finnish,layer_scan.layer_07.response.rescue,layer_source_scan,rescue,response,,0.0007121714193633328,-0.0013905269758720665,0.0027761993650327506
validation,finnish,layer_scan.layer_07.trigger_instruction.rescue,layer_source_scan,rescue,trigger_instruction,,0.005825025758024967,0.0020969682615957627,0.0118691826851893
validation,finnish,layer_scan.layer_08.monitoring_language.rescue,layer_source_scan,rescue,monitoring_language,,-0.000348086278604029,-0.0008593473054593671,-6.370890377641298e-05
validation,finnish,layer_scan.layer_08.named_concept.rescue,layer_source_scan,rescue,named_concept,,0.002354647627813203,-0.0017710534350514778,0.0064657576673524805
validation,finnish,layer_scan.layer_08.trigger_other.rescue,layer_source_scan,rescue,trigger_other,,-0.0002236129982371003,-0.001509799274692443,0.0008013159321977964
validation,finnish,layer_scan.layer_08.original_prompt.rescue,layer_source_scan,rescue,original_prompt,,-0.014494554755421796,-0.03901748209944475,-0.0007247458775310638
validation,finnish,layer_scan.layer_08.template.rescue,layer_source_scan,rescue,template,,0.0006588792510679313,6.215654007873677e-05,0.0016027306041570236
validation,finnish,layer_scan.layer_08.response.rescue,layer_source_scan,rescue,response,,0.00733410797070259,0.001166262913624219,0.018503028298441877
validation,finnish,layer_scan.layer_08.trigger_instruction.rescue,layer_source_scan,rescue,trigger_instruction,,0.002966658280962546,-0.0019240742233540473,0.007864444152781907
validation,finnish,layer_scan.layer_09.monitoring_language.rescue,layer_source_scan,rescue,monitoring_language,,-0.00035609574433350327,-0.0007171842855308389,-0.00013700004309652193
validation,finnish,layer_scan.layer_09.named_concept.rescue,layer_source_scan,rescue,named_concept,,0.0004983547995246981,0.00010233121598172677,0.0009418711191584667
validation,finnish,layer_scan.layer_09.trigger_other.rescue,layer_source_scan,rescue,trigger_other,,0.0034131946188158285,0.001759642662477224,0.00522939883916919
validation,finnish,layer_scan.layer_09.original_prompt.rescue,layer_source_scan,rescue,original_prompt,,0.0022207580367406606,0.0005531691357954534,0.004317045070204438
validation,finnish,layer_scan.layer_09.template.rescue,layer_source_scan,rescue,template,,0.00020595120631039502,-1.9089174788583705e-05,0.000458349277963908
validation,finnish,layer_scan.layer_09.response.rescue,layer_source_scan,rescue,response,,0.0030785416463548912,-0.0017257982085805812,0.007675578320115166
validation,finnish,layer_scan.layer_09.trigger_instruction.rescue,layer_source_scan,rescue,trigger_instruction,,0.004653368916159104,0.0023042235392671884,0.007359760877245832
validation,finnish,layer_scan.layer_10.monitoring_language.rescue,layer_source_scan,rescue,monitoring_language,,-0.00026554266182616675,-0.0006570088296273868,-8.676226796091315e-06
validation,finnish,layer_scan.layer_10.named_concept.rescue,layer_source_scan,rescue,named_concept,,0.0021441493490350237,0.0010316929660098544,0.0033751483649238673
validation,finnish,layer_scan.layer_10.trigger_other.rescue,layer_source_scan,rescue,trigger_other,,0.013557305554891352,0.007329414722711285,0.020636523656166066
validation,finnish,layer_scan.layer_10.original_prompt.rescue,layer_source_scan,rescue,original_prompt,,0.01071557550655376,-0.0003052829949467032,0.024906259478679516
validation,finnish,layer_scan.layer_10.template.rescue,layer_source_scan,rescue,template,,0.0009425665331134356,0.00015170239736336813,0.001822665184362237
validation,finnish,layer_scan.layer_10.response.rescue,layer_source_scan,rescue,response,,-0.0008538881109307698,-0.0038733216160365992,0.002016222245209098
validation,finnish,layer_scan.layer_10.trigger_instruction.rescue,layer_source_scan,rescue,trigger_instruction,,0.016826534783320572,0.00921374067242938,0.025250968553821498
validation,finnish,layer_scan.layer_11.monitoring_language.rescue,layer_source_scan,rescue,monitoring_language,,-0.0003569781691566738,-0.0009295361560162039,-2.8850295840808353e-05
validation,finnish,layer_scan.layer_11.named_concept.rescue,layer_source_scan,rescue,named_concept,,0.00024904057779499334,-0.00031456677908127243,0.0006677638885819495
validation,finnish,layer_scan.layer_11.trigger_other.rescue,layer_source_scan,rescue,trigger_other,,0.5480050765439359,0.4547330933524082,0.6372056758913652
validation,finnish,layer_scan.layer_11.original_prompt.rescue,layer_source_scan,rescue,original_prompt,,0.03848324468840703,0.020761388696379914,0.06079742359075191
validation,finnish,layer_scan.layer_11.template.rescue,layer_source_scan,rescue,template,,0.00530252095646463,0.0026547157266094954,0.008610248423465599
validation,finnish,layer_scan.layer_11.response.rescue,layer_source_scan,rescue,response,,0.022716791903566423,0.010323140941769834,0.03536067755137078
validation,finnish,layer_scan.layer_11.trigger_instruction.rescue,layer_source_scan,rescue,trigger_instruction,,0.5549950495108079,0.46119831083164736,0.6453725309238227
validation,finnish,layer_scan.layer_12.monitoring_language.rescue,layer_source_scan,rescue,monitoring_language,,-0.00042172570622543926,-0.001081655175669061,-8.069991490612625e-05
validation,finnish,layer_scan.layer_12.named_concept.rescue,layer_source_scan,rescue,named_concept,,-0.0002449455750999678,-0.0007718040762247723,3.413671501438925e-05
validation,finnish,layer_scan.layer_12.trigger_other.rescue,layer_source_scan,rescue,trigger_other,,0.0010089959042528431,0.0005597053044331322,0.0015048781054296937
validation,finnish,layer_scan.layer_12.original_prompt.rescue,layer_source_scan,rescue,original_prompt,,0.034315486912240095,0.015214302664119609,0.05532850926678915
validation,finnish,layer_scan.layer_12.template.rescue,layer_source_scan,rescue,template,,0.0037111125024293667,0.0021124353155512286,0.0056170791151136
validation,finnish,layer_scan.layer_12.response.rescue,layer_source_scan,rescue,response,,0.05107989182743564,0.02391634259053121,0.07906572439711232
validation,finnish,layer_scan.layer_12.trigger_instruction.rescue,layer_source_scan,rescue,trigger_instruction,,0.0006883267205589255,0.000377618496357349,0.0009688611359932492
validation,finnish,individual.layer_11.head_08.monitoring_language.rescue,individual_selected_head,rescue,monitoring_language,,-0.00027901270764606184,-0.0008386572802018921,-5.583840968134673e-06
validation,finnish,individual.layer_11.head_08.named_concept.rescue,individual_selected_head,rescue,named_concept,,-8.029450960661067e-05,-0.0006541526136615732,0.0002697575243537181
validation,finnish,individual.layer_11.head_08.trigger_other.rescue,individual_selected_head,rescue,trigger_other,,0.2684219817523474,0.17587667210496635,0.34922545682125783
validation,finnish,individual.layer_11.head_08.original_prompt.rescue,individual_selected_head,rescue,original_prompt,,0.029437515440651617,0.015504515733838816,0.047860352859203606
validation,finnish,individual.layer_11.head_08.template.rescue,individual_selected_head,rescue,template,,0.0012385847028011882,0.0005051324670931759,0.002215093302885569
validation,finnish,individual.layer_11.head_08.response.rescue,individual_selected_head,rescue,response,,0.018056251688341806,0.0077110198238419265,0.02874992144972659
validation,finnish,individual.layer_10.head_12.monitoring_language.rescue,individual_selected_head,rescue,monitoring_language,,-0.00021823761960703945,-0.0007266316792816124,6.746852673250372e-05
validation,finnish,individual.layer_10.head_12.named_concept.rescue,individual_selected_head,rescue,named_concept,,-4.032558455851052e-05,-0.0007234212948628316,0.0004276162502513801
validation,finnish,individual.layer_10.head_12.trigger_other.rescue,individual_selected_head,rescue,trigger_other,,-0.0001681203767196886,-0.0006215879292434174,7.788222240255766e-05
validation,finnish,individual.layer_10.head_12.original_prompt.rescue,individual_selected_head,rescue,original_prompt,,0.009991236612442125,0.0007416327946660797,0.02159708027227042
validation,finnish,individual.layer_10.head_12.template.rescue,individual_selected_head,rescue,template,,-0.00017264472559528225,-0.0007016298380362494,0.00012251358848417622
validation,finnish,individual.layer_10.head_12.response.rescue,individual_selected_head,rescue,response,,0.0019197608901988811,0.000264629467926303,0.003967071411971501
validation,finnish,individual.layer_11.head_09.monitoring_language.rescue,individual_selected_head,rescue,monitoring_language,,-0.0003148815856499186,-0.0009427091322626825,-1.3751081134513628e-07
validation,finnish,individual.layer_11.head_09.named_concept.rescue,individual_selected_head,rescue,named_concept,,-0.00027941659187343524,-0.0007926300921965323,5.799624218477255e-06
validation,finnish,individual.layer_11.head_09.trigger_other.rescue,individual_selected_head,rescue,trigger_other,,0.015770956019511617,0.007721806739604867,0.025097269355457422
validation,finnish,individual.layer_11.head_09.original_prompt.rescue,individual_selected_head,rescue,original_prompt,,0.003993018072289716,0.001942664664455964,0.00698894419636641
validation,finnish,individual.layer_11.head_09.template.rescue,individual_selected_head,rescue,template,,0.0007891033417606347,0.0003691317054862777,0.0012269242007470452
validation,finnish,individual.layer_11.head_09.response.rescue,individual_selected_head,rescue,response,,0.0028359642610987818,0.0010163023397148766,0.0047415402146392316
validation,finnish,individual.layer_10.head_02.monitoring_language.rescue,individual_selected_head,rescue,monitoring_language,,-0.00022101864139295482,-0.0007376165417255475,5.491558655677287e-05
validation,finnish,individual.layer_10.head_02.named_concept.rescue,individual_selected_head,rescue,named_concept,,0.0025594009453086294,0.0011729807969757763,0.004034798252970789
validation,finnish,individual.layer_10.head_02.trigger_other.rescue,individual_selected_head,rescue,trigger_other,,0.013375184106503395,0.007415646220663575,0.01983325674095039
validation,finnish,individual.layer_10.head_02.original_prompt.rescue,individual_selected_head,rescue,original_prompt,,0.0007588364777909822,0.00019403260423741763,0.001541976482309799
validation,finnish,individual.layer_10.head_02.template.rescue,individual_selected_head,rescue,template,,0.0002828325290809001,0.00010897672977416305,0.00044863736786047303
validation,finnish,individual.layer_10.head_02.response.rescue,individual_selected_head,rescue,response,,0.00022070877422671737,-0.0006010808104238611,0.001037978442313432
validation,finnish,individual.layer_09.head_11.monitoring_language.rescue,individual_selected_head,rescue,monitoring_language,,-0.00047239244688758453,-0.0011382569784055905,-0.00011201112017206568
validation,finnish,individual.layer_09.head_11.named_concept.rescue,individual_selected_head,rescue,named_concept,,0.0005383959788701659,0.0002800499537316909,0.0008387565591967131
validation,finnish,individual.layer_09.head_11.trigger_other.rescue,individual_selected_head,rescue,trigger_other,,0.0037660492486733302,0.0018288438980193953,0.00593132432299445
validation,finnish,individual.layer_09.head_11.original_prompt.rescue,individual_selected_head,rescue,original_prompt,,0.0027524989336256264,0.0012884716794193858,0.00485638761049726
validation,finnish,individual.layer_09.head_11.template.rescue,individual_selected_head,rescue,template,,0.0011493882259538523,0.0001854109150481913,0.002886873587937649
validation,finnish,individual.layer_09.head_11.response.rescue,individual_selected_head,rescue,response,,0.0019376651591883449,0.0007506334374473597,0.0032567933401508116
validation,finnish,individual.layer_12.head_12.monitoring_language.rescue,individual_selected_head,rescue,monitoring_language,,-0.00025535941787376026,-0.0008387028272009387,5.43851122868026e-05
validation,finnish,individual.layer_12.head_12.named_concept.rescue,individual_selected_head,rescue,named_concept,,-0.0002813878755063378,-0.0008399958452114387,-1.0665099999141951e-05
validation,finnish,individual.layer_12.head_12.trigger_other.rescue,individual_selected_head,rescue,trigger_other,,-0.00027019922069268835,-0.0008306528822922093,-3.77462022993656e-06
validation,finnish,individual.layer_12.head_12.original_prompt.rescue,individual_selected_head,rescue,original_prompt,,0.0010458009053783295,0.0005263868650672037,0.0016954016432609244
validation,finnish,individual.layer_12.head_12.template.rescue,individual_selected_head,rescue,template,,-0.00019396249369008886,-0.0006811274614886442,6.898196168537829e-05
validation,finnish,individual.layer_12.head_12.response.rescue,individual_selected_head,rescue,response,,0.007953091896179581,0.004109167024768795,0.011544079262959727
validation,finnish,individual.layer_12.head_03.monitoring_language.rescue,individual_selected_head,rescue,monitoring_language,,-0.0003289189045704234,-0.0009945673050729157,-1.576840473124497e-05
validation,finnish,individual.layer_12.head_03.named_concept.rescue,individual_selected_head,rescue,named_concept,,-0.00037383494299999154,-0.00105311267898287,-3.5940359139584064e-05
validation,finnish,individual.layer_12.head_03.trigger_other.rescue,individual_selected_head,rescue,trigger_other,,-5.968248199844278e-05,-0.0005403926407389227,0.000204062809633185
validation,finnish,individual.layer_12.head_03.original_prompt.rescue,individual_selected_head,rescue,original_prompt,,0.0012553975787959555,0.000357817763843089,0.0026457094639837048
validation,finnish,individual.layer_12.head_03.template.rescue,individual_selected_head,rescue,template,,-0.00016346656822452624,-0.0006378221910471933,0.00015235264713074013
validation,finnish,individual.layer_12.head_03.response.rescue,individual_selected_head,rescue,response,,0.002774924753077903,0.0005881640284312819,0.005298698440052323
validation,finnish,individual.layer_09.head_04.monitoring_language.rescue,individual_selected_head,rescue,monitoring_language,,-0.00028029637441844403,-0.0007815915455294151,-9.473700121606173e-06
validation,finnish,individual.layer_09.head_04.named_concept.rescue,individual_selected_head,rescue,named_concept,,-0.00014072216208807815,-0.0005943856102581356,0.00012202075852050585
validation,finnish,individual.layer_09.head_04.trigger_other.rescue,individual_selected_head,rescue,trigger_other,,-8.321389068535763e-05,-0.0006177395728204972,0.0002861005459003387
validation,finnish,individual.layer_09.head_04.original_prompt.rescue,individual_selected_head,rescue,original_prompt,,0.00013126914773672739,-0.000717379817285068,0.0008207658246084655
validation,finnish,individual.layer_09.head_04.template.rescue,individual_selected_head,rescue,template,,-0.00039919312672507374,-0.0009676684441778882,-2.6832626549926216e-05
validation,finnish,individual.layer_09.head_04.response.rescue,individual_selected_head,rescue,response,,0.0023135468108524005,0.00037623368387582084,0.0044373216072129155
validation,finnish,individual.layer_11.head_14.monitoring_language.rescue,individual_selected_head,rescue,monitoring_language,,-0.0002988488182616869,-0.0008331471363419496,-2.940156034566375e-05
validation,finnish,individual.layer_11.head_14.named_concept.rescue,individual_selected_head,rescue,named_concept,,-0.00012602883756215131,-0.0005278012804354557,9.398130481261197e-05
validation,finnish,individual.layer_11.head_14.trigger_other.rescue,individual_selected_head,rescue,trigger_other,,0.00030419127650792386,-0.0006622769252070765,0.0014825418181922435
validation,finnish,individual.layer_11.head_14.original_prompt.rescue,individual_selected_head,rescue,original_prompt,,0.00037258620234076513,-7.719964498659409e-05,0.0008404588621516627
validation,finnish,individual.layer_11.head_14.template.rescue,individual_selected_head,rescue,template,,0.0002370148612700679,-0.00019214539322777205,0.0006019943080976059
validation,finnish,individual.layer_11.head_14.response.rescue,individual_selected_head,rescue,response,,0.0006848600516107557,0.00023651712326968612,0.0011388825215415544
validation,finnish,individual.layer_12.head_02.monitoring_language.rescue,individual_selected_head,rescue,monitoring_language,,-0.0002664220119983854,-0.0008174874706291539,-5.064916354165591e-06
validation,finnish,individual.layer_12.head_02.named_concept.rescue,individual_selected_head,rescue,named_concept,,-0.00019374187547394097,-0.0007462409306026999,9.366729632226292e-05
validation,finnish,individual.layer_12.head_02.trigger_other.rescue,individual_selected_head,rescue,trigger_other,,-7.164594885194928e-05,-0.0005758956923310326,0.0002449264053664472
validation,finnish,individual.layer_12.head_02.original_prompt.rescue,individual_selected_head,rescue,original_prompt,,8.357165514845382e-05,-0.0004824930082434412,0.0007861407555440784
validation,finnish,individual.layer_12.head_02.template.rescue,individual_selected_head,rescue,template,,-0.0003889253298714924,-0.0008055755385297124,-0.00011289105013900668
validation,finnish,individual.layer_12.head_02.response.rescue,individual_selected_head,rescue,response,,-0.00024392482701503156,-0.0013128833303265516,0.0006985760540257242
validation,finnish,individual.layer_09.head_13.monitoring_language.rescue,individual_selected_head,rescue,monitoring_language,,-0.00027895582660345333,-0.0008081467419078905,2.386134141970313e-05
validation,finnish,individual.layer_09.head_13.named_concept.rescue,individual_selected_head,rescue,named_concept,,-0.00036755343110543646,-0.000847676139897125,-6.549852464370552e-05
validation,finnish,individual.layer_09.head_13.trigger_other.rescue,individual_selected_head,rescue,trigger_other,,-0.00047084897210977414,-0.0009758696884675203,-8.658321645766094e-05
validation,finnish,individual.layer_09.head_13.original_prompt.rescue,individual_selected_head,rescue,original_prompt,,0.0006618001694721542,4.763416479394904e-05,0.001509219659853777
validation,finnish,individual.layer_09.head_13.template.rescue,individual_selected_head,rescue,template,,-5.295317601760874e-05,-0.0003835859981628552,0.0002100694243108655
validation,finnish,individual.layer_09.head_13.response.rescue,individual_selected_head,rescue,response,,-0.00013184882753434178,-0.0006195471138696777,0.0002800589584537161
validation,finnish,individual.layer_11.head_15.monitoring_language.rescue,individual_selected_head,rescue,monitoring_language,,-0.0002842934206558016,-0.0008839176311642713,1.09943213807868e-05
validation,finnish,individual.layer_11.head_15.named_concept.rescue,individual_selected_head,rescue,named_concept,,0.00016975873330421514,-0.0004054726143864786,0.0006315447406950852
validation,finnish,individual.layer_11.head_15.trigger_other.rescue,individual_selected_head,rescue,trigger_other,,0.0442335721738787,0.022231438930623997,0.06832574214309169
validation,finnish,individual.layer_11.head_15.original_prompt.rescue,individual_selected_head,rescue,original_prompt,,0.0014471662730008595,0.00039291792000353213,0.0030592985948345603
validation,finnish,individual.layer_11.head_15.template.rescue,individual_selected_head,rescue,template,,0.002796719140111662,0.001535868553513036,0.004048002567151014
validation,finnish,individual.layer_11.head_15.response.rescue,individual_selected_head,rescue,response,,5.5324836854142794e-05,-0.0002539057938803941,0.0002983926872600429
validation,finnish,group.selected_attention_12.monitoring_language.rescue,selected_random_source_group,rescue,monitoring_language,,-0.00044783674706092567,-0.001038541430195331,-0.00010482393323536999
validation,finnish,group.selected_attention_12.monitoring_language.induction,selected_random_source_group,induction,monitoring_language,,0.0022169955167108658,0.0013444348895234564,0.003117454676530387
validation,finnish,group.selected_attention_12.named_concept.rescue,selected_random_source_group,rescue,named_concept,,0.004053023332586323,0.002207148005247443,0.005896623960279965
validation,finnish,group.selected_attention_12.named_concept.induction,selected_random_source_group,induction,named_concept,,0.006039819732534909,0.0025344836932341642,0.010287655481427916
validation,finnish,group.selected_attention_12.trigger_other.rescue,selected_random_source_group,rescue,trigger_other,,0.576598051341006,0.47982110320917654,0.6719361572857218
validation,finnish,group.selected_attention_12.trigger_other.induction,selected_random_source_group,induction,trigger_other,,0.6724058335695284,0.5925326394378936,0.7596519234923647
validation,finnish,group.selected_attention_12.original_prompt.rescue,selected_random_source_group,rescue,original_prompt,,0.06737465740546386,0.035693791612675316,0.10016136789095252
validation,finnish,group.selected_attention_12.original_prompt.induction,selected_random_source_group,induction,original_prompt,,0.08745020625978536,0.029454355827625893,0.16177634493064832
validation,finnish,group.selected_attention_12.template.rescue,selected_random_source_group,rescue,template,,0.007174203998133859,0.0031819859586032485,0.012700105429104725
validation,finnish,group.selected_attention_12.template.induction,selected_random_source_group,induction,template,,0.0075590293650335955,0.004557132388557142,0.010166532488826128
validation,finnish,group.selected_attention_12.response.rescue,selected_random_source_group,rescue,response,,0.05117797821312701,0.022547636023290473,0.08159608937491472
validation,finnish,group.selected_attention_12.response.induction,selected_random_source_group,induction,response,,0.06010519538824507,0.023194026000971375,0.10417945637713859
validation,finnish,group.selected_attention_12.trigger_instruction.rescue,selected_random_source_group,rescue,trigger_instruction,,0.5907006389519158,0.49225539491312403,0.688219457534704
validation,finnish,group.selected_attention_12.trigger_instruction.induction,selected_random_source_group,induction,trigger_instruction,,0.689237352229928,0.6112078281920529,0.7741065308422834
validation,finnish,group.selected_attention_12.all_prompt.rescue,selected_random_source_group,rescue,all_prompt,,0.8066330370861762,0.7551163931209479,0.8547817248118483
validation,finnish,group.selected_attention_12.all_prompt.induction,selected_random_source_group,induction,all_prompt,,0.823893590991056,0.760843268726889,0.8905137222866346
validation,finnish,group.random_attention_12.monitoring_language.rescue,selected_random_source_group,rescue,monitoring_language,,-0.0002634918696413071,-0.0008169214510692454,4.513293550123156e-05
validation,finnish,group.random_attention_12.monitoring_language.induction,selected_random_source_group,induction,monitoring_language,,-9.381374984173482e-05,-0.0003325067916496421,0.00020953035000528938
validation,finnish,group.random_attention_12.named_concept.rescue,selected_random_source_group,rescue,named_concept,,-0.00026020924737745605,-0.0007584484275977979,3.139127720418421e-05
validation,finnish,group.random_attention_12.named_concept.induction,selected_random_source_group,induction,named_concept,,0.00031358979987736684,8.190542588850706e-05,0.0006461432167380433
validation,finnish,group.random_attention_12.trigger_other.rescue,selected_random_source_group,rescue,trigger_other,,-0.0002944843512355876,-0.0008297294453940205,2.4294400907715474e-06
validation,finnish,group.random_attention_12.trigger_other.induction,selected_random_source_group,induction,trigger_other,,0.0003258146120617775,3.972801719949158e-05,0.0007637048206742772
validation,finnish,group.random_attention_12.original_prompt.rescue,selected_random_source_group,rescue,original_prompt,,-0.0027272846819982256,-0.003927761690085914,-0.0015726544242897354
validation,finnish,group.random_attention_12.original_prompt.induction,selected_random_source_group,induction,original_prompt,,-0.007077489831564365,-0.012331621305258304,-0.0026595187201742996
validation,finnish,group.random_attention_12.template.rescue,selected_random_source_group,rescue,template,,0.00026781396413397675,-0.00023054317156503517,0.0007326456893517358
validation,finnish,group.random_attention_12.template.induction,selected_random_source_group,induction,template,,-0.0004164307249136262,-0.0011242240187464272,0.00010633482006768732
validation,finnish,group.random_attention_12.response.rescue,selected_random_source_group,rescue,response,,-0.012372808790495387,-0.019228037118765466,-0.005835424861652406
validation,finnish,group.random_attention_12.response.induction,selected_random_source_group,induction,response,,-0.027570764043026257,-0.05054692528448694,-0.009613361016694362
validation,finnish,group.random_attention_12.trigger_instruction.rescue,selected_random_source_group,rescue,trigger_instruction,,-0.00024323760649623538,-0.0005668034335085777,-8.627269125372028e-06
validation,finnish,group.random_attention_12.trigger_instruction.induction,selected_random_source_group,induction,trigger_instruction,,0.0002208337299630559,8.014340835638579e-07,0.000557240743920537
validation,finnish,group.random_attention_12.all_prompt.rescue,selected_random_source_group,rescue,all_prompt,,-0.0022941831996238665,-0.0034003652198711016,-0.0012578092938764494
validation,finnish,group.random_attention_12.all_prompt.induction,selected_random_source_group,induction,all_prompt,,-0.00784203253724232,-0.013549255390367975,-0.0029695948277514246
validation,finnish,direct.selected_attention_12.rescue,direct_response_output,rescue,,selected_attention_12,0.8625944269978317,0.8250295365123934,0.8997735207036162
validation,finnish,direct.selected_attention_12.induction,direct_response_output,induction,,selected_attention_12,0.8752410902165252,0.801635818993884,0.9349411422833
validation,finnish,direct.random_attention_12.rescue,direct_response_output,rescue,,random_attention_12,-0.013860199040449083,-0.02095141868735776,-0.007019198790501484
validation,finnish,direct.random_attention_12.induction,direct_response_output,induction,,random_attention_12,-0.03789178925388538,-0.06804507627669303,-0.013465722274866934
validation,finnish,direct.random_attention_16.rescue,direct_response_output,rescue,,random_attention_16,-0.013433759870293802,-0.020357612722335414,-0.006632437041905287
validation,finnish,direct.random_attention_16.induction,direct_response_output,induction,,random_attention_16,-0.03179157107805305,-0.05934823729474002,-0.009898728820448096
validation,finnish,direct.selected_mlp_4.rescue,direct_response_output,rescue,,selected_mlp_4,0.7385649692289806,0.6185953886839425,0.8376431835626786
validation,finnish,direct.selected_mlp_4.induction,direct_response_output,induction,,selected_mlp_4,0.8001600710846521,0.7385469283334677,0.8714386596859313
validation,finnish,direct.layer_09.mlp.rescue,direct_response_output,rescue,,layer_09.mlp,0.0034973586126763622,-0.0011677377799994165,0.007589951964540533
validation,finnish,direct.layer_09.mlp.induction,direct_response_output,induction,,layer_09.mlp,-0.02000278129442098,-0.03880632514768007,-0.0043732534717086085
validation,finnish,direct.layer_10.mlp.rescue,direct_response_output,rescue,,layer_10.mlp,0.002175061925735623,-0.005640740722583886,0.008021373034147454
validation,finnish,direct.layer_10.mlp.induction,direct_response_output,induction,,layer_10.mlp,0.01025510469445224,0.004536398066394168,0.016419490596564168
validation,finnish,direct.layer_11.mlp.rescue,direct_response_output,rescue,,layer_11.mlp,0.47248404248094056,0.4010061815588237,0.540201778174912
validation,finnish,direct.layer_11.mlp.induction,direct_response_output,induction,,layer_11.mlp,0.5061192278719167,0.40275711886245685,0.6164296171318181
validation,finnish,direct.layer_12.mlp.rescue,direct_response_output,rescue,,layer_12.mlp,0.3383254038846943,0.25192899346744846,0.40961511295716935
validation,finnish,direct.layer_12.mlp.induction,direct_response_output,induction,,layer_12.mlp,0.4002217984737613,0.30911029928094724,0.4987385731056468
validation,finnish,direct.selected_k16.rescue,direct_response_output,rescue,,selected_k16,0.9424955780602712,0.9057139990527343,0.9732989138499158
validation,finnish,direct.selected_k16.induction,direct_response_output,induction,,selected_k16,0.9642100763302558,0.9482348928397066,0.9797596812471441
validation,finnish,direct.resid_post_layer12_positive_control.rescue,direct_response_output,rescue,,resid_post_layer12_positive_control,1.0,1.0,1.0
validation,finnish,direct.resid_post_layer12_positive_control.induction,direct_response_output,induction,,resid_post_layer12_positive_control,1.0,1.0,1.0
discovery,german,layer_scan.layer_00.monitoring_language.rescue,layer_source_scan,rescue,monitoring_language,,0.0008228854780446265,-0.0002623113859987933,0.0023584331270664993
discovery,german,layer_scan.layer_00.named_concept.rescue,layer_source_scan,rescue,named_concept,,-3.9578305754423326e-05,-0.004245438466222364,0.004582242675681223
discovery,german,layer_scan.layer_00.trigger_other.rescue,layer_source_scan,rescue,trigger_other,,0.00015281066548742102,-6.466797887526219e-06,0.00028900869725559706
discovery,german,layer_scan.layer_00.original_prompt.rescue,layer_source_scan,rescue,original_prompt,,0.000783155289368031,0.0001958135065359288,0.001612758842661288
discovery,german,layer_scan.layer_00.template.rescue,layer_source_scan,rescue,template,,-0.0003523521195470565,-0.0013277518441395437,0.00028792577347418495
discovery,german,layer_scan.layer_00.response.rescue,layer_source_scan,rescue,response,,0.0007507475742873468,-0.00041295755251382244,0.00243869703996914
discovery,german,layer_scan.layer_00.trigger_instruction.rescue,layer_source_scan,rescue,trigger_instruction,,-0.00033450835836773194,-0.0031586938428601993,0.0029184787379959902
discovery,german,layer_scan.layer_01.monitoring_language.rescue,layer_source_scan,rescue,monitoring_language,,0.0007515077215228143,7.40583855562509e-05,0.0015181868929929042
discovery,german,layer_scan.layer_01.named_concept.rescue,layer_source_scan,rescue,named_concept,,0.00274708011538515,0.00034257128864401636,0.0059996225111156945
discovery,german,layer_scan.layer_01.trigger_other.rescue,layer_source_scan,rescue,trigger_other,,0.0002522015485281131,0.00014381589953999118,0.000338623473265826
discovery,german,layer_scan.layer_01.original_prompt.rescue,layer_source_scan,rescue,original_prompt,,0.000215591509638724,-5.402533186536318e-06,0.000462531846411967
discovery,german,layer_scan.layer_01.template.rescue,layer_source_scan,rescue,template,,0.00016313030634889215,-4.9056668878383046e-05,0.0004897338426520687
discovery,german,layer_scan.layer_01.response.rescue,layer_source_scan,rescue,response,,0.0009381686618106865,-6.33688617348582e-05,0.00228093366284126
discovery,german,layer_scan.layer_01.trigger_instruction.rescue,layer_source_scan,rescue,trigger_instruction,,0.0033104345621658596,0.0005425475721229074,0.006871342783409468
discovery,german,layer_scan.layer_02.monitoring_language.rescue,layer_source_scan,rescue,monitoring_language,,0.0006475439269041346,0.0001419938458073531,0.0016630365774173753
discovery,german,layer_scan.layer_02.named_concept.rescue,layer_source_scan,rescue,named_concept,,0.0002862588717901432,-2.4295960150229025e-05,0.0007724432274811332
discovery,german,layer_scan.layer_02.trigger_other.rescue,layer_source_scan,rescue,trigger_other,,0.00042174912156534423,0.00011292616177054128,0.0009328800880672193
discovery,german,layer_scan.layer_02.original_prompt.rescue,layer_source_scan,rescue,original_prompt,,0.0006757705533550095,6.989530009461e-05,0.0016216722318976584
discovery,german,layer_scan.layer_02.template.rescue,layer_source_scan,rescue,template,,-0.00013055201001652426,-0.0005093382708091309,0.00018906881652408551
discovery,german,layer_scan.layer_02.response.rescue,layer_source_scan,rescue,response,,0.00045526963874996065,0.0001237817407745054,0.000879508212622365
discovery,german,layer_scan.layer_02.trigger_instruction.rescue,layer_source_scan,rescue,trigger_instruction,,-0.00019925662710810628,-0.0009313797867699118,0.00026303421518191237
discovery,german,layer_scan.layer_03.monitoring_language.rescue,layer_source_scan,rescue,monitoring_language,,-0.0002462112051608949,-0.000590993443468274,3.621306811484892e-05
discovery,german,layer_scan.layer_03.named_concept.rescue,layer_source_scan,rescue,named_concept,,0.0022043337755101684,0.00025774179990888335,0.0047398402452806555
discovery,german,layer_scan.layer_03.trigger_other.rescue,layer_source_scan,rescue,trigger_other,,9.683612262525199e-05,-0.000401812144172094,0.0004313807650106365
discovery,german,layer_scan.layer_03.original_prompt.rescue,layer_source_scan,rescue,original_prompt,,-0.0007865429346142077,-0.0026605854703222825,0.0003243260410154866
discovery,german,layer_scan.layer_03.template.rescue,layer_source_scan,rescue,template,,0.00018329162159155595,-0.00026871673026725536,0.0006624884704732263
discovery,german,layer_scan.layer_03.response.rescue,layer_source_scan,rescue,response,,-7.832920496061597e-05,-0.0005118184431495972,0.00023498852662848918
discovery,german,layer_scan.layer_03.trigger_instruction.rescue,layer_source_scan,rescue,trigger_instruction,,0.0017166639666195019,0.00011549128401063063,0.0036101974217620614
discovery,german,layer_scan.layer_04.monitoring_language.rescue,layer_source_scan,rescue,monitoring_language,,-0.0002766884325338232,-0.0007705107923442634,6.846650108466725e-05
discovery,german,layer_scan.layer_04.named_concept.rescue,layer_source_scan,rescue,named_concept,,0.002141738307253724,-0.0004639827158195591,0.006630162843814436
discovery,german,layer_scan.layer_04.trigger_other.rescue,layer_source_scan,rescue,trigger_other,,0.0023478470082868327,0.0001295402375020056,0.006461842680977844
discovery,german,layer_scan.layer_04.original_prompt.rescue,layer_source_scan,rescue,original_prompt,,0.002349228552405036,0.0005129777293490135,0.005157475213185782
discovery,german,layer_scan.layer_04.template.rescue,layer_source_scan,rescue,template,,0.000412767067345681,0.0001039419021473134,0.000871121785654909
discovery,german,layer_scan.layer_04.response.rescue,layer_source_scan,rescue,response,,0.0004946680906308139,0.00010705486070275807,0.0009412110034024973
discovery,german,layer_scan.layer_04.trigger_instruction.rescue,layer_source_scan,rescue,trigger_instruction,,0.0037576121762462078,-0.0003511283417111259,0.01196805603480865
discovery,german,layer_scan.layer_05.monitoring_language.rescue,layer_source_scan,rescue,monitoring_language,,0.0007391020250389908,9.2065175327809e-05,0.0019526639079378346
discovery,german,layer_scan.layer_05.named_concept.rescue,layer_source_scan,rescue,named_concept,,0.0012862753639135969,6.42151359099824e-05,0.00373859292391823
discovery,german,layer_scan.layer_05.trigger_other.rescue,layer_source_scan,rescue,trigger_other,,0.0015731316309295883,-5.034988074116739e-05,0.004908900774449905
discovery,german,layer_scan.layer_05.original_prompt.rescue,layer_source_scan,rescue,original_prompt,,0.0007109579008665744,-1.5983885320157648e-05,0.0017451718365251408
discovery,german,layer_scan.layer_05.template.rescue,layer_source_scan,rescue,template,,2.4328604286599768e-05,-0.0002957112726838977,0.0002619815047859345
discovery,german,layer_scan.layer_05.response.rescue,layer_source_scan,rescue,response,,-0.0003945715260735413,-0.0015721575361731844,0.0005001015503920448
discovery,german,layer_scan.layer_05.trigger_instruction.rescue,layer_source_scan,rescue,trigger_instruction,,0.0030633956224158654,-9.218926558456697e-05,0.009711599617731792
discovery,german,layer_scan.layer_06.monitoring_language.rescue,layer_source_scan,rescue,monitoring_language,,0.016057365958911055,0.005962734557566657,0.029340759719784625
discovery,german,layer_scan.layer_06.named_concept.rescue,layer_source_scan,rescue,named_concept,,0.006837279664541828,0.0010679402517216002,0.016119813252267575
discovery,german,layer_scan.layer_06.trigger_other.rescue,layer_source_scan,rescue,trigger_other,,0.010521304455648662,0.0012854609989265105,0.022744230034644757
discovery,german,layer_scan.layer_06.original_prompt.rescue,layer_source_scan,rescue,original_prompt,,0.004158727177264942,0.0009568602042332897,0.009426409826931405
discovery,german,layer_scan.layer_06.template.rescue,layer_source_scan,rescue,template,,0.0008411828103982997,0.00019829654109586767,0.0018519938613760798
discovery,german,layer_scan.layer_06.response.rescue,layer_source_scan,rescue,response,,0.002924199516817228,0.0006977997117413328,0.0058230233085407816
discovery,german,layer_scan.layer_06.trigger_instruction.rescue,layer_source_scan,rescue,trigger_instruction,,0.03517296473463534,0.01172618136889252,0.07008188556116593
discovery,german,layer_scan.layer_07.monitoring_language.rescue,layer_source_scan,rescue,monitoring_language,,0.004311443202961766,-0.0001526168632481641,0.014447625156828087
discovery,german,layer_scan.layer_07.named_concept.rescue,layer_source_scan,rescue,named_concept,,0.0018621233237186598,0.0001004405426369758,0.005220620378278573
discovery,german,layer_scan.layer_07.trigger_other.rescue,layer_source_scan,rescue,trigger_other,,0.0007602285239947066,0.00012367837742454182,0.0015555403704202834
discovery,german,layer_scan.layer_07.original_prompt.rescue,layer_source_scan,rescue,original_prompt,,-0.00015752031543414606,-0.0026625742474671926,0.0013335082781136918
discovery,german,layer_scan.layer_07.template.rescue,layer_source_scan,rescue,template,,0.0007712636110559476,-4.9727709639937396e-05,0.002194651960014175
discovery,german,layer_scan.layer_07.response.rescue,layer_source_scan,rescue,response,,-0.0038614559297763624,-0.013462311374906399,0.0016445088890301262
discovery,german,layer_scan.layer_07.trigger_instruction.rescue,layer_source_scan,rescue,trigger_instruction,,0.006356521797034688,-3.7839856895100313e-06,0.01966424985685495
discovery,german,layer_scan.layer_08.monitoring_language.rescue,layer_source_scan,rescue,monitoring_language,,0.0002175480437914486,-0.00014805790307510392,0.0008106616498152908
discovery,german,layer_scan.layer_08.named_concept.rescue,layer_source_scan,rescue,named_concept,,0.027550817445662703,0.007005564392382439,0.06042786162843959
discovery,german,layer_scan.layer_08.trigger_other.rescue,layer_source_scan,rescue,trigger_other,,0.00182932999659691,0.0008130838820868368,0.002931367866055683
discovery,german,layer_scan.layer_08.original_prompt.rescue,layer_source_scan,rescue,original_prompt,,0.00048717760543668986,-0.005678433266935157,0.004510777559608437
discovery,german,layer_scan.layer_08.template.rescue,layer_source_scan,rescue,template,,0.000765044120207301,0.0003892306532129743,0.001228127891790372
discovery,german,layer_scan.layer_08.response.rescue,layer_source_scan,rescue,response,,0.0012157433076857888,0.0003146261943191878,0.0025846833506675214
discovery,german,layer_scan.layer_08.trigger_instruction.rescue,layer_source_scan,rescue,trigger_instruction,,0.03022225555206869,0.008037250141805709,0.06487951516756227
discovery,german,layer_scan.layer_09.monitoring_language.rescue,layer_source_scan,rescue,monitoring_language,,0.00031125746674681736,5.841858687400471e-05,0.000748051480641135
discovery,german,layer_scan.layer_09.named_concept.rescue,layer_source_scan,rescue,named_concept,,0.0007333675426146024,0.00037441240637900604,0.0011353559226736007
discovery,german,layer_scan.layer_09.trigger_other.rescue,layer_source_scan,rescue,trigger_other,,0.0020571926075510618,0.0010436202434966593,0.0031281866292090497
discovery,german,layer_scan.layer_09.original_prompt.rescue,layer_source_scan,rescue,original_prompt,,0.011378869364593269,0.004669909275189913,0.020283705156849293
discovery,german,layer_scan.layer_09.template.rescue,layer_source_scan,rescue,template,,0.002352147547531603,0.0003909372600295046,0.005063489375114537
discovery,german,layer_scan.layer_09.response.rescue,layer_source_scan,rescue,response,,0.007049428407133751,0.00296161339244254,0.011747813885963567
discovery,german,layer_scan.layer_09.trigger_instruction.rescue,layer_source_scan,rescue,trigger_instruction,,0.0025225160319078664,0.0014183564470423744,0.0036356821542369465
discovery,german,layer_scan.layer_10.monitoring_language.rescue,layer_source_scan,rescue,monitoring_language,,0.0007243387972446386,-5.910678675897078e-05,0.002280296569767629
discovery,german,layer_scan.layer_10.named_concept.rescue,layer_source_scan,rescue,named_concept,,0.0036966836695330593,0.0009927495710082095,0.0069542233433555764
discovery,german,layer_scan.layer_10.trigger_other.rescue,layer_source_scan,rescue,trigger_other,,0.004666380918765913,0.000896075730098122,0.009649287375746208
discovery,german,layer_scan.layer_10.original_prompt.rescue,layer_source_scan,rescue,original_prompt,,-0.003332942911411256,-0.011266616348284358,0.0014315509082697382
discovery,german,layer_scan.layer_10.template.rescue,layer_source_scan,rescue,template,,0.0017163447281808542,0.0004160648485587036,0.0034056635013016098
discovery,german,layer_scan.layer_10.response.rescue,layer_source_scan,rescue,response,,0.004597832558474751,0.0010911800911855257,0.00963651076115657
discovery,german,layer_scan.layer_10.trigger_instruction.rescue,layer_source_scan,rescue,trigger_instruction,,0.008002745777563509,0.002024414096039966,0.015020128090792078
discovery,german,layer_scan.layer_11.monitoring_language.rescue,layer_source_scan,rescue,monitoring_language,,0.000128961547603791,-0.00014112741252393093,0.0006398825598394885
discovery,german,layer_scan.layer_11.named_concept.rescue,layer_source_scan,rescue,named_concept,,0.0024436880517412054,0.001033330362560451,0.004006953591921185
discovery,german,layer_scan.layer_11.trigger_other.rescue,layer_source_scan,rescue,trigger_other,,0.48630718601667966,0.37451808116311675,0.6045551896262225
discovery,german,layer_scan.layer_11.original_prompt.rescue,layer_source_scan,rescue,original_prompt,,0.037741471943238326,0.019706964921161862,0.05713991845226319
discovery,german,layer_scan.layer_11.template.rescue,layer_source_scan,rescue,template,,0.010971183366000463,0.00176502619304225,0.0230759547408187
discovery,german,layer_scan.layer_11.response.rescue,layer_source_scan,rescue,response,,0.029173459929515866,0.011768816369265073,0.0483756097749129
discovery,german,layer_scan.layer_11.trigger_instruction.rescue,layer_source_scan,rescue,trigger_instruction,,0.5046162081723143,0.3921972887759866,0.6205600424613443
discovery,german,layer_scan.layer_12.monitoring_language.rescue,layer_source_scan,rescue,monitoring_language,,0.0005927907895428029,7.10918518123231e-05,0.0014269025812663671
discovery,german,layer_scan.layer_12.named_concept.rescue,layer_source_scan,rescue,named_concept,,0.0012083928959425664,0.00036935868653258227,0.00246398584637509
discovery,german,layer_scan.layer_12.trigger_other.rescue,layer_source_scan,rescue,trigger_other,,0.002532058718906701,0.0009880952601646548,0.004429639015689133
discovery,german,layer_scan.layer_12.original_prompt.rescue,layer_source_scan,rescue,original_prompt,,0.04401182032364964,0.01082407738241604,0.09399031367301454
discovery,german,layer_scan.layer_12.template.rescue,layer_source_scan,rescue,template,,0.005943959033541985,0.0012209006830624831,0.01349444953640782
discovery,german,layer_scan.layer_12.response.rescue,layer_source_scan,rescue,response,,0.042508669684027355,0.02527594855900143,0.05943918904913657
discovery,german,layer_scan.layer_12.trigger_instruction.rescue,layer_source_scan,rescue,trigger_instruction,,0.004001982120815612,0.0015416148470180511,0.006975748410472032
discovery,german,individual.layer_11.head_08.monitoring_language.rescue,individual_selected_head,rescue,monitoring_language,,0.000390314233549951,-4.114180939276237e-05,0.0011192604623147296
discovery,german,individual.layer_11.head_08.named_concept.rescue,individual_selected_head,rescue,named_concept,,0.001087117127196686,0.00031131297060910487,0.0020571368078281527
discovery,german,individual.layer_11.head_08.trigger_other.rescue,individual_selected_head,rescue,trigger_other,,0.25679328958635145,0.1518924994025611,0.38218614861804096
discovery,german,individual.layer_11.head_08.original_prompt.rescue,individual_selected_head,rescue,original_prompt,,0.027219658029185998,0.013170074179790187,0.04305332613177064
discovery,german,individual.layer_11.head_08.template.rescue,individual_selected_head,rescue,template,,0.0035500491606955398,0.0005668740375234016,0.007513534499192292
discovery,german,individual.layer_11.head_08.response.rescue,individual_selected_head,rescue,response,,0.020510835221371586,0.008464955051090501,0.034575196835853854
discovery,german,individual.layer_10.head_12.monitoring_language.rescue,individual_selected_head,rescue,monitoring_language,,0.0002218995824565942,-9.675179258207265e-05,0.0008081007605682663
discovery,german,individual.layer_10.head_12.named_concept.rescue,individual_selected_head,rescue,named_concept,,0.00046216849130282855,-0.00010860035381701773,0.0013945268433150353
discovery,german,individual.layer_10.head_12.trigger_other.rescue,individual_selected_head,rescue,trigger_other,,0.000516640519509142,-7.883479906056259e-05,0.0014484954989553139
discovery,german,individual.layer_10.head_12.original_prompt.rescue,individual_selected_head,rescue,original_prompt,,-0.00724737466405745,-0.01679308984182044,-0.001889903764732005
discovery,german,individual.layer_10.head_12.template.rescue,individual_selected_head,rescue,template,,-1.7355155240207126e-05,-0.00023911714231063748,0.0002549091931965132
discovery,german,individual.layer_10.head_12.response.rescue,individual_selected_head,rescue,response,,-0.002771072685540629,-0.0056421165418057894,-9.919074099904906e-05
discovery,german,individual.layer_11.head_09.monitoring_language.rescue,individual_selected_head,rescue,monitoring_language,,0.0004092942080165317,5.409366140523333e-07,0.001131411488127681
discovery,german,individual.layer_11.head_09.named_concept.rescue,individual_selected_head,rescue,named_concept,,0.000447924628746375,7.787711897302066e-05,0.0008833151962180698
discovery,german,individual.layer_11.head_09.trigger_other.rescue,individual_selected_head,rescue,trigger_other,,0.018634916040510752,0.006499139122643209,0.03339744729397754
discovery,german,individual.layer_11.head_09.original_prompt.rescue,individual_selected_head,rescue,original_prompt,,0.005057954708969722,0.0024624284140773232,0.007801955125684235
discovery,german,individual.layer_11.head_09.template.rescue,individual_selected_head,rescue,template,,0.0021326687645343992,0.0005238079048021299,0.004723309274717257
discovery,german,individual.layer_11.head_09.response.rescue,individual_selected_head,rescue,response,,0.0069339648446287315,0.003181858395830559,0.01062663295745022
discovery,german,individual.layer_10.head_02.monitoring_language.rescue,individual_selected_head,rescue,monitoring_language,,0.0003103416859885798,4.971752582958785e-06,0.0007863741901969363
discovery,german,individual.layer_10.head_02.named_concept.rescue,individual_selected_head,rescue,named_concept,,0.0035621782093801582,0.001383066591354758,0.006123693612324105
discovery,german,individual.layer_10.head_02.trigger_other.rescue,individual_selected_head,rescue,trigger_other,,0.00526871095087843,0.001904800538468919,0.010135489109416286
discovery,german,individual.layer_10.head_02.original_prompt.rescue,individual_selected_head,rescue,original_prompt,,0.0008245510071427962,-0.0003630846428896361,0.001929008974098306
discovery,german,individual.layer_10.head_02.template.rescue,individual_selected_head,rescue,template,,0.001289048293376062,0.0001910588059971707,0.0027828140380884753
discovery,german,individual.layer_10.head_02.response.rescue,individual_selected_head,rescue,response,,0.0006549227579212752,-9.063996244642334e-05,0.0016786509350265927
discovery,german,individual.layer_09.head_11.monitoring_language.rescue,individual_selected_head,rescue,monitoring_language,,0.0005549141629902716,4.8011893265757496e-05,0.001493946393447818
discovery,german,individual.layer_09.head_11.named_concept.rescue,individual_selected_head,rescue,named_concept,,0.00037374756827626026,0.0001894800441464609,0.0006036640867221856
discovery,german,individual.layer_09.head_11.trigger_other.rescue,individual_selected_head,rescue,trigger_other,,0.001955991430976877,0.0009880876010905323,0.0031357369269730626
discovery,german,individual.layer_09.head_11.original_prompt.rescue,individual_selected_head,rescue,original_prompt,,0.005453804818067502,0.0016408001858263972,0.010937173436455795
discovery,german,individual.layer_09.head_11.template.rescue,individual_selected_head,rescue,template,,0.0024460878456503085,0.00040960376257730987,0.005113451121008004
discovery,german,individual.layer_09.head_11.response.rescue,individual_selected_head,rescue,response,,0.0036803625865883148,0.0016286652789348178,0.006086175436477374
discovery,german,individual.layer_12.head_12.monitoring_language.rescue,individual_selected_head,rescue,monitoring_language,,0.00041720590862066257,-7.372739337233222e-06,0.0011078692792708556
discovery,german,individual.layer_12.head_12.named_concept.rescue,individual_selected_head,rescue,named_concept,,0.00043831860799050504,-1.363738249618368e-05,0.0011895542132360055
discovery,german,individual.layer_12.head_12.trigger_other.rescue,individual_selected_head,rescue,trigger_other,,0.0004197173785761401,-1.0002582806610678e-06,0.0011592210727726798
discovery,german,individual.layer_12.head_12.original_prompt.rescue,individual_selected_head,rescue,original_prompt,,0.001557710856148778,0.00024334240652759229,0.0037836729838591878
discovery,german,individual.layer_12.head_12.template.rescue,individual_selected_head,rescue,template,,0.0005518531261675909,1.1502598682127413e-05,0.0012778337590162246
discovery,german,individual.layer_12.head_12.response.rescue,individual_selected_head,rescue,response,,0.0023627650166976964,0.0007551252873979859,0.004597643069375453
discovery,german,individual.layer_12.head_03.monitoring_language.rescue,individual_selected_head,rescue,monitoring_language,,0.00042444826370176064,-1.453387114217371e-05,0.0012029987981477532
discovery,german,individual.layer_12.head_03.named_concept.rescue,individual_selected_head,rescue,named_concept,,0.0004230807159939519,-1.3240931657849741e-05,0.001071876585313555
discovery,german,individual.layer_12.head_03.trigger_other.rescue,individual_selected_head,rescue,trigger_other,,0.0009296042254861709,0.00016201886077264052,0.0019320254073429022
discovery,german,individual.layer_12.head_03.original_prompt.rescue,individual_selected_head,rescue,original_prompt,,0.00305295119480797,0.0009711791083209636,0.005594893821483375
discovery,german,individual.layer_12.head_03.template.rescue,individual_selected_head,rescue,template,,0.0008302126863637415,8.027206112128636e-05,0.0019450057125977897
discovery,german,individual.layer_12.head_03.response.rescue,individual_selected_head,rescue,response,,0.004721518946478399,0.0027061162918517534,0.006826939727409949
discovery,german,individual.layer_09.head_04.monitoring_language.rescue,individual_selected_head,rescue,monitoring_language,,0.00032844742060558627,1.2759737983008795e-05,0.0009601112509444549
discovery,german,individual.layer_09.head_04.named_concept.rescue,individual_selected_head,rescue,named_concept,,0.00022929061659404754,2.523154633617604e-05,0.0006152639795917687
discovery,german,individual.layer_09.head_04.trigger_other.rescue,individual_selected_head,rescue,trigger_other,,0.0005303870939781552,0.00010367999449644835,0.0012725612844726093
discovery,german,individual.layer_09.head_04.original_prompt.rescue,individual_selected_head,rescue,original_prompt,,0.001142348263842383,0.0003594365468159379,0.0019867564037622984
discovery,german,individual.layer_09.head_04.template.rescue,individual_selected_head,rescue,template,,0.0003319554787199386,-5.5646153568185866e-05,0.0010833861448350248
discovery,german,individual.layer_09.head_04.response.rescue,individual_selected_head,rescue,response,,0.0016981352233024069,0.000768601351669136,0.002845598728718582
discovery,german,individual.layer_11.head_14.monitoring_language.rescue,individual_selected_head,rescue,monitoring_language,,0.0003982547689464337,-3.4473616224511096e-05,0.0011316872863510932
discovery,german,individual.layer_11.head_14.named_concept.rescue,individual_selected_head,rescue,named_concept,,-0.0001936344768118299,-0.0008106742052914248,0.0004971614270156375
discovery,german,individual.layer_11.head_14.trigger_other.rescue,individual_selected_head,rescue,trigger_other,,7.150852454674078e-05,-0.002573255204528031,0.0029635642209113835
discovery,german,individual.layer_11.head_14.original_prompt.rescue,individual_selected_head,rescue,original_prompt,,0.0021501330261675103,0.0009262808924295957,0.0037931782923598645
discovery,german,individual.layer_11.head_14.template.rescue,individual_selected_head,rescue,template,,0.0002493229133630821,-0.0002874121130470934,0.0009836940613971508
discovery,german,individual.layer_11.head_14.response.rescue,individual_selected_head,rescue,response,,0.0016133040077623913,0.0005767783637533709,0.0029411807591437026
discovery,german,individual.layer_12.head_02.monitoring_language.rescue,individual_selected_head,rescue,monitoring_language,,0.00045265373151660935,-6.719861027258092e-06,0.0011936354904661176
discovery,german,individual.layer_12.head_02.named_concept.rescue,individual_selected_head,rescue,named_concept,,0.00051214477407815,6.714434742111375e-06,0.001492762010549499
discovery,german,individual.layer_12.head_02.trigger_other.rescue,individual_selected_head,rescue,trigger_other,,0.0011600994956273648,0.0001144800915841166,0.002508776010154203
discovery,german,individual.layer_12.head_02.original_prompt.rescue,individual_selected_head,rescue,original_prompt,,0.004377262995850595,0.0013658807890259605,0.008309531176891895
discovery,german,individual.layer_12.head_02.template.rescue,individual_selected_head,rescue,template,,0.0009891975402558525,4.655817940812533e-06,0.002683822613083742
discovery,german,individual.layer_12.head_02.response.rescue,individual_selected_head,rescue,response,,0.0038009846682952914,0.002208612500768719,0.005614778475124181
discovery,german,individual.layer_09.head_13.monitoring_language.rescue,individual_selected_head,rescue,monitoring_language,,0.0004472599851424591,-3.854051344578242e-05,0.0011904549717207831
discovery,german,individual.layer_09.head_13.named_concept.rescue,individual_selected_head,rescue,named_concept,,0.0001581384537775869,-1.994859869505552e-05,0.0003831443164943452
discovery,german,individual.layer_09.head_13.trigger_other.rescue,individual_selected_head,rescue,trigger_other,,0.00040783391222046786,7.686040446566737e-05,0.000792535205034933
discovery,german,individual.layer_09.head_13.original_prompt.rescue,individual_selected_head,rescue,original_prompt,,0.0006460973541510748,0.00019142483797720278,0.0010470842351711365
discovery,german,individual.layer_09.head_13.template.rescue,individual_selected_head,rescue,template,,0.0003176087316123895,0.00011306991163826356,0.0005522958198458345
discovery,german,individual.layer_09.head_13.response.rescue,individual_selected_head,rescue,response,,0.0010839714339605097,0.00032590702792187207,0.0021766026847313074
discovery,german,individual.layer_11.head_15.monitoring_language.rescue,individual_selected_head,rescue,monitoring_language,,0.0003529135614937038,-2.492807474292218e-05,0.0008959351258999828
discovery,german,individual.layer_11.head_15.named_concept.rescue,individual_selected_head,rescue,named_concept,,0.0028403949270449573,0.0009687633772136258,0.0059597896795748565
discovery,german,individual.layer_11.head_15.trigger_other.rescue,individual_selected_head,rescue,trigger_other,,0.06690354021620346,0.025462939249933734,0.1253025338108347
discovery,german,individual.layer_11.head_15.original_prompt.rescue,individual_selected_head,rescue,original_prompt,,0.001445377470546849,-0.0005529027638569324,0.00432910514105717
discovery,german,individual.layer_11.head_15.template.rescue,individual_selected_head,rescue,template,,0.004939156097104462,0.0012066527626003814,0.009688877019827605
discovery,german,individual.layer_11.head_15.response.rescue,individual_selected_head,rescue,response,,0.0002727049775926632,-0.0012910728882775627,0.001707882732432186
discovery,german,group.selected_attention_12.monitoring_language.rescue,selected_random_source_group,rescue,monitoring_language,,0.00046703172998424256,-1.033167373967142e-06,0.0011996419711448327
discovery,german,group.selected_attention_12.monitoring_language.induction,selected_random_source_group,induction,monitoring_language,,0.003207271843348356,0.0019103777030042444,0.004942320612081315
discovery,german,group.selected_attention_12.named_concept.rescue,selected_random_source_group,rescue,named_concept,,0.006435751233616368,0.00293616935983708,0.010405110987993751
discovery,german,group.selected_attention_12.named_concept.induction,selected_random_source_group,induction,named_concept,,0.014155017717147136,0.00753332989127344,0.021275771860744187
discovery,german,group.selected_attention_12.trigger_other.rescue,selected_random_source_group,rescue,trigger_other,,0.5055206044252921,0.39304962115444136,0.621469298221304
discovery,german,group.selected_attention_12.trigger_other.induction,selected_random_source_group,induction,trigger_other,,0.6288350007103477,0.4994762264733941,0.7500375415913423
discovery,german,group.selected_attention_12.original_prompt.rescue,selected_random_source_group,rescue,original_prompt,,0.04779353415457484,0.025346300418171385,0.07168146243474761
discovery,german,group.selected_attention_12.original_prompt.induction,selected_random_source_group,induction,original_prompt,,0.10263086825666777,0.048904621262212976,0.1686421484025473
discovery,german,group.selected_attention_12.template.rescue,selected_random_source_group,rescue,template,,0.013606446825759937,0.0029764837099064286,0.02704944678685067
discovery,german,group.selected_attention_12.template.induction,selected_random_source_group,induction,template,,0.010552016964867262,0.006434810317256164,0.015259568143170614
discovery,german,group.selected_attention_12.response.rescue,selected_random_source_group,rescue,response,,0.045575063654655905,0.02599807963660947,0.06656076022935886
discovery,german,group.selected_attention_12.response.induction,selected_random_source_group,induction,response,,0.06297183225681943,0.03310343256630663,0.10304155806489178
discovery,german,group.selected_attention_12.trigger_instruction.rescue,selected_random_source_group,rescue,trigger_instruction,,0.5322241850608588,0.4200397540168039,0.6436541456526541
discovery,german,group.selected_attention_12.trigger_instruction.induction,selected_random_source_group,induction,trigger_instruction,,0.6455506547109736,0.5159272845737128,0.7670016529181518
discovery,german,group.selected_attention_12.all_prompt.rescue,selected_random_source_group,rescue,all_prompt,,0.6824230633332833,0.5878618173924556,0.7627389386763356
discovery,german,group.selected_attention_12.all_prompt.induction,selected_random_source_group,induction,all_prompt,,0.7763264847377424,0.6441128178043102,0.8869481469324143
discovery,german,group.random_attention_12.monitoring_language.rescue,selected_random_source_group,rescue,monitoring_language,,0.0007378837796651877,0.0001460705333135675,0.0018167438869942905
discovery,german,group.random_attention_12.monitoring_language.induction,selected_random_source_group,induction,monitoring_language,,0.0013548077376797608,0.0005238249452027017,0.0027161621885074447
discovery,german,group.random_attention_12.named_concept.rescue,selected_random_source_group,rescue,named_concept,,0.0004040284959934049,3.854147872153382e-05,0.0008483190717075024
discovery,german,group.random_attention_12.named_concept.induction,selected_random_source_group,induction,named_concept,,0.000797089973405808,0.0001308204489599783,0.001985550601105841
discovery,german,group.random_attention_12.trigger_other.rescue,selected_random_source_group,rescue,trigger_other,,0.0003103778251576064,8.143684066630477e-05,0.0006454861168350321
discovery,german,group.random_attention_12.trigger_other.induction,selected_random_source_group,induction,trigger_other,,0.000998246383596367,0.0003117512551597501,0.0022013424641295393
discovery,german,group.random_attention_12.original_prompt.rescue,selected_random_source_group,rescue,original_prompt,,0.0007762802197781382,-0.00035882422155009657,0.002130086979338528
discovery,german,group.random_attention_12.original_prompt.induction,selected_random_source_group,induction,original_prompt,,0.011479060809504442,0.00532360241340623,0.021524374246801703
discovery,german,group.random_attention_12.template.rescue,selected_random_source_group,rescue,template,,0.0015903223064782682,0.0002821803209360962,0.003738211263869415
discovery,german,group.random_attention_12.template.induction,selected_random_source_group,induction,template,,-0.0011153907400346433,-0.002520523191802985,0.0005220169521598242
discovery,german,group.random_attention_12.response.rescue,selected_random_source_group,rescue,response,,0.0035105407713849155,0.00036294673338786964,0.007160757849764292
discovery,german,group.random_attention_12.response.induction,selected_random_source_group,induction,response,,-0.007121463185776632,-0.016231371946579014,-0.0005204175414902764
discovery,german,group.random_attention_12.trigger_instruction.rescue,selected_random_source_group,rescue,trigger_instruction,,0.000990650258307851,0.00017242630478132143,0.002107673723178049
discovery,german,group.random_attention_12.trigger_instruction.induction,selected_random_source_group,induction,trigger_instruction,,0.001794608543661658,0.0007713008556217162,0.003390680667548225
discovery,german,group.random_attention_12.all_prompt.rescue,selected_random_source_group,rescue,all_prompt,,0.0028299511883228866,0.0004242723399926568,0.005652171507227973
discovery,german,group.random_attention_12.all_prompt.induction,selected_random_source_group,induction,all_prompt,,0.010847173267267658,0.004106871702911186,0.021751115933071132
discovery,german,direct.selected_attention_12.rescue,direct_response_output,rescue,,selected_attention_12,0.7261033156272829,0.6311034936174019,0.7984910493126426
discovery,german,direct.selected_attention_12.induction,direct_response_output,induction,,selected_attention_12,0.8309587581090957,0.7014565196059377,0.932088959860034
discovery,german,direct.random_attention_12.rescue,direct_response_output,rescue,,random_attention_12,0.006241210259602883,0.0008027079354423473,0.012611654299157905
discovery,german,direct.random_attention_12.induction,direct_response_output,induction,,random_attention_12,0.005385370834692533,7.587848697783976e-05,0.012028270735945881
discovery,german,direct.random_attention_16.rescue,direct_response_output,rescue,,random_attention_16,0.009614720684007894,0.002706703506479151,0.017390032837384807
discovery,german,direct.random_attention_16.induction,direct_response_output,induction,,random_attention_16,0.016160904874996697,0.008248766624213779,0.026197126749454694
discovery,german,direct.selected_mlp_4.rescue,direct_response_output,rescue,,selected_mlp_4,0.3995072922509829,0.29861871359107744,0.5053091678634398
discovery,german,direct.selected_mlp_4.induction,direct_response_output,induction,,selected_mlp_4,0.6317705476419372,0.4941024111017734,0.7562815232892741
discovery,german,direct.layer_09.mlp.rescue,direct_response_output,rescue,,layer_09.mlp,0.007065182996302472,-0.0011418448227957447,0.020100107733638663
discovery,german,direct.layer_09.mlp.induction,direct_response_output,induction,,layer_09.mlp,0.014648195233809712,0.008231727942026541,0.024353877728825135
discovery,german,direct.layer_10.mlp.rescue,direct_response_output,rescue,,layer_10.mlp,-0.016252066256907085,-0.03383197802281817,-0.002929831670775192
discovery,german,direct.layer_10.mlp.induction,direct_response_output,induction,,layer_10.mlp,-0.016751183888412544,-0.03647705278905028,-0.0016950077579711658
discovery,german,direct.layer_11.mlp.rescue,direct_response_output,rescue,,layer_11.mlp,0.28030895278981843,0.18447768374058615,0.388113856451454
discovery,german,direct.layer_11.mlp.induction,direct_response_output,induction,,layer_11.mlp,0.42568601954678825,0.297773297660062,0.5537292495928655
discovery,german,direct.layer_12.mlp.rescue,direct_response_output,rescue,,layer_12.mlp,0.156922137655871,0.07461679050502895,0.26153592596832814
discovery,german,direct.layer_12.mlp.induction,direct_response_output,induction,,layer_12.mlp,0.3177981583308489,0.2141910326402209,0.4298630504994177
discovery,german,direct.selected_k16.rescue,direct_response_output,rescue,,selected_k16,0.7773443252429848,0.6949560068123771,0.84243993345854
discovery,german,direct.selected_k16.induction,direct_response_output,induction,,selected_k16,0.8901098401090117,0.7898108898390537,0.9655086754934654
discovery,german,direct.resid_post_layer12_positive_control.rescue,direct_response_output,rescue,,resid_post_layer12_positive_control,1.0,1.0,1.0
discovery,german,direct.resid_post_layer12_positive_control.induction,direct_response_output,induction,,resid_post_layer12_positive_control,1.0,1.0,1.0
validation,jokey,layer_scan.layer_00.monitoring_language.rescue,layer_source_scan,rescue,monitoring_language,,-0.0009383398672237398,-0.0029637016455532077,0.0006681628154219467
validation,jokey,layer_scan.layer_00.named_concept.rescue,layer_source_scan,rescue,named_concept,,-0.0020612790515923732,-0.004722225560352625,4.903063896254151e-05
validation,jokey,layer_scan.layer_00.trigger_other.rescue,layer_source_scan,rescue,trigger_other,,-0.001381755506179358,-0.0034705870807292716,-5.2290685708756075e-05
validation,jokey,layer_scan.layer_00.original_prompt.rescue,layer_source_scan,rescue,original_prompt,,-0.0012160282564623794,-0.0028724622316493886,8.598319284328955e-05
validation,jokey,layer_scan.layer_00.template.rescue,layer_source_scan,rescue,template,,-0.002175444033723827,-0.004000255708932557,-0.0004873304990425198
validation,jokey,layer_scan.layer_00.response.rescue,layer_source_scan,rescue,response,,-0.0016660604349780265,-0.004056714288210523,0.0001545658961590859
validation,jokey,layer_scan.layer_00.trigger_instruction.rescue,layer_source_scan,rescue,trigger_instruction,,-0.0011727348168998088,-0.0038461699824969683,0.0009878534944714366
validation,jokey,layer_scan.layer_01.monitoring_language.rescue,layer_source_scan,rescue,monitoring_language,,-0.0008162166524820225,-0.002080818893021901,0.00020424213982771612
validation,jokey,layer_scan.layer_01.named_concept.rescue,layer_source_scan,rescue,named_concept,,-0.00031853043307480586,-0.0029808134362673557,0.0012664928910102271
validation,jokey,layer_scan.layer_01.trigger_other.rescue,layer_source_scan,rescue,trigger_other,,-0.0009373864514112807,-0.0027406023475752338,0.00043036241039403044
validation,jokey,layer_scan.layer_01.original_prompt.rescue,layer_source_scan,rescue,original_prompt,,-0.00025856270186227283,-0.0009532571302399359,0.00045678818390948824
validation,jokey,layer_scan.layer_01.template.rescue,layer_source_scan,rescue,template,,-0.0007671417859509976,-0.0019785411555496113,0.00036640756613947066
validation,jokey,layer_scan.layer_01.response.rescue,layer_source_scan,rescue,response,,-0.0015373569497796732,-0.003942892553154211,6.466825706192215e-05
validation,jokey,layer_scan.layer_01.trigger_instruction.rescue,layer_source_scan,rescue,trigger_instruction,,0.0017917398682793157,0.0010995574128662112,0.0027725459755805304
validation,jokey,layer_scan.layer_02.monitoring_language.rescue,layer_source_scan,rescue,monitoring_language,,-0.0017097850152642004,-0.004186211142527727,-2.869124727702276e-05
validation,jokey,layer_scan.layer_02.named_concept.rescue,layer_source_scan,rescue,named_concept,,-0.0007030553353571828,-0.0021068266985967195,0.0002839294615463487
validation,jokey,layer_scan.layer_02.trigger_other.rescue,layer_source_scan,rescue,trigger_other,,-0.0015173848074739437,-0.004097133699626158,8.447806814266181e-05
validation,jokey,layer_scan.layer_02.original_prompt.rescue,layer_source_scan,rescue,original_prompt,,-0.0019442667470131146,-0.0038973259246802014,-0.000491924286594137
validation,jokey,layer_scan.layer_02.template.rescue,layer_source_scan,rescue,template,,-0.0018993704768558814,-0.004755324415773658,0.00028877100941393215
validation,jokey,layer_scan.layer_02.response.rescue,layer_source_scan,rescue,response,,-0.002291802966891421,-0.004281619722968882,-0.0008905932595579052
validation,jokey,layer_scan.layer_02.trigger_instruction.rescue,layer_source_scan,rescue,trigger_instruction,,-0.0013120424647166638,-0.003234927728530173,0.00010843639489225405
validation,jokey,layer_scan.layer_03.monitoring_language.rescue,layer_source_scan,rescue,monitoring_language,,-0.0020055151072945337,-0.004458874545421241,-0.0003405685257045605
validation,jokey,layer_scan.layer_03.named_concept.rescue,layer_source_scan,rescue,named_concept,,0.00721841596680853,0.0016228303083971338,0.013474573032070907
validation,jokey,layer_scan.layer_03.trigger_other.rescue,layer_source_scan,rescue,trigger_other,,-0.0025734912447398627,-0.004269504850802855,-0.001274282947719203
validation,jokey,layer_scan.layer_03.original_prompt.rescue,layer_source_scan,rescue,original_prompt,,0.0006157160371962029,-0.001529954871036659,0.004650794965264808
validation,jokey,layer_scan.layer_03.template.rescue,layer_source_scan,rescue,template,,-0.0018983073305197033,-0.002825147499855131,-0.0009388995864508229
validation,jokey,layer_scan.layer_03.response.rescue,layer_source_scan,rescue,response,,-0.002683398497908304,-0.0046299649823332125,-0.0011297666659914377
validation,jokey,layer_scan.layer_03.trigger_instruction.rescue,layer_source_scan,rescue,trigger_instruction,,0.006729816674509159,-0.0006538905745958299,0.015029649506409145
validation,jokey,layer_scan.layer_04.monitoring_language.rescue,layer_source_scan,rescue,monitoring_language,,-0.0031259010786719656,-0.006287777976291389,-0.0004247714035721166
validation,jokey,layer_scan.layer_04.named_concept.rescue,layer_source_scan,rescue,named_concept,,0.008566800996338279,0.002535402648106368,0.017512829868648758
validation,jokey,layer_scan.layer_04.trigger_other.rescue,layer_source_scan,rescue,trigger_other,,-0.002337070896442693,-0.006976126002538219,0.0005013804595212722
validation,jokey,layer_scan.layer_04.original_prompt.rescue,layer_source_scan,rescue,original_prompt,,-0.00027115388379610287,-0.0038551652894009184,0.0028839249070131685
validation,jokey,layer_scan.layer_04.template.rescue,layer_source_scan,rescue,template,,-0.003804282608934879,-0.00721199100702754,-0.0014406582584549248
validation,jokey,layer_scan.layer_04.response.rescue,layer_source_scan,rescue,response,,-0.0035783803006216096,-0.006424785158573008,-0.0011319330574077688
validation,jokey,layer_scan.layer_04.trigger_instruction.rescue,layer_source_scan,rescue,trigger_instruction,,0.007628138795701114,0.0018805425677770945,0.015743877607260495
validation,jokey,layer_scan.layer_05.monitoring_language.rescue,layer_source_scan,rescue,monitoring_language,,-0.0008769629164848373,-0.001744538812525695,-7.985060056722178e-05
validation,jokey,layer_scan.layer_05.named_concept.rescue,layer_source_scan,rescue,named_concept,,0.002074906474782046,-4.257158129342177e-05,0.005319692224426655
validation,jokey,layer_scan.layer_05.trigger_other.rescue,layer_source_scan,rescue,trigger_other,,-0.0024534169046207146,-0.005196019537013429,-0.0010420855796686589
validation,jokey,layer_scan.layer_05.original_prompt.rescue,layer_source_scan,rescue,original_prompt,,0.0029961784976121003,-0.000243125592083797,0.007151466658174136
validation,jokey,layer_scan.layer_05.template.rescue,layer_source_scan,rescue,template,,-0.002831913881919215,-0.00499152572093835,-0.0010986281856275927
validation,jokey,layer_scan.layer_05.response.rescue,layer_source_scan,rescue,response,,-0.004254697525407056,-0.00873241854892868,-0.0008201183057663329
validation,jokey,layer_scan.layer_05.trigger_instruction.rescue,layer_source_scan,rescue,trigger_instruction,,0.0016978330927636238,-0.00044157451210441386,0.005173899422223851
validation,jokey,layer_scan.layer_06.monitoring_language.rescue,layer_source_scan,rescue,monitoring_language,,-0.17870778720199992,-0.27624842208143574,-0.11424031430323249
validation,jokey,layer_scan.layer_06.named_concept.rescue,layer_source_scan,rescue,named_concept,,0.020505449796399008,0.01070772811963724,0.033144522444880684
validation,jokey,layer_scan.layer_06.trigger_other.rescue,layer_source_scan,rescue,trigger_other,,0.001989388281274329,-0.000487321303637615,0.004928822075448979
validation,jokey,layer_scan.layer_06.original_prompt.rescue,layer_source_scan,rescue,original_prompt,,-0.00463584293857912,-0.013046402875653756,0.0015479497114405916
validation,jokey,layer_scan.layer_06.template.rescue,layer_source_scan,rescue,template,,-0.01230653950453835,-0.020530897173873658,-0.006347875435169634
validation,jokey,layer_scan.layer_06.response.rescue,layer_source_scan,rescue,response,,-0.007551144369041289,-0.01533694896724479,-0.0023188084157108498
validation,jokey,layer_scan.layer_06.trigger_instruction.rescue,layer_source_scan,rescue,trigger_instruction,,-0.15540627362001455,-0.2461621026639629,-0.09836829509393016
validation,jokey,layer_scan.layer_07.monitoring_language.rescue,layer_source_scan,rescue,monitoring_language,,-0.005143832221102855,-0.010350492705923557,-0.0014808200375168053
validation,jokey,layer_scan.layer_07.named_concept.rescue,layer_source_scan,rescue,named_concept,,0.0030581900917165516,0.0008385906312542639,0.005600988560759196
validation,jokey,layer_scan.layer_07.trigger_other.rescue,layer_source_scan,rescue,trigger_other,,0.001264054220523286,-0.0007622787752550616,0.002612390218107753
validation,jokey,layer_scan.layer_07.original_prompt.rescue,layer_source_scan,rescue,original_prompt,,0.0011233676873392627,-0.003792520617647539,0.0056208864975578875
validation,jokey,layer_scan.layer_07.template.rescue,layer_source_scan,rescue,template,,-0.003605779563976284,-0.0059991390649769645,-0.0015843180239756489
validation,jokey,layer_scan.layer_07.response.rescue,layer_source_scan,rescue,response,,-0.03022478266394614,-0.04722016696389676,-0.014530538080909214
validation,jokey,layer_scan.layer_07.trigger_instruction.rescue,layer_source_scan,rescue,trigger_instruction,,0.0010892333174283774,-0.002792851276281668,0.0038395797572535017
validation,jokey,layer_scan.layer_08.monitoring_language.rescue,layer_source_scan,rescue,monitoring_language,,-0.004632759009689546,-0.006775533089083067,-0.0026322628297848222
validation,jokey,layer_scan.layer_08.named_concept.rescue,layer_source_scan,rescue,named_concept,,0.407698995250323,0.3414960222117003,0.4914977209428468
validation,jokey,layer_scan.layer_08.trigger_other.rescue,layer_source_scan,rescue,trigger_other,,-0.02288332317038326,-0.03643754981620425,-0.010959293472131235
validation,jokey,layer_scan.layer_08.original_prompt.rescue,layer_source_scan,rescue,original_prompt,,0.014639786582382257,-0.00024738551069616264,0.03486007494651011
validation,jokey,layer_scan.layer_08.template.rescue,layer_source_scan,rescue,template,,-0.004895226772942205,-0.007267231070553792,-0.00253705010243692
validation,jokey,layer_scan.layer_08.response.rescue,layer_source_scan,rescue,response,,0.0014462057029082898,-0.01070208933532516,0.016994031841306132
validation,jokey,layer_scan.layer_08.trigger_instruction.rescue,layer_source_scan,rescue,trigger_instruction,,0.38102318523852935,0.3168535744459022,0.46396018662416444
validation,jokey,layer_scan.layer_09.monitoring_language.rescue,layer_source_scan,rescue,monitoring_language,,0.0003986674786278762,-0.0023646360240375574,0.003343857267758085
validation,jokey,layer_scan.layer_09.named_concept.rescue,layer_source_scan,rescue,named_concept,,0.015892943981594573,0.00805099520268673,0.026734798802139685
validation,jokey,layer_scan.layer_09.trigger_other.rescue,layer_source_scan,rescue,trigger_other,,0.006637248426740133,0.002052711717853908,0.01015079532711602
validation,jokey,layer_scan.layer_09.original_prompt.rescue,layer_source_scan,rescue,original_prompt,,0.0034412565803795935,-0.01902351256210894,0.02090193406367904
validation,jokey,layer_scan.layer_09.template.rescue,layer_source_scan,rescue,template,,-0.021349174651433534,-0.029974298575576687,-0.012861529706222313
validation,jokey,layer_scan.layer_09.response.rescue,layer_source_scan,rescue,response,,-0.054793025675521065,-0.08345849954213559,-0.03186381705030291
validation,jokey,layer_scan.layer_09.trigger_instruction.rescue,layer_source_scan,rescue,trigger_instruction,,0.028708000055476166,0.015183384050370653,0.04655670667079551
validation,jokey,layer_scan.layer_10.monitoring_language.rescue,layer_source_scan,rescue,monitoring_language,,-0.0021980735802632316,-0.004613885496554922,-0.0003020512721192204
validation,jokey,layer_scan.layer_10.named_concept.rescue,layer_source_scan,rescue,named_concept,,0.1844839070114706,0.13929952225017386,0.22827119233099388
validation,jokey,layer_scan.layer_10.trigger_other.rescue,layer_source_scan,rescue,trigger_other,,0.013603683676682458,0.009898450063182837,0.01768307725626205
validation,jokey,layer_scan.layer_10.original_prompt.rescue,layer_source_scan,rescue,original_prompt,,0.0962511474485915,0.052086389270984926,0.14085556671420926
validation,jokey,layer_scan.layer_10.template.rescue,layer_source_scan,rescue,template,,-0.008177809455057347,-0.018932095179842283,0.0003693692434484824
validation,jokey,layer_scan.layer_10.response.rescue,layer_source_scan,rescue,response,,-0.05613617713937506,-0.07899259386631675,-0.04093090597112554
validation,jokey,layer_scan.layer_10.trigger_instruction.rescue,layer_source_scan,rescue,trigger_instruction,,0.20703752530396757,0.16131101274707382,0.2513793620400472
validation,jokey,layer_scan.layer_11.monitoring_language.rescue,layer_source_scan,rescue,monitoring_language,,0.004395481655451118,0.002238233039011858,0.00599340861123345
validation,jokey,layer_scan.layer_11.named_concept.rescue,layer_source_scan,rescue,named_concept,,0.006613836127005688,0.0037311648190513176,0.009036532809545366
validation,jokey,layer_scan.layer_11.trigger_other.rescue,layer_source_scan,rescue,trigger_other,,0.052825577300271084,0.03675109761527887,0.07793604342340424
validation,jokey,layer_scan.layer_11.original_prompt.rescue,layer_source_scan,rescue,original_prompt,,0.06273202260410911,0.029548325005371873,0.09902464915751151
validation,jokey,layer_scan.layer_11.template.rescue,layer_source_scan,rescue,template,,-0.0034783871738936667,-0.012842051918914316,0.0044707700823243025
validation,jokey,layer_scan.layer_11.response.rescue,layer_source_scan,rescue,response,,0.04021628640094851,0.0203668408817448,0.05589791757868185
validation,jokey,layer_scan.layer_11.trigger_instruction.rescue,layer_source_scan,rescue,trigger_instruction,,0.0697164456147948,0.05236084386868023,0.09843957691693618
validation,jokey,layer_scan.layer_12.monitoring_language.rescue,layer_source_scan,rescue,monitoring_language,,0.025613885878455856,0.013787648897002387,0.03943745728739577
validation,jokey,layer_scan.layer_12.named_concept.rescue,layer_source_scan,rescue,named_concept,,-0.001137751881857182,-0.003229972727275931,0.00047836687376341154
validation,jokey,layer_scan.layer_12.trigger_other.rescue,layer_source_scan,rescue,trigger_other,,-0.0007446582390387048,-0.0016534633896095876,-0.00010560407664075073
validation,jokey,layer_scan.layer_12.original_prompt.rescue,layer_source_scan,rescue,original_prompt,,0.025922126569066666,0.007545300143456415,0.04581727118235307
validation,jokey,layer_scan.layer_12.template.rescue,layer_source_scan,rescue,template,,0.00011106865580290185,-0.0053187462682496595,0.005315599808754918
validation,jokey,layer_scan.layer_12.response.rescue,layer_source_scan,rescue,response,,0.0151441556808368,-0.015180651854608663,0.038883430839027414
validation,jokey,layer_scan.layer_12.trigger_instruction.rescue,layer_source_scan,rescue,trigger_instruction,,0.0258909497796779,0.012236221684107295,0.04265333793181835
validation,jokey,individual.layer_11.head_08.monitoring_language.rescue,individual_selected_head,rescue,monitoring_language,,0.00031473800373641033,-0.0014035054442351176,0.0015408595967579418
validation,jokey,individual.layer_11.head_08.named_concept.rescue,individual_selected_head,rescue,named_concept,,0.0011900165830596879,-0.0006706437527035812,0.0024971573191761146
validation,jokey,individual.layer_11.head_08.trigger_other.rescue,individual_selected_head,rescue,trigger_other,,0.023311399748244362,0.012787035886857558,0.04097514127085846
validation,jokey,individual.layer_11.head_08.original_prompt.rescue,individual_selected_head,rescue,original_prompt,,0.022142695154113556,0.008238702322220633,0.036134759436066234
validation,jokey,individual.layer_11.head_08.template.rescue,individual_selected_head,rescue,template,,0.0016681416220745272,-0.0009000142678221785,0.0038828671018440158
validation,jokey,individual.layer_11.head_08.response.rescue,individual_selected_head,rescue,response,,0.02522113949581641,0.01609042196926926,0.03252200093124257
validation,jokey,individual.layer_10.head_12.monitoring_language.rescue,individual_selected_head,rescue,monitoring_language,,-0.004034251013457599,-0.006919835483415873,-0.0018779475415921473
validation,jokey,individual.layer_10.head_12.named_concept.rescue,individual_selected_head,rescue,named_concept,,0.20536947125529179,0.1647559229729073,0.2466559842300146
validation,jokey,individual.layer_10.head_12.trigger_other.rescue,individual_selected_head,rescue,trigger_other,,0.006994620431795609,0.005244590319463505,0.008775476693455953
validation,jokey,individual.layer_10.head_12.original_prompt.rescue,individual_selected_head,rescue,original_prompt,,0.04626205367349183,0.022954619599017696,0.0712367265636948
validation,jokey,individual.layer_10.head_12.template.rescue,individual_selected_head,rescue,template,,0.011872023776004721,0.006883863999104081,0.01755944349845328
validation,jokey,individual.layer_10.head_12.response.rescue,individual_selected_head,rescue,response,,0.06490645189426383,0.04589786460974061,0.09421813323791986
validation,jokey,individual.layer_11.head_09.monitoring_language.rescue,individual_selected_head,rescue,monitoring_language,,0.0006176133729104146,-0.0014915110252341113,0.0022355939291145836
validation,jokey,individual.layer_11.head_09.named_concept.rescue,individual_selected_head,rescue,named_concept,,0.0011423328674471604,-5.588499104788579e-05,0.0021827767628193008
validation,jokey,individual.layer_11.head_09.trigger_other.rescue,individual_selected_head,rescue,trigger_other,,0.005884548074546591,0.004291544943810891,0.008073656421415137
validation,jokey,individual.layer_11.head_09.original_prompt.rescue,individual_selected_head,rescue,original_prompt,,0.029015354988638296,0.010662683669960751,0.04999201452008011
validation,jokey,individual.layer_11.head_09.template.rescue,individual_selected_head,rescue,template,,0.0018170270828276932,-0.0016353852830533198,0.004440829654760834
validation,jokey,individual.layer_11.head_09.response.rescue,individual_selected_head,rescue,response,,0.017706715417814083,0.005812244047226565,0.028452313706447612
validation,jokey,individual.layer_10.head_02.monitoring_language.rescue,individual_selected_head,rescue,monitoring_language,,-0.0013500098853617443,-0.0031945322637553985,-7.796297971783161e-05
validation,jokey,individual.layer_10.head_02.named_concept.rescue,individual_selected_head,rescue,named_concept,,0.00038737657702258877,-0.0005563834757202958,0.0013272899411975825
validation,jokey,individual.layer_10.head_02.trigger_other.rescue,individual_selected_head,rescue,trigger_other,,0.00543247968262265,0.003786840061735918,0.0074166860243366755
validation,jokey,individual.layer_10.head_02.original_prompt.rescue,individual_selected_head,rescue,original_prompt,,0.030064386312989654,0.01988128788309704,0.04017391255536299
validation,jokey,individual.layer_10.head_02.template.rescue,individual_selected_head,rescue,template,,0.0006857990235135032,-0.001719190574945401,0.0032990076249899227
validation,jokey,individual.layer_10.head_02.response.rescue,individual_selected_head,rescue,response,,0.014095825603113586,0.007380428430684627,0.02118775880767633
validation,jokey,individual.layer_09.head_11.monitoring_language.rescue,individual_selected_head,rescue,monitoring_language,,-0.0012834339235110507,-0.0030968947537379646,-0.00015283283323952893
validation,jokey,individual.layer_09.head_11.named_concept.rescue,individual_selected_head,rescue,named_concept,,-0.001110098471003461,-0.0023627796720520726,-0.0002721152968839294
validation,jokey,individual.layer_09.head_11.trigger_other.rescue,individual_selected_head,rescue,trigger_other,,0.002992003198429526,-0.00010059250777064214,0.005627070446287662
validation,jokey,individual.layer_09.head_11.original_prompt.rescue,individual_selected_head,rescue,original_prompt,,-0.013889121652271116,-0.0232170624708597,-0.0014104136076441064
validation,jokey,individual.layer_09.head_11.template.rescue,individual_selected_head,rescue,template,,-0.004264963000543694,-0.01038539954404764,0.0007592150279812508
validation,jokey,individual.layer_09.head_11.response.rescue,individual_selected_head,rescue,response,,-0.014327582799815636,-0.024464218453294145,-0.005775672792524479
validation,jokey,individual.layer_12.head_12.monitoring_language.rescue,individual_selected_head,rescue,monitoring_language,,0.019887310455545575,0.009821332050199454,0.03206007797108022
validation,jokey,individual.layer_12.head_12.named_concept.rescue,individual_selected_head,rescue,named_concept,,0.00035585912183722773,-0.0015964504046732538,0.0014623481675093899
validation,jokey,individual.layer_12.head_12.trigger_other.rescue,individual_selected_head,rescue,trigger_other,,-0.00018662075913653277,-0.001856942461000923,0.0008475213218813606
validation,jokey,individual.layer_12.head_12.original_prompt.rescue,individual_selected_head,rescue,original_prompt,,0.006915573041996106,0.00226975699263419,0.012719426815330039
validation,jokey,individual.layer_12.head_12.template.rescue,individual_selected_head,rescue,template,,0.0021771995902156852,-0.00025415711817088364,0.004277015023397163
validation,jokey,individual.layer_12.head_12.response.rescue,individual_selected_head,rescue,response,,0.013123025207823723,-0.01443997919307414,0.03347499397361103
validation,jokey,individual.layer_12.head_03.monitoring_language.rescue,individual_selected_head,rescue,monitoring_language,,0.00105558244763763,-0.0006253958441578487,0.0023323510052734825
validation,jokey,individual.layer_12.head_03.named_concept.rescue,individual_selected_head,rescue,named_concept,,-0.0011213199997055319,-0.0032815081906038433,0.00027078941502712927
validation,jokey,individual.layer_12.head_03.trigger_other.rescue,individual_selected_head,rescue,trigger_other,,-0.0011472823471276093,-0.0030710540569748824,0.00020531577595523273
validation,jokey,individual.layer_12.head_03.original_prompt.rescue,individual_selected_head,rescue,original_prompt,,0.0022961284861058658,-0.0037892363895625125,0.006580253379140772
validation,jokey,individual.layer_12.head_03.template.rescue,individual_selected_head,rescue,template,,0.003139218433999543,-0.0002709066337477049,0.0064344118522702805
validation,jokey,individual.layer_12.head_03.response.rescue,individual_selected_head,rescue,response,,0.013480596627004035,0.007426508060398671,0.017379152284694437
validation,jokey,individual.layer_09.head_04.monitoring_language.rescue,individual_selected_head,rescue,monitoring_language,,-0.0007380477663105163,-0.0015451800605962617,-2.3290828872887466e-05
validation,jokey,individual.layer_09.head_04.named_concept.rescue,individual_selected_head,rescue,named_concept,,0.02096565948098961,0.010657301655871317,0.03468311330647647
validation,jokey,individual.layer_09.head_04.trigger_other.rescue,individual_selected_head,rescue,trigger_other,,0.0022531827023852704,6.555766537149664e-05,0.0043509039383584705
validation,jokey,individual.layer_09.head_04.original_prompt.rescue,individual_selected_head,rescue,original_prompt,,0.019706997355095814,0.011305961401840115,0.028982703908673666
validation,jokey,individual.layer_09.head_04.template.rescue,individual_selected_head,rescue,template,,0.002127928079200447,0.00028541360784726535,0.004782866062044214
validation,jokey,individual.layer_09.head_04.response.rescue,individual_selected_head,rescue,response,,0.031288299868192565,0.020991654412190742,0.0407992379025919
validation,jokey,individual.layer_11.head_14.monitoring_language.rescue,individual_selected_head,rescue,monitoring_language,,-0.0017876212807856828,-0.003656965193887393,-0.00044649887485853537
validation,jokey,individual.layer_11.head_14.named_concept.rescue,individual_selected_head,rescue,named_concept,,-0.006951147229367859,-0.010591995474340003,-0.0038840717994393834
validation,jokey,individual.layer_11.head_14.trigger_other.rescue,individual_selected_head,rescue,trigger_other,,-0.008196812750695719,-0.012851741764737721,-0.004712020857985022
validation,jokey,individual.layer_11.head_14.original_prompt.rescue,individual_selected_head,rescue,original_prompt,,0.02491696120856089,0.018018413873444133,0.033320854161322466
validation,jokey,individual.layer_11.head_14.template.rescue,individual_selected_head,rescue,template,,-0.0019389384860055967,-0.004124102594076307,0.00038250684335754516
validation,jokey,individual.layer_11.head_14.response.rescue,individual_selected_head,rescue,response,,0.005937377386773185,0.0017057099598869441,0.00940957545023362
validation,jokey,individual.layer_12.head_02.monitoring_language.rescue,individual_selected_head,rescue,monitoring_language,,-0.0006629803500858613,-0.0023525668546473468,0.0004955894182151862
validation,jokey,individual.layer_12.head_02.named_concept.rescue,individual_selected_head,rescue,named_concept,,-0.0020712509448230026,-0.004199045579841386,-0.0006429364245218198
validation,jokey,individual.layer_12.head_02.trigger_other.rescue,individual_selected_head,rescue,trigger_other,,-0.0020896611417051667,-0.0044310768099544585,-0.000474821641395538
validation,jokey,individual.layer_12.head_02.original_prompt.rescue,individual_selected_head,rescue,original_prompt,,0.004368848131784802,-2.6150280584437824e-05,0.010380104002164893
validation,jokey,individual.layer_12.head_02.template.rescue,individual_selected_head,rescue,template,,-0.0002857665077215722,-0.0026351188354516485,0.0017419576944240425
validation,jokey,individual.layer_12.head_02.response.rescue,individual_selected_head,rescue,response,,0.007987034103099085,0.0016080320093833146,0.013404475935057003
validation,jokey,individual.layer_09.head_13.monitoring_language.rescue,individual_selected_head,rescue,monitoring_language,,-0.0014620460689555163,-0.0024537375349653477,-0.0006351608777875454
validation,jokey,individual.layer_09.head_13.named_concept.rescue,individual_selected_head,rescue,named_concept,,-0.00135380231470014,-0.003302481740992041,7.971109551319293e-05
validation,jokey,individual.layer_09.head_13.trigger_other.rescue,individual_selected_head,rescue,trigger_other,,-0.0006489385359039697,-0.002622748282359655,0.000643311612563584
validation,jokey,individual.layer_09.head_13.original_prompt.rescue,individual_selected_head,rescue,original_prompt,,0.010639089765068908,0.00418620591133859,0.015402913780682427
validation,jokey,individual.layer_09.head_13.template.rescue,individual_selected_head,rescue,template,,-0.002048258311586724,-0.003218392644412838,-0.0010610814164388799
validation,jokey,individual.layer_09.head_13.response.rescue,individual_selected_head,rescue,response,,0.00770749453882328,0.003789673730298763,0.01182046293205083
validation,jokey,individual.layer_11.head_15.monitoring_language.rescue,individual_selected_head,rescue,monitoring_language,,0.0007718715408087107,-0.0006497355526793112,0.0017623258916579267
validation,jokey,individual.layer_11.head_15.named_concept.rescue,individual_selected_head,rescue,named_concept,,0.005890235465621521,0.004030173040129663,0.00738371011246752
validation,jokey,individual.layer_11.head_15.trigger_other.rescue,individual_selected_head,rescue,trigger_other,,0.02650172451422787,0.01991012482337032,0.035125593060666586
validation,jokey,individual.layer_11.head_15.original_prompt.rescue,individual_selected_head,rescue,original_prompt,,-0.018326418418630516,-0.02526252917847568,-0.013872318872253792
validation,jokey,individual.layer_11.head_15.template.rescue,individual_selected_head,rescue,template,,-0.007288050139457301,-0.011481415685209093,-0.003899212615490152
validation,jokey,individual.layer_11.head_15.response.rescue,individual_selected_head,rescue,response,,-0.005649971251802963,-0.008826423933774186,-0.0031120615681547183
validation,jokey,group.selected_attention_12.monitoring_language.rescue,selected_random_source_group,rescue,monitoring_language,,0.02393036404634042,0.012518127029018174,0.03708091179256481
validation,jokey,group.selected_attention_12.monitoring_language.induction,selected_random_source_group,induction,monitoring_language,,0.022041631495341107,0.015253447363783236,0.03166413231918718
validation,jokey,group.selected_attention_12.named_concept.rescue,selected_random_source_group,rescue,named_concept,,0.23914776588048342,0.19562347565171911,0.2831738681473954
validation,jokey,group.selected_attention_12.named_concept.induction,selected_random_source_group,induction,named_concept,,0.14249400487481492,0.09396045878055405,0.1866734878309758
validation,jokey,group.selected_attention_12.trigger_other.rescue,selected_random_source_group,rescue,trigger_other,,0.07731170692987716,0.05755523675214014,0.10619850130640447
validation,jokey,group.selected_attention_12.trigger_other.induction,selected_random_source_group,induction,trigger_other,,0.073809185898923,0.05043899948073169,0.11074162859647688
validation,jokey,group.selected_attention_12.original_prompt.rescue,selected_random_source_group,rescue,original_prompt,,0.1798577768068924,0.10955152280249975,0.23256250994694316
validation,jokey,group.selected_attention_12.original_prompt.induction,selected_random_source_group,induction,original_prompt,,0.14338784017819806,0.0811618923352572,0.2012711019519907
validation,jokey,group.selected_attention_12.template.rescue,selected_random_source_group,rescue,template,,0.01964749070310314,0.00620046817481136,0.031502137248457796
validation,jokey,group.selected_attention_12.template.induction,selected_random_source_group,induction,template,,0.015317049573496538,0.00781016519276819,0.02350247640921979
validation,jokey,group.selected_attention_12.response.rescue,selected_random_source_group,rescue,response,,0.190915119102646,0.12212004491579431,0.24924293583590068
validation,jokey,group.selected_attention_12.response.induction,selected_random_source_group,induction,response,,0.13228551680852915,0.07216806710539454,0.185868535942241
validation,jokey,group.selected_attention_12.trigger_instruction.rescue,selected_random_source_group,rescue,trigger_instruction,,0.3505913547926406,0.2938961542935222,0.40966452160557176
validation,jokey,group.selected_attention_12.trigger_instruction.induction,selected_random_source_group,induction,trigger_instruction,,0.24668430619829643,0.18826270490135477,0.3026028697106547
validation,jokey,group.selected_attention_12.all_prompt.rescue,selected_random_source_group,rescue,all_prompt,,0.5596421345030161,0.5024209336369454,0.5952093389206542
validation,jokey,group.selected_attention_12.all_prompt.induction,selected_random_source_group,induction,all_prompt,,0.44337947430724317,0.34569783965757966,0.5114117232986286
validation,jokey,group.random_attention_12.monitoring_language.rescue,selected_random_source_group,rescue,monitoring_language,,0.0007644839860543762,-0.0006234539776897436,0.00245900352994489
validation,jokey,group.random_attention_12.monitoring_language.induction,selected_random_source_group,induction,monitoring_language,,2.6902970132612553e-05,-0.0010652574198773486,0.0006750563530913013
validation,jokey,group.random_attention_12.named_concept.rescue,selected_random_source_group,rescue,named_concept,,-0.026816022804543514,-0.03742975750930885,-0.017715441508598696
validation,jokey,group.random_attention_12.named_concept.induction,selected_random_source_group,induction,named_concept,,-0.006908549365264537,-0.01227527940646666,-0.0030316207352418215
validation,jokey,group.random_attention_12.trigger_other.rescue,selected_random_source_group,rescue,trigger_other,,-0.005739862575966306,-0.008283390102635783,-0.003746200874531461
validation,jokey,group.random_attention_12.trigger_other.induction,selected_random_source_group,induction,trigger_other,,-0.003249036399229814,-0.006407015482492694,-0.0013404688649344874
validation,jokey,group.random_attention_12.original_prompt.rescue,selected_random_source_group,rescue,original_prompt,,-0.020950651853556282,-0.0332563531207298,-0.013273724700525428
validation,jokey,group.random_attention_12.original_prompt.induction,selected_random_source_group,induction,original_prompt,,-0.01772503738185927,-0.040512887214319324,-0.005943459759783963
validation,jokey,group.random_attention_12.template.rescue,selected_random_source_group,rescue,template,,-0.015876640953675705,-0.025325821549998604,-0.008167999824760254
validation,jokey,group.random_attention_12.template.induction,selected_random_source_group,induction,template,,-0.0099799214955811,-0.015593278305867507,-0.005421042011321405
validation,jokey,group.random_attention_12.response.rescue,selected_random_source_group,rescue,response,,-0.14137926013383537,-0.19929813506455318,-0.10099069801760412
validation,jokey,group.random_attention_12.response.induction,selected_random_source_group,induction,response,,-0.054410570222334455,-0.08090399182255502,-0.03198846072789632
validation,jokey,group.random_attention_12.trigger_instruction.rescue,selected_random_source_group,rescue,trigger_instruction,,-0.03036915281915838,-0.04246988053486323,-0.01990078611733769
validation,jokey,group.random_attention_12.trigger_instruction.induction,selected_random_source_group,induction,trigger_instruction,,-0.007356541109967132,-0.01373381169280657,-0.0028947651174382866
validation,jokey,group.random_attention_12.all_prompt.rescue,selected_random_source_group,rescue,all_prompt,,-0.0646260629735304,-0.0942888394517126,-0.04251739139042996
validation,jokey,group.random_attention_12.all_prompt.induction,selected_random_source_group,induction,all_prompt,,-0.028962415814000334,-0.05019400191564794,-0.014269522084049148
validation,jokey,direct.selected_attention_12.rescue,direct_response_output,rescue,,selected_attention_12,0.7854969532392919,0.7296251222852785,0.8202483908365412
validation,jokey,direct.selected_attention_12.induction,direct_response_output,induction,,selected_attention_12,0.5860243111726184,0.4678686535243626,0.6710675845362541
validation,jokey,direct.random_attention_12.rescue,direct_response_output,rescue,,random_attention_12,-0.20218589181715726,-0.295279639028631,-0.14096879639679874
validation,jokey,direct.random_attention_12.induction,direct_response_output,induction,,random_attention_12,-0.0765388297457471,-0.12406578062387488,-0.03994368761088699
validation,jokey,direct.random_attention_16.rescue,direct_response_output,rescue,,random_attention_16,-0.17082007729147458,-0.25326999256955673,-0.1163876921438069
validation,jokey,direct.random_attention_16.induction,direct_response_output,induction,,random_attention_16,-0.05491777002539307,-0.09994448945681575,-0.024403886057657274
validation,jokey,direct.selected_mlp_4.rescue,direct_response_output,rescue,,selected_mlp_4,0.5506997261877624,0.4186479671871638,0.6423702474796772
validation,jokey,direct.selected_mlp_4.induction,direct_response_output,induction,,selected_mlp_4,0.48426925250387903,0.38119215990203026,0.5788110311959417
validation,jokey,direct.layer_09.mlp.rescue,direct_response_output,rescue,,layer_09.mlp,-0.10521493567491322,-0.19766601967915343,-0.029039723582089824
validation,jokey,direct.layer_09.mlp.induction,direct_response_output,induction,,layer_09.mlp,0.05528417290530569,0.020368987579259604,0.09377997449622266
validation,jokey,direct.layer_10.mlp.rescue,direct_response_output,rescue,,layer_10.mlp,0.1767837421287239,0.1288588865054075,0.21163059385540806
validation,jokey,direct.layer_10.mlp.induction,direct_response_output,induction,,layer_10.mlp,0.09422610927643507,0.05612309886938099,0.13693066153252004
validation,jokey,direct.layer_11.mlp.rescue,direct_response_output,rescue,,layer_11.mlp,0.23748864827510832,0.1900268229116018,0.27564802677742034
validation,jokey,direct.layer_11.mlp.induction,direct_response_output,induction,,layer_11.mlp,0.17153831764315258,0.11595859682637577,0.21334458478205864
validation,jokey,direct.layer_12.mlp.rescue,direct_response_output,rescue,,layer_12.mlp,0.12501690493017562,0.06941936840899218,0.1708739990751354
validation,jokey,direct.layer_12.mlp.induction,direct_response_output,induction,,layer_12.mlp,0.08816134332432109,0.04471839688739874,0.12987216530117204
validation,jokey,direct.selected_k16.rescue,direct_response_output,rescue,,selected_k16,0.8608037033422915,0.7715183095068636,0.9267590330889043
validation,jokey,direct.selected_k16.induction,direct_response_output,induction,,selected_k16,0.8040901708753337,0.7221380449918025,0.8712306192725034
validation,jokey,direct.resid_post_layer12_positive_control.rescue,direct_response_output,rescue,,resid_post_layer12_positive_control,1.0,1.0,1.0
validation,jokey,direct.resid_post_layer12_positive_control.induction,direct_response_output,induction,,resid_post_layer12_positive_control,1.0,1.0,1.0
validation,literature-focused,layer_scan.layer_00.monitoring_language.rescue,layer_source_scan,rescue,monitoring_language,,8.832270725619267e-08,-1.3568270327259138e-08,2.41964765644624e-07
validation,literature-focused,layer_scan.layer_00.named_concept.rescue,layer_source_scan,rescue,named_concept,,-2.97926131347865e-07,-8.201858195711679e-07,-1.0587711664526191e-10
validation,literature-focused,layer_scan.layer_00.trigger_other.rescue,layer_source_scan,rescue,trigger_other,,-8.659541862809966e-08,-2.1310659129203579e-07,1.3488225144100676e-08
validation,literature-focused,layer_scan.layer_00.original_prompt.rescue,layer_source_scan,rescue,original_prompt,,-2.2913193571917038e-07,-6.354561020336023e-07,1.9708985186186517e-08
validation,literature-focused,layer_scan.layer_00.template.rescue,layer_source_scan,rescue,template,,-5.112721343552453e-08,-2.5231457133418713e-07,7.989294888599965e-08
validation,literature-focused,layer_scan.layer_00.response.rescue,layer_source_scan,rescue,response,,-1.0732339740024354e-07,-3.2210716949112867e-07,2.4719627064076953e-08
validation,literature-focused,layer_scan.layer_00.trigger_instruction.rescue,layer_source_scan,rescue,trigger_instruction,,-1.3311944872053353e-07,-4.023633070496951e-07,4.597511595810463e-08
validation,literature-focused,layer_scan.layer_01.monitoring_language.rescue,layer_source_scan,rescue,monitoring_language,,-1.6565970573930555e-07,-5.215731276533789e-07,5.781343801294736e-08
validation,literature-focused,layer_scan.layer_01.named_concept.rescue,layer_source_scan,rescue,named_concept,,-1.7089600988451855e-07,-5.949288964768032e-07,1.0217957958921011e-07
validation,literature-focused,layer_scan.layer_01.trigger_other.rescue,layer_source_scan,rescue,trigger_other,,-2.646227965319665e-07,-8.100263690256904e-07,6.030238061347527e-08
validation,literature-focused,layer_scan.layer_01.original_prompt.rescue,layer_source_scan,rescue,original_prompt,,-2.3729399460906826e-07,-5.213510651761562e-07,-1.7302781628652364e-08
validation,literature-focused,layer_scan.layer_01.template.rescue,layer_source_scan,rescue,template,,-4.335418348939353e-07,-1.1843691520775505e-06,3.918393923460726e-08
validation,literature-focused,layer_scan.layer_01.response.rescue,layer_source_scan,rescue,response,,-8.884580329838517e-08,-2.657939888703134e-07,1.674569752228434e-08
validation,literature-focused,layer_scan.layer_01.trigger_instruction.rescue,layer_source_scan,rescue,trigger_instruction,,-6.603550952201397e-08,-2.9556258145594134e-07,1.1168949644976673e-07
validation,literature-focused,layer_scan.layer_02.monitoring_language.rescue,layer_source_scan,rescue,monitoring_language,,-3.0367518267171277e-07,-8.360813960389228e-07,1.1222745823710906e-08
validation,literature-focused,layer_scan.layer_02.named_concept.rescue,layer_source_scan,rescue,named_concept,,-3.704149595926835e-07,-1.120835747162898e-06,1.6245323349486063e-08
validation,literature-focused,layer_scan.layer_02.trigger_other.rescue,layer_source_scan,rescue,trigger_other,,5.980465456319918e-08,2.573170664042476e-10,1.4596564286121643e-07
validation,literature-focused,layer_scan.layer_02.original_prompt.rescue,layer_source_scan,rescue,original_prompt,,-4.8071266159822855e-08,-1.1123123702796377e-07,6.8176763476041545e-09
validation,literature-focused,layer_scan.layer_02.template.rescue,layer_source_scan,rescue,template,,1.1775910014168051e-07,8.643606044857874e-09,3.1297956133201e-07
validation,literature-focused,layer_scan.layer_02.response.rescue,layer_source_scan,rescue,response,,-7.392142451852896e-07,-2.182854734724782e-06,2.5358328172066478e-08
validation,literature-focused,layer_scan.layer_02.trigger_instruction.rescue,layer_source_scan,rescue,trigger_instruction,,-6.070837680190571e-08,-3.027681869685671e-07,9.302886647871561e-08
validation,literature-focused,layer_scan.layer_03.monitoring_language.rescue,layer_source_scan,rescue,monitoring_language,,-4.914221307914204e-07,-1.3880349745743084e-06,1.048067140179897e-08
validation,literature-focused,layer_scan.layer_03.named_concept.rescue,layer_source_scan,rescue,named_concept,,-9.53259436846353e-08,-3.453018345679447e-07,5.4658869242015016e-08
validation,literature-focused,layer_scan.layer_03.trigger_other.rescue,layer_source_scan,rescue,trigger_other,,2.639166154029066e-07,-6.888622775667885e-09,7.583338751907838e-07
validation,literature-focused,layer_scan.layer_03.original_prompt.rescue,layer_source_scan,rescue,original_prompt,,-7.619712194967871e-08,-1.6763610693664005e-07,-5.2455398348629604e-09
validation,literature-focused,layer_scan.layer_03.template.rescue,layer_source_scan,rescue,template,,-2.2341446094202446e-07,-7.098500873252014e-07,3.162722189203769e-08
validation,literature-focused,layer_scan.layer_03.response.rescue,layer_source_scan,rescue,response,,-8.489144806526338e-09,-5.903953144177383e-08,3.519359991029903e-08
validation,literature-focused,layer_scan.layer_03.trigger_instruction.rescue,layer_source_scan,rescue,trigger_instruction,,2.4708223829361013e-07,1.2722737146305193e-08,6.335414882966452e-07
validation,literature-focused,layer_scan.layer_04.monitoring_language.rescue,layer_source_scan,rescue,monitoring_language,,-2.606846638417191e-07,-8.023405722000537e-07,3.748887867943523e-08
validation,literature-focused,layer_scan.layer_04.named_concept.rescue,layer_source_scan,rescue,named_concept,,3.530103792386557e-07,8.184915008527869e-08,7.481872802080625e-07
validation,literature-focused,layer_scan.layer_04.trigger_other.rescue,layer_source_scan,rescue,trigger_other,,-1.6530447326916013e-07,-5.470153107302509e-07,4.435473197944058e-08
validation,literature-focused,layer_scan.layer_04.original_prompt.rescue,layer_source_scan,rescue,original_prompt,,-3.0613107251307403e-07,-6.650887783068784e-07,-3.706278416976149e-08
validation,literature-focused,layer_scan.layer_04.template.rescue,layer_source_scan,rescue,template,,-2.7129067384133484e-08,-1.0899564947941753e-07,3.4846857509023985e-08
validation,literature-focused,layer_scan.layer_04.response.rescue,layer_source_scan,rescue,response,,-8.557947820034509e-08,-3.118717074471751e-07,4.136515785146546e-08
validation,literature-focused,layer_scan.layer_04.trigger_instruction.rescue,layer_source_scan,rescue,trigger_instruction,,3.9276675307834363e-07,4.6064621827073675e-09,1.048002292829344e-06
validation,literature-focused,layer_scan.layer_05.monitoring_language.rescue,layer_source_scan,rescue,monitoring_language,,-2.0515054216668223e-07,-6.271710574764072e-07,2.1056367676840964e-08
validation,literature-focused,layer_scan.layer_05.named_concept.rescue,layer_source_scan,rescue,named_concept,,4.252143413971212e-08,-1.598477297114151e-09,8.673984566336369e-08
validation,literature-focused,layer_scan.layer_05.trigger_other.rescue,layer_source_scan,rescue,trigger_other,,-1.4682022527494315e-07,-4.3174797245472375e-07,1.0899413091591413e-08
validation,literature-focused,layer_scan.layer_05.original_prompt.rescue,layer_source_scan,rescue,original_prompt,,-1.4711505747883326e-07,-4.876096682006984e-07,3.389129018539107e-08
validation,literature-focused,layer_scan.layer_05.template.rescue,layer_source_scan,rescue,template,,-1.8607546680562233e-07,-5.468061658882972e-07,6.121539277859435e-09
validation,literature-focused,layer_scan.layer_05.response.rescue,layer_source_scan,rescue,response,,1.0632331149034346e-07,-2.0776708693166443e-07,4.4603466015397957e-07
validation,literature-focused,layer_scan.layer_05.trigger_instruction.rescue,layer_source_scan,rescue,trigger_instruction,,2.2353487872851443e-07,6.55797795930075e-08,4.857938229315265e-07
validation,literature-focused,layer_scan.layer_06.monitoring_language.rescue,layer_source_scan,rescue,monitoring_language,,-3.9489764738518914e-07,-1.0816806873985287e-06,2.5539083730064825e-08
validation,literature-focused,layer_scan.layer_06.named_concept.rescue,layer_source_scan,rescue,named_concept,,5.547433821871481e-07,1.0119967531633956e-07,1.1948280118826717e-06
validation,literature-focused,layer_scan.layer_06.trigger_other.rescue,layer_source_scan,rescue,trigger_other,,3.625220005972889e-07,1.0915317719641102e-07,7.301153169688628e-07
validation,literature-focused,layer_scan.layer_06.original_prompt.rescue,layer_source_scan,rescue,original_prompt,,3.543681560258337e-07,7.308309535073193e-08,7.411561297192145e-07
validation,literature-focused,layer_scan.layer_06.template.rescue,layer_source_scan,rescue,template,,-1.4575555833456243e-07,-4.958527931781864e-07,4.27833967770635e-08
validation,literature-focused,layer_scan.layer_06.response.rescue,layer_source_scan,rescue,response,,-2.476778647067117e-07,-6.003720636165258e-07,1.8516988462909464e-08
validation,literature-focused,layer_scan.layer_06.trigger_instruction.rescue,layer_source_scan,rescue,trigger_instruction,,5.411731956307767e-07,1.467722902177581e-07,1.067754881525164e-06
validation,literature-focused,layer_scan.layer_07.monitoring_language.rescue,layer_source_scan,rescue,monitoring_language,,-2.7434192511778343e-07,-5.09912885051888e-07,-7.920690483264073e-08
validation,literature-focused,layer_scan.layer_07.named_concept.rescue,layer_source_scan,rescue,named_concept,,2.1267819952738876e-07,2.995147614454998e-08,4.6378958899521907e-07
validation,literature-focused,layer_scan.layer_07.trigger_other.rescue,layer_source_scan,rescue,trigger_other,,1.7131329137300813e-08,-1.1889983686086869e-07,1.6631446824728862e-07
validation,literature-focused,layer_scan.layer_07.original_prompt.rescue,layer_source_scan,rescue,original_prompt,,2.265806243506663e-07,8.689625510122341e-08,4.1369674407366746e-07
validation,literature-focused,layer_scan.layer_07.template.rescue,layer_source_scan,rescue,template,,7.378167069749686e-08,-1.1216775557234129e-07,3.332978257931757e-07
validation,literature-focused,layer_scan.layer_07.response.rescue,layer_source_scan,rescue,response,,7.31206918734731e-07,1.6376081628330298e-07,1.7496598360568005e-06
validation,literature-focused,layer_scan.layer_07.trigger_instruction.rescue,layer_source_scan,rescue,trigger_instruction,,-1.737547693545927e-08,-1.722268923696418e-07,1.2556723364392938e-07
validation,literature-focused,layer_scan.layer_08.monitoring_language.rescue,layer_source_scan,rescue,monitoring_language,,-4.28827758251868e-08,-1.0456863624890703e-07,-2.834828449943533e-09
validation,literature-focused,layer_scan.layer_08.named_concept.rescue,layer_source_scan,rescue,named_concept,,7.830476443577106e-07,2.7810354161892096e-07,1.4210139068484666e-06
validation,literature-focused,layer_scan.layer_08.trigger_other.rescue,layer_source_scan,rescue,trigger_other,,8.336738726942344e-07,3.3532213105894276e-07,1.4812748583658532e-06
validation,literature-focused,layer_scan.layer_08.original_prompt.rescue,layer_source_scan,rescue,original_prompt,,1.770353443814008e-08,-6.274623546180058e-07,6.688028623732484e-07
validation,literature-focused,layer_scan.layer_08.template.rescue,layer_source_scan,rescue,template,,-4.979904058094205e-08,-1.4927314953839442e-07,4.209414007010867e-08
validation,literature-focused,layer_scan.layer_08.response.rescue,layer_source_scan,rescue,response,,-3.758443002213003e-07,-5.800358971128568e-07,-1.8823870216773928e-07
validation,literature-focused,layer_scan.layer_08.trigger_instruction.rescue,layer_source_scan,rescue,trigger_instruction,,1.5495712450238503e-06,7.076464183163821e-07,2.5274446842238725e-06
validation,literature-focused,layer_scan.layer_09.monitoring_language.rescue,layer_source_scan,rescue,monitoring_language,,-4.985498038395695e-08,-2.598963102705869e-07,1.1030776745613243e-07
validation,literature-focused,layer_scan.layer_09.named_concept.rescue,layer_source_scan,rescue,named_concept,,0.01205312995740215,0.005106417253352433,0.020808396785316527
validation,literature-focused,layer_scan.layer_09.trigger_other.rescue,layer_source_scan,rescue,trigger_other,,4.6950438601415343e-08,6.3183029602692816e-09,8.459215814021447e-08
validation,literature-focused,layer_scan.layer_09.original_prompt.rescue,layer_source_scan,rescue,original_prompt,,1.1514892390730387e-06,6.455837083983926e-07,1.7619359840467307e-06
validation,literature-focused,layer_scan.layer_09.template.rescue,layer_source_scan,rescue,template,,3.942970158318178e-06,4.3884739915902507e-07,9.886279766345017e-06
validation,literature-focused,layer_scan.layer_09.response.rescue,layer_source_scan,rescue,response,,9.773262858084467e-07,-2.3977899367356043e-07,2.9476839770193475e-06
validation,literature-focused,layer_scan.layer_09.trigger_instruction.rescue,layer_source_scan,rescue,trigger_instruction,,0.01208794386840051,0.005105306232608932,0.020884484774469535
validation,literature-focused,layer_scan.layer_10.monitoring_language.rescue,layer_source_scan,rescue,monitoring_language,,-6.417443643871058e-09,-3.326761520719142e-08,2.2058278051097336e-08
validation,literature-focused,layer_scan.layer_10.named_concept.rescue,layer_source_scan,rescue,named_concept,,0.003703684820765373,0.0007025552737247808,0.00796567801251992
validation,literature-focused,layer_scan.layer_10.trigger_other.rescue,layer_source_scan,rescue,trigger_other,,2.6027093011442073e-07,6.480577091095636e-08,5.431813906446717e-07
validation,literature-focused,layer_scan.layer_10.original_prompt.rescue,layer_source_scan,rescue,original_prompt,,7.891813097971873e-06,2.486497359909645e-06,1.4310216461642024e-05
validation,literature-focused,layer_scan.layer_10.template.rescue,layer_source_scan,rescue,template,,-7.454857595482957e-08,-9.189904443885356e-07,9.375284442904343e-07
validation,literature-focused,layer_scan.layer_10.response.rescue,layer_source_scan,rescue,response,,2.529490826495064e-06,-8.410943656591139e-07,8.104028792713835e-06
validation,literature-focused,layer_scan.layer_10.trigger_instruction.rescue,layer_source_scan,rescue,trigger_instruction,,0.003845148490514806,0.0007618647388749646,0.008191748564449907
validation,literature-focused,layer_scan.layer_11.monitoring_language.rescue,layer_source_scan,rescue,monitoring_language,,-1.2509391239199358e-07,-3.386067273699694e-07,-7.175338896229014e-09
validation,literature-focused,layer_scan.layer_11.named_concept.rescue,layer_source_scan,rescue,named_concept,,4.007423896304942e-06,6.72515721015726e-07,9.366451914634522e-06
validation,literature-focused,layer_scan.layer_11.trigger_other.rescue,layer_source_scan,rescue,trigger_other,,2.1541246349375317e-07,7.812534168163605e-08,3.908528317448211e-07
validation,literature-focused,layer_scan.layer_11.original_prompt.rescue,layer_source_scan,rescue,original_prompt,,1.1692734372350263e-05,3.816074172000583e-06,2.2412043818063515e-05
validation,literature-focused,layer_scan.layer_11.template.rescue,layer_source_scan,rescue,template,,1.6016534981068472e-06,4.4008895401260256e-07,3.5517264095193513e-06
validation,literature-focused,layer_scan.layer_11.response.rescue,layer_source_scan,rescue,response,,8.526371124650567e-05,2.3289815970783264e-05,0.0001912087751725492
validation,literature-focused,layer_scan.layer_11.trigger_instruction.rescue,layer_source_scan,rescue,trigger_instruction,,4.547260425063679e-06,7.638757891593285e-07,1.0639851750993091e-05
validation,literature-focused,layer_scan.layer_12.monitoring_language.rescue,layer_source_scan,rescue,monitoring_language,,-1.095244372758696e-07,-3.094447071883749e-07,-1.8190591676306687e-09
validation,literature-focused,layer_scan.layer_12.named_concept.rescue,layer_source_scan,rescue,named_concept,,0.00026134915502292713,8.042797642121631e-05,0.0005272422866149345
validation,literature-focused,layer_scan.layer_12.trigger_other.rescue,layer_source_scan,rescue,trigger_other,,-3.1803868396084024e-08,-4.1685085446983203e-07,2.1759522820183365e-07
validation,literature-focused,layer_scan.layer_12.original_prompt.rescue,layer_source_scan,rescue,original_prompt,,6.110972427913651e-07,2.953366048157179e-07,1.0203219898060442e-06
validation,literature-focused,layer_scan.layer_12.template.rescue,layer_source_scan,rescue,template,,2.3817975133840655e-06,3.6066989450846985e-07,5.446612183481678e-06
validation,literature-focused,layer_scan.layer_12.response.rescue,layer_source_scan,rescue,response,,8.601829695462543e-06,3.145534082164292e-06,1.6243592934100148e-05
validation,literature-focused,layer_scan.layer_12.trigger_instruction.rescue,layer_source_scan,rescue,trigger_instruction,,0.0002841119778113879,8.914678847730044e-05,0.0005609544524555082
validation,literature-focused,individual.layer_11.head_08.monitoring_language.rescue,individual_selected_head,rescue,monitoring_language,,-7.531985334939791e-09,-3.649342704820081e-08,2.1209685107074588e-08
validation,literature-focused,individual.layer_11.head_08.named_concept.rescue,individual_selected_head,rescue,named_concept,,7.699411546053303e-07,1.0107007203902767e-07,1.676077115605603e-06
validation,literature-focused,individual.layer_11.head_08.trigger_other.rescue,individual_selected_head,rescue,trigger_other,,5.893981048758802e-08,-5.994256651785179e-08,1.8661959362416475e-07
validation,literature-focused,individual.layer_11.head_08.original_prompt.rescue,individual_selected_head,rescue,original_prompt,,2.3699570885839203e-06,8.928786004924676e-07,4.3549479379499205e-06
validation,literature-focused,individual.layer_11.head_08.template.rescue,individual_selected_head,rescue,template,,6.351061057313338e-07,8.07790260431334e-08,1.6376722303091171e-06
validation,literature-focused,individual.layer_11.head_08.response.rescue,individual_selected_head,rescue,response,,1.086496160419707e-05,1.1572071984004121e-06,2.9015543262592304e-05
validation,literature-focused,individual.layer_10.head_12.monitoring_language.rescue,individual_selected_head,rescue,monitoring_language,,-1.1633897991614248e-07,-3.2834438258831213e-07,2.8089392226185005e-09
validation,literature-focused,individual.layer_10.head_12.named_concept.rescue,individual_selected_head,rescue,named_concept,,0.0004902045870085713,9.057430148801457e-05,0.0011040618203183167
validation,literature-focused,individual.layer_10.head_12.trigger_other.rescue,individual_selected_head,rescue,trigger_other,,2.639462046145013e-07,6.551591696489087e-08,5.416595119053786e-07
validation,literature-focused,individual.layer_10.head_12.original_prompt.rescue,individual_selected_head,rescue,original_prompt,,4.73643373511326e-06,1.5811184226766441e-06,9.230919776548028e-06
validation,literature-focused,individual.layer_10.head_12.template.rescue,individual_selected_head,rescue,template,,1.3216158705720913e-06,3.9517578784208785e-07,2.521531823774814e-06
validation,literature-focused,individual.layer_10.head_12.response.rescue,individual_selected_head,rescue,response,,1.757225065405548e-05,2.4578809766037666e-06,4.541235399850693e-05
validation,literature-focused,individual.layer_11.head_09.monitoring_language.rescue,individual_selected_head,rescue,monitoring_language,,3.3664337918354876e-08,-1.5035621901099723e-08,1.0162143836856432e-07
validation,literature-focused,individual.layer_11.head_09.named_concept.rescue,individual_selected_head,rescue,named_concept,,2.6156468526914823e-07,1.3129333655080028e-07,4.0982876581997144e-07
validation,literature-focused,individual.layer_11.head_09.trigger_other.rescue,individual_selected_head,rescue,trigger_other,,1.0752604669716542e-07,3.508905273231133e-08,2.2179114346671864e-07
validation,literature-focused,individual.layer_11.head_09.original_prompt.rescue,individual_selected_head,rescue,original_prompt,,3.6818738805732753e-06,1.6415505651827976e-06,6.661197571179498e-06
validation,literature-focused,individual.layer_11.head_09.template.rescue,individual_selected_head,rescue,template,,-5.793029724877984e-07,-1.550067830230789e-06,-5.539569737138659e-08
validation,literature-focused,individual.layer_11.head_09.response.rescue,individual_selected_head,rescue,response,,3.426024182232139e-06,1.3437422135333837e-06,6.557260865020817e-06
validation,literature-focused,individual.layer_10.head_02.monitoring_language.rescue,individual_selected_head,rescue,monitoring_language,,1.0881772619078108e-07,-3.485408319060645e-08,3.7421941281744943e-07
validation,literature-focused,individual.layer_10.head_02.named_concept.rescue,individual_selected_head,rescue,named_concept,,1.2578133896604273e-07,1.1139910527812443e-08,3.455796796259502e-07
validation,literature-focused,individual.layer_10.head_02.trigger_other.rescue,individual_selected_head,rescue,trigger_other,,-9.43180703653155e-08,-2.9711891814369834e-07,2.8184280261215947e-08
validation,literature-focused,individual.layer_10.head_02.original_prompt.rescue,individual_selected_head,rescue,original_prompt,,7.054533080597284e-07,2.9922641248610355e-07,1.2373495067727274e-06
validation,literature-focused,individual.layer_10.head_02.template.rescue,individual_selected_head,rescue,template,,-1.1925180962213078e-07,-3.3778703946905875e-07,-2.75826373825728e-09
validation,literature-focused,individual.layer_10.head_02.response.rescue,individual_selected_head,rescue,response,,7.651646314778975e-07,3.2759046741380893e-07,1.4161325293341092e-06
validation,literature-focused,individual.layer_09.head_11.monitoring_language.rescue,individual_selected_head,rescue,monitoring_language,,-1.6533780161495636e-07,-3.835379251814065e-07,-1.399977338149728e-08
validation,literature-focused,individual.layer_09.head_11.named_concept.rescue,individual_selected_head,rescue,named_concept,,1.2467006975345038e-06,5.613845315119557e-08,3.1395209334276e-06
validation,literature-focused,individual.layer_09.head_11.trigger_other.rescue,individual_selected_head,rescue,trigger_other,,1.555863162693956e-07,1.5473633886398965e-08,4.0367391446414883e-07
validation,literature-focused,individual.layer_09.head_11.original_prompt.rescue,individual_selected_head,rescue,original_prompt,,9.551343918334045e-07,5.325000574304695e-07,1.5180448469799476e-06
validation,literature-focused,individual.layer_09.head_11.template.rescue,individual_selected_head,rescue,template,,3.7403466231476903e-07,-1.028318102009042e-08,9.013892388172991e-07
validation,literature-focused,individual.layer_09.head_11.response.rescue,individual_selected_head,rescue,response,,5.044722243897611e-07,6.132641034856062e-08,1.1130122348048724e-06
validation,literature-focused,individual.layer_12.head_12.monitoring_language.rescue,individual_selected_head,rescue,monitoring_language,,-1.0401192299277011e-07,-2.9867696983796894e-07,1.2370365953713656e-09
validation,literature-focused,individual.layer_12.head_12.named_concept.rescue,individual_selected_head,rescue,named_concept,,0.0001145742749644959,3.413252399467074e-05,0.0002335819634564051
validation,literature-focused,individual.layer_12.head_12.trigger_other.rescue,individual_selected_head,rescue,trigger_other,,1.023666745020987e-07,3.164475374299272e-08,2.073649916988053e-07
validation,literature-focused,individual.layer_12.head_12.original_prompt.rescue,individual_selected_head,rescue,original_prompt,,6.105352685860773e-07,2.7436077929232414e-07,1.0668578254884893e-06
validation,literature-focused,individual.layer_12.head_12.template.rescue,individual_selected_head,rescue,template,,3.6903261345518134e-07,1.0468644126367347e-07,7.766028785428254e-07
validation,literature-focused,individual.layer_12.head_12.response.rescue,individual_selected_head,rescue,response,,8.318800525030556e-06,2.098953117014888e-06,1.833997239055606e-05
validation,literature-focused,individual.layer_12.head_03.monitoring_language.rescue,individual_selected_head,rescue,monitoring_language,,-3.0165391565777565e-09,-2.3995715404578707e-08,1.5682070923032105e-08
validation,literature-focused,individual.layer_12.head_03.named_concept.rescue,individual_selected_head,rescue,named_concept,,4.50213883527483e-07,5.8139808216133706e-08,1.0305946284853837e-06
validation,literature-focused,individual.layer_12.head_03.trigger_other.rescue,individual_selected_head,rescue,trigger_other,,6.862222489742618e-08,-1.2374453628970545e-07,2.3417468220581164e-07
validation,literature-focused,individual.layer_12.head_03.original_prompt.rescue,individual_selected_head,rescue,original_prompt,,6.11074101378118e-07,2.9422690866571296e-07,1.0132549440909433e-06
validation,literature-focused,individual.layer_12.head_03.template.rescue,individual_selected_head,rescue,template,,2.630191348685365e-07,3.5422131594475115e-08,5.885193208862531e-07
validation,literature-focused,individual.layer_12.head_03.response.rescue,individual_selected_head,rescue,response,,1.4856771258822477e-06,8.781548207077317e-07,2.153477656232267e-06
validation,literature-focused,individual.layer_09.head_04.monitoring_language.rescue,individual_selected_head,rescue,monitoring_language,,-9.46223092887126e-08,-3.142132788770716e-07,2.9080117450992724e-08
validation,literature-focused,individual.layer_09.head_04.named_concept.rescue,individual_selected_head,rescue,named_concept,,8.085180293074787e-05,1.7327122585434e-05,0.00018421245230282337
validation,literature-focused,individual.layer_09.head_04.trigger_other.rescue,individual_selected_head,rescue,trigger_other,,1.39274299152252e-07,-1.2531888319218987e-08,3.9934749825470346e-07
validation,literature-focused,individual.layer_09.head_04.original_prompt.rescue,individual_selected_head,rescue,original_prompt,,-1.2603567369675023e-07,-3.308900226559566e-07,2.869396835734833e-09
validation,literature-focused,individual.layer_09.head_04.template.rescue,individual_selected_head,rescue,template,,2.0619243424673548e-06,2.0595182751782274e-07,5.335091233068191e-06
validation,literature-focused,individual.layer_09.head_04.response.rescue,individual_selected_head,rescue,response,,9.997487989819184e-09,-1.637836056650323e-07,1.816523108825907e-07
validation,literature-focused,individual.layer_11.head_14.monitoring_language.rescue,individual_selected_head,rescue,monitoring_language,,-1.2432953914679732e-07,-3.2191813039598214e-07,-1.0751608141228669e-08
validation,literature-focused,individual.layer_11.head_14.named_concept.rescue,individual_selected_head,rescue,named_concept,,4.293265057587482e-08,-1.022440280361577e-08,1.1993800590021644e-07
validation,literature-focused,individual.layer_11.head_14.trigger_other.rescue,individual_selected_head,rescue,trigger_other,,2.391628256597898e-08,-1.8430632694413512e-08,9.139299098241113e-08
validation,literature-focused,individual.layer_11.head_14.original_prompt.rescue,individual_selected_head,rescue,original_prompt,,1.3575586808302456e-06,3.02575638597082e-07,3.2531709532840466e-06
validation,literature-focused,individual.layer_11.head_14.template.rescue,individual_selected_head,rescue,template,,-2.0323924102867176e-07,-5.381414921615511e-07,3.6673627297829806e-08
validation,literature-focused,individual.layer_11.head_14.response.rescue,individual_selected_head,rescue,response,,2.5606058698220236e-06,4.7183500624968235e-07,6.20538057955195e-06
validation,literature-focused,individual.layer_12.head_02.monitoring_language.rescue,individual_selected_head,rescue,monitoring_language,,-1.0320456442525716e-07,-2.9705792583783224e-07,1.580149805122241e-09
validation,literature-focused,individual.layer_12.head_02.named_concept.rescue,individual_selected_head,rescue,named_concept,,-6.067408570265758e-07,-1.7694817669536832e-06,-1.4890265151490628e-08
validation,literature-focused,individual.layer_12.head_02.trigger_other.rescue,individual_selected_head,rescue,trigger_other,,-1.1005449635143737e-07,-3.091158026206932e-07,-2.4387210676789432e-09
validation,literature-focused,individual.layer_12.head_02.original_prompt.rescue,individual_selected_head,rescue,original_prompt,,1.1140082019999811e-07,-7.782935406680654e-08,2.9060947046595824e-07
validation,literature-focused,individual.layer_12.head_02.template.rescue,individual_selected_head,rescue,template,,-7.870469722482563e-08,-2.84059672349377e-07,3.6283828627192554e-08
validation,literature-focused,individual.layer_12.head_02.response.rescue,individual_selected_head,rescue,response,,1.8551818418328732e-06,5.064793860261553e-07,3.94041422543481e-06
validation,literature-focused,individual.layer_09.head_13.monitoring_language.rescue,individual_selected_head,rescue,monitoring_language,,1.205698691491682e-07,-3.390195878840711e-08,4.057718509060846e-07
validation,literature-focused,individual.layer_09.head_13.named_concept.rescue,individual_selected_head,rescue,named_concept,,-1.0918576593161675e-07,-3.1081209605189066e-07,1.787871803556833e-08
validation,literature-focused,individual.layer_09.head_13.trigger_other.rescue,individual_selected_head,rescue,trigger_other,,1.0911928589203378e-07,-4.327024538739498e-08,3.911781757808969e-07
validation,literature-focused,individual.layer_09.head_13.original_prompt.rescue,individual_selected_head,rescue,original_prompt,,2.7634348071165815e-07,6.076310736047502e-08,5.495589315174309e-07
validation,literature-focused,individual.layer_09.head_13.template.rescue,individual_selected_head,rescue,template,,6.743630107351026e-08,-2.072416385689977e-08,2.142203151277602e-07
validation,literature-focused,individual.layer_09.head_13.response.rescue,individual_selected_head,rescue,response,,-1.670302161921698e-08,-1.2770712925990297e-07,1.1019830646434294e-07
validation,literature-focused,individual.layer_11.head_15.monitoring_language.rescue,individual_selected_head,rescue,monitoring_language,,1.2028838889299768e-08,-1.0173768697836393e-08,3.826766189273926e-08
validation,literature-focused,individual.layer_11.head_15.named_concept.rescue,individual_selected_head,rescue,named_concept,,-1.245020987180975e-07,-4.090567326276446e-07,4.1587269572069823e-08
validation,literature-focused,individual.layer_11.head_15.trigger_other.rescue,individual_selected_head,rescue,trigger_other,,-1.0980262002786239e-07,-3.290948545054897e-07,1.6360026422469637e-08
validation,literature-focused,individual.layer_11.head_15.original_prompt.rescue,individual_selected_head,rescue,original_prompt,,-4.830968454447253e-07,-1.1042198203786257e-06,-7.952967784397676e-08
validation,literature-focused,individual.layer_11.head_15.template.rescue,individual_selected_head,rescue,template,,-5.680654609961476e-08,-3.095875564033515e-07,1.575480591641757e-07
validation,literature-focused,individual.layer_11.head_15.response.rescue,individual_selected_head,rescue,response,,-8.684750104568576e-07,-2.337084327002305e-06,-2.7995616951262106e-08
validation,literature-focused,group.selected_attention_12.monitoring_language.rescue,selected_random_source_group,rescue,monitoring_language,,-1.985999912336373e-07,-4.4787768720224477e-07,-4.093987901890084e-09
validation,literature-focused,group.selected_attention_12.monitoring_language.induction,selected_random_source_group,induction,monitoring_language,,0.00011286095834739692,6.330983440895596e-05,0.00016911885687278993
validation,literature-focused,group.selected_attention_12.named_concept.rescue,selected_random_source_group,rescue,named_concept,,0.01188757225182859,0.005169871836880505,0.01984854186766611
validation,literature-focused,group.selected_attention_12.named_concept.induction,selected_random_source_group,induction,named_concept,,0.9741113173924473,0.963831391155554,0.983132336267236
validation,literature-focused,group.selected_attention_12.trigger_other.rescue,selected_random_source_group,rescue,trigger_other,,8.561543718898311e-07,3.014464679327332e-07,1.6676520030508626e-06
validation,literature-focused,group.selected_attention_12.trigger_other.induction,selected_random_source_group,induction,trigger_other,,0.008110267345254277,0.005968199782741105,0.01030563399499221
validation,literature-focused,group.selected_attention_12.original_prompt.rescue,selected_random_source_group,rescue,original_prompt,,4.271741298314949e-05,1.4119841232775366e-05,8.003719144602252e-05
validation,literature-focused,group.selected_attention_12.original_prompt.induction,selected_random_source_group,induction,original_prompt,,0.037932920815173826,0.025316864040242526,0.0505880851633714
validation,literature-focused,group.selected_attention_12.template.rescue,selected_random_source_group,rescue,template,,4.570884098296887e-06,9.587088091227896e-07,1.0489092937102134e-05
validation,literature-focused,group.selected_attention_12.template.induction,selected_random_source_group,induction,template,,0.010398713718485027,0.007198886565431957,0.01332280196303634
validation,literature-focused,group.selected_attention_12.response.rescue,selected_random_source_group,rescue,response,,0.00019709813640504914,5.6405410746602224e-05,0.00041790960305378524
validation,literature-focused,group.selected_attention_12.response.induction,selected_random_source_group,induction,response,,0.1594517880424279,0.10595648439467142,0.2181687325009451
validation,literature-focused,group.selected_attention_12.trigger_instruction.rescue,selected_random_source_group,rescue,trigger_instruction,,0.01287563362243152,0.00576026747193627,0.021282248205415542
validation,literature-focused,group.selected_attention_12.trigger_instruction.induction,selected_random_source_group,induction,trigger_instruction,,0.9762081118279647,0.9664160801005437,0.9847248765709071
validation,literature-focused,group.selected_attention_12.all_prompt.rescue,selected_random_source_group,rescue,all_prompt,,0.04092886570599363,0.024970332347394836,0.06090607765278701
validation,literature-focused,group.selected_attention_12.all_prompt.induction,selected_random_source_group,induction,all_prompt,,0.9953219810358803,0.9909309236231417,0.9982574676177921
validation,literature-focused,group.random_attention_12.monitoring_language.rescue,selected_random_source_group,rescue,monitoring_language,,-1.070551513237863e-07,-3.1092516012190367e-07,3.37827398801362e-09
validation,literature-focused,group.random_attention_12.monitoring_language.induction,selected_random_source_group,induction,monitoring_language,,-6.636746090605663e-05,-0.00011124616796459105,-2.4818101970500076e-05
validation,literature-focused,group.random_attention_12.named_concept.rescue,selected_random_source_group,rescue,named_concept,,6.859198635720745e-05,1.010034798823064e-05,0.00017583962689625995
validation,literature-focused,group.random_attention_12.named_concept.induction,selected_random_source_group,induction,named_concept,,0.06371633592421598,0.05029937196238221,0.07631999234048428
validation,literature-focused,group.random_attention_12.trigger_other.rescue,selected_random_source_group,rescue,trigger_other,,-2.0905659779620087e-07,-4.4409968969639915e-07,-4.52564648399069e-08
validation,literature-focused,group.random_attention_12.trigger_other.induction,selected_random_source_group,induction,trigger_other,,-0.0002587705813767027,-0.0003617111087506073,-0.00016654909296846444
validation,literature-focused,group.random_attention_12.original_prompt.rescue,selected_random_source_group,rescue,original_prompt,,-8.50764881010362e-07,-1.8667922779425036e-06,-1.920768203399682e-07
validation,literature-focused,group.random_attention_12.original_prompt.induction,selected_random_source_group,induction,original_prompt,,-7.292779836042902e-05,-0.000906492224856223,0.0009489436597147568
validation,literature-focused,group.random_attention_12.template.rescue,selected_random_source_group,rescue,template,,-7.567321625244257e-08,-1.349819633725201e-07,-2.0694350483888286e-08
validation,literature-focused,group.random_attention_12.template.induction,selected_random_source_group,induction,template,,3.350402928168297e-05,-9.308710268342234e-05,0.00016444114954325872
validation,literature-focused,group.random_attention_12.response.rescue,selected_random_source_group,rescue,response,,-7.045931489426197e-06,-1.6924712084755923e-05,-1.5074081184539967e-06
validation,literature-focused,group.random_attention_12.response.induction,selected_random_source_group,induction,response,,-4.381533615114356e-05,-0.0005727243660556742,0.000666048700700742
validation,literature-focused,group.random_attention_12.trigger_instruction.rescue,selected_random_source_group,rescue,trigger_instruction,,6.835683250169373e-05,1.0076605352468102e-05,0.000175338296066604
validation,literature-focused,group.random_attention_12.trigger_instruction.induction,selected_random_source_group,induction,trigger_instruction,,0.06343505952634876,0.05001165688730794,0.0760564273903791
validation,literature-focused,group.random_attention_12.all_prompt.rescue,selected_random_source_group,rescue,all_prompt,,7.047729957037326e-05,1.1133672970125427e-05,0.00018029982197449452
validation,literature-focused,group.random_attention_12.all_prompt.induction,selected_random_source_group,induction,all_prompt,,0.06875331671341872,0.05520879264303008,0.08056790791282017
validation,literature-focused,direct.selected_attention_12.rescue,direct_response_output,rescue,,selected_attention_12,0.20616248801652742,0.16658923200837306,0.24981760593640218
validation,literature-focused,direct.selected_attention_12.induction,direct_response_output,induction,,selected_attention_12,0.9967731157720867,0.9935717595505857,0.9988987425523663
validation,literature-focused,direct.random_attention_12.rescue,direct_response_output,rescue,,random_attention_12,4.91638637113599e-05,5.780086127161849e-06,0.0001301407832421449
validation,literature-focused,direct.random_attention_12.induction,direct_response_output,induction,,random_attention_12,0.0680010852667682,0.054196437175659695,0.08061002538393956
validation,literature-focused,direct.random_attention_16.rescue,direct_response_output,rescue,,random_attention_16,0.00025630053250875334,2.619325170592372e-05,0.0006977237593396459
validation,literature-focused,direct.random_attention_16.induction,direct_response_output,induction,,random_attention_16,0.26424292159546575,0.21715744650431054,0.30912430335064833
validation,literature-focused,direct.selected_mlp_4.rescue,direct_response_output,rescue,,selected_mlp_4,0.10933455737337147,0.0820829062161137,0.1385084125016661
validation,literature-focused,direct.selected_mlp_4.induction,direct_response_output,induction,,selected_mlp_4,0.9511433231987464,0.9296130747420269,0.9679720299852419
validation,literature-focused,direct.layer_09.mlp.rescue,direct_response_output,rescue,,layer_09.mlp,2.8865044332173754e-05,8.23199830234883e-06,5.891062621173075e-05
validation,literature-focused,direct.layer_09.mlp.induction,direct_response_output,induction,,layer_09.mlp,0.6352069682082042,0.562833295594818,0.6955011669249924
validation,literature-focused,direct.layer_10.mlp.rescue,direct_response_output,rescue,,layer_10.mlp,0.00044207280257895073,0.00019185673625848044,0.0007834521823756062
validation,literature-focused,direct.layer_10.mlp.induction,direct_response_output,induction,,layer_10.mlp,0.17793295327536068,0.139967783600559,0.2168919083803144
validation,literature-focused,direct.layer_11.mlp.rescue,direct_response_output,rescue,,layer_11.mlp,4.8687896069947406e-05,1.6489677875636914e-05,9.69432949629095e-05
validation,literature-focused,direct.layer_11.mlp.induction,direct_response_output,induction,,layer_11.mlp,0.0007930676177929816,-0.003805389042464999,0.005035018880678678
validation,literature-focused,direct.layer_12.mlp.rescue,direct_response_output,rescue,,layer_12.mlp,0.00010249503348830367,3.473388486423367e-05,0.00020284542121203262
validation,literature-focused,direct.layer_12.mlp.induction,direct_response_output,induction,,layer_12.mlp,0.007721748725118216,0.004671246807976836,0.010706034613366082
validation,literature-focused,direct.selected_k16.rescue,direct_response_output,rescue,,selected_k16,0.7467261787334787,0.7035791889640087,0.7866228560491471
validation,literature-focused,direct.selected_k16.induction,direct_response_output,induction,,selected_k16,0.9997558637614338,0.9994326915409992,0.9999483152502563
validation,literature-focused,direct.resid_post_layer12_positive_control.rescue,direct_response_output,rescue,,resid_post_layer12_positive_control,1.0,1.0,1.0
validation,literature-focused,direct.resid_post_layer12_positive_control.induction,direct_response_output,induction,,resid_post_layer12_positive_control,1.0,1.0,1.0
validation,mathematical,layer_scan.layer_00.monitoring_language.rescue,layer_source_scan,rescue,monitoring_language,,-9.55356963282636e-05,-0.0002248805723712642,4.216561019467127e-05
validation,mathematical,layer_scan.layer_00.named_concept.rescue,layer_source_scan,rescue,named_concept,,6.411442410959811e-05,-7.839067570023567e-05,0.00019980885162853464
validation,mathematical,layer_scan.layer_00.trigger_other.rescue,layer_source_scan,rescue,trigger_other,,-6.159642928180247e-05,-0.000125499249329974,-5.905676134392922e-06
validation,mathematical,layer_scan.layer_00.original_prompt.rescue,layer_source_scan,rescue,original_prompt,,-3.59274578635068e-05,-0.0001594131631694689,0.00011277463853381243
validation,mathematical,layer_scan.layer_00.template.rescue,layer_source_scan,rescue,template,,-0.0001308939539591681,-0.00023149445837980027,-4.320875877551215e-05
validation,mathematical,layer_scan.layer_00.response.rescue,layer_source_scan,rescue,response,,-0.00018925184106637142,-0.0004251923289842608,8.538756773259527e-06
validation,mathematical,layer_scan.layer_00.trigger_instruction.rescue,layer_source_scan,rescue,trigger_instruction,,0.0001734143176824692,6.81383017081373e-06,0.00038794872216437674
validation,mathematical,layer_scan.layer_01.monitoring_language.rescue,layer_source_scan,rescue,monitoring_language,,0.0002299655720162638,6.3573496968434915e-06,0.0006698336195456957
validation,mathematical,layer_scan.layer_01.named_concept.rescue,layer_source_scan,rescue,named_concept,,0.00017641493336469582,-4.9241016475911874e-05,0.0006175664211334344
validation,mathematical,layer_scan.layer_01.trigger_other.rescue,layer_source_scan,rescue,trigger_other,,6.21960095263378e-05,-4.2983612857835e-05,0.00025763704247549644
validation,mathematical,layer_scan.layer_01.original_prompt.rescue,layer_source_scan,rescue,original_prompt,,-7.281560591784236e-06,-0.00016396750760573498,0.00021268966492914764
validation,mathematical,layer_scan.layer_01.template.rescue,layer_source_scan,rescue,template,,-5.699166854108164e-05,-0.0002032914461754885,3.365076483726424e-05
validation,mathematical,layer_scan.layer_01.response.rescue,layer_source_scan,rescue,response,,3.1943764553859976e-05,-8.022395084550756e-05,0.00014085630169743713
validation,mathematical,layer_scan.layer_01.trigger_instruction.rescue,layer_source_scan,rescue,trigger_instruction,,0.00035858718288221285,3.7415118649990143e-06,0.0010252824142632348
validation,mathematical,layer_scan.layer_02.monitoring_language.rescue,layer_source_scan,rescue,monitoring_language,,6.92225662935303e-05,-4.1508002007969925e-05,0.0002466289073969532
validation,mathematical,layer_scan.layer_02.named_concept.rescue,layer_source_scan,rescue,named_concept,,7.208187927585011e-06,-8.13717240448015e-05,0.00013371457359657952
validation,mathematical,layer_scan.layer_02.trigger_other.rescue,layer_source_scan,rescue,trigger_other,,-2.328372463000696e-05,-8.792371556227995e-05,7.98359805461778e-05
validation,mathematical,layer_scan.layer_02.original_prompt.rescue,layer_source_scan,rescue,original_prompt,,1.822999045180198e-05,-5.198213930057796e-05,0.00010699216349800898
validation,mathematical,layer_scan.layer_02.template.rescue,layer_source_scan,rescue,template,,-1.027805431691649e-05,-9.375554354286841e-05,0.00010748025626907276
validation,mathematical,layer_scan.layer_02.response.rescue,layer_source_scan,rescue,response,,-3.611158413318264e-05,-9.435821530341185e-05,3.36829029591009e-05
validation,mathematical,layer_scan.layer_02.trigger_instruction.rescue,layer_source_scan,rescue,trigger_instruction,,-9.7613107866275e-06,-8.675069816775995e-05,0.00012266783688321678
validation,mathematical,layer_scan.layer_03.monitoring_language.rescue,layer_source_scan,rescue,monitoring_language,,0.00014945467434533045,1.080112459385521e-05,0.00034108062505768287
validation,mathematical,layer_scan.layer_03.named_concept.rescue,layer_source_scan,rescue,named_concept,,0.0001439581633746746,4.098026297926889e-05,0.0002882924850139639
validation,mathematical,layer_scan.layer_03.trigger_other.rescue,layer_source_scan,rescue,trigger_other,,4.921759348388039e-05,-3.1188059730631906e-05,0.000158826209894497
validation,mathematical,layer_scan.layer_03.original_prompt.rescue,layer_source_scan,rescue,original_prompt,,-9.240586962957998e-08,-0.00017865293259823254,0.000205693082760386
validation,mathematical,layer_scan.layer_03.template.rescue,layer_source_scan,rescue,template,,-5.745959292764615e-05,-0.0001357721495579852,1.5985120898372673e-05
validation,mathematical,layer_scan.layer_03.response.rescue,layer_source_scan,rescue,response,,0.00013521334914255303,-5.39874828684755e-05,0.0004405144006274951
validation,mathematical,layer_scan.layer_03.trigger_instruction.rescue,layer_source_scan,rescue,trigger_instruction,,0.00012552275139814147,-8.486490570880698e-05,0.00035766957566143835
validation,mathematical,layer_scan.layer_04.monitoring_language.rescue,layer_source_scan,rescue,monitoring_language,,0.00014510365159537084,7.454104723237575e-06,0.0002994177121330739
validation,mathematical,layer_scan.layer_04.named_concept.rescue,layer_source_scan,rescue,named_concept,,0.0006451465197709305,0.0003242779021929624,0.0009214627922386972
validation,mathematical,layer_scan.layer_04.trigger_other.rescue,layer_source_scan,rescue,trigger_other,,0.0009374263128280753,0.00036436239590151,0.0018097203639871168
validation,mathematical,layer_scan.layer_04.original_prompt.rescue,layer_source_scan,rescue,original_prompt,,0.0005561352326118981,0.00011226469480719654,0.0011557253797183568
validation,mathematical,layer_scan.layer_04.template.rescue,layer_source_scan,rescue,template,,1.4606552536368014e-05,-0.00010523582956998182,0.0001956885848181756
validation,mathematical,layer_scan.layer_04.response.rescue,layer_source_scan,rescue,response,,0.00030756265273340844,0.00016733692662048043,0.0005061074322273524
validation,mathematical,layer_scan.layer_04.trigger_instruction.rescue,layer_source_scan,rescue,trigger_instruction,,0.0018282958240236644,0.0008191175820715674,0.00288737201955057
validation,mathematical,layer_scan.layer_05.monitoring_language.rescue,layer_source_scan,rescue,monitoring_language,,-0.00015574636202122515,-0.00023233345772199232,-6.146934261147796e-05
validation,mathematical,layer_scan.layer_05.named_concept.rescue,layer_source_scan,rescue,named_concept,,9.049602341611125e-05,-1.7441974360068873e-05,0.0002799256570424599
validation,mathematical,layer_scan.layer_05.trigger_other.rescue,layer_source_scan,rescue,trigger_other,,0.00019830576095239804,-7.651932531668139e-06,0.0006168209016176839
validation,mathematical,layer_scan.layer_05.original_prompt.rescue,layer_source_scan,rescue,original_prompt,,0.00030724576471483404,5.47863175716053e-05,0.0006946599590922896
validation,mathematical,layer_scan.layer_05.template.rescue,layer_source_scan,rescue,template,,0.0001507823055437081,-1.178496124945817e-05,0.0004947284898720198
validation,mathematical,layer_scan.layer_05.response.rescue,layer_source_scan,rescue,response,,0.0005128430027189885,0.00017723768945658623,0.0011079189222552197
validation,mathematical,layer_scan.layer_05.trigger_instruction.rescue,layer_source_scan,rescue,trigger_instruction,,3.532335808951874e-05,-5.7902618305750765e-05,0.00013646959879478636
validation,mathematical,layer_scan.layer_06.monitoring_language.rescue,layer_source_scan,rescue,monitoring_language,,0.006422550162230182,-0.0002492728386552143,0.014194059876954464
validation,mathematical,layer_scan.layer_06.named_concept.rescue,layer_source_scan,rescue,named_concept,,2.520764124912276e-05,-0.00012942913044717373,0.00023104553709557318
validation,mathematical,layer_scan.layer_06.trigger_other.rescue,layer_source_scan,rescue,trigger_other,,0.0015424515987079543,0.000636836985697418,0.0027856210446133883
validation,mathematical,layer_scan.layer_06.original_prompt.rescue,layer_source_scan,rescue,original_prompt,,0.0014393011121744657,0.0006850714382948207,0.00221750652543206
validation,mathematical,layer_scan.layer_06.template.rescue,layer_source_scan,rescue,template,,0.00011328803786501229,-3.456977660976342e-06,0.00025384900383262996
validation,mathematical,layer_scan.layer_06.response.rescue,layer_source_scan,rescue,response,,0.001506248856259784,0.0004782209131508908,0.002984356900070875
validation,mathematical,layer_scan.layer_06.trigger_instruction.rescue,layer_source_scan,rescue,trigger_instruction,,0.009644427940626652,0.0015325177395144362,0.019038198766323365
validation,mathematical,layer_scan.layer_07.monitoring_language.rescue,layer_source_scan,rescue,monitoring_language,,0.00013619291259590936,-1.3741635491261098e-05,0.00037021727317854277
validation,mathematical,layer_scan.layer_07.named_concept.rescue,layer_source_scan,rescue,named_concept,,0.0006914594587444526,0.00014984999937941843,0.0015517965261773953
validation,mathematical,layer_scan.layer_07.trigger_other.rescue,layer_source_scan,rescue,trigger_other,,0.0021856576774730136,0.0008872528769350923,0.0035638210739830176
validation,mathematical,layer_scan.layer_07.original_prompt.rescue,layer_source_scan,rescue,original_prompt,,0.001627740945972429,0.00022350248648680097,0.0038607298107011237
validation,mathematical,layer_scan.layer_07.template.rescue,layer_source_scan,rescue,template,,0.00014577096994413047,-1.1250736775344494e-06,0.0004041191177201356
validation,mathematical,layer_scan.layer_07.response.rescue,layer_source_scan,rescue,response,,0.0011770686818011397,0.0003813875022706083,0.002137411154480825
validation,mathematical,layer_scan.layer_07.trigger_instruction.rescue,layer_source_scan,rescue,trigger_instruction,,0.0030825180603027535,0.0012850152069569813,0.005170786534121708
validation,mathematical,layer_scan.layer_08.monitoring_language.rescue,layer_source_scan,rescue,monitoring_language,,0.0001043941522777062,-0.00013053847164377314,0.0005218464069638008
validation,mathematical,layer_scan.layer_08.named_concept.rescue,layer_source_scan,rescue,named_concept,,0.010201755245972128,0.004006277973365755,0.019306107915544764
validation,mathematical,layer_scan.layer_08.trigger_other.rescue,layer_source_scan,rescue,trigger_other,,0.0019807040908378054,0.0006760689803030445,0.00359577433782616
validation,mathematical,layer_scan.layer_08.original_prompt.rescue,layer_source_scan,rescue,original_prompt,,0.0037231061707861876,0.0012657089253569603,0.007021751131188955
validation,mathematical,layer_scan.layer_08.template.rescue,layer_source_scan,rescue,template,,7.302018659988465e-05,-0.00015659852006439108,0.00038031696553736925
validation,mathematical,layer_scan.layer_08.response.rescue,layer_source_scan,rescue,response,,0.0011092488536082322,0.00010643557600102915,0.0025592036195416106
validation,mathematical,layer_scan.layer_08.trigger_instruction.rescue,layer_source_scan,rescue,trigger_instruction,,0.013326356015948417,0.005146707365384153,0.02471078509308303
validation,mathematical,layer_scan.layer_09.monitoring_language.rescue,layer_source_scan,rescue,monitoring_language,,0.00010085200648505748,-4.0649468908960214e-05,0.00023811526360703806
validation,mathematical,layer_scan.layer_09.named_concept.rescue,layer_source_scan,rescue,named_concept,,-0.000552857632380441,-0.00489744761210485,0.006520599494265595
validation,mathematical,layer_scan.layer_09.trigger_other.rescue,layer_source_scan,rescue,trigger_other,,0.002526677364831216,0.0012308740583908823,0.004195444047384945
validation,mathematical,layer_scan.layer_09.original_prompt.rescue,layer_source_scan,rescue,original_prompt,,0.005745701428246962,0.00199628229186635,0.011448471211165802
validation,mathematical,layer_scan.layer_09.template.rescue,layer_source_scan,rescue,template,,0.0004896265957718613,8.27237806316206e-05,0.0011138692214703052
validation,mathematical,layer_scan.layer_09.response.rescue,layer_source_scan,rescue,response,,0.003218487002567007,0.001010428444283524,0.0052377037909277085
validation,mathematical,layer_scan.layer_09.trigger_instruction.rescue,layer_source_scan,rescue,trigger_instruction,,0.0015843288502983817,-0.003605217611546974,0.010650959685662572
validation,mathematical,layer_scan.layer_10.monitoring_language.rescue,layer_source_scan,rescue,monitoring_language,,0.00012126602184406418,3.232742437025832e-05,0.00025521898085767057
validation,mathematical,layer_scan.layer_10.named_concept.rescue,layer_source_scan,rescue,named_concept,,-0.0036660012855189265,-0.006108735481588994,-0.0018075641736554813
validation,mathematical,layer_scan.layer_10.trigger_other.rescue,layer_source_scan,rescue,trigger_other,,0.002086671441507217,0.00041286907208712594,0.004442181626579678
validation,mathematical,layer_scan.layer_10.original_prompt.rescue,layer_source_scan,rescue,original_prompt,,0.0002581905064225755,-0.0010252389166639955,0.0011933961552067732
validation,mathematical,layer_scan.layer_10.template.rescue,layer_source_scan,rescue,template,,-0.005628190379076676,-0.012574585732845516,-0.0017860855804957003
validation,mathematical,layer_scan.layer_10.response.rescue,layer_source_scan,rescue,response,,-0.003046803047742308,-0.009959524958841386,0.0019754664971721077
validation,mathematical,layer_scan.layer_10.trigger_instruction.rescue,layer_source_scan,rescue,trigger_instruction,,-0.0013489385451164308,-0.00287248558185749,-0.00017139767829587812
validation,mathematical,layer_scan.layer_11.monitoring_language.rescue,layer_source_scan,rescue,monitoring_language,,4.833247402971473e-05,-3.954724612088852e-07,0.00012274057467473432
validation,mathematical,layer_scan.layer_11.named_concept.rescue,layer_source_scan,rescue,named_concept,,0.0013835518572531626,0.0006053408075478234,0.0024342017829284772
validation,mathematical,layer_scan.layer_11.trigger_other.rescue,layer_source_scan,rescue,trigger_other,,0.07203567591147438,0.03961317206817201,0.11259802948136602
validation,mathematical,layer_scan.layer_11.original_prompt.rescue,layer_source_scan,rescue,original_prompt,,0.011158103005269692,0.005325416130943594,0.01957667902556148
validation,mathematical,layer_scan.layer_11.template.rescue,layer_source_scan,rescue,template,,0.002266845197599851,0.0011079802246186175,0.0035404150001936787
validation,mathematical,layer_scan.layer_11.response.rescue,layer_source_scan,rescue,response,,0.01213027477963057,0.003004848698369783,0.025029831465813137
validation,mathematical,layer_scan.layer_11.trigger_instruction.rescue,layer_source_scan,rescue,trigger_instruction,,0.0772807941844202,0.04313996849527358,0.11911066161836477
validation,mathematical,layer_scan.layer_12.monitoring_language.rescue,layer_source_scan,rescue,monitoring_language,,0.00013160592379658556,5.069588541349865e-05,0.00024156031961580576
validation,mathematical,layer_scan.layer_12.named_concept.rescue,layer_source_scan,rescue,named_concept,,0.02153759792769305,0.007064904176336895,0.042070099257216324
validation,mathematical,layer_scan.layer_12.trigger_other.rescue,layer_source_scan,rescue,trigger_other,,0.011225759026796274,0.0035801447516899967,0.02321599963343263
validation,mathematical,layer_scan.layer_12.original_prompt.rescue,layer_source_scan,rescue,original_prompt,,0.0033725427498267,0.0018978926560178568,0.005245783791909829
validation,mathematical,layer_scan.layer_12.template.rescue,layer_source_scan,rescue,template,,0.0008756812646010133,0.00039084183185123726,0.001408059381007895
validation,mathematical,layer_scan.layer_12.response.rescue,layer_source_scan,rescue,response,,0.015225188323502526,0.005992526091223648,0.027272889384557353
validation,mathematical,layer_scan.layer_12.trigger_instruction.rescue,layer_source_scan,rescue,trigger_instruction,,0.04055053647188002,0.014501902199010305,0.07697218322750404
validation,mathematical,individual.layer_11.head_08.monitoring_language.rescue,individual_selected_head,rescue,monitoring_language,,1.900738607604933e-06,-5.155925031217462e-05,5.557226988902969e-05
validation,mathematical,individual.layer_11.head_08.named_concept.rescue,individual_selected_head,rescue,named_concept,,0.0002455065064208525,6.214251762528274e-05,0.000586856248871305
validation,mathematical,individual.layer_11.head_08.trigger_other.rescue,individual_selected_head,rescue,trigger_other,,0.01746519390015988,0.006965234247424156,0.033436169114410115
validation,mathematical,individual.layer_11.head_08.original_prompt.rescue,individual_selected_head,rescue,original_prompt,,0.006001875162055766,0.002929172649546581,0.01050636922837084
validation,mathematical,individual.layer_11.head_08.template.rescue,individual_selected_head,rescue,template,,0.0005298579800551561,0.00025488174851938795,0.0009178558073212638
validation,mathematical,individual.layer_11.head_08.response.rescue,individual_selected_head,rescue,response,,0.008113837707588572,0.0019721810014098483,0.016436138818327187
validation,mathematical,individual.layer_10.head_12.monitoring_language.rescue,individual_selected_head,rescue,monitoring_language,,5.569106312347593e-05,-3.983252369605657e-06,0.00017665579843321948
validation,mathematical,individual.layer_10.head_12.named_concept.rescue,individual_selected_head,rescue,named_concept,,-0.0025683910496696704,-0.004331109112260108,-0.0011961816053095997
validation,mathematical,individual.layer_10.head_12.trigger_other.rescue,individual_selected_head,rescue,trigger_other,,0.0014695037885564745,0.0003854871377345609,0.003023246894138085
validation,mathematical,individual.layer_10.head_12.original_prompt.rescue,individual_selected_head,rescue,original_prompt,,0.0008601371770363413,0.00017020038128577286,0.001904125902219873
validation,mathematical,individual.layer_10.head_12.template.rescue,individual_selected_head,rescue,template,,-0.0013993879708546217,-0.0025461976420093086,-0.0006056545418588992
validation,mathematical,individual.layer_10.head_12.response.rescue,individual_selected_head,rescue,response,,0.002712261596322204,0.00035327064820706196,0.005227309263718028
validation,mathematical,individual.layer_11.head_09.monitoring_language.rescue,individual_selected_head,rescue,monitoring_language,,1.1801053486136521e-05,-1.697286019207915e-05,5.7179749788852787e-05
validation,mathematical,individual.layer_11.head_09.named_concept.rescue,individual_selected_head,rescue,named_concept,,0.0003857809196963549,0.00011663217768480191,0.0007680598759336523
validation,mathematical,individual.layer_11.head_09.trigger_other.rescue,individual_selected_head,rescue,trigger_other,,0.029094986023469823,0.014038155904933633,0.047965928024749145
validation,mathematical,individual.layer_11.head_09.original_prompt.rescue,individual_selected_head,rescue,original_prompt,,0.0029824509301999962,0.001177904405930437,0.0058563877348804935
validation,mathematical,individual.layer_11.head_09.template.rescue,individual_selected_head,rescue,template,,0.0004470901235133521,0.00011870500239403069,0.0007709188209042856
validation,mathematical,individual.layer_11.head_09.response.rescue,individual_selected_head,rescue,response,,0.005318343378392746,0.001271116329380642,0.011326986236653893
validation,mathematical,individual.layer_10.head_02.monitoring_language.rescue,individual_selected_head,rescue,monitoring_language,,-8.44425409902196e-06,-5.024559790298984e-05,6.347278502186719e-05
validation,mathematical,individual.layer_10.head_02.named_concept.rescue,individual_selected_head,rescue,named_concept,,6.422348689010252e-05,-1.4209601838248195e-05,0.00017201341254078996
validation,mathematical,individual.layer_10.head_02.trigger_other.rescue,individual_selected_head,rescue,trigger_other,,0.0002611882317080592,5.204755571288209e-05,0.0005919212855251294
validation,mathematical,individual.layer_10.head_02.original_prompt.rescue,individual_selected_head,rescue,original_prompt,,0.00098975320091172,0.0004092337380398007,0.0016333613717253142
validation,mathematical,individual.layer_10.head_02.template.rescue,individual_selected_head,rescue,template,,-0.00011034525296663225,-0.00041746796031113045,5.3220099615240585e-05
validation,mathematical,individual.layer_10.head_02.response.rescue,individual_selected_head,rescue,response,,-1.7986726436273992e-05,-0.00013083401089133108,0.00011928900216080677
validation,mathematical,individual.layer_09.head_11.monitoring_language.rescue,individual_selected_head,rescue,monitoring_language,,4.130676267500835e-06,-5.658830809151487e-05,0.00010263056203073582
validation,mathematical,individual.layer_09.head_11.named_concept.rescue,individual_selected_head,rescue,named_concept,,0.00012085448418542407,-3.942204441753799e-05,0.0004235740298126962
validation,mathematical,individual.layer_09.head_11.trigger_other.rescue,individual_selected_head,rescue,trigger_other,,0.0007336336877469574,0.00023480215002549357,0.0014874652200865233
validation,mathematical,individual.layer_09.head_11.original_prompt.rescue,individual_selected_head,rescue,original_prompt,,0.0018081296561867995,0.0003813570364994944,0.004493257867383655
validation,mathematical,individual.layer_09.head_11.template.rescue,individual_selected_head,rescue,template,,0.0002353581383793041,8.263301481642922e-05,0.0004738114390766033
validation,mathematical,individual.layer_09.head_11.response.rescue,individual_selected_head,rescue,response,,0.0024692530324589364,0.0007990233837239774,0.004561900251154761
validation,mathematical,individual.layer_12.head_12.monitoring_language.rescue,individual_selected_head,rescue,monitoring_language,,3.658391380426932e-05,1.958691380590199e-05,6.134172554279846e-05
validation,mathematical,individual.layer_12.head_12.named_concept.rescue,individual_selected_head,rescue,named_concept,,0.02022635575867706,0.006869888764426209,0.03928157282412402
validation,mathematical,individual.layer_12.head_12.trigger_other.rescue,individual_selected_head,rescue,trigger_other,,0.0033532536768800785,0.0005804623987638776,0.008526221763266156
validation,mathematical,individual.layer_12.head_12.original_prompt.rescue,individual_selected_head,rescue,original_prompt,,0.0005297633989620487,0.00019941288856994166,0.0010950005364870803
validation,mathematical,individual.layer_12.head_12.template.rescue,individual_selected_head,rescue,template,,4.7663451146591237e-05,1.1902850800300923e-06,9.779422055273294e-05
validation,mathematical,individual.layer_12.head_12.response.rescue,individual_selected_head,rescue,response,,0.006295323114097626,0.0021296450494753447,0.012585340773399682
validation,mathematical,individual.layer_12.head_03.monitoring_language.rescue,individual_selected_head,rescue,monitoring_language,,3.0329958944038123e-05,1.079738127167816e-05,5.860674993948399e-05
validation,mathematical,individual.layer_12.head_03.named_concept.rescue,individual_selected_head,rescue,named_concept,,7.810095112865878e-05,9.542975978624655e-06,0.00018659273750179126
validation,mathematical,individual.layer_12.head_03.trigger_other.rescue,individual_selected_head,rescue,trigger_other,,0.0053591337311326625,0.0014483176990697465,0.01050247949181546
validation,mathematical,individual.layer_12.head_03.original_prompt.rescue,individual_selected_head,rescue,original_prompt,,0.0008266520061700504,0.00040448656435642776,0.001321824964353103
validation,mathematical,individual.layer_12.head_03.template.rescue,individual_selected_head,rescue,template,,5.2359891159183324e-05,-4.983577920614176e-06,0.00010424617085167423
validation,mathematical,individual.layer_12.head_03.response.rescue,individual_selected_head,rescue,response,,0.005447539108878007,0.0018395866266668116,0.010666988769823173
validation,mathematical,individual.layer_09.head_04.monitoring_language.rescue,individual_selected_head,rescue,monitoring_language,,1.9025980580946355e-05,-4.678747536807521e-05,0.00010963660007987445
validation,mathematical,individual.layer_09.head_04.named_concept.rescue,individual_selected_head,rescue,named_concept,,-0.00048820973928272074,-0.0027552079690217413,0.0024537261289825723
validation,mathematical,individual.layer_09.head_04.trigger_other.rescue,individual_selected_head,rescue,trigger_other,,0.00028219089178684856,2.8144233712759002e-05,0.0007954972152505477
validation,mathematical,individual.layer_09.head_04.original_prompt.rescue,individual_selected_head,rescue,original_prompt,,0.0001523349078593334,-0.0003299608929432866,0.0008161153933827344
validation,mathematical,individual.layer_09.head_04.template.rescue,individual_selected_head,rescue,template,,-9.406162597790138e-05,-0.00019679458256497228,4.25597828303715e-05
validation,mathematical,individual.layer_09.head_04.response.rescue,individual_selected_head,rescue,response,,0.0012941298504291928,0.00017473683697226275,0.0028060249066612715
validation,mathematical,individual.layer_11.head_14.monitoring_language.rescue,individual_selected_head,rescue,monitoring_language,,7.436933697338151e-06,-2.125633416221433e-05,4.281995246561633e-05
validation,mathematical,individual.layer_11.head_14.named_concept.rescue,individual_selected_head,rescue,named_concept,,0.0008238574243653827,0.0003154013182545306,0.001394581415618354
validation,mathematical,individual.layer_11.head_14.trigger_other.rescue,individual_selected_head,rescue,trigger_other,,0.00012153723473940298,-1.1680958518334028e-05,0.0003125801951197078
validation,mathematical,individual.layer_11.head_14.original_prompt.rescue,individual_selected_head,rescue,original_prompt,,0.000508645776494541,-8.443848100153246e-05,0.0012744296789137337
validation,mathematical,individual.layer_11.head_14.template.rescue,individual_selected_head,rescue,template,,0.0005662688904761883,0.00019361945663248756,0.0011221700901497184
validation,mathematical,individual.layer_11.head_14.response.rescue,individual_selected_head,rescue,response,,0.0012780464719547376,0.0001748384157660208,0.0030626973765849126
validation,mathematical,individual.layer_12.head_02.monitoring_language.rescue,individual_selected_head,rescue,monitoring_language,,-8.89749572711162e-06,-3.35753290849758e-05,1.6652462556459514e-05
validation,mathematical,individual.layer_12.head_02.named_concept.rescue,individual_selected_head,rescue,named_concept,,-9.584969623499362e-05,-0.00016830232866605152,-3.079505022991427e-05
validation,mathematical,individual.layer_12.head_02.trigger_other.rescue,individual_selected_head,rescue,trigger_other,,0.00010909052831313716,1.6570878586575196e-05,0.00021612798343026565
validation,mathematical,individual.layer_12.head_02.original_prompt.rescue,individual_selected_head,rescue,original_prompt,,0.00048269997590012054,0.00019525845316019653,0.0008314828329582201
validation,mathematical,individual.layer_12.head_02.template.rescue,individual_selected_head,rescue,template,,0.00016463387274140632,2.4364373152493323e-05,0.00040629268297800433
validation,mathematical,individual.layer_12.head_02.response.rescue,individual_selected_head,rescue,response,,0.0008627724282910608,0.00015078211214568957,0.0019267306061294886
validation,mathematical,individual.layer_09.head_13.monitoring_language.rescue,individual_selected_head,rescue,monitoring_language,,-2.6285852915114153e-05,-7.783867251630645e-05,1.4271220430293977e-05
validation,mathematical,individual.layer_09.head_13.named_concept.rescue,individual_selected_head,rescue,named_concept,,0.00016832757585892843,1.2391639612688972e-05,0.0004624546293854033
validation,mathematical,individual.layer_09.head_13.trigger_other.rescue,individual_selected_head,rescue,trigger_other,,-1.7431331561079857e-05,-4.875303946371512e-05,1.0780640906633974e-05
validation,mathematical,individual.layer_09.head_13.original_prompt.rescue,individual_selected_head,rescue,original_prompt,,0.0013102301828513423,0.0005454005030163205,0.002079795676034326
validation,mathematical,individual.layer_09.head_13.template.rescue,individual_selected_head,rescue,template,,-3.1384457932243655e-05,-0.00014761531589422007,5.2053165727609565e-05
validation,mathematical,individual.layer_09.head_13.response.rescue,individual_selected_head,rescue,response,,4.218935046151292e-05,-0.000771544777218978,0.00059322463086177
validation,mathematical,individual.layer_11.head_15.monitoring_language.rescue,individual_selected_head,rescue,monitoring_language,,2.638121087374926e-05,-1.4811194941581636e-05,9.801697411981231e-05
validation,mathematical,individual.layer_11.head_15.named_concept.rescue,individual_selected_head,rescue,named_concept,,-0.00023847140870265177,-0.00038105237540739907,-0.00010182938054277672
validation,mathematical,individual.layer_11.head_15.trigger_other.rescue,individual_selected_head,rescue,trigger_other,,-0.0007752876750393996,-0.0016070483258898301,-0.00019449507185995238
validation,mathematical,individual.layer_11.head_15.original_prompt.rescue,individual_selected_head,rescue,original_prompt,,0.0007597816653100814,0.00015123147880539227,0.0016735121109760797
validation,mathematical,individual.layer_11.head_15.template.rescue,individual_selected_head,rescue,template,,0.00014564121055200683,9.82428832696083e-06,0.0003376911516532847
validation,mathematical,individual.layer_11.head_15.response.rescue,individual_selected_head,rescue,response,,-0.0004055254186341381,-0.0009315370308498599,9.142202336481097e-05
validation,mathematical,group.selected_attention_12.monitoring_language.rescue,selected_random_source_group,rescue,monitoring_language,,6.57086389987285e-05,-9.66644806896441e-05,0.00019802546630039795
validation,mathematical,group.selected_attention_12.monitoring_language.induction,selected_random_source_group,induction,monitoring_language,,0.007564863086745378,0.004468952060480644,0.011213567667986729
validation,mathematical,group.selected_attention_12.named_concept.rescue,selected_random_source_group,rescue,named_concept,,0.019592956483029975,0.004730908441819487,0.04393202446236727
validation,mathematical,group.selected_attention_12.named_concept.induction,selected_random_source_group,induction,named_concept,,0.21074898468136327,0.1836122884821807,0.24802067502737865
validation,mathematical,group.selected_attention_12.trigger_other.rescue,selected_random_source_group,rescue,trigger_other,,0.09582501295969656,0.051671940038314025,0.15226619007105707
validation,mathematical,group.selected_attention_12.trigger_other.induction,selected_random_source_group,induction,trigger_other,,0.6178978083144849,0.5564514998817056,0.6956192618568462
validation,mathematical,group.selected_attention_12.original_prompt.rescue,selected_random_source_group,rescue,original_prompt,,0.02207068975217126,0.011563229042484137,0.03690589298336178
validation,mathematical,group.selected_attention_12.original_prompt.induction,selected_random_source_group,induction,original_prompt,,0.27330880380740147,0.19341896304483167,0.3954117742606455
validation,mathematical,group.selected_attention_12.template.rescue,selected_random_source_group,rescue,template,,0.0004212797442898134,-0.00024107508594495945,0.0010680947172714754
validation,mathematical,group.selected_attention_12.template.induction,selected_random_source_group,induction,template,,0.07809547548795204,0.037024332419117685,0.12535964534695437
validation,mathematical,group.selected_attention_12.response.rescue,selected_random_source_group,rescue,response,,0.043064978309754205,0.013643544096799048,0.07850315179484194
validation,mathematical,group.selected_attention_12.response.induction,selected_random_source_group,induction,response,,0.22474371419397074,0.1696171463071825,0.2766107605416283
validation,mathematical,group.selected_attention_12.trigger_instruction.rescue,selected_random_source_group,rescue,trigger_instruction,,0.15351717365270057,0.08270373002199749,0.24237307367634392
validation,mathematical,group.selected_attention_12.trigger_instruction.induction,selected_random_source_group,induction,trigger_instruction,,0.7511512083158507,0.6836464753626996,0.8181771642049985
validation,mathematical,group.selected_attention_12.all_prompt.rescue,selected_random_source_group,rescue,all_prompt,,0.30605729257018427,0.21970334876521364,0.402767450809316
validation,mathematical,group.selected_attention_12.all_prompt.induction,selected_random_source_group,induction,all_prompt,,0.8803803175139819,0.818894729911994,0.940728821015029
validation,mathematical,group.random_attention_12.monitoring_language.rescue,selected_random_source_group,rescue,monitoring_language,,8.296169820037413e-06,-3.7255883330492744e-05,7.038637418007683e-05
validation,mathematical,group.random_attention_12.monitoring_language.induction,selected_random_source_group,induction,monitoring_language,,0.0005792016908027739,-0.0001095038888993147,0.0015643758971335454
validation,mathematical,group.random_attention_12.named_concept.rescue,selected_random_source_group,rescue,named_concept,,-0.0008586454992572821,-0.0014658827621578828,-0.00044983162743189115
validation,mathematical,group.random_attention_12.named_concept.induction,selected_random_source_group,induction,named_concept,,0.007088745492462049,0.0018830284314857778,0.012579655670642838
validation,mathematical,group.random_attention_12.trigger_other.rescue,selected_random_source_group,rescue,trigger_other,,0.00034453420872664314,0.00013976883702055803,0.0006158959171627348
validation,mathematical,group.random_attention_12.trigger_other.induction,selected_random_source_group,induction,trigger_other,,0.010132634631854624,0.0063755772224367395,0.014651963459121438
validation,mathematical,group.random_attention_12.original_prompt.rescue,selected_random_source_group,rescue,original_prompt,,-0.002348054728155009,-0.005707203130552256,-0.0004980085597778359
validation,mathematical,group.random_attention_12.original_prompt.induction,selected_random_source_group,induction,original_prompt,,0.0006757438849692214,-0.006633370908365878,0.006961306006641309
validation,mathematical,group.random_attention_12.template.rescue,selected_random_source_group,rescue,template,,-0.0012615084260754594,-0.002771707347545175,-0.0004179798025278515
validation,mathematical,group.random_attention_12.template.induction,selected_random_source_group,induction,template,,-0.0022073585842881625,-0.0038402096805247605,-0.0005669740098998006
validation,mathematical,group.random_attention_12.response.rescue,selected_random_source_group,rescue,response,,-0.009822843069665695,-0.02375883559033342,-0.0020754544744114914
validation,mathematical,group.random_attention_12.response.induction,selected_random_source_group,induction,response,,-0.05451992876206831,-0.07094453397690433,-0.04006851248320691
validation,mathematical,group.random_attention_12.trigger_instruction.rescue,selected_random_source_group,rescue,trigger_instruction,,-0.0005007773145606144,-0.0010885972165659062,-0.00014238270466474656
validation,mathematical,group.random_attention_12.trigger_instruction.induction,selected_random_source_group,induction,trigger_instruction,,0.017929590188488397,0.010007436915587056,0.027205429207409912
validation,mathematical,group.random_attention_12.all_prompt.rescue,selected_random_source_group,rescue,all_prompt,,-0.004010862767128332,-0.008955811036378183,-0.0013189253369304415
validation,mathematical,group.random_attention_12.all_prompt.induction,selected_random_source_group,induction,all_prompt,,0.013664246456972184,0.0005818885540960171,0.025181918717775986
validation,mathematical,direct.selected_attention_12.rescue,direct_response_output,rescue,,selected_attention_12,0.49416560604165966,0.38910534782610434,0.5838407194415872
validation,mathematical,direct.selected_attention_12.induction,direct_response_output,induction,,selected_attention_12,0.9287987174774236,0.8714167947619504,0.9677134125757072
validation,mathematical,direct.random_attention_12.rescue,direct_response_output,rescue,,random_attention_12,-0.01214005387149819,-0.02910740234814012,-0.002836734133553027
validation,mathematical,direct.random_attention_12.induction,direct_response_output,induction,,random_attention_12,-0.05018600736318216,-0.07487640953780901,-0.03080860654396422
validation,mathematical,direct.random_attention_16.rescue,direct_response_output,rescue,,random_attention_16,-0.009993055961066604,-0.023843466547867564,-0.002253663390055007
validation,mathematical,direct.random_attention_16.induction,direct_response_output,induction,,random_attention_16,0.015838628799571094,-0.0012148168320001743,0.0323826862645743
validation,mathematical,direct.selected_mlp_4.rescue,direct_response_output,rescue,,selected_mlp_4,0.09853909910239728,0.06697085736049312,0.1385880803441676
validation,mathematical,direct.selected_mlp_4.induction,direct_response_output,induction,,selected_mlp_4,0.5038234328288128,0.419682875778573,0.6122272760643853
validation,mathematical,direct.layer_09.mlp.rescue,direct_response_output,rescue,,layer_09.mlp,-0.003167153300502238,-0.012042864200473494,0.001989507440153204
validation,mathematical,direct.layer_09.mlp.induction,direct_response_output,induction,,layer_09.mlp,0.14043095135032255,0.08099836399935259,0.20221367727322087
validation,mathematical,direct.layer_10.mlp.rescue,direct_response_output,rescue,,layer_10.mlp,-0.012346963052586857,-0.03043270271591647,-0.0027259631721231236
validation,mathematical,direct.layer_10.mlp.induction,direct_response_output,induction,,layer_10.mlp,-0.15218096605082784,-0.20372411170869467,-0.11451298095406882
validation,mathematical,direct.layer_11.mlp.rescue,direct_response_output,rescue,,layer_11.mlp,0.024693192442508883,0.012272862662826905,0.03877247606766989
validation,mathematical,direct.layer_11.mlp.induction,direct_response_output,induction,,layer_11.mlp,0.14607887794557955,0.11269948074246842,0.19488641384299668
validation,mathematical,direct.layer_12.mlp.rescue,direct_response_output,rescue,,layer_12.mlp,0.0209156024165012,0.011693075262939391,0.03289969244377709
validation,mathematical,direct.layer_12.mlp.induction,direct_response_output,induction,,layer_12.mlp,0.18900540926740902,0.14366566597351085,0.25212764827455647
validation,mathematical,direct.selected_k16.rescue,direct_response_output,rescue,,selected_k16,0.616729400723661,0.5407998077675231,0.6776260774884736
validation,mathematical,direct.selected_k16.induction,direct_response_output,induction,,selected_k16,0.9469579363204884,0.9263116500426172,0.9662466581641665
validation,mathematical,direct.resid_post_layer12_positive_control.rescue,direct_response_output,rescue,,resid_post_layer12_positive_control,1.0,1.0,1.0
validation,mathematical,direct.resid_post_layer12_positive_control.induction,direct_response_output,induction,,resid_post_layer12_positive_control,1.0,1.0,1.0
