scope,concept,split,grid,direction,layer,component_type,label,fraction,ci_low,ci_high,patched_mean,destination_mean,numerator,positive_denominator
concept,HTML,discovery,correct,rescue,12,attn_out,1,0.3160400148312372,0.29890800433721637,0.33328282006520077,0.5200002971105278,0.31975554022938013,0.20024475688114762,0.6336057065054774
concept,HTML,discovery,correct,rescue,12,attn_out,0,0.04127586055808383,0.03451863248180577,0.04846600473864052,0.1337428216356784,0.10759020084515214,0.02615262079052627,0.6336057065054774
concept,HTML,discovery,correct,induction,12,attn_out,1,0.08014811399756594,0.06943646397399665,0.09134466268984207,0.9025789443403482,0.9533612467348576,0.050782302394509315,0.6336057065054774
concept,HTML,discovery,correct,induction,12,attn_out,0,0.07392545905995383,0.06082369256996959,0.08907640345349024,0.13856997727998532,0.18540956999640912,0.046839592716423795,0.6336057065054774
concept,HTML,discovery,irrelevant,rescue,12,attn_out,1,0.22180926251253572,0.21295151930869333,0.23060846249974157,0.7582667618989944,0.6177271474152803,0.1405396144837141,0.6336057065054774
concept,HTML,discovery,correct,rescue,12,mlp_out,1,0.1614955654679794,0.14009662848994886,0.1827767276068672,0.4220800520852208,0.31975554022938013,0.10232451185584068,0.6336057065054774
concept,HTML,discovery,correct,rescue,12,mlp_out,0,-0.07076060376257222,-0.07932596981821638,-0.0628121688211149,0.06275587850541342,0.10759020084515214,-0.04483432233973872,0.6336057065054774
concept,HTML,discovery,correct,induction,12,mlp_out,1,-0.01353981194041417,-0.01981464689251754,-0.00792560937228022,0.961940148845315,0.9533612467348576,-0.00857890211045742,0.6336057065054774
concept,HTML,discovery,correct,induction,12,mlp_out,0,-0.1466770969801172,-0.16430176809353345,-0.12984893802172348,0.2783450156566687,0.18540956999640912,-0.09293544566025957,0.6336057065054774
concept,HTML,discovery,irrelevant,rescue,12,mlp_out,1,0.3417331395719665,0.3295581254925961,0.35396749929401017,0.8342512147501111,0.6177271474152803,0.21652406733483076,0.6336057065054774
concept,HTML,discovery,correct,rescue,12,block_output,1,1.0,1.0,1.0,0.9533612467348576,0.31975554022938013,0.6336057065054774,0.6336057065054774
concept,HTML,discovery,correct,rescue,12,block_output,0,0.1228198678645964,0.09056651419260729,0.160238896734643,0.18540956999640912,0.10759020084515214,0.07781936915125698,0.6336057065054774
concept,HTML,discovery,correct,induction,12,block_output,1,1.0,1.0,1.0,0.31975554022938013,0.9533612467348576,0.6336057065054774,0.6336057065054774
concept,HTML,discovery,correct,induction,12,block_output,0,0.1228198678645964,0.09056651419260729,0.160238896734643,0.10759020084515214,0.18540956999640912,0.07781936915125698,0.6336057065054774
concept,HTML,discovery,irrelevant,rescue,12,block_output,1,0.5297207646229993,0.5126023034083202,0.5473669912780892,0.9533612467348576,0.6177271474152803,0.3356340993195772,0.6336057065054774
concept,HTML,discovery,correct,rescue,11,attn_out,1,0.7152229787453098,0.6965148861496983,0.7332033283333983,0.7729249009862542,0.31975554022938013,0.4531693607568741,0.6336057065054774
concept,HTML,discovery,correct,rescue,11,attn_out,0,0.08384181863644852,0.06876097379369717,0.10066748235874909,0.1607128555770032,0.10759020084515214,0.05312265473185107,0.6336057065054774
concept,HTML,discovery,correct,induction,11,attn_out,1,0.29603860439588203,0.27205174570402557,0.32077731564594497,0.7657894976437092,0.9533612467348576,0.18757174909114838,0.6336057065054774
concept,HTML,discovery,correct,induction,11,attn_out,0,0.09813630410981175,0.07431512803748778,0.12570437655131744,0.12322984769707546,0.18540956999640912,0.06217972229933366,0.6336057065054774
concept,HTML,discovery,irrelevant,rescue,11,attn_out,1,0.3645635601626106,0.353682274903509,0.374868024800012,0.8487166995182633,0.6177271474152803,0.230989552102983,0.6336057065054774
concept,HTML,discovery,correct,rescue,11,mlp_out,1,0.3371876296188232,0.3189012923478851,0.35494357649682806,0.5333995465189219,0.31975554022938013,0.21364400628954172,0.6336057065054774
concept,HTML,discovery,correct,rescue,11,mlp_out,0,0.036231391928043304,0.02640976810921661,0.04768193277742167,0.13054661752539687,0.10759020084515214,0.02295641668024473,0.6336057065054774
concept,HTML,discovery,correct,induction,11,mlp_out,1,0.08497778648833533,0.07607275515193818,0.09422805606259883,0.8995188362896442,0.9533612467348576,0.05384241044521332,0.6336057065054774
concept,HTML,discovery,correct,induction,11,mlp_out,0,0.08194944950284469,0.06131006957898671,0.10678798211530202,0.13348593114642426,0.18540956999640912,0.051923638849984854,0.6336057065054774
concept,HTML,discovery,irrelevant,rescue,11,mlp_out,1,0.17508612785808744,0.1669676091913903,0.1828023620499041,0.7286627171561122,0.6177271474152803,0.11093556974083185,0.6336057065054774
concept,HTML,discovery,correct,rescue,11,block_output,1,0.9716165200890681,0.966065608440315,0.9766516796685262,0.9353773118928075,0.31975554022938013,0.6156217716634274,0.6336057065054774
concept,HTML,discovery,correct,rescue,11,block_output,0,0.09995041670628782,0.07360344738228576,0.13056202733974984,0.1709193552378565,0.10759020084515214,0.06332915439270437,0.6336057065054774
concept,HTML,discovery,correct,induction,11,block_output,1,0.9191289445457037,0.9130671151096245,0.9249051987819737,0.3709959024563432,0.9533612467348576,0.5823653442785144,0.6336057065054774
concept,HTML,discovery,correct,induction,11,block_output,0,0.11662668740964215,0.08619831676481808,0.15205442096931684,0.11151423532282934,0.18540956999640912,0.07389533467357978,0.6336057065054774
concept,HTML,discovery,irrelevant,rescue,11,block_output,1,0.5039705241294106,0.48858288015175483,0.5189461334005346,0.9370457474142313,0.6177271474152803,0.31931859999895096,0.6336057065054774
concept,HTML,discovery,correct,rescue,10,attn_out,1,0.19435409823889208,0.1860792224885605,0.20274696255128985,0.4428994059562683,0.31975554022938013,0.12314386572688818,0.6336057065054774
concept,HTML,discovery,correct,rescue,10,attn_out,0,0.01505054307942008,0.009314391689464548,0.020773140018616795,0.11712631082627922,0.10759020084515214,0.009536109981127083,0.6336057065054774
concept,HTML,discovery,correct,induction,10,attn_out,1,0.05019031036467128,0.04155423229038653,0.05959775190618685,0.9215603796765208,0.9533612467348576,0.031800867058336735,0.6336057065054774
concept,HTML,discovery,correct,induction,10,attn_out,0,0.0389728815533554,0.028473218182103553,0.05159214916708505,0.16071612984524108,0.18540956999640912,0.024693440151168033,0.6336057065054774
concept,HTML,discovery,irrelevant,rescue,10,attn_out,1,0.1496192003131097,0.1409475670991667,0.1581985184206295,0.7125267265364528,0.6177271474152803,0.09479957912117243,0.6336057065054774
concept,HTML,discovery,correct,rescue,10,mlp_out,1,0.11481351241107782,0.10612505135901318,0.12454628741158548,0.3925020368769765,0.31975554022938013,0.07274649664759636,0.6336057065054774
concept,HTML,discovery,correct,rescue,10,mlp_out,0,-0.00197915036128839,-0.005150690722162825,0.0013573004718847555,0.10633619988220744,0.10759020084515214,-0.0012540009629447013,0.6336057065054774
concept,HTML,discovery,correct,induction,10,mlp_out,1,0.0180005393773139,0.014424788170591592,0.02197340128797523,0.9419560022652149,0.9533612467348576,0.01140524446964264,0.6336057065054774
concept,HTML,discovery,correct,induction,10,mlp_out,0,-0.004414634936149498,-0.00963391766567561,0.0014873598274561873,0.18820670788409188,0.18540956999640912,-0.0027971378876827657,0.6336057065054774
concept,HTML,discovery,irrelevant,rescue,10,mlp_out,1,0.05456965070163331,0.04950309367271327,0.05960547524164177,0.6523027895018458,0.6177271474152803,0.034575642086565495,0.6336057065054774
concept,HTML,discovery,correct,rescue,10,block_output,1,0.6139171835062311,0.587986675173306,0.639570103987192,0.7087369710206985,0.31975554022938013,0.3889814307913184,0.6336057065054774
concept,HTML,discovery,correct,rescue,10,block_output,0,0.021572622978513364,0.01136515919710402,0.03206139243481917,0.1212587378686294,0.10759020084515214,0.013668537023477256,0.6336057065054774
concept,HTML,discovery,correct,induction,10,block_output,1,0.4450013972432074,0.41913484449238214,0.4707135569684672,0.6714058220386505,0.9533612467348576,0.28195542469620705,0.6336057065054774
concept,HTML,discovery,correct,induction,10,block_output,0,0.0477074222045413,0.029176776229826826,0.06931848060492721,0.15518187504494563,0.18540956999640912,0.03022769495146349,0.6336057065054774
concept,HTML,discovery,irrelevant,rescue,10,block_output,1,0.39030985844557925,0.3798892130133551,0.40021067763528145,0.8650297010317445,0.6177271474152803,0.24730255361646414,0.6336057065054774
concept,HTML,discovery,correct,rescue,9,attn_out,1,0.11552899644589135,0.1099744458397814,0.12132856630707141,0.3929553716443479,0.31975554022938013,0.07319983141496778,0.6336057065054774
concept,HTML,discovery,correct,rescue,9,attn_out,0,0.0062425407223632365,0.003981587512820828,0.008856280629807952,0.11154551026993431,0.10759020084515214,0.003955309424782172,0.6336057065054774
concept,HTML,discovery,correct,induction,9,attn_out,1,0.01822053295639058,0.01348521407377104,0.024130052300947738,0.9418166130781174,0.9533612467348576,0.011544633656740189,0.6336057065054774
concept,HTML,discovery,correct,induction,9,attn_out,0,0.0016506946822593454,-0.002261031399478716,0.005789998892911939,0.18436368042603135,0.18540956999640912,0.001045889570377767,0.6336057065054774
concept,HTML,discovery,irrelevant,rescue,9,attn_out,1,0.13740686973885297,0.13203857973455335,0.14265051523617311,0.7047889241948724,0.6177271474152803,0.08706177677959204,0.6336057065054774
concept,HTML,discovery,correct,rescue,9,mlp_out,1,0.062409876041920054,0.05534102322437436,0.07007313693761799,0.35929879383184016,0.31975554022938013,0.03954325360246003,0.6336057065054774
concept,HTML,discovery,correct,rescue,9,mlp_out,0,-0.005572473550063422,-0.008164833358011813,-0.003354292953010506,0.10405944980448112,0.10759020084515214,-0.0035307510406710207,0.6336057065054774
concept,HTML,discovery,correct,induction,9,mlp_out,1,0.006665651990844952,0.005130867654373875,0.008427256401310973,0.9491378515958786,0.9533612467348576,0.004223395138978958,0.6336057065054774
concept,HTML,discovery,correct,induction,9,mlp_out,0,0.004561977171022829,0.0016630071282122054,0.007614018196986858,0.18251907522790134,0.18540956999640912,0.0028904947685077786,0.6336057065054774
concept,HTML,discovery,irrelevant,rescue,9,mlp_out,1,-0.00017460303655137579,-0.0035516089812816145,0.003393993037006446,0.6176165179349482,0.6177271474152803,-0.00011062948033213615,0.6336057065054774
concept,HTML,discovery,correct,rescue,9,block_output,1,0.3350385111571623,0.31213677372976195,0.3579554616198933,0.5320378527976573,0.31975554022938013,0.21228231256827712,0.6336057065054774
concept,HTML,discovery,correct,rescue,9,block_output,0,-0.0088169402668383,-0.014572074240767818,-0.003345937517875562,0.10200373717816547,0.10759020084515214,-0.005586463666986674,0.6336057065054774
concept,HTML,discovery,correct,induction,9,block_output,1,0.1627847433044768,0.14270458740627304,0.18397398452155078,0.8502199044451118,0.9533612467348576,0.10314134228974581,0.6336057065054774
concept,HTML,discovery,correct,induction,9,block_output,0,-0.01045116332158655,-0.018047843387304065,-0.0017548855212609013,0.1920314867165871,0.18540956999640912,-0.006621916720177978,0.6336057065054774
concept,HTML,discovery,irrelevant,rescue,9,block_output,1,0.24282193008024397,0.2340694767584459,0.2514605191312756,0.771580507978797,0.6177271474152803,0.15385336056351662,0.6336057065054774
concept,HTML,discovery,random,rescue,5,attn_out,1,0.006858175770080822,0.005780269740851592,0.008095598857662437,0.32410091953352094,0.31975554022938013,0.004345379304140806,0.6336057065054774
concept,HTML,discovery,random,rescue,5,mlp_out,1,0.011438739354419972,0.009179869008316792,0.014092672366348787,0.3270031907595694,0.31975554022938013,0.007247650530189276,0.6336057065054774
concept,HTML,discovery,random,rescue,5,block_output,1,0.036323770448062384,0.03086150263938563,0.04245920539339213,0.3427704884670675,0.31975554022938013,0.02301494823768735,0.6336057065054774
concept,HTML,discovery,random,rescue,0,attn_out,1,-0.0014588358387167084,-0.0017745048473477565,-0.0011475698439436213,0.3188312135171145,0.31975554022938013,-0.0009243267122656107,0.6336057065054774
concept,HTML,discovery,random,rescue,0,mlp_out,1,0.00019825446292527076,2.0808843670596266e-05,0.0003857342729986879,0.31988115538842976,0.31975554022938013,0.00012561515904963017,0.6336057065054774
concept,HTML,discovery,random,rescue,0,block_output,1,-0.0014588358387167084,-0.0017745048473477565,-0.0011475698439436213,0.3188312135171145,0.31975554022938013,-0.0009243267122656107,0.6336057065054774
concept,HTML,discovery,random,rescue,8,attn_out,1,0.10685924187200578,0.09631820409600506,0.1179567185844749,0.38746216567233205,0.31975554022938013,0.06770662544295192,0.6336057065054774
concept,HTML,discovery,random,rescue,8,mlp_out,1,0.043767744825945205,0.03768301188345742,0.05019265019955898,0.3474870331119746,0.31975554022938013,0.027731492882594466,0.6336057065054774
concept,HTML,discovery,random,rescue,8,block_output,1,0.19863740488466972,0.17880453951597192,0.2193305845712896,0.44561333348974586,0.31975554022938013,0.12585779326036572,0.6336057065054774
concept,HTML,discovery,random,rescue,3,attn_out,1,0.0073152208530089195,0.006263441153003978,0.008528942994959623,0.32439050590619445,0.31975554022938013,0.004634965676814318,0.6336057065054774
concept,HTML,discovery,random,rescue,3,mlp_out,1,-0.0026929811058002797,-0.0033525562478550473,-0.0021286135004881194,0.31804925203323364,0.31975554022938013,-0.0017062881961464882,0.6336057065054774
concept,HTML,discovery,random,rescue,3,block_output,1,0.015550692862110423,0.01291222944754649,0.01846080947333269,0.3296085479669273,0.31975554022938013,0.00985300773754716,0.6336057065054774
concept,all-caps,validation,correct,rescue,12,attn_out,1,0.22525960291362926,0.20981914089097245,0.2404228118617985,0.5150082518812269,0.4031235739821568,0.11188467789907008,0.49669215630274266
concept,all-caps,validation,correct,rescue,12,attn_out,0,0.0038021499408796185,0.0012849931221176078,0.00663808986737485,0.07257456055958755,0.07068606250686571,0.0018884980527218431,0.49669215630274266
concept,all-caps,validation,correct,induction,12,attn_out,1,0.06573709200975414,0.05405912290042257,0.07843903270477666,0.8671646323055029,0.8998157302848995,0.03265109797939658,0.49669215630274266
concept,all-caps,validation,correct,induction,12,attn_out,0,0.0066927214654271495,0.003583053137121979,0.010066036937326646,0.08216663199709728,0.08549085425329395,0.003324222256196663,0.49669215630274266
concept,all-caps,validation,irrelevant,rescue,12,attn_out,1,0.2920877046571694,0.27438844177704375,0.309867754314752,0.5838996341917664,0.4388219623360783,0.1450776718556881,0.49669215630274266
concept,all-caps,validation,correct,rescue,12,mlp_out,1,0.08862372693736532,0.07294103846314581,0.10430499315515654,0.44714228401426226,0.4031235739821568,0.044018710032105446,0.49669215630274266
concept,all-caps,validation,correct,rescue,12,mlp_out,0,-0.004470813182548118,-0.010269795805247643,0.0005428808987775308,0.06846544466679916,0.07068606250686571,-0.002220617840066552,0.49669215630274266
concept,all-caps,validation,correct,induction,12,mlp_out,1,0.012657724934204997,0.005789603400920684,0.020994666389525015,0.8935287375934422,0.8998157302848995,0.006286992691457272,0.49669215630274266
concept,all-caps,validation,correct,induction,12,mlp_out,0,-0.0073910532699834755,-0.013689649980008598,-0.0021912568182734316,0.08916193243931048,0.08549085425329395,-0.00367107818601653,0.49669215630274266
concept,all-caps,validation,irrelevant,rescue,12,mlp_out,1,0.23562638509129924,0.2153069219387457,0.25629812244857,0.5558557396288961,0.4388219623360783,0.11703377729281783,0.49669215630274266
concept,all-caps,validation,correct,rescue,12,block_output,1,1.0,1.0,1.0,0.8998157302848995,0.4031235739821568,0.49669215630274266,0.49669215630274266
concept,all-caps,validation,correct,rescue,12,block_output,0,0.02980677580381288,0.01862072094647518,0.04213185301213809,0.08549085425329395,0.07068606250686571,0.014804791746428236,0.49669215630274266
concept,all-caps,validation,correct,induction,12,block_output,1,1.0,1.0,1.0,0.4031235739821568,0.8998157302848995,0.49669215630274266,0.49669215630274266
concept,all-caps,validation,correct,induction,12,block_output,0,0.02980677580381288,0.01862072094647518,0.04213185301213809,0.07068606250686571,0.08549085425329395,0.014804791746428236,0.49669215630274266
concept,all-caps,validation,irrelevant,rescue,12,block_output,1,0.9281277388802519,0.9022516127063298,0.9546658465502138,0.8998157302848995,0.4388219623360783,0.4609937679488212,0.49669215630274266
concept,all-caps,validation,correct,rescue,11,attn_out,1,0.4771869986332656,0.43804069179624,0.5147074802598409,0.6401386132929474,0.4031235739821568,0.2370150393107906,0.49669215630274266
concept,all-caps,validation,correct,rescue,11,attn_out,0,-0.0021820474175343885,-0.005701350652510451,0.0014180028679916692,0.06960225666989572,0.07068606250686571,-0.0010838058369699866,0.49669215630274266
concept,all-caps,validation,correct,induction,11,attn_out,1,0.11350738844132548,0.0979759486390531,0.1302906001025749,0.8434375007636845,0.8998157302848995,0.05637822952121496,0.49669215630274266
concept,all-caps,validation,correct,induction,11,attn_out,0,-0.0004978863927824961,-0.005729601525656213,0.004856065900953431,0.08573815051931888,0.08549085425329395,-0.00024729626602493227,0.49669215630274266
concept,all-caps,validation,irrelevant,rescue,11,attn_out,1,0.44917849452729247,0.41470693407521697,0.4832061005473662,0.6619253973476589,0.4388219623360783,0.2231034350115806,0.49669215630274266
concept,all-caps,validation,correct,rescue,11,mlp_out,1,0.31671694790694316,0.2825156402652424,0.348014092598815,0.5604343977756798,0.4031235739821568,0.157310823793523,0.49669215630274266
concept,all-caps,validation,correct,rescue,11,mlp_out,0,-0.018229698022968605,-0.023160619214462608,-0.013526212524083318,0.06163151448708959,0.07068606250686571,-0.00905454801977612,0.49669215630274266
concept,all-caps,validation,correct,induction,11,mlp_out,1,0.03562229724815088,0.02861712630873977,0.043171028936540415,0.8821224146522582,0.8998157302848995,0.017693315632641315,0.49669215630274266
concept,all-caps,validation,correct,induction,11,mlp_out,0,-0.01549437734823851,-0.020757159204194613,-0.010387465651115209,0.0931867899489589,0.08549085425329395,-0.007695935695664957,0.49669215630274266
concept,all-caps,validation,irrelevant,rescue,11,mlp_out,1,0.26487947278312757,0.23988112033601255,0.2887024134130066,0.5703855188330635,0.4388219623360783,0.13156355649698526,0.49669215630274266
concept,all-caps,validation,correct,rescue,11,block_output,1,0.9748265026588026,0.9640332397240077,0.9837308175550937,0.8873122516088188,0.4031235739821568,0.48418867762666196,0.49669215630274266
concept,all-caps,validation,correct,rescue,11,block_output,0,0.03374553133275346,0.022685751816536853,0.04589305883933361,0.08744720323011279,0.07068606250686571,0.01676114072324708,0.49669215630274266
concept,all-caps,validation,correct,induction,11,block_output,1,0.9205570407129127,0.9104046567774725,0.9297396754152396,0.44258226873353124,0.8998157302848995,0.45723346155136824,0.49669215630274266
concept,all-caps,validation,correct,induction,11,block_output,0,0.03587684265415811,0.024180325903527904,0.04872676278915298,0.06767110791406594,0.08549085425329395,0.017819746339228004,0.49669215630274266
concept,all-caps,validation,irrelevant,rescue,11,block_output,1,0.9137366700110252,0.8871604023666269,0.9407017269210686,0.892667799256742,0.4388219623360783,0.4538458369206637,0.49669215630274266
concept,all-caps,validation,correct,rescue,10,attn_out,1,0.1262879237527649,0.11675494957242913,0.13576030594420022,0.46584979514591396,0.4031235739821568,0.06272622116375715,0.49669215630274266
concept,all-caps,validation,correct,rescue,10,attn_out,0,0.028720964118497963,0.023686456879260437,0.03412673081073561,0.08495154010597616,0.07068606250686571,0.014265477599110454,0.49669215630274266
concept,all-caps,validation,correct,induction,10,attn_out,1,0.036707965199172424,0.026613155777343325,0.04868546430431173,0.8815831718966365,0.8998157302848995,0.018232558388262987,0.49669215630274266
concept,all-caps,validation,correct,induction,10,attn_out,0,0.02826203774677706,0.022889095695713724,0.0341417559248194,0.07145332178333774,0.08549085425329395,0.014037532469956204,0.49669215630274266
concept,all-caps,validation,irrelevant,rescue,10,attn_out,1,0.008417970868655313,-0.0046046265171955985,0.021842991093489472,0.44300310243852437,0.4388219623360783,0.004181140102446079,0.49669215630274266
concept,all-caps,validation,correct,rescue,10,mlp_out,1,0.02061213659302054,-0.0007167494625828694,0.04262205646023175,0.41336146055255085,0.4031235739821568,0.01023788657039404,0.49669215630274266
concept,all-caps,validation,correct,rescue,10,mlp_out,0,-0.008656689505872051,-0.010706876290421451,-0.006817821635003276,0.0663863527297508,0.07068606250686571,-0.004299709777114913,0.49669215630274266
concept,all-caps,validation,correct,induction,10,mlp_out,1,0.017791568415565978,0.006525998547120587,0.03084968500123235,0.8909787978045642,0.8998157302848995,0.008836932480335236,0.49669215630274266
concept,all-caps,validation,correct,induction,10,mlp_out,0,-0.0003561745750999536,-0.0027195603056791692,0.0022772227778849103,0.08566776337102056,0.08549085425329395,-0.0001769091177266091,0.49669215630274266
concept,all-caps,validation,irrelevant,rescue,10,mlp_out,1,0.04341362269240789,0.022878195301002553,0.06449411237456774,0.46038516820408404,0.4388219623360783,0.021563205868005753,0.49669215630274266
concept,all-caps,validation,correct,rescue,10,block_output,1,0.9335020211813206,0.908368210806187,0.9558937403997164,0.8667867057956755,0.4031235739821568,0.4636631318135187,0.49669215630274266
concept,all-caps,validation,correct,rescue,10,block_output,0,0.04053054052730085,0.0314110505320277,0.05056612272191202,0.09081726407748647,0.07068606250686571,0.02013120157062076,0.49669215630274266
concept,all-caps,validation,correct,induction,10,block_output,1,0.8353668770141779,0.8148516028397597,0.8554429672064359,0.48489555483683944,0.8998157302848995,0.41492017544806004,0.49669215630274266
concept,all-caps,validation,correct,induction,10,block_output,0,0.045222288319163285,0.035547181689789854,0.0561786807036761,0.0630292983551044,0.08549085425329395,0.022461555898189545,0.49669215630274266
concept,all-caps,validation,irrelevant,rescue,10,block_output,1,0.8489344413145343,0.8133649764548367,0.8819572967578775,0.8604810405522585,0.4388219623360783,0.4216590782161802,0.49669215630274266
concept,all-caps,validation,correct,rescue,9,attn_out,1,0.12156236418229911,0.1066641311951085,0.1363614137128913,0.46350264677312225,0.4031235739821568,0.06037907279096544,0.49669215630274266
concept,all-caps,validation,correct,rescue,9,attn_out,0,-0.0008142658464746859,-0.002122520502908522,0.0005222265494634542,0.07028162304777652,0.07068606250686571,-0.00040443945908918977,0.49669215630274266
concept,all-caps,validation,correct,induction,9,attn_out,1,0.04278722852469526,0.03460132424897043,0.05175090044021629,0.8785636494867504,0.8998157302848995,0.02125208079814911,0.49669215630274266
concept,all-caps,validation,correct,induction,9,attn_out,0,0.0056579642538543,0.003486410300444908,0.007882969693322526,0.08268058778776322,0.08549085425329395,0.002810266465530731,0.49669215630274266
concept,all-caps,validation,irrelevant,rescue,9,attn_out,1,0.13503378108052086,0.1176564340177947,0.15340700370757349,0.5058921822346747,0.4388219623360783,0.0670702198985964,0.49669215630274266
concept,all-caps,validation,correct,rescue,9,mlp_out,1,0.0688796160978785,0.05615786313016868,0.08186019114092416,0.4373355390271172,0.4031235739821568,0.03421196504496038,0.49669215630274266
concept,all-caps,validation,correct,rescue,9,mlp_out,0,-0.00629046771498839,-0.007888440710475867,-0.004900004483404784,0.06756163653335534,0.07068606250686571,-0.0031244259735103697,0.49669215630274266
concept,all-caps,validation,correct,induction,9,mlp_out,1,0.010467430402692032,0.007321710336670555,0.01379298751713611,0.8946166397072375,0.8998157302848995,0.005199090577661991,0.49669215630274266
concept,all-caps,validation,correct,induction,9,mlp_out,0,-0.007963613290380362,-0.009934747719936552,-0.006147589050613829,0.08944631851045415,0.08549085425329395,-0.003955464257160202,0.49669215630274266
concept,all-caps,validation,irrelevant,rescue,9,mlp_out,1,0.05362741462728789,0.038881114161613176,0.06840531064576266,0.46545827854424715,0.4388219623360783,0.026636316208168864,0.49669215630274266
concept,all-caps,validation,correct,rescue,9,block_output,1,0.8466843643328961,0.8045807780156977,0.8842991168702465,0.82366505661048,0.4031235739821568,0.42054148262832314,0.49669215630274266
concept,all-caps,validation,correct,rescue,9,block_output,0,0.007996047962027783,0.00351227227496721,0.012826588137942614,0.07465763681102544,0.07068606250686571,0.003971574304159731,0.49669215630274266
concept,all-caps,validation,correct,induction,9,block_output,1,0.7105550262882171,0.6842913246972017,0.7370477143883802,0.5468886221060529,0.8998157302848995,0.35292710817884654,0.49669215630274266
concept,all-caps,validation,correct,induction,9,block_output,0,0.024833060177041483,0.018570944869379057,0.03149858546500268,0.07315646804636344,0.08549085425329395,0.012334386206930503,0.49669215630274266
concept,all-caps,validation,irrelevant,rescue,9,block_output,1,0.796885798540512,0.7573627647634165,0.83290695575455,0.8346288879401982,0.4388219623360783,0.3958069256041199,0.49669215630274266
concept,biology-focused,discovery,correct,rescue,12,attn_out,1,0.0781799220786489,0.07382735190938813,0.08273551399289558,0.2445710499305278,0.18335812375880778,0.06121292617172003,0.7829750215169042
concept,biology-focused,discovery,correct,rescue,12,attn_out,0,0.006677033812028971,0.0007593529489906271,0.012992100366913919,0.1566158888163045,0.15138793812366202,0.00522795069264248,0.7829750215169042
concept,biology-focused,discovery,correct,induction,12,attn_out,1,0.025205918429399527,0.022268172743972817,0.02831620861225335,0.9465975407510996,0.966333145275712,0.019735604524612427,0.7829750215169042
concept,biology-focused,discovery,correct,induction,12,attn_out,0,0.00703438488571108,0.0003475016605173231,0.014417624748636908,0.12542171592940576,0.13092946358665358,0.005507747657247819,0.7829750215169042
concept,biology-focused,discovery,irrelevant,rescue,12,attn_out,1,0.009456125619078704,0.005263324004090467,0.013275062086924572,0.7575806779786944,0.7501767678186297,0.007403910160064697,0.7829750215169042
concept,biology-focused,discovery,correct,rescue,12,mlp_out,1,0.0517777113749502,0.045064114440470295,0.05866999760766908,0.22389877843670547,0.18335812375880778,0.04054065467789769,0.7829750215169042
concept,biology-focused,discovery,correct,rescue,12,mlp_out,0,-0.024638320543142078,-0.03239028726519173,-0.016486808776057175,0.13209674856625497,0.15138793812366202,-0.01929118955740705,0.7829750215169042
concept,biology-focused,discovery,correct,induction,12,mlp_out,1,0.008075050315526647,0.0064713229188527194,0.009738214009273953,0.9600105825811625,0.966333145275712,0.0063225626945495605,0.7829750215169042
concept,biology-focused,discovery,correct,induction,12,mlp_out,0,-0.012157199183327394,-0.02050990540558052,-0.004008780015341219,0.14044824687880464,0.13092946358665358,-0.009518783292151056,0.7829750215169042
concept,biology-focused,discovery,irrelevant,rescue,12,mlp_out,1,-0.10702921333432376,-0.11462523355544912,-0.10019804548622438,0.6663755672052503,0.7501767678186297,-0.08380120061337948,0.7829750215169042
concept,biology-focused,discovery,correct,rescue,12,block_output,1,1.0,1.0,1.0,0.966333145275712,0.18335812375880778,0.7829750215169042,0.7829750215169042
concept,biology-focused,discovery,correct,rescue,12,block_output,0,-0.026129153516766115,-0.055048102259427086,0.0042440202981544215,0.13092946358665358,0.15138793812366202,-0.020458474537008442,0.7829750215169042
concept,biology-focused,discovery,correct,induction,12,block_output,1,1.0,1.0,1.0,0.18335812375880778,0.966333145275712,0.7829750215169042,0.7829750215169042
concept,biology-focused,discovery,correct,induction,12,block_output,0,-0.026129153516766115,-0.055048102259427086,0.0042440202981544215,0.15138793812366202,0.13092946358665358,-0.020458474537008442,0.7829750215169042
concept,biology-focused,discovery,irrelevant,rescue,12,block_output,1,0.2760705916752103,0.26322723381146035,0.2892928754276855,0.966333145275712,0.7501767678186297,0.21615637745708227,0.7829750215169042
concept,biology-focused,discovery,correct,rescue,11,attn_out,1,0.4929531345067229,0.47805129556334774,0.5083679383329422,0.5693281148560345,0.18335812375880778,0.38596999109722674,0.7829750215169042
concept,biology-focused,discovery,correct,rescue,11,attn_out,0,0.03792711448202011,0.021327106291496766,0.05492750306314331,0.1810839214012958,0.15138793812366202,0.029695983277633786,0.7829750215169042
concept,biology-focused,discovery,correct,induction,11,attn_out,1,0.28119701158038823,0.25936712663214356,0.30425461615656046,0.7461629090830684,0.966333145275712,0.22017023619264364,0.7829750215169042
concept,biology-focused,discovery,correct,induction,11,attn_out,0,0.03910212918890384,0.023318316348895075,0.05632356911288696,0.10031347314361483,0.13092946358665358,0.030615990443038754,0.7829750215169042
concept,biology-focused,discovery,irrelevant,rescue,11,attn_out,1,0.10080102865397758,0.09525068236368496,0.10648314307274903,0.8291014553979039,0.7501767678186297,0.07892468757927418,0.7829750215169042
concept,biology-focused,discovery,correct,rescue,11,mlp_out,1,0.48583075588006436,0.46397920156037253,0.5079009701256496,0.563751470297575,0.18335812375880778,0.3803933465387672,0.7829750215169042
concept,biology-focused,discovery,correct,rescue,11,mlp_out,0,0.06867540858980105,0.052270759083893725,0.08584905396094272,0.2051590676419437,0.15138793812366202,0.05377112951828167,0.7829750215169042
concept,biology-focused,discovery,correct,induction,11,mlp_out,1,0.0995864287057255,0.08963981086400817,0.11077124828342183,0.8883594591170549,0.966333145275712,0.07797368615865707,0.7829750215169042
concept,biology-focused,discovery,correct,induction,11,mlp_out,0,0.03288704428920395,0.02092404498693662,0.04609133563794101,0.10517972937668674,0.13092946358665358,0.025749734209966846,0.7829750215169042
concept,biology-focused,discovery,irrelevant,rescue,11,mlp_out,1,0.15883407011947545,0.14992800675160248,0.16841269652580332,0.8745398772880435,0.7501767678186297,0.12436310946941376,0.7829750215169042
concept,biology-focused,discovery,correct,rescue,11,block_output,1,0.979916512005068,0.9776928607876801,0.9820321872388958,0.9506082758307457,0.18335812375880778,0.7672501520719379,0.7829750215169042
concept,biology-focused,discovery,correct,rescue,11,block_output,0,-0.03871186284453887,-0.0636563202916316,-0.012249029807763863,0.12107751647999976,0.15138793812366202,-0.030310421643662266,0.7829750215169042
concept,biology-focused,discovery,correct,induction,11,block_output,1,0.9815255420252408,0.9795466916713603,0.9834330973068616,0.19782316288910806,0.966333145275712,0.768509982386604,0.7829750215169042
concept,biology-focused,discovery,correct,induction,11,block_output,0,-0.03062712019823937,-0.05597267855205895,-0.003421558818221592,0.15490973368287086,0.13092946358665358,-0.023980270096217282,0.7829750215169042
concept,biology-focused,discovery,irrelevant,rescue,11,block_output,1,0.2686753202867802,0.2562710196896888,0.2813917366296521,0.9605428325012326,0.7501767678186297,0.21036606468260288,0.7829750215169042
concept,biology-focused,discovery,correct,rescue,10,attn_out,1,-0.051306576770244416,-0.06085476421059944,-0.04193670981427756,0.14318635570816696,0.18335812375880778,-0.04017176805064082,0.7829750215169042
concept,biology-focused,discovery,correct,rescue,10,attn_out,0,-0.12362063176675925,-0.13280678759772224,-0.11456835892891859,0.05459607130615041,0.15138793812366202,-0.09679186681751162,0.7829750215169042
concept,biology-focused,discovery,correct,induction,10,attn_out,1,0.13462575845042862,0.12011307356514142,0.1499578191061685,0.8609245391562581,0.966333145275712,0.10540860611945391,0.7829750215169042
concept,biology-focused,discovery,correct,induction,10,attn_out,0,-0.01381202832948487,-0.021273615402169703,-0.00556648011787278,0.1417439367651241,0.13092946358665358,-0.010814473178470507,0.7829750215169042
concept,biology-focused,discovery,irrelevant,rescue,10,attn_out,1,0.09482698776937086,0.08954683409524372,0.10035380133372991,0.8244239306077361,0.7501767678186297,0.07424716278910637,0.7829750215169042
concept,biology-focused,discovery,correct,rescue,10,mlp_out,1,0.054706395323847176,0.045049576676798334,0.06478715018046456,0.2261918648146093,0.18335812375880778,0.04283374105580151,0.7829750215169042
concept,biology-focused,discovery,correct,rescue,10,mlp_out,0,-0.06926710462171734,-0.07725307249688627,-0.0616364888002618,0.09715352539205924,0.15138793812366202,-0.05423441273160279,0.7829750215169042
concept,biology-focused,discovery,correct,induction,10,mlp_out,1,0.058521933615890726,0.05268855906452049,0.0648740235741216,0.9205119330435991,0.966333145275712,0.045821212232112885,0.7829750215169042
concept,biology-focused,discovery,correct,induction,10,mlp_out,0,-0.045035312641942105,-0.05190629933764291,-0.03819960401649739,0.1661909884714987,0.13092946358665358,-0.03526152488484513,0.7829750215169042
concept,biology-focused,discovery,irrelevant,rescue,10,mlp_out,1,0.08562905726900102,0.08027168561050078,0.09133401133856148,0.817222180776298,0.7501767678186297,0.0670454129576683,0.7829750215169042
concept,biology-focused,discovery,correct,rescue,10,block_output,1,0.45456389235785816,0.42643668198480256,0.48208929581526716,0.5392702971585095,0.18335812375880778,0.3559121733997017,0.7829750215169042
concept,biology-focused,discovery,correct,rescue,10,block_output,0,-0.1227171134251226,-0.13307457707156162,-0.11285019576718329,0.055303503599134274,0.15138793812366202,-0.09608443452452775,0.7829750215169042
concept,biology-focused,discovery,correct,induction,10,block_output,1,0.8250059412142849,0.8118936044387011,0.8377918173269676,0.32037410070188344,0.966333145275712,0.6459590445738286,0.7829750215169042
concept,biology-focused,discovery,correct,induction,10,block_output,0,-0.07387116697755372,-0.09310441937950652,-0.053086757233496706,0.18876874214038253,0.13092946358665358,-0.057839278553728946,0.7829750215169042
concept,biology-focused,discovery,irrelevant,rescue,10,block_output,1,0.2384675797597095,0.22858792536139624,0.24868936457671417,0.9368909262120724,0.7501767678186297,0.18671415839344263,0.7829750215169042
concept,biology-focused,discovery,correct,rescue,9,attn_out,1,0.12290805315167189,0.1131460813600353,0.13303807288690725,0.2795920593198389,0.18335812375880778,0.0962339355610311,0.7829750215169042
concept,biology-focused,discovery,correct,rescue,9,attn_out,0,-0.02019983254030168,-0.02634385017717407,-0.014224583669548705,0.13557197380578145,0.15138793812366202,-0.01581596431788057,0.7829750215169042
concept,biology-focused,discovery,correct,induction,9,attn_out,1,0.08086618472173426,0.06763671233358882,0.09563466777183652,0.9030169425532222,0.966333145275712,0.06331620272248983,0.7829750215169042
concept,biology-focused,discovery,correct,induction,9,attn_out,0,0.01093251083053649,0.004503209253330445,0.018410961095531742,0.12236958068388049,0.13092946358665358,0.008559882902773097,0.7829750215169042
concept,biology-focused,discovery,irrelevant,rescue,9,attn_out,1,0.0604094659219464,0.05613026010314047,0.0650509782067285,0.7974758706986904,0.7501767678186297,0.04729910288006067,0.7829750215169042
concept,biology-focused,discovery,correct,rescue,9,mlp_out,1,0.053754823594144074,0.049690538911110346,0.05792971315718518,0.22544680791907012,0.18335812375880778,0.042088684160262346,0.7829750215169042
concept,biology-focused,discovery,correct,rescue,9,mlp_out,0,0.004174014433785489,-0.0007482737368724487,0.00894010492133607,0.1546560871647671,0.15138793812366202,0.0032681490411050618,0.7829750215169042
concept,biology-focused,discovery,correct,induction,9,mlp_out,1,0.002012089671700701,0.0008642192117525168,0.003202253905839706,0.9647577293217182,0.966333145275712,0.0015754159539937973,0.7829750215169042
concept,biology-focused,discovery,correct,induction,9,mlp_out,0,0.0006267629824860889,-0.0039640586140348944,0.00569229470976582,0.13043872382695554,0.13092946358665358,0.0004907397596980445,0.7829750215169042
concept,biology-focused,discovery,irrelevant,rescue,9,mlp_out,1,0.007151948169629158,0.004182323490113984,0.010000299070898921,0.7557765645906329,0.7501767678186297,0.005599796772003174,0.7829750215169042
concept,biology-focused,discovery,correct,rescue,9,block_output,1,0.20078448076600536,0.18644291338894373,0.21541318451460453,0.34056735690683126,0.18335812375880778,0.1572092331480235,0.7829750215169042
concept,biology-focused,discovery,correct,rescue,9,block_output,0,-0.06251962952438024,-0.07318132339236574,-0.05246759850224734,0.10243662985158153,0.15138793812366202,-0.048951308272080496,0.7829750215169042
concept,biology-focused,discovery,correct,induction,9,block_output,1,0.30996427841426416,0.2765724738649768,0.34492650900560423,0.7236388577148318,0.966333145275712,0.24269428756088018,0.7829750215169042
concept,biology-focused,discovery,correct,induction,9,block_output,0,0.005814413492505797,-0.004996454726226787,0.01764012133235963,0.12637692305725068,0.13092946358665358,0.004552540529402904,0.7829750215169042
concept,biology-focused,discovery,irrelevant,rescue,9,block_output,1,0.18320715025936507,0.1756652298704871,0.19094821528152875,0.8936233902350068,0.7501767678186297,0.14344662241637707,0.7829750215169042
concept,biology-focused,discovery,random,rescue,5,attn_out,1,-0.00022547438155837474,-0.0003630573828705394,-9.065910664365186e-05,0.1831815829500556,0.18335812375880778,-0.00017654080875217915,0.7829750215169042
concept,biology-focused,discovery,random,rescue,5,mlp_out,1,-0.0009640679676026348,-0.001097101739026871,-0.0008262470032537929,0.18260328262113035,0.18335812375880778,-0.0007548411376774311,0.7829750215169042
concept,biology-focused,discovery,random,rescue,5,block_output,1,-3.909568296802214e-05,-0.00033180447784546805,0.0002488735135472399,0.18332751281559467,0.18335812375880778,-3.06109432131052e-05,0.7829750215169042
concept,biology-focused,discovery,random,rescue,0,attn_out,1,-2.1265282456543923e-05,-0.00010501048396836228,6.200997290715403e-05,0.1833414735738188,0.18335812375880778,-1.6650184988975525e-05,0.7829750215169042
concept,biology-focused,discovery,random,rescue,0,mlp_out,1,-6.153764518013918e-05,-0.00011825460013156284,-6.722573958272402e-06,0.18330994131974876,0.18335812375880778,-4.818243905901909e-05,0.7829750215169042
concept,biology-focused,discovery,random,rescue,0,block_output,1,-2.1265282456543923e-05,-0.00010501048396836228,6.200997290715403e-05,0.1833414735738188,0.18335812375880778,-1.6650184988975525e-05,0.7829750215169042
concept,biology-focused,discovery,random,rescue,8,attn_out,1,0.005927952922696933,0.0047746984972613475,0.0070968141624439905,0.1879995628260076,0.18335812375880778,0.004641439067199826,0.7829750215169042
concept,biology-focused,discovery,random,rescue,8,mlp_out,1,-0.002203090934557009,-0.0030852634682825278,-0.0013279031750373302,0.1816331585869193,0.18335812375880778,-0.0017249651718884706,0.7829750215169042
concept,biology-focused,discovery,random,rescue,8,block_output,1,0.0353203522127768,0.032180445766436645,0.038487893211874104,0.21101307729259133,0.18335812375880778,0.027654953533783555,0.7829750215169042
concept,biology-focused,discovery,random,rescue,3,attn_out,1,-0.00043075786629500105,-0.000562539856437901,-0.00030151891311524446,0.18302085110917687,0.18335812375880778,-0.0003372726496309042,0.7829750215169042
concept,biology-focused,discovery,random,rescue,3,mlp_out,1,0.0001700378075293838,0.00011160240983024805,0.0002275930169059903,0.18349125911481678,0.18335812375880778,0.0001331353560090065,0.7829750215169042
concept,biology-focused,discovery,random,rescue,3,block_output,1,-0.0007779925829750531,-0.0009319222861125452,-0.0006284393660206652,0.1827489749994129,0.18335812375880778,-0.0006091487593948841,0.7829750215169042
concept,chemistry-based,validation,correct,rescue,12,attn_out,1,0.2681460621568195,0.25994855590321464,0.27658968116880384,0.4324571071192622,0.25309922243468463,0.17935788468457758,0.668881292687729
concept,chemistry-based,validation,correct,rescue,12,attn_out,0,0.1113265064233187,0.10016965815734837,0.12265756073861357,0.183917804970406,0.10945358744356781,0.07446421752683818,0.668881292687729
concept,chemistry-based,validation,correct,induction,12,attn_out,1,0.06987937114239694,0.061419570204138206,0.07980488552766124,0.8752395110204816,0.9219805151224136,0.04674100410193205,0.668881292687729
concept,chemistry-based,validation,correct,induction,12,attn_out,0,0.07169247140049541,0.06184333147690639,0.08160117367258296,0.1743232928274665,0.2222770457738079,0.04795375294634141,0.668881292687729
concept,chemistry-based,validation,irrelevant,rescue,12,attn_out,1,0.07337192568980984,0.06858866696329992,0.07845640596970856,0.8613239238038659,0.8122468153014779,0.049077108502388,0.668881292687729
concept,chemistry-based,validation,correct,rescue,12,mlp_out,1,0.01054669364543721,0.0008759607725758329,0.019434945454515812,0.26015370851382613,0.25309922243468463,0.007054486079141498,0.668881292687729
concept,chemistry-based,validation,correct,rescue,12,mlp_out,0,-0.02942059073096267,-0.03816368404282359,-0.02118713120087329,0.08977470468380488,0.10945358744356781,-0.019678882759762928,0.668881292687729
concept,chemistry-based,validation,correct,induction,12,mlp_out,1,-0.004805815975710642,-0.010124338759500877,-0.00039644813382713366,0.9251950355246663,0.9219805151224136,-0.003214520402252674,0.668881292687729
concept,chemistry-based,validation,correct,induction,12,mlp_out,0,-0.05404684948533992,-0.07031741350131156,-0.038246233268809604,0.2584279723232612,0.2222770457738079,-0.03615092654945329,0.668881292687729
concept,chemistry-based,validation,irrelevant,rescue,12,mlp_out,1,0.0047901700428891365,0.0006177548918802179,0.008759091740846235,0.8154508704319596,0.8122468153014779,0.00320405513048172,0.668881292687729
concept,chemistry-based,validation,correct,rescue,12,block_output,1,1.0,1.0,1.0,0.9219805151224136,0.25309922243468463,0.668881292687729,0.668881292687729
concept,chemistry-based,validation,correct,rescue,12,block_output,0,0.16867485989462763,0.12940826388926846,0.2119438738250773,0.2222770457738079,0.10945358744356781,0.1128234583302401,0.668881292687729
concept,chemistry-based,validation,correct,induction,12,block_output,1,1.0,1.0,1.0,0.25309922243468463,0.9219805151224136,0.668881292687729,0.668881292687729
concept,chemistry-based,validation,correct,induction,12,block_output,0,0.16867485989462763,0.12940826388926846,0.2119438738250773,0.10945358744356781,0.2222770457738079,0.1128234583302401,0.668881292687729
concept,chemistry-based,validation,irrelevant,rescue,12,block_output,1,0.16405556713957242,0.15313304728183988,0.1742441552299767,0.9219805151224136,0.8122468153014779,0.10973369982093573,0.668881292687729
concept,chemistry-based,validation,correct,rescue,11,attn_out,1,0.29517016023537324,0.2842245034265609,0.30581843829307936,0.4505330207757652,0.25309922243468463,0.19743379834108055,0.668881292687729
concept,chemistry-based,validation,correct,rescue,11,attn_out,0,0.028737866304193133,0.016599147410411484,0.04124842945151757,0.12867580860620365,0.10945358744356781,0.019222221162635833,0.668881292687729
concept,chemistry-based,validation,correct,induction,11,attn_out,1,0.13622996413781843,0.1238511587156026,0.14869835222922964,0.8308588406071067,0.9219805151224136,0.09112167451530695,0.668881292687729
concept,chemistry-based,validation,correct,induction,11,attn_out,0,0.042018372037160294,0.020634157990639505,0.06408127078230233,0.1941717427689582,0.2222770457738079,0.028105303004849702,0.668881292687729
concept,chemistry-based,validation,irrelevant,rescue,11,attn_out,1,0.062279079062196,0.05411242762714183,0.06988637963891965,0.8539041262120008,0.8122468153014779,0.04165731091052294,0.668881292687729
concept,chemistry-based,validation,correct,rescue,11,mlp_out,1,0.23236252655857328,0.22218172725134644,0.24298247759546557,0.4085221695713699,0.25309922243468463,0.15542294713668525,0.668881292687729
concept,chemistry-based,validation,correct,rescue,11,mlp_out,0,0.042669872345231626,0.030631574155091577,0.054483366004385025,0.13799466681666672,0.10945358744356781,0.02854107937309891,0.668881292687729
concept,chemistry-based,validation,correct,induction,11,mlp_out,1,0.06508051835170368,0.06034917358967548,0.06993935961191215,0.8784493738785386,0.9219805151224136,0.04353114124387503,0.668881292687729
concept,chemistry-based,validation,correct,induction,11,mlp_out,0,0.0328040756124798,0.019943280054198397,0.04575597260030223,0.20033501327270642,0.2222770457738079,0.021942032501101494,0.668881292687729
concept,chemistry-based,validation,irrelevant,rescue,11,mlp_out,1,0.001853783364482256,-0.0019019228424559103,0.005365971059195533,0.8134867763146758,0.8122468153014779,0.0012399610131978989,0.668881292687729
concept,chemistry-based,validation,correct,rescue,11,block_output,1,0.9714044798168767,0.9665977033316517,0.9754731311398678,0.9028535066172481,0.25309922243468463,0.6497542841825634,0.668881292687729
concept,chemistry-based,validation,correct,rescue,11,block_output,0,0.12962019783161205,0.09359044771808339,0.16955395241435325,0.19615411292761564,0.10945358744356781,0.08670052548404783,0.668881292687729
concept,chemistry-based,validation,correct,induction,11,block_output,1,0.8543838507752386,0.8492782130905736,0.8592682036356415,0.3504991405643523,0.9219805151224136,0.5714813745580614,0.668881292687729
concept,chemistry-based,validation,correct,induction,11,block_output,0,0.08896024924195155,0.05046423622456748,0.13059727219954936,0.1627731992630288,0.2222770457738079,0.05950384651077911,0.668881292687729
concept,chemistry-based,validation,irrelevant,rescue,11,block_output,1,0.1363576698699939,0.12377998241794785,0.1476069332805284,0.903453909792006,0.8122468153014779,0.0912070944905281,0.668881292687729
concept,chemistry-based,validation,correct,rescue,10,attn_out,1,0.14252481845231163,0.1305932951514749,0.15489204720595554,0.34843140724115074,0.25309922243468463,0.0953321848064661,0.668881292687729
concept,chemistry-based,validation,correct,rescue,10,attn_out,0,-0.017734076407652278,-0.02501106223157786,-0.00924088308549229,0.0975915954913944,0.10945358744356781,-0.011861991952173412,0.668881292687729
concept,chemistry-based,validation,correct,induction,10,attn_out,1,0.2297791309632305,0.21617071798975868,0.24366660022292025,0.768285552971065,0.9219805151224136,0.1536949621513486,0.668881292687729
concept,chemistry-based,validation,correct,induction,10,attn_out,0,0.04365985527344361,0.027277109322737345,0.06102537337205903,0.1930737853399478,0.2222770457738079,0.029203260433860123,0.668881292687729
concept,chemistry-based,validation,irrelevant,rescue,10,attn_out,1,-0.009818489089052309,-0.012356086475706686,-0.0074495941526201885,0.8056794116273522,0.8122468153014779,-0.006567403674125671,0.668881292687729
concept,chemistry-based,validation,correct,rescue,10,mlp_out,1,0.027869216196134295,0.01881462316428615,0.037008533548574404,0.27174041979014874,0.25309922243468463,0.0186411973554641,0.668881292687729
concept,chemistry-based,validation,correct,rescue,10,mlp_out,0,-0.041306358304406064,-0.04772078818406504,-0.03425524988266293,0.08182453710469417,0.10945358744356781,-0.02762905033887364,0.668881292687729
concept,chemistry-based,validation,correct,induction,10,mlp_out,1,0.05414324133520309,0.049066840607844185,0.05913433751831935,0.8857651138678193,0.9219805151224136,0.036215401254594326,0.668881292687729
concept,chemistry-based,validation,correct,induction,10,mlp_out,0,-0.09755331575517584,-0.11279520634542035,-0.08145598657140334,0.28752863372210413,0.2222770457738079,-0.06525158794829622,0.668881292687729
concept,chemistry-based,validation,irrelevant,rescue,10,mlp_out,1,-0.0019934578105968194,-0.004549600258144465,0.0004773617683109897,0.8109134286642075,0.8122468153014779,-0.0013333866372704506,0.668881292687729
concept,chemistry-based,validation,correct,rescue,10,block_output,1,0.6381726964126099,0.615886986692415,0.6604361385237122,0.6799610005691648,0.25309922243468463,0.4268617781344801,0.668881292687729
concept,chemistry-based,validation,correct,rescue,10,block_output,0,-0.0040657703237483205,-0.022790303640805743,0.01890031005818828,0.10673406973364763,0.10945358744356781,-0.002719517709920183,0.668881292687729
concept,chemistry-based,validation,correct,induction,10,block_output,1,0.7660661230433214,0.7570240725420813,0.7749381448273729,0.4095732164569199,0.9219805151224136,0.5124072986654937,0.668881292687729
concept,chemistry-based,validation,correct,induction,10,block_output,0,0.06687893431810285,0.0339465051508803,0.10293394215080957,0.17754297773353755,0.2222770457738079,0.04473406804027036,0.668881292687729
concept,chemistry-based,validation,irrelevant,rescue,10,block_output,1,0.09446046409209737,0.08766514433341369,0.1007295299514359,0.8754296526312828,0.8122468153014779,0.0631828373298049,0.668881292687729
concept,chemistry-based,validation,correct,rescue,9,attn_out,1,0.1805219113726918,0.16552569469200698,0.1960192526775324,0.37384695187211037,0.25309922243468463,0.12074772943742573,0.668881292687729
concept,chemistry-based,validation,correct,rescue,9,attn_out,0,0.025192537713484977,0.018084749391599004,0.033214836747464414,0.126304404635448,0.10945358744356781,0.016850817191880196,0.668881292687729
concept,chemistry-based,validation,correct,induction,9,attn_out,1,0.11188836799445077,0.10336224744221437,0.12110230012522495,0.8471404789015651,0.9219805151224136,0.07484003622084856,0.668881292687729
concept,chemistry-based,validation,correct,induction,9,attn_out,0,0.06182575340501879,0.04974342355036603,0.07473087521301025,0.18092295591486618,0.2222770457738079,0.041354089858941734,0.668881292687729
concept,chemistry-based,validation,irrelevant,rescue,9,attn_out,1,-0.002792047831210886,-0.00516942213615799,-0.0005428279640647056,0.8103792667388916,0.8122468153014779,-0.0018675485625863075,0.668881292687729
concept,chemistry-based,validation,correct,rescue,9,mlp_out,1,0.02884410526168262,0.022516364649357263,0.035251330982457134,0.27239250484853983,0.25309922243468463,0.019293282413855195,0.668881292687729
concept,chemistry-based,validation,correct,rescue,9,mlp_out,0,0.009285893849989159,0.004802075407167752,0.014033115615290987,0.1156647481257096,0.10945358744356781,0.006211160682141781,0.668881292687729
concept,chemistry-based,validation,correct,induction,9,mlp_out,1,0.02203018630024836,0.018992829612564828,0.02547199451059589,0.907244935631752,0.9219805151224136,0.014735579490661621,0.668881292687729
concept,chemistry-based,validation,correct,induction,9,mlp_out,0,0.018021291690473864,0.011679182068968865,0.024667390487005104,0.21022294089198112,0.2222770457738079,0.012054104881826788,0.668881292687729
concept,chemistry-based,validation,irrelevant,rescue,9,mlp_out,1,0.0013155936288384508,-0.0021684457076028697,0.004916336443791006,0.8131267912685871,0.8122468153014779,0.0008799759671092033,0.668881292687729
concept,chemistry-based,validation,correct,rescue,9,block_output,1,0.26407771375071604,0.24356298765755557,0.28483221742713644,0.42973586497828364,0.25309922243468463,0.176636642543599,0.668881292687729
concept,chemistry-based,validation,correct,rescue,9,block_output,0,-0.028040639984691966,-0.03815428471018637,-0.016898325661895152,0.09069772792281583,0.10945358744356781,-0.018755859520751983,0.668881292687729
concept,chemistry-based,validation,correct,induction,9,block_output,1,0.3358701232077214,0.3172339975434675,0.3549930929402699,0.6973232729360461,0.9219805151224136,0.2246572421863675,0.668881292687729
concept,chemistry-based,validation,correct,induction,9,block_output,0,0.02969851902588855,0.009759883951575059,0.05029310269103411,0.20241226197686046,0.2222770457738079,0.01986478379694745,0.668881292687729
concept,chemistry-based,validation,irrelevant,rescue,9,block_output,1,0.09720912742381682,0.09126972931912689,0.10286714856285402,0.8772681821137667,0.8122468153014779,0.06502136681228876,0.668881292687729
concept,comforting,discovery,correct,rescue,12,attn_out,1,0.014111190668827052,0.011062048809302588,0.017434328283033807,0.05940272843065486,0.046893271554154126,0.012509456876500735,0.8864919460081637
concept,comforting,discovery,correct,rescue,12,attn_out,0,0.0009334987171787676,0.0003729127130839768,0.001826704542421818,0.0023467888533730275,0.0015192497589850973,0.0008275390943879302,0.8864919460081637
concept,comforting,discovery,correct,induction,12,attn_out,1,0.024088201726625156,0.01798044722847791,0.03147779512762803,0.9120312207378447,0.9333852175623178,0.021353996824473143,0.8864919460081637
concept,comforting,discovery,correct,induction,12,attn_out,0,0.023617240640228597,0.016458374483770397,0.03188057414457333,0.07356701008575328,0.09450350370025262,0.02093649361449934,0.8864919460081637
concept,comforting,discovery,irrelevant,rescue,12,attn_out,1,-0.010533668136754406,-0.01349123266268855,-0.00796007015574232,0.9610514398664236,0.9703894518315792,-0.009338011965155602,0.8864919460081637
concept,comforting,discovery,correct,rescue,12,mlp_out,1,0.05499470101169493,0.0469972323956844,0.06355897580310874,0.0956456310741487,0.046893271554154126,0.04875235951999457,0.8864919460081637
concept,comforting,discovery,correct,rescue,12,mlp_out,0,0.0005699788223542972,0.00012094239136006077,0.001181318061619473,0.0020245313943973997,0.0015192497589850973,0.0005052816354123024,0.8864919460081637
concept,comforting,discovery,correct,induction,12,mlp_out,1,0.08828215951962859,0.06962408712900699,0.10953350503054944,0.8551237941719592,0.9333852175623178,0.07826142339035869,0.8864919460081637
concept,comforting,discovery,correct,induction,12,mlp_out,0,0.0551769917175516,0.03854832074516547,0.07474993209669106,0.04558954493768397,0.09450350370025262,0.048913958762568654,0.8864919460081637
concept,comforting,discovery,irrelevant,rescue,12,mlp_out,1,-0.005850594252709516,-0.00918939411713461,-0.0029897937283801354,0.9652029471471906,0.9703894518315792,-0.0051865046843886375,0.8864919460081637
concept,comforting,discovery,correct,rescue,12,block_output,1,1.0,1.0,1.0,0.9333852175623178,0.046893271554154126,0.8864919460081637,0.8864919460081637
concept,comforting,discovery,correct,rescue,12,block_output,0,0.10489012828596102,0.06894562840289592,0.14895203939458757,0.09450350370025262,0.0015192497589850973,0.09298425394126753,0.8864919460081637
concept,comforting,discovery,correct,induction,12,block_output,1,1.0,1.0,1.0,0.046893271554154126,0.9333852175623178,0.8864919460081637,0.8864919460081637
concept,comforting,discovery,correct,induction,12,block_output,0,0.10489012828596102,0.06894562840289592,0.14895203939458757,0.0015192497589850973,0.09450350370025262,0.09298425394126753,0.8864919460081637
concept,comforting,discovery,irrelevant,rescue,12,block_output,1,-0.04174232426576449,-0.06613422325939979,-0.022865815549069638,0.9333852175623178,0.9703894518315792,-0.03700423426926136,0.8864919460081637
concept,comforting,discovery,correct,rescue,11,attn_out,1,0.056526395143405385,0.04774596166396212,0.06555165986088035,0.09700346558565798,0.046893271554154126,0.05011019403150385,0.8864919460081637
concept,comforting,discovery,correct,rescue,11,attn_out,0,0.0019010873471514706,0.0008074799803897812,0.003444668358840948,0.003204548380892902,0.0015192497589850973,0.0016852986219078048,0.8864919460081637
concept,comforting,discovery,correct,induction,11,attn_out,1,0.0899248982467524,0.07391136029740585,0.10733999906106786,0.8536675195209682,0.9333852175623178,0.07971769804134965,0.8864919460081637
concept,comforting,discovery,correct,induction,11,attn_out,0,0.03572889783252935,0.024005215600479128,0.049551036122283454,0.06283012353196682,0.09450350370025262,0.0316733801682858,0.8864919460081637
concept,comforting,discovery,irrelevant,rescue,11,attn_out,1,-0.04256158460839625,-0.05902512555654731,-0.029046870697891667,0.9326589498668909,0.9703894518315792,-0.0377305019646883,0.8864919460081637
concept,comforting,discovery,correct,rescue,11,mlp_out,1,0.15753906595793915,0.13926825778892002,0.17612083788305016,0.18655038470751606,0.046893271554154126,0.13965711315336193,0.8864919460081637
concept,comforting,discovery,correct,rescue,11,mlp_out,0,0.0023456094506802165,0.0008324252124528139,0.004336999055347167,0.0035986136454937423,0.0015192497589850973,0.002079363886508645,0.8864919460081637
concept,comforting,discovery,correct,induction,11,mlp_out,1,0.2723737657251237,0.23810878780926525,0.3090019557082992,0.6919280679430813,0.9333852175623178,0.2414571496192366,0.8864919460081637
concept,comforting,discovery,correct,induction,11,mlp_out,0,0.07448851807123515,0.050619196044501394,0.10323062567723384,0.028470032360019104,0.09450350370025262,0.06603347134023352,0.8864919460081637
concept,comforting,discovery,irrelevant,rescue,11,mlp_out,1,-0.021281904858701253,-0.030290086957409822,-0.01393507979917942,0.9515232145786285,0.9703894518315792,-0.01886623725295067,0.8864919460081637
concept,comforting,discovery,correct,rescue,11,block_output,1,1.002900219475489,0.9994046949899699,1.0065795999895764,0.9359562387689948,0.046893271554154126,0.8890629672148407,0.8864919460081637
concept,comforting,discovery,correct,rescue,11,block_output,0,0.10639219644148291,0.07109736571029464,0.14912581476701453,0.09583507502247812,0.0015192497589850973,0.09431582526349302,0.8864919460081637
concept,comforting,discovery,correct,induction,11,block_output,1,0.989744837326635,0.9871314563688288,0.9920896868603934,0.055984390669095774,0.9333852175623178,0.8774008268932221,0.8864919460081637
concept,comforting,discovery,correct,induction,11,block_output,0,0.1043837337559334,0.06855950063960237,0.14816138090046618,0.0019681644313571667,0.09450350370025262,0.09253533926889546,0.8864919460081637
concept,comforting,discovery,irrelevant,rescue,11,block_output,1,-0.039353386093426784,-0.06284538533554893,-0.021154403592865204,0.9355029920116067,0.9703894518315792,-0.034886459819972515,0.8864919460081637
concept,comforting,discovery,correct,rescue,10,attn_out,1,0.49742478620112396,0.470516613561479,0.5234064227193895,0.4878563382662833,0.046893271554154126,0.44096306671212915,0.8864919460081637
concept,comforting,discovery,correct,rescue,10,attn_out,0,0.07167030153702608,0.05401148796704447,0.0923975167696447,0.06505439483953523,0.0015192497589850973,0.06353514508055014,0.8864919460081637
concept,comforting,discovery,correct,induction,10,attn_out,1,0.4838318994819253,0.4430551989230497,0.5263630780638224,0.5044721354497597,0.9333852175623178,0.4289130821125582,0.8864919460081637
concept,comforting,discovery,correct,induction,10,attn_out,0,0.08845762626609928,0.05943335213808423,0.12354864187349134,0.01608653045235542,0.09450350370025262,0.0784169732478972,0.8864919460081637
concept,comforting,discovery,irrelevant,rescue,10,attn_out,1,-0.004591463057579134,-0.006103385442661366,-0.0032639639965953717,0.9663191568106413,0.9703894518315792,-0.00407029502093792,0.8864919460081637
concept,comforting,discovery,correct,rescue,10,mlp_out,1,0.12507645169378395,0.10900362401928487,0.14169937894804815,0.15777253861597273,0.046893271554154126,0.11087926706181861,0.8864919460081637
concept,comforting,discovery,correct,rescue,10,mlp_out,0,0.00179640515821517,0.0008172097640730688,0.0030610792255438535,0.0031117484635103665,0.0015192497589850973,0.0015924987045252692,0.8864919460081637
concept,comforting,discovery,correct,induction,10,mlp_out,1,0.19157453722095252,0.1626879181981219,0.2216689971041205,0.7635559332557023,0.9333852175623178,0.1698292843066156,0.8864919460081637
concept,comforting,discovery,correct,induction,10,mlp_out,0,0.056127714585750194,0.03761370878687034,0.0788523919005419,0.04474673677214014,0.09450350370025262,0.049756766928112484,0.8864919460081637
concept,comforting,discovery,irrelevant,rescue,10,mlp_out,1,0.001612147155285688,0.0002056089050128792,0.0032087235421370793,0.9718186073005199,0.9703894518315792,0.0014291554689407349,0.8864919460081637
concept,comforting,discovery,correct,rescue,10,block_output,1,0.9706625197687602,0.9628989368430292,0.9777023904394657,0.90737777762115,0.046893271554154126,0.8604845060669959,0.8864919460081637
concept,comforting,discovery,correct,rescue,10,block_output,0,0.10659763558262578,0.07339052493381786,0.1464271362122075,0.0960171951664961,0.0015192497589850973,0.094497945407511,0.8864919460081637
concept,comforting,discovery,correct,induction,10,block_output,1,0.9633385379740461,0.9561153289679417,0.9703241079111811,0.07939336236904637,0.9333852175623178,0.8539918551932715,0.8864919460081637
concept,comforting,discovery,correct,induction,10,block_output,0,0.1034414142408866,0.06797917586302589,0.14667404638242454,0.002803523092012483,0.09450350370025262,0.09169998060824014,0.8864919460081637
concept,comforting,discovery,irrelevant,rescue,10,block_output,1,-0.009386527791513928,-0.01754386143673254,-0.003184730946718926,0.9620683705434203,0.9703894518315792,-0.008321081288158894,0.8864919460081637
concept,comforting,discovery,correct,rescue,9,attn_out,1,0.1446455143012296,0.1296990491438183,0.15948831392958618,0.17512035500840284,0.046893271554154126,0.1282270834542487,0.8864919460081637
concept,comforting,discovery,correct,rescue,9,attn_out,0,0.008190302853059746,0.004297934500302102,0.01332817365251842,0.008779887273590248,0.0015192497589850973,0.0072606375146051505,0.8864919460081637
concept,comforting,discovery,correct,induction,9,attn_out,1,0.233143080525857,0.19086445087377832,0.27848166849715245,0.7267057544086128,0.9333852175623178,0.206679463153705,0.8864919460081637
concept,comforting,discovery,correct,induction,9,attn_out,0,0.06589328379912501,0.04497081539685345,0.0905681116134499,0.03608963831629808,0.09450350370025262,0.058413865383954544,0.8864919460081637
concept,comforting,discovery,irrelevant,rescue,9,attn_out,1,-0.0008325048890160158,-0.0022953000218346787,0.0007203358428085994,0.9696514429524541,0.9703894518315792,-0.0007380088791251183,0.8864919460081637
concept,comforting,discovery,correct,rescue,9,mlp_out,1,0.012177104121206834,0.009076728820096355,0.015539389038117243,0.0576881762833068,0.046893271554154126,0.010794904729152677,0.8864919460081637
concept,comforting,discovery,correct,rescue,9,mlp_out,0,0.0003897962380340044,0.00015839456558029908,0.0007017689609679238,0.0018648009845865232,0.0015192497589850973,0.0003455512256014259,0.8864919460081637
concept,comforting,discovery,correct,induction,9,mlp_out,1,0.008047124580826437,0.005714108491654637,0.010674721565950195,0.9262515064328909,0.9333852175623178,0.007133711129426956,0.8864919460081637
concept,comforting,discovery,correct,induction,9,mlp_out,0,0.003622288322501148,0.0010360689065331804,0.006603139509657896,0.09129237427623593,0.09450350370025262,0.00321112942401669,0.8864919460081637
concept,comforting,discovery,irrelevant,rescue,9,mlp_out,1,-4.862882232367656e-05,-0.0011158953495464664,0.001125207437435032,0.9703463427722454,0.9703894518315792,-4.310905933380127e-05,0.8864919460081637
concept,comforting,discovery,correct,rescue,9,block_output,1,0.2502865068043722,0.22516765439727487,0.27565662953589015,0.26877024403074756,0.046893271554154126,0.22187697247659344,0.8864919460081637
concept,comforting,discovery,correct,rescue,9,block_output,0,0.007489426065638419,0.0034293731533955006,0.012818551939493585,0.008158565646397165,0.0015192497589850973,0.006639315887412067,0.8864919460081637
concept,comforting,discovery,correct,induction,9,block_output,1,0.35886508623528757,0.32486459958718816,0.39301682370967883,0.6152542089112103,0.9333852175623178,0.31813100865110755,0.8864919460081637
concept,comforting,discovery,correct,induction,9,block_output,0,0.03854736981703559,0.021070765820538757,0.05984830998345576,0.06033157081765239,0.09450350370025262,0.03417193288260023,0.8864919460081637
concept,comforting,discovery,irrelevant,rescue,9,block_output,1,-0.00798153219139983,-0.014307771689849915,-0.0030114934526689736,0.9633138878270984,0.9703894518315792,-0.007075564004480839,0.8864919460081637
concept,comforting,discovery,random,rescue,5,attn_out,1,0.000734045898676775,0.0005248291356611232,0.0009612070773714447,0.04754399733133141,0.046893271554154126,0.0006507257771772856,0.8864919460081637
concept,comforting,discovery,random,rescue,5,mlp_out,1,0.00031234289344093567,0.0001878262235894719,0.0004431159423473882,0.0471701610135824,0.046893271554154126,0.0002768894594282756,0.8864919460081637
concept,comforting,discovery,random,rescue,5,block_output,1,0.0030297518532740506,0.002153937527308156,0.00399961920400472,0.04957912217048488,0.046893271554154126,0.002685850616330754,0.8864919460081637
concept,comforting,discovery,random,rescue,0,attn_out,1,0.00026188580081255755,0.0001682456672847014,0.0003708160964375134,0.047125431207348356,0.046893271554154126,0.00023215965319423049,0.8864919460081637
concept,comforting,discovery,random,rescue,0,mlp_out,1,0.00011499909577291037,6.168457346515844e-05,0.00017291848855167054,0.04699521732635503,0.046893271554154126,0.0001019457722009065,0.8864919460081637
concept,comforting,discovery,random,rescue,0,block_output,1,0.00026188580081255755,0.0001682456672847014,0.0003708160964375134,0.047125431207348356,0.046893271554154126,0.00023215965319423049,0.8864919460081637
concept,comforting,discovery,random,rescue,8,attn_out,1,0.0030322474905194814,0.0014549715500214628,0.004715923747920764,0.04958133453280311,0.046893271554154126,0.0026880629786489862,0.8864919460081637
concept,comforting,discovery,random,rescue,8,mlp_out,1,0.0024601904119871633,0.00161619321354478,0.0034000972973738924,0.04907421054002725,0.046893271554154126,0.0021809389858731265,0.8864919460081637
concept,comforting,discovery,random,rescue,8,block_output,1,0.018816703854999672,0.014392307366702025,0.023636111980440733,0.0635741279720321,0.046893271554154126,0.016680856417877976,0.8864919460081637
concept,comforting,discovery,random,rescue,3,attn_out,1,0.0002644910948824294,0.00012324117629110127,0.00042289975750223186,0.04712774077955828,0.046893271554154126,0.0002344692254041547,0.8864919460081637
concept,comforting,discovery,random,rescue,3,mlp_out,1,7.237800086148465e-05,9.33804950254765e-06,0.00015568200048691238,0.046957434068986004,0.046893271554154126,6.416251483187807e-05,0.8864919460081637
concept,comforting,discovery,random,rescue,3,block_output,1,0.0006234705106747132,0.00038924240810742376,0.0008967341568444434,0.047445973140440856,0.046893271554154126,0.0005527015862867302,0.8864919460081637
concept,confused,validation,correct,rescue,12,attn_out,1,0.38132169718386993,0.36763241107763156,0.39555309361270885,0.49780305777676404,0.24052218964789063,0.2572808681288734,0.6747081795474514
concept,confused,validation,correct,rescue,12,attn_out,0,0.1315902455120906,0.11408985379343023,0.14918848814365984,0.17821520045981742,0.0894301854641526,0.08878501499566482,0.6747081795474514
concept,confused,validation,correct,induction,12,attn_out,1,0.18772510570476678,0.1737259325622559,0.2026452339838832,0.788570704869926,0.9152303691953421,0.1266596643254161,0.6747081795474514
concept,confused,validation,correct,induction,12,attn_out,0,0.19316343359887914,0.16970552158947058,0.2170911413260871,0.2631263076327741,0.39345525627140887,0.13032894863863476,0.6747081795474514
concept,confused,validation,irrelevant,rescue,12,attn_out,1,-0.013721487986606115,-0.016362091942944797,-0.01125922340927038,0.9305177656933665,0.9397757658734918,-0.009258000180125237,0.6747081795474514
concept,confused,validation,correct,rescue,12,mlp_out,1,0.08302645498386552,0.07638302035423358,0.08976258178494338,0.29654081794433296,0.24052218964789063,0.05601862829644233,0.6747081795474514
concept,confused,validation,correct,rescue,12,mlp_out,0,0.0040479092072800696,-0.0015459022081192031,0.009932796964185552,0.0921613429163699,0.0894301854641526,0.002731157452217303,0.6747081795474514
concept,confused,validation,correct,induction,12,mlp_out,1,0.0280012271741233,0.02326827676428649,0.03319842152030339,0.8963377121835947,0.9152303691953421,0.01889265701174736,0.6747081795474514
concept,confused,validation,correct,induction,12,mlp_out,0,0.01691639395592359,0.004689443164740879,0.02958680048070902,0.38204162690090016,0.39345525627140887,0.011413629370508716,0.6747081795474514
concept,confused,validation,irrelevant,rescue,12,mlp_out,1,-0.012308564400528403,-0.014874811842756588,-0.009930873392308866,0.9314710767939687,0.9397757658734918,-0.008304689079523087,0.6747081795474514
concept,confused,validation,correct,rescue,12,block_output,1,1.0,1.0,1.0,0.9152303691953421,0.24052218964789063,0.6747081795474514,0.6747081795474514
concept,confused,validation,correct,rescue,12,block_output,0,0.4506023196742267,0.3844012877985116,0.5186568733154688,0.39345525627140887,0.0894301854641526,0.30402507080725627,0.6747081795474514
concept,confused,validation,correct,induction,12,block_output,1,1.0,1.0,1.0,0.24052218964789063,0.9152303691953421,0.6747081795474514,0.6747081795474514
concept,confused,validation,correct,induction,12,block_output,0,0.4506023196742267,0.3844012877985116,0.5186568733154688,0.0894301854641526,0.39345525627140887,0.30402507080725627,0.6747081795474514
concept,confused,validation,irrelevant,rescue,12,block_output,1,-0.036379278363889246,-0.047362741198073544,-0.026602825550957193,0.9152303691953421,0.9397757658734918,-0.0245453966781497,0.6747081795474514
concept,confused,validation,correct,rescue,11,attn_out,1,0.42176339450150796,0.40625431439381404,0.43757669552365763,0.5250894017517567,0.24052218964789063,0.28456721210386604,0.6747081795474514
concept,confused,validation,correct,rescue,11,attn_out,0,0.15026539456288765,0.12877803763637785,0.1719732741138448,0.19081547627865802,0.0894301854641526,0.10138529081450542,0.6747081795474514
concept,confused,validation,correct,induction,11,attn_out,1,0.2459282560711656,0.2305604908363227,0.2615250686455206,0.7493005632422864,0.9152303691953421,0.16592980595305562,0.6747081795474514
concept,confused,validation,correct,induction,11,attn_out,0,0.2117385354229493,0.18340419452753878,0.24105776872140067,0.2505935344961472,0.39345525627140887,0.14286172177526169,0.6747081795474514
concept,confused,validation,irrelevant,rescue,11,attn_out,1,-0.06020485054747746,-0.06934535858614119,-0.0522077033475236,0.8991550607606769,0.9397757658734918,-0.0406207051128149,0.6747081795474514
concept,confused,validation,correct,rescue,11,mlp_out,1,0.07740605177387701,0.0694340102351703,0.0853208169466483,0.29274868592619896,0.24052218964789063,0.05222649627830833,0.6747081795474514
concept,confused,validation,correct,rescue,11,mlp_out,0,0.0028862991110985606,-0.000833616019693558,0.006768980364568022,0.09137759508303134,0.0894301854641526,0.001947409618878737,0.6747081795474514
concept,confused,validation,correct,induction,11,mlp_out,1,0.02008362914793273,0.016706699676333613,0.02336602492573919,0.9016797803342342,0.9152303691953421,0.013550588861107826,0.6747081795474514
concept,confused,validation,correct,induction,11,mlp_out,0,-0.028678704672739162,-0.03988386429050372,-0.018580252228307344,0.4128050128929317,0.39345525627140887,-0.01934975662152283,0.6747081795474514
concept,confused,validation,irrelevant,rescue,11,mlp_out,1,-0.046078846048366415,-0.05348927260736793,-0.03929324270144657,0.9086859915405512,0.9397757658734918,-0.03108977433294058,0.6747081795474514
concept,confused,validation,correct,rescue,11,block_output,1,0.8322170157524693,0.8178424045937152,0.8456704242151906,0.802025817334652,0.24052218964789063,0.5615036276867613,0.6747081795474514
concept,confused,validation,correct,rescue,11,block_output,0,0.2767115689045074,0.22805965018609747,0.3283847487775231,0.27612974437943194,0.0894301854641526,0.18669955891527934,0.6747081795474514
concept,confused,validation,correct,induction,11,block_output,1,0.707639324488599,0.694565085379706,0.7203656006590186,0.4377803287934512,0.9152303691953421,0.4774500404018909,0.6747081795474514
concept,confused,validation,correct,induction,11,block_output,0,0.33463725387783594,0.28068451254132926,0.3923941356167031,0.16767276389873587,0.39345525627140887,0.225782492372673,0.6747081795474514
concept,confused,validation,irrelevant,rescue,11,block_output,1,-0.03734498342785006,-0.047435904663116424,-0.02837990513632706,0.9145788000896573,0.9397757658734918,-0.025196965783834457,0.6747081795474514
concept,confused,validation,correct,rescue,10,attn_out,1,0.06506598435777221,0.05987581645864231,0.0704956416698334,0.28442274150438607,0.24052218964789063,0.04390055185649544,0.6747081795474514
concept,confused,validation,correct,rescue,10,attn_out,0,0.014620968770920142,0.011021569209413506,0.018634204680693947,0.09929507268680027,0.0894301854641526,0.009864887222647667,0.6747081795474514
concept,confused,validation,correct,induction,10,attn_out,1,0.017867758429021875,0.014973948324647591,0.020787269294052342,0.9031748464331031,0.9152303691953421,0.01205552276223898,0.6747081795474514
concept,confused,validation,correct,induction,10,attn_out,0,0.015662186942119235,0.007797329660434484,0.023582675615207604,0.38288785063195974,0.39345525627140887,0.010567405639449134,0.6747081795474514
concept,confused,validation,irrelevant,rescue,10,attn_out,1,0.0033495030644647176,0.001323382378515257,0.005496137093587651,0.9420357029885054,0.9397757658734918,0.0022599371150135994,0.6747081795474514
concept,confused,validation,correct,rescue,10,mlp_out,1,0.04165226447121449,0.03543024330199183,0.048016007369526964,0.26862531318329275,0.24052218964789063,0.02810312353540212,0.6747081795474514
concept,confused,validation,correct,rescue,10,mlp_out,0,0.01440162887183869,0.01139085989940924,0.017415865454315272,0.0991470822627889,0.0894301854641526,0.009716896798636299,0.6747081795474514
concept,confused,validation,correct,induction,10,mlp_out,1,0.016433753003249195,0.013801111692610767,0.01918092837820979,0.9041423816233873,0.9152303691953421,0.011087987571954727,0.6747081795474514
concept,confused,validation,correct,induction,10,mlp_out,0,0.021662507475321186,0.01562072576417424,0.028074866575288637,0.37883938528830186,0.39345525627140887,0.014615870983107015,0.6747081795474514
concept,confused,validation,irrelevant,rescue,10,mlp_out,1,0.007490584831740466,0.006268811994267727,0.008786610308353425,0.9448297247290611,0.9397757658734918,0.005053958855569363,0.6747081795474514
concept,confused,validation,correct,rescue,10,block_output,1,0.43664930939286883,0.41623534512425947,0.45688387826973087,0.535133050289005,0.24052218964789063,0.2946108606411144,0.6747081795474514
concept,confused,validation,correct,rescue,10,block_output,0,0.09600791489697155,0.0755160828845903,0.11744325821690794,0.15420751094643492,0.0894301854641526,0.06477732548228232,0.6747081795474514
concept,confused,validation,correct,induction,10,block_output,1,0.32034888872494854,0.30246753130549753,0.3378872599965503,0.6990883536636829,0.9152303691953421,0.21614201553165913,0.6747081795474514
concept,confused,validation,correct,induction,10,block_output,0,0.13859620592682556,0.10744157453625126,0.1718103525841468,0.2999432624783367,0.39345525627140887,0.09351199379307218,0.6747081795474514
concept,confused,validation,irrelevant,rescue,10,block_output,1,0.022334445780256635,0.01866280234891311,0.026009795460312655,0.95484499912709,0.9397757658734918,0.015069233253598213,0.6747081795474514
concept,confused,validation,correct,rescue,9,attn_out,1,0.013959996916893097,0.011389957860018984,0.016428094569395153,0.2499411137541756,0.24052218964789063,0.009418924106284976,0.6747081795474514
concept,confused,validation,correct,rescue,9,attn_out,0,0.0006186455648330652,-0.0005871083527302557,0.0018166698297744576,0.08984759068698622,0.0894301854641526,0.00041740522283362225,0.6747081795474514
concept,confused,validation,correct,induction,9,attn_out,1,0.013334186998534862,0.01136921723055861,0.015404865074047586,0.9062336841598153,0.9152303691953421,0.008996685035526752,0.6747081795474514
concept,confused,validation,correct,induction,9,attn_out,0,0.00580858900523903,0.0029812794580880817,0.008828285772264433,0.3895361537579447,0.39345525627140887,0.003919102513464168,0.6747081795474514
concept,confused,validation,irrelevant,rescue,9,attn_out,1,0.00302413075693525,0.001198666640318899,0.004753013734152702,0.941816171631217,0.9397757658734918,0.002040405757725239,0.6747081795474514
concept,confused,validation,correct,rescue,9,mlp_out,1,0.01394642909733887,0.010607415237788393,0.01719500788217722,0.24993195943534374,0.24052218964789063,0.009409769787453115,0.6747081795474514
concept,confused,validation,correct,rescue,9,mlp_out,0,0.005063720834044792,0.003051908457364865,0.0070692705944451015,0.09284671932982747,0.0894301854641526,0.0034165338656748645,0.6747081795474514
concept,confused,validation,correct,induction,9,mlp_out,1,0.004041776405318373,0.002295992414429255,0.00580784799393701,0.9125033495947719,0.9152303691953421,0.002727019600570202,0.6747081795474514
concept,confused,validation,correct,induction,9,mlp_out,0,-0.006411996147492909,-0.0114534549402433,-0.0019300420139345715,0.3977814825193491,0.39345525627140887,-0.0043262262479402125,0.6747081795474514
concept,confused,validation,irrelevant,rescue,9,mlp_out,1,0.004053137933670974,0.002647678264509734,0.005521803157823091,0.9425104511901736,0.9397757658734918,0.002734685316681862,0.6747081795474514
concept,confused,validation,correct,rescue,9,block_output,1,0.3054992750623514,0.28811711393053646,0.3229293076317439,0.44664504937827587,0.24052218964789063,0.20612285973038524,0.6747081795474514
concept,confused,validation,correct,rescue,9,block_output,0,0.06441651148315966,0.048656952723295566,0.0803172794855424,0.13289253265975276,0.0894301854641526,0.04346234719560016,0.6747081795474514
concept,confused,validation,correct,induction,9,block_output,1,0.2622582272896112,0.24612206067135725,0.278894575570958,0.7382825980894268,0.9152303691953421,0.1769477711059153,0.6747081795474514
concept,confused,validation,correct,induction,9,block_output,0,0.11222855548537963,0.08691755485747375,0.13887328988216127,0.31773373190662824,0.39345525627140887,0.07572152436478063,0.6747081795474514
concept,confused,validation,irrelevant,rescue,9,block_output,1,0.02709014054235591,0.023562537109582025,0.030633656440224522,0.9580537052825093,0.9397757658734918,0.018277939409017563,0.6747081795474514
concept,finnish,validation,correct,rescue,12,attn_out,1,0.12624932035460587,0.10701698012619269,0.1458816635490031,0.31159846454670515,0.23286299481755535,0.0787354697291498,0.6236506423004862
concept,finnish,validation,correct,rescue,12,attn_out,0,0.005218258346760446,0.003354173492153208,0.007509790191307694,0.015004131746366056,0.011749761576719031,0.003254370169647025,0.6236506423004862
concept,finnish,validation,correct,induction,12,attn_out,1,0.1514599980488764,0.12732903820374875,0.17853922391754037,0.7620555120520294,0.8565136371180415,0.09445812506601214,0.6236506423004862
concept,finnish,validation,correct,induction,12,attn_out,0,0.04292650239817362,0.03359409246976078,0.05309045582536831,0.045303840555789066,0.0720749813481234,0.026771140792334336,0.6236506423004862
concept,finnish,validation,irrelevant,rescue,12,attn_out,1,0.03737434336290557,0.030396288597643685,0.044952297729666864,0.7306674625724554,0.7073589293286204,0.023308533243834972,0.6236506423004862
concept,finnish,validation,correct,rescue,12,mlp_out,1,0.3743160533642884,0.33719235828951594,0.41076936223272537,0.46630544192157686,0.23286299481755535,0.2334424471040215,0.6236506423004862
concept,finnish,validation,correct,rescue,12,mlp_out,0,0.006956285886408374,0.004340312214117105,0.01016310025080013,0.01608805373780342,0.011749761576719031,0.004338292161084389,0.6236506423004862
concept,finnish,validation,correct,induction,12,mlp_out,1,0.35012045525333496,0.317320379968471,0.38546272740687576,0.6381607903167605,0.8565136371180415,0.21835284680128098,0.6236506423004862
concept,finnish,validation,correct,induction,12,mlp_out,0,0.05636992194703906,0.04142110131211699,0.07390216007532413,0.03691984331942422,0.0720749813481234,0.035155138028699184,0.6236506423004862
concept,finnish,validation,irrelevant,rescue,12,mlp_out,1,0.07194579543844137,0.06099934270664078,0.08328693236510627,0.7522279708646238,0.7073589293286204,0.04486904153600335,0.6236506423004862
concept,finnish,validation,correct,rescue,12,block_output,1,1.0,1.0,1.0,0.8565136371180415,0.23286299481755535,0.6236506423004862,0.6236506423004862
concept,finnish,validation,correct,rescue,12,block_output,0,0.09672918727202816,0.07240173056246552,0.1250639308140015,0.0720749813481234,0.011749761576719031,0.06032521977140437,0.6236506423004862
concept,finnish,validation,correct,induction,12,block_output,1,1.0,1.0,1.0,0.23286299481755535,0.8565136371180415,0.6236506423004862,0.6236506423004862
concept,finnish,validation,correct,induction,12,block_output,0,0.09672918727202816,0.07240173056246552,0.1250639308140015,0.011749761576719031,0.0720749813481234,0.06032521977140437,0.6236506423004862
concept,finnish,validation,irrelevant,rescue,12,block_output,1,0.23916388066117897,0.2136548489230453,0.2672116876562403,0.8565136371180415,0.7073589293286204,0.14915470778942108,0.6236506423004862
concept,finnish,validation,correct,rescue,11,attn_out,1,0.7051766633697505,0.6705088742010472,0.7373411049620113,0.6726468738634139,0.23286299481755535,0.4397838790458586,0.6236506423004862
concept,finnish,validation,correct,rescue,11,attn_out,0,0.04540749879334382,0.03341666135957003,0.05887108845635373,0.040068177364446456,0.011749761576719031,0.028318415787727425,0.6236506423004862
concept,finnish,validation,correct,induction,11,attn_out,1,0.6664213849017383,0.6254735939838685,0.7077594286065522,0.4408995123812929,0.8565136371180415,0.41561412473674864,0.6236506423004862
concept,finnish,validation,correct,induction,11,attn_out,0,0.08048054011828264,0.06094973548032903,0.10261134952566617,0.021883240810666393,0.0720749813481234,0.05019174053745701,0.6236506423004862
concept,finnish,validation,irrelevant,rescue,11,attn_out,1,0.10036305292436933,0.08262498646380588,0.11870187272110881,0.769950411748141,0.7073589293286204,0.06259148241952062,0.6236506423004862
concept,finnish,validation,correct,rescue,11,mlp_out,1,0.5026065386690932,0.4643508483166466,0.5390342424429966,0.5463138854829594,0.23286299481755535,0.3134508906654041,0.6236506423004862
concept,finnish,validation,correct,rescue,11,mlp_out,0,0.013303213598391756,0.008928315574878836,0.01844870963768528,0.02004631928201661,0.011749761576719031,0.00829655770529758,0.6236506423004862
concept,finnish,validation,correct,induction,11,mlp_out,1,0.44646953180190546,0.4097605479797842,0.4851039307896858,0.5780726268421859,0.8565136371180415,0.27844101027585566,0.6236506423004862
concept,finnish,validation,correct,induction,11,mlp_out,0,0.06386151944842282,0.047177755983624434,0.08307154737046542,0.032247703725829524,0.0720749813481234,0.03982727762229388,0.6236506423004862
concept,finnish,validation,irrelevant,rescue,11,mlp_out,1,0.07404907177572924,0.0620744302318886,0.08621038378348424,0.7535396805033088,0.7073589293286204,0.04618075117468834,0.6236506423004862
concept,finnish,validation,correct,rescue,11,block_output,1,0.9586163525494449,0.9470638603941721,0.9682367646156695,0.8307046988047659,0.23286299481755535,0.5978417039872106,0.6236506423004862
concept,finnish,validation,correct,rescue,11,block_output,0,0.08316485582396858,0.06128290249124142,0.10853633862685906,0.06361557732816436,0.011749761576719031,0.05186581575144533,0.6236506423004862
concept,finnish,validation,correct,induction,11,block_output,1,0.9677398512405041,0.9582760847330515,0.9757447687726534,0.2529820573121242,0.8565136371180415,0.6035315798059173,0.6236506423004862
concept,finnish,validation,correct,induction,11,block_output,0,0.09586821794982009,0.07165611188664608,0.1241171731604469,0.012286705647515106,0.0720749813481234,0.059788275700608295,0.6236506423004862
concept,finnish,validation,irrelevant,rescue,11,block_output,1,0.22617142220335854,0.20177320148462324,0.25276047226796616,0.8484108820557594,0.7073589293286204,0.141051952727139,0.6236506423004862
concept,finnish,validation,correct,rescue,10,attn_out,1,0.04321706298770773,0.034037513783473146,0.0533411817108032,0.25981534390817984,0.23286299481755535,0.026952349090624494,0.6236506423004862
concept,finnish,validation,correct,rescue,10,attn_out,0,-0.001531775924487373,-0.004343364946013525,0.0004862598682631008,0.01079446853755206,0.011749761576719031,-0.0009552930391669712,0.6236506423004862
concept,finnish,validation,correct,induction,10,attn_out,1,0.012399027462626708,0.0067122694944602235,0.018266427615637605,0.848780975677073,0.8565136371180415,0.0077326614409685135,0.6236506423004862
concept,finnish,validation,correct,induction,10,attn_out,0,0.011456229093165578,0.008467151973901103,0.014871527317004472,0.06493029671582917,0.0720749813481234,0.007144684632294229,0.6236506423004862
concept,finnish,validation,irrelevant,rescue,10,attn_out,1,0.017144454934886387,0.011341741918853869,0.023789347278251077,0.7180510796606541,0.7073589293286204,0.010692150332033634,0.6236506423004862
concept,finnish,validation,correct,rescue,10,mlp_out,1,0.0034270231975663183,0.0008583012098289635,0.005984755981642848,0.23500026003589625,0.23286299481755535,0.0021372652183409002,0.6236506423004862
concept,finnish,validation,correct,rescue,10,mlp_out,0,-0.0012537385315643304,-0.004876260036465437,0.0013940477142460868,0.010967866736232068,0.011749761576719031,-0.000781894840486963,0.6236506423004862
concept,finnish,validation,correct,induction,10,mlp_out,1,0.014505886323053262,0.01052979851117527,0.020056026771597298,0.8474670317955315,0.8565136371180415,0.009046605322510004,0.6236506423004862
concept,finnish,validation,correct,induction,10,mlp_out,0,-0.0015523369607990322,-0.004557006770727444,0.0012125808945241373,0.0730430972907925,0.0720749813481234,-0.0009681159426691011,0.6236506423004862
concept,finnish,validation,irrelevant,rescue,10,mlp_out,1,0.01796445998517471,0.012929345266299554,0.024113502704984573,0.718562476336956,0.7073589293286204,0.01120354700833559,0.6236506423004862
concept,finnish,validation,correct,rescue,10,block_output,1,0.24636181903886,0.2121360305811632,0.2807889995636102,0.38650670149945654,0.23286299481755535,0.1536437066819012,0.6236506423004862
concept,finnish,validation,correct,rescue,10,block_output,0,0.006745042949924582,0.0022908043473739083,0.012800574310210153,0.015956311944783863,0.011749761576719031,0.004206550368064832,0.6236506423004862
concept,finnish,validation,correct,induction,10,block_output,1,0.2699215968549319,0.23714057481975664,0.30555449445657157,0.6881768598686904,0.8565136371180415,0.16833677724935114,0.6236506423004862
concept,finnish,validation,correct,induction,10,block_output,0,0.04370982289604061,0.028052211170728394,0.06304211785978368,0.044815322224167176,0.0720749813481234,0.027259659123956226,0.6236506423004862
concept,finnish,validation,irrelevant,rescue,10,block_output,1,0.16301143996106948,0.14002426723604341,0.1874420835934699,0.8090211185626686,0.7073589293286204,0.10166218923404813,0.6236506423004862
concept,finnish,validation,correct,rescue,9,attn_out,1,0.019625756238710924,0.015365052976408599,0.024208854783354324,0.2451026103014602,0.23286299481755535,0.012239615483904842,0.6236506423004862
concept,finnish,validation,correct,rescue,9,attn_out,0,0.0011469824728099016,7.417063910591713e-05,0.0023909883964086825,0.012465077932594326,0.011749761576719031,0.0007153163558752951,0.6236506423004862
concept,finnish,validation,correct,induction,9,attn_out,1,0.007742809893877175,0.0017989516484995729,0.012594966260927692,0.8516848287545145,0.8565136371180415,0.0048288083635270596,0.6236506423004862
concept,finnish,validation,correct,induction,9,attn_out,0,0.008747048601667202,0.006857734368169219,0.010788404112554708,0.06661987886946008,0.0720749813481234,0.005455102478663321,0.6236506423004862
concept,finnish,validation,irrelevant,rescue,9,attn_out,1,0.02782490916237891,0.02108369003584618,0.035626858154429175,0.7247119517996907,0.7073589293286204,0.01735302247107029,0.6236506423004862
concept,finnish,validation,correct,rescue,9,mlp_out,1,0.011785476146662817,0.00756325880905884,0.016204227796483464,0.24021301458623867,0.23286299481755535,0.007350019768683325,0.6236506423004862
concept,finnish,validation,correct,rescue,9,mlp_out,0,0.00020673214434496908,-0.00018126910715812405,0.0006875302363768427,0.011878690211323928,0.011749761576719031,0.00012892863460489679,0.6236506423004862
concept,finnish,validation,correct,induction,9,mlp_out,1,-0.007428819436852058,-0.014162473431513516,-0.0013224328005596337,0.8611466251313686,0.8565136371180415,-0.004632988013327122,0.6236506423004862
concept,finnish,validation,correct,induction,9,mlp_out,0,0.0002965509793404175,-0.0015268613689079725,0.00204025068777999,0.07189003713938291,0.0720749813481234,0.00018494420874048956,0.6236506423004862
concept,finnish,validation,irrelevant,rescue,9,mlp_out,1,0.03311340323826265,0.024809597516217547,0.042372871459724355,0.7280101245269179,0.7073589293286204,0.0206511951982975,0.6236506423004862
concept,finnish,validation,correct,rescue,9,block_output,1,0.16396857173986903,0.13731781260773535,0.19079170927604297,0.335122099900218,0.23286299481755535,0.10225910508266267,0.6236506423004862
concept,finnish,validation,correct,rescue,9,block_output,0,0.004871193644411009,0.001860889139262846,0.008637748840820317,0.014787684621826003,0.011749761576719031,0.0030379230451069716,0.6236506423004862
concept,finnish,validation,correct,induction,9,block_output,1,0.2071538594561392,0.1776265688257766,0.23953967494802844,0.7273219996131957,0.8565136371180415,0.12919163750484586,0.6236506423004862
concept,finnish,validation,correct,induction,9,block_output,0,0.03469091293459468,0.019407595585018776,0.05245502716531752,0.05043997121447319,0.0720749813481234,0.021635010133650212,0.6236506423004862
concept,finnish,validation,irrelevant,rescue,9,block_output,1,0.15200354177469422,0.13088701753797075,0.1739363058988666,0.8021560357883573,0.7073589293286204,0.09479710645973682,0.6236506423004862
concept,german,discovery,correct,rescue,12,attn_out,1,0.07502780248471856,0.06105746904252233,0.09052922825234949,0.14759346745631774,0.09901346686183388,0.04858000059448386,0.647493315619613
concept,german,discovery,correct,rescue,12,attn_out,0,0.003105026089872636,0.0017609487477306387,0.004948966711647249,0.00652087308108662,0.0045103894430695846,0.0020104836380170354,0.647493315619613
concept,german,discovery,correct,induction,12,attn_out,1,0.21625668276292265,0.19432035950374735,0.2390937909224882,0.6064820259343833,0.7465067824814469,0.1400247565470636,0.647493315619613
concept,german,discovery,correct,induction,12,attn_out,0,0.01846509193092696,0.01460589235798427,0.023064072033797633,0.02175706548450762,0.03371308908208448,0.01195602359757686,0.647493315619613
concept,german,discovery,irrelevant,rescue,12,attn_out,1,0.0986666225627644,0.0810491511786044,0.11964845374254424,0.19231830904118397,0.12843233045703073,0.06388597858415324,0.647493315619613
concept,german,discovery,correct,rescue,12,mlp_out,1,0.10672026603047148,0.0871247885941102,0.12814163938651238,0.168114125757711,0.09901346686183388,0.06910065889587713,0.647493315619613
concept,german,discovery,correct,rescue,12,mlp_out,0,0.001030784701274739,0.0003925525981589676,0.002051185966494227,0.005177815646987938,0.0045103894430695846,0.0006674262039183532,0.647493315619613
concept,german,discovery,correct,induction,12,mlp_out,1,0.3412937244796434,0.30721541330292285,0.3761606819986389,0.5255213772179559,0.7465067824814469,0.22098540526349097,0.647493315619613
concept,german,discovery,correct,induction,12,mlp_out,0,0.014457999747567458,0.010229802434062506,0.01971184166750368,0.0243516308883045,0.03371308908208448,0.009361458193779981,0.647493315619613
concept,german,discovery,irrelevant,rescue,12,mlp_out,1,0.1351666581124609,0.11651710306079799,0.15453480167778286,0.2159518380794907,0.12843233045703073,0.08751950762245997,0.647493315619613
concept,german,discovery,correct,rescue,12,block_output,1,1.0,1.0,1.0,0.7465067824814469,0.09901346686183388,0.647493315619613,0.647493315619613
concept,german,discovery,correct,rescue,12,block_output,0,0.045101160019033755,0.03351115665354123,0.059018641109474905,0.03371308908208448,0.0045103894430695846,0.029202699639014895,0.647493315619613
concept,german,discovery,correct,induction,12,block_output,1,1.0,1.0,1.0,0.09901346686183388,0.7465067824814469,0.647493315619613,0.647493315619613
concept,german,discovery,correct,induction,12,block_output,0,0.045101160019033755,0.03351115665354123,0.059018641109474905,0.0045103894430695846,0.03371308908208448,0.029202699639014895,0.647493315619613
concept,german,discovery,irrelevant,rescue,12,block_output,1,0.9545649925867655,0.9379306446850598,0.9687957812452442,0.7465067824814469,0.12843233045703073,0.6180744520244161,0.647493315619613
concept,german,discovery,correct,rescue,11,attn_out,1,0.5878432191672991,0.5505544744651005,0.6220450269555856,0.4796380219049752,0.09901346686183388,0.3806245550431413,0.647493315619613
concept,german,discovery,correct,rescue,11,attn_out,0,0.020597072008222268,0.01378060733981447,0.029035537506656297,0.01784685588972934,0.0045103894430695846,0.013336466446659756,0.647493315619613
concept,german,discovery,correct,induction,11,attn_out,1,0.8226607481619891,0.7869739633996081,0.8554997887913304,0.2138394470239291,0.7465067824814469,0.5326673354575178,0.647493315619613
concept,german,discovery,correct,induction,11,attn_out,0,0.036570427391277034,0.02755266310655558,0.04732225807477649,0.010033981796880198,0.03371308908208448,0.02367910728520428,0.647493315619613
concept,german,discovery,irrelevant,rescue,11,attn_out,1,0.5659597466246001,0.5403043328557796,0.5914438132103811,0.4948874833062291,0.12843233045703073,0.3664551528491984,0.647493315619613
concept,german,discovery,correct,rescue,11,mlp_out,1,0.20885002271068326,0.18124232231191162,0.23763548604242188,0.23424246053400566,0.09901346686183388,0.13522899367217178,0.647493315619613
concept,german,discovery,correct,rescue,11,mlp_out,0,0.003489995156480119,0.0018544164863372522,0.005931551963592761,0.006770137978435287,0.0045103894430695846,0.002259748535365702,0.647493315619613
concept,german,discovery,correct,induction,11,mlp_out,1,0.4497130120592471,0.4088448563362726,0.4911240423367824,0.455320613225922,0.7465067824814469,0.2911861692555249,0.647493315619613
concept,german,discovery,correct,induction,11,mlp_out,0,0.021671624645022876,0.016253151746396993,0.028193804364755843,0.0196808569858149,0.03371308908208448,0.014032232096269581,0.647493315619613
concept,german,discovery,irrelevant,rescue,11,mlp_out,1,0.17564961966655687,0.15406465147953446,0.19743496466332094,0.24216428508225363,0.12843233045703073,0.1137319546252229,0.647493315619613
concept,german,discovery,correct,rescue,11,block_output,1,0.9337040339888457,0.9235741879604762,0.9428714061082433,0.7035805876366794,0.09901346686183388,0.6045671207748455,0.647493315619613
concept,german,discovery,correct,rescue,11,block_output,0,0.03850536514068796,0.028416637613410265,0.05058585146907489,0.029442355987157498,0.0045103894430695846,0.024931966544087913,0.647493315619613
concept,german,discovery,correct,induction,11,block_output,1,0.9748304051890284,0.9620267711090712,0.9844430629767288,0.11531061125879205,0.7465067824814469,0.6311961712226548,0.647493315619613
concept,german,discovery,correct,induction,11,block_output,0,0.04412787988311607,0.032925637945798,0.05747389800578258,0.005140581825301638,0.03371308908208448,0.028572507256782842,0.647493315619613
concept,german,discovery,irrelevant,rescue,11,block_output,1,0.8512623557752916,0.8333696667853456,0.8679658358196443,0.6796190156601369,0.12843233045703073,0.5511866852031062,0.647493315619613
concept,german,discovery,correct,rescue,10,attn_out,1,0.009553082600734045,0.00700607053858219,0.012005879786911453,0.1051990239893712,0.09901346686183388,0.006185557127537322,0.647493315619613
concept,german,discovery,correct,rescue,10,attn_out,0,0.0007293426519015398,0.00037447970910537624,0.0011823254291957884,0.004982633934972114,0.0045103894430695846,0.00047224449190252926,0.647493315619613
concept,german,discovery,correct,induction,10,attn_out,1,0.02746339040626244,0.021252632855669584,0.03426040707315779,0.7287244207691401,0.7465067824814469,0.017782361712306738,0.647493315619613
concept,german,discovery,correct,induction,10,attn_out,0,0.004473200789223756,0.003374316503255042,0.005773209194952074,0.03081672147163772,0.03371308908208448,0.0028963676104467595,0.647493315619613
concept,german,discovery,irrelevant,rescue,10,attn_out,1,0.019625431067423454,0.014831232037924887,0.024211187286124133,0.1411396658893409,0.12843233045703073,0.012707335432310174,0.647493315619613
concept,german,discovery,correct,rescue,10,mlp_out,1,-0.012136643653833375,-0.017518377848412505,-0.007882769506197256,0.09115507122191957,0.09901346686183388,-0.007858395639914306,0.647493315619613
concept,german,discovery,correct,rescue,10,mlp_out,0,-0.0002912366331738992,-0.0005320052014831985,-0.00010314166666060491,0.004321815669825924,0.0045103894430695846,-0.00018857377324366098,0.647493315619613
concept,german,discovery,correct,induction,10,mlp_out,1,-0.021344547632744928,-0.027275904303259758,-0.015717054313185742,0.7603272343985736,0.7465067824814469,-0.013820451917126775,0.647493315619613
concept,german,discovery,correct,induction,10,mlp_out,0,-0.001732961195142109,-0.0025760562677134423,-0.0009764968234611367,0.03483516987216717,0.03371308908208448,-0.0011220807900826912,0.647493315619613
concept,german,discovery,irrelevant,rescue,10,mlp_out,1,-0.004232710475130713,-0.007751798789267906,-0.0016647727125551038,0.12569167871743048,0.12843233045703073,-0.0027406517396002528,0.647493315619613
concept,german,discovery,correct,rescue,10,block_output,1,0.10437003289003689,0.08336024005688013,0.12696556048897292,0.16659236550913192,0.09901346686183388,0.06757889864729805,0.647493315619613
concept,german,discovery,correct,rescue,10,block_output,0,0.004039447029881754,0.0016245705494969183,0.007954849188065471,0.007125904393717519,0.0045103894430695846,0.0026155149506479347,0.647493315619613
concept,german,discovery,correct,induction,10,block_output,1,0.3606959027792183,0.32829442272336035,0.3956189635077898,0.5129585964605212,0.7465067824814469,0.23354818602092564,0.647493315619613
concept,german,discovery,correct,induction,10,block_output,0,0.02183448158881223,0.01657189470699885,0.028353271633191915,0.019575408203309053,0.03371308908208448,0.014137680878775427,0.647493315619613
concept,german,discovery,irrelevant,rescue,10,block_output,1,0.10628797699307618,0.08983828031978879,0.12371133731522999,0.19725308509077877,0.12843233045703073,0.06882075463374804,0.647493315619613
concept,german,discovery,correct,rescue,9,attn_out,1,0.01521753322412651,0.011831544949314045,0.018868264502450646,0.10886671790467517,0.09901346686183388,0.009853251042841293,0.647493315619613
concept,german,discovery,correct,rescue,9,attn_out,0,0.0011051920280856539,0.0006359212074551486,0.0016956052053905986,0.005225993893731129,0.0045103894430695846,0.0007156044506615444,0.647493315619613
concept,german,discovery,correct,induction,9,attn_out,1,0.039801719161693686,0.03372521603567997,0.046425766644734426,0.7207354353740811,0.7465067824814469,0.025771347107365727,0.647493315619613
concept,german,discovery,correct,induction,9,attn_out,0,0.006396268540893301,0.00507773707497241,0.007963828420298911,0.029571547956948052,0.03371308908208448,0.004141541125136428,0.647493315619613
concept,german,discovery,irrelevant,rescue,9,attn_out,1,0.0337018608145386,0.027612750979858228,0.04027316248630845,0.15025406005838704,0.12843233045703073,0.02182172960135631,0.647493315619613
concept,german,discovery,correct,rescue,9,mlp_out,1,0.0041565251417412085,0.0023120270090460885,0.00631894410863993,0.10170478910731617,0.09901346686183388,0.002691322245482297,0.647493315619613
concept,german,discovery,correct,rescue,9,mlp_out,0,0.00012437263194740224,-9.695289861823427e-05,0.0004795441452234243,0.004590919890901546,0.0045103894430695846,8.053044783196128e-05,0.647493315619613
concept,german,discovery,correct,induction,9,mlp_out,1,0.013931455529649318,0.01069603761682588,0.017625651600933535,0.737486258149147,0.7465067824814469,0.009020524332299829,0.647493315619613
concept,german,discovery,correct,induction,9,mlp_out,0,-0.0005551142810021255,-0.0013798335755350955,0.00014691582718248864,0.034072521868438344,0.03371308908208448,-0.0003594327863538638,0.647493315619613
concept,german,discovery,irrelevant,rescue,9,mlp_out,1,0.017557995528225435,0.014592580369460376,0.020724989379458977,0.13980101519723576,0.12843233045703073,0.011368684740205026,0.647493315619613
concept,german,discovery,correct,rescue,9,block_output,1,0.07810065340521108,0.06131615408510084,0.09674340784250213,0.14958311788723222,0.09901346686183388,0.05056965102539834,0.647493315619613
concept,german,discovery,correct,rescue,9,block_output,0,0.003055503334283019,0.0010583685348326299,0.006384894198116372,0.006488807427871279,0.0045103894430695846,0.0019784179848016947,0.647493315619613
concept,german,discovery,correct,induction,9,block_output,1,0.3090116432618292,0.28138952202203293,0.3386452099501217,0.54642380902078,0.7465067824814469,0.20008297346066684,0.647493315619613
concept,german,discovery,correct,induction,9,block_output,0,0.019219780317660147,0.014593820215455008,0.02485479422766863,0.021268409798722132,0.03371308908208448,0.012444679283362348,0.647493315619613
concept,german,discovery,irrelevant,rescue,9,block_output,1,0.0705079702002973,0.05852237110303768,0.08324899531824431,0.1740857698596301,0.12843233045703073,0.04565343940259936,0.647493315619613
concept,german,discovery,random,rescue,5,attn_out,1,0.0016318005898846803,0.0009638341011974282,0.002495350314221065,0.10007004683620835,0.09901346686183388,0.001056579974374472,0.647493315619613
concept,german,discovery,random,rescue,5,mlp_out,1,0.0020703850377883134,0.000688982043050346,0.00408692934605376,0.10035402733456067,0.09901346686183388,0.0013405604727267928,0.647493315619613
concept,german,discovery,random,rescue,5,block_output,1,0.006704362569900351,0.003445191113869412,0.011190831743790057,0.10335449681133468,0.09901346686183388,0.0043410299495008076,0.647493315619613
concept,german,discovery,random,rescue,0,attn_out,1,0.000272921370759184,-0.0002827200048009923,0.0009919859519515355,0.09919018162509019,0.09901346686183388,0.00017671476325631374,0.647493315619613
concept,german,discovery,random,rescue,0,mlp_out,1,-4.735246523568953e-05,-0.0005913317063214634,0.0006336406908941269,0.09898280645711566,0.09901346686183388,-3.066040471821907e-05,0.647493315619613
concept,german,discovery,random,rescue,0,block_output,1,0.000272921370759184,-0.0002827200048009923,0.0009919859519515355,0.09919018162509019,0.09901346686183388,0.00017671476325631374,0.647493315619613
concept,german,discovery,random,rescue,8,attn_out,1,0.021847554768308373,0.016890522505821737,0.02732690093798306,0.11315961253694695,0.09901346686183388,0.014146145675113075,0.647493315619613
concept,german,discovery,random,rescue,8,mlp_out,1,0.004124203278766701,0.002511647144044473,0.005784354970424122,0.1016838609170918,0.09901346686183388,0.0026703940552579297,0.647493315619613
concept,german,discovery,random,rescue,8,block_output,1,0.05549120499933469,0.0424956942992851,0.07022547714800344,0.13494365117458074,0.09901346686183388,0.03593018431274686,0.647493315619613
concept,german,discovery,random,rescue,3,attn_out,1,0.0018913206559505896,0.0009131497361367514,0.003417811255026376,0.10023808434425518,0.09901346686183388,0.0012246174824213085,0.647493315619613
concept,german,discovery,random,rescue,3,mlp_out,1,0.0002436953002835737,-0.0007087596986882486,0.0014962662134787629,0.0991712579398154,0.09901346686183388,0.00015779107798152836,0.647493315619613
concept,german,discovery,random,rescue,3,block_output,1,0.0031613066602946367,0.0015980648018969967,0.005647166394903201,0.10106039179299842,0.09901346686183388,0.00204692493116454,0.647493315619613
concept,jokey,validation,correct,rescue,12,attn_out,1,0.06905657150491643,0.05772903366657405,0.08063045128161406,0.4237482103417278,0.40024087666824926,0.02350733367347857,0.34040690351685043
concept,jokey,validation,correct,rescue,12,attn_out,0,0.003090958095428764,-0.002633320438452678,0.0092070169151804,0.1208811357802908,0.11982895230612556,0.001052183474165247,0.34040690351685043
concept,jokey,validation,correct,induction,12,attn_out,1,0.04937653872821119,0.041056351686696205,0.05846021274543155,0.7238396655302495,0.7406477801850997,0.016808114654850215,0.34040690351685043
concept,jokey,validation,correct,induction,12,attn_out,0,-0.0007243485415981394,-0.009747671369554978,0.006835460231690869,0.18070096671317515,0.18045439346906278,-0.00024657324411236914,0.34040690351685043
concept,jokey,validation,irrelevant,rescue,12,attn_out,1,-0.02318725666840642,-0.03426675072693705,-0.015054951756415403,0.9876432986930013,0.9955364009365439,-0.007893102243542671,0.34040690351685043
concept,jokey,validation,correct,rescue,12,mlp_out,1,0.17050652589575513,0.14827438087142183,0.1977920314414956,0.45828247517783893,0.40024087666824926,0.058041598509589676,0.34040690351685043
concept,jokey,validation,correct,rescue,12,mlp_out,0,0.03288064792621459,0.01992092392603776,0.04740103055527639,0.13102175185231602,0.11982895230612556,0.011192799546190457,0.34040690351685043
concept,jokey,validation,correct,induction,12,mlp_out,1,0.1091245663446693,0.09435048101631133,0.1267018555351371,0.7035010244580917,0.7406477801850997,0.037146755727007985,0.34040690351685043
concept,jokey,validation,correct,induction,12,mlp_out,0,0.04151506731888515,0.026940054525155428,0.059245910218628066,0.1663223779537475,0.18045439346906278,0.014132015515315288,0.34040690351685043
concept,jokey,validation,irrelevant,rescue,12,mlp_out,1,-0.006178537874514403,-0.01062236597903977,-0.0031009815504809616,0.9934331839904189,0.9955364009365439,-0.0021032169461250305,0.34040690351685043
concept,jokey,validation,correct,rescue,12,block_output,1,1.0,1.0,1.0,0.7406477801850997,0.40024087666824926,0.34040690351685043,0.34040690351685043
concept,jokey,validation,correct,rescue,12,block_output,0,0.17809697904653748,0.11269249714078232,0.2588278904402558,0.18045439346906278,0.11982895230612556,0.06062544116293722,0.34040690351685043
concept,jokey,validation,correct,induction,12,block_output,1,1.0,1.0,1.0,0.40024087666824926,0.7406477801850997,0.34040690351685043,0.34040690351685043
concept,jokey,validation,correct,induction,12,block_output,0,0.17809697904653748,0.11269249714078232,0.2588278904402558,0.11982895230612556,0.18045439346906278,0.06062544116293722,0.34040690351685043
concept,jokey,validation,irrelevant,rescue,12,block_output,1,-0.7487762971846634,-0.9466319027739059,-0.5892477066921232,0.7406477801850997,0.9955364009365439,-0.25488862075144425,0.34040690351685043
concept,jokey,validation,correct,rescue,11,attn_out,1,0.1753173316887064,0.15718099158327722,0.19369603144778794,0.4599201066812384,0.40024087666824926,0.05967923001298914,0.34040690351685043
concept,jokey,validation,correct,rescue,11,attn_out,0,0.03714145568620374,0.025277635599613775,0.05201874425731569,0.1324721602283745,0.11982895230612556,0.012643207922248934,0.34040690351685043
concept,jokey,validation,correct,induction,11,attn_out,1,0.13160466266700002,0.11635591475273113,0.14612401260182661,0.6958486444782466,0.7406477801850997,0.04479913570685312,0.34040690351685043
concept,jokey,validation,correct,induction,11,attn_out,0,0.04430991086822347,0.026383056398921845,0.0704076285498067,0.1653709939153032,0.18045439346906278,0.015083399553759591,0.34040690351685043
concept,jokey,validation,irrelevant,rescue,11,attn_out,1,-0.008088895082240043,-0.014073224882195309,-0.004075276928189075,0.9927828852087259,0.9955364009365439,-0.0027535157278180122,0.34040690351685043
concept,jokey,validation,correct,rescue,11,mlp_out,1,0.2917469444704624,0.2677874171684767,0.32112057502632624,0.49955355064594187,0.40024087666824926,0.09931267397769261,0.34040690351685043
concept,jokey,validation,correct,rescue,11,mlp_out,0,0.042669288130116924,0.027394958361686764,0.06059595783666739,0.13435387255376696,0.11982895230612556,0.014524920247641404,0.34040690351685043
concept,jokey,validation,correct,induction,11,mlp_out,1,0.18145371455854487,0.16424675505327824,0.19901533346410352,0.678879683080595,0.7406477801850997,0.061768097104504704,0.34040690351685043
concept,jokey,validation,correct,induction,11,mlp_out,0,0.05777534691709242,0.03422514763927889,0.0917558362824792,0.16078726652540354,0.18045439346906278,0.01966712694365924,0.34040690351685043
concept,jokey,validation,irrelevant,rescue,11,mlp_out,1,-0.003347872600955951,-0.006243818555438011,-0.001387157185884206,0.9943967619910836,0.9955364009365439,-0.0011396389454603195,0.34040690351685043
concept,jokey,validation,correct,rescue,11,block_output,1,0.9793249651228669,0.9755382427188568,0.9828349226964307,0.7336098555824719,0.40024087666824926,0.3333689789142227,0.34040690351685043
concept,jokey,validation,correct,rescue,11,block_output,0,0.17824219415999282,0.1125454793525374,0.25915461543453994,0.18050382569617796,0.11982895230612556,0.0606748733900524,0.34040690351685043
concept,jokey,validation,correct,induction,11,block_output,1,0.9506755260195335,0.944438777714132,0.9565087436984485,0.4170312681235373,0.7406477801850997,0.3236165120615624,0.34040690351685043
concept,jokey,validation,correct,induction,11,block_output,0,0.17125908382085925,0.10715128378273647,0.24964492529589632,0.12215661904647135,0.18045439346906278,0.05829777442259143,0.34040690351685043
concept,jokey,validation,irrelevant,rescue,11,block_output,1,-0.3750324703062167,-0.5050828667569321,-0.27556035831902087,0.8678727590013295,0.9955364009365439,-0.1276636419352144,0.34040690351685043
concept,jokey,validation,correct,rescue,10,attn_out,1,0.16013989416645252,0.13013344688640346,0.19022506617170515,0.4547536021709675,0.40024087666824926,0.05451272550271824,0.34040690351685043
concept,jokey,validation,correct,rescue,10,attn_out,0,0.06432793432954576,0.03811511495300869,0.09339429285538213,0.14172662524088153,0.11982895230612556,0.021897672934755974,0.34040690351685043
concept,jokey,validation,correct,induction,10,attn_out,1,0.1425863302266104,0.11962053309601133,0.16602663111700514,0.6921104090288281,0.7406477801850997,0.04853737115627155,0.34040690351685043
concept,jokey,validation,correct,induction,10,attn_out,0,0.06484686626599051,0.03514098368265099,0.09919443251107322,0.15838007252068564,0.18045439346906278,0.022074320948377135,0.34040690351685043
concept,jokey,validation,irrelevant,rescue,10,attn_out,1,-0.031208131561834565,-0.04592333972080979,-0.02041245887510477,0.9849129375070333,0.9955364009365439,-0.010623463429510593,0.34040690351685043
concept,jokey,validation,correct,rescue,10,mlp_out,1,0.18518821915317185,0.15879154590275846,0.21542221424927258,0.4632802249179804,0.40024087666824926,0.06303934824973112,0.34040690351685043
concept,jokey,validation,correct,rescue,10,mlp_out,0,0.03212634154930838,0.02045432846467341,0.04522292648734153,0.13076498075425036,0.11982895230612556,0.010936028448124802,0.34040690351685043
concept,jokey,validation,correct,induction,10,mlp_out,1,0.09260682246227445,0.0763365929693822,0.1088632999574645,0.7091237785061821,0.7406477801850997,0.03152400167891756,0.34040690351685043
concept,jokey,validation,correct,induction,10,mlp_out,0,0.040470617739790216,0.02551117032480477,0.05901366761065325,0.16667791580084668,0.18045439346906278,0.013776477668216103,0.34040690351685043
concept,jokey,validation,irrelevant,rescue,10,mlp_out,1,-0.00860094521971274,-0.012991976161892013,-0.0051276770793718274,0.9926085798069835,0.9955364009365439,-0.0029278211295604706,0.34040690351685043
concept,jokey,validation,correct,rescue,10,block_output,1,0.8834975898958487,0.8705198024303799,0.8963958537347062,0.7009895555092953,0.40024087666824926,0.30074867884104606,0.34040690351685043
concept,jokey,validation,correct,rescue,10,block_output,0,0.14418272040327013,0.08929505255924146,0.2093246822491821,0.16890974569923856,0.11982895230612556,0.049080793393113,0.34040690351685043
concept,jokey,validation,correct,induction,10,block_output,1,0.7941689914664194,0.7743990404118312,0.813032593379471,0.47030717293091584,0.7406477801850997,0.27034060725418385,0.34040690351685043
concept,jokey,validation,correct,induction,10,block_output,0,0.1309743963638736,0.073830290752346,0.19915061894787706,0.13586980476284793,0.18045439346906278,0.044584588706214845,0.34040690351685043
concept,jokey,validation,irrelevant,rescue,10,block_output,1,-0.2975467894698624,-0.40686975240200696,-0.21616528656277553,0.8942494196817279,0.9955364009365439,-0.10128698125481606,0.34040690351685043
concept,jokey,validation,correct,rescue,9,attn_out,1,-0.046512741384228576,-0.06300289803662543,-0.030899441931304842,0.38440761839956394,0.40024087666824926,-0.015833258268685313,0.34040690351685043
concept,jokey,validation,correct,rescue,9,attn_out,0,-0.014150706330743421,-0.02391872851097635,-0.006183721979233441,0.1150119541815009,0.11982895230612556,-0.004816998124624661,0.34040690351685043
concept,jokey,validation,correct,induction,9,attn_out,1,0.06764757072519852,0.05810222447159563,0.07800282473388404,0.7176200801040977,0.7406477801850997,0.023027700081001967,0.34040690351685043
concept,jokey,validation,correct,induction,9,attn_out,0,0.014457547279222506,0.0036492711060976918,0.03127609262091408,0.17553294456729418,0.18045439346906278,0.004921448901768599,0.34040690351685043
concept,jokey,validation,irrelevant,rescue,9,attn_out,1,-0.09139963219832001,-0.12990572086706803,-0.06413224836334769,0.9644233351573348,0.9955364009365439,-0.031113065779209137,0.34040690351685043
concept,jokey,validation,correct,rescue,9,mlp_out,1,-0.09957671319771613,-0.1252176327970348,-0.07733445406564819,0.3663442760662292,0.40024087666824926,-0.033896600602020044,0.34040690351685043
concept,jokey,validation,correct,rescue,9,mlp_out,0,-0.034644711706259886,-0.04993936530219152,-0.022852903571065786,0.10803565327096365,0.11982895230612556,-0.011793299035161908,0.34040690351685043
concept,jokey,validation,correct,induction,9,mlp_out,1,0.049186912821745386,0.033827728054938014,0.06359964457048707,0.7239042154978961,0.7406477801850997,0.016743564687203616,0.34040690351685043
concept,jokey,validation,correct,induction,9,mlp_out,0,-0.012726909578635133,-0.030923948277057897,0.007092470305599667,0.1847867213500649,0.18045439346906278,-0.004332327881002129,0.34040690351685043
concept,jokey,validation,irrelevant,rescue,9,mlp_out,1,-0.009911432322116227,-0.016312918200621467,-0.005585798546354063,0.9921624809503555,0.9955364009365439,-0.0033739199861884117,0.34040690351685043
concept,jokey,validation,correct,rescue,9,block_output,1,0.4934055675675933,0.45329411155289456,0.5341266607739199,0.5681995381019078,0.40024087666824926,0.16795866143365856,0.34040690351685043
concept,jokey,validation,correct,rescue,9,block_output,0,0.02598024868265386,0.002939083658863023,0.0523351447543157,0.1286728083127855,0.11982895230612556,0.008843856006659934,0.34040690351685043
concept,jokey,validation,correct,induction,9,block_output,1,0.5589838047849545,0.5291402093914105,0.5896600721569364,0.5503658340821858,0.7406477801850997,0.19028194610291393,0.34040690351685043
concept,jokey,validation,correct,induction,9,block_output,0,0.05946879654364842,0.02047295893193022,0.11242387044893777,0.16021080458176584,0.18045439346906278,0.020243588887296937,0.34040690351685043
concept,jokey,validation,irrelevant,rescue,9,block_output,1,-0.08290231776904317,-0.11979519383983465,-0.05634853113937285,0.967315879650414,0.9955364009365439,-0.02822052128612995,0.34040690351685043
concept,literature-focused,validation,correct,rescue,12,attn_out,1,0.0006472062954083414,0.0003448868119732297,0.0010422665715604355,0.0007549433680154038,0.00015912258314765282,0.000595820784867751,0.9206041243647518
concept,literature-focused,validation,correct,rescue,12,attn_out,0,3.3188462597140504e-07,1.903848617105567e-07,5.654602370760054e-07,4.783667143792858e-07,1.728323588967573e-07,3.055343554825285e-07,0.9206041243647518
concept,literature-focused,validation,correct,induction,12,attn_out,1,0.1272270790300935,0.11188688224509918,0.14404011066462888,0.8036374732619151,0.9207632469478995,0.11712577368598431,0.9206041243647518
concept,literature-focused,validation,correct,induction,12,attn_out,0,0.03211139836235101,0.022755883712481342,0.04308436579384218,0.020079782179237782,0.049641667950737656,0.029561885771499874,0.9206041243647518
concept,literature-focused,validation,irrelevant,rescue,12,attn_out,1,0.10446251517220892,0.09552421480391024,0.11304915061586555,0.17744560787832597,0.08127698556927498,0.09616862230905099,0.9206041243647518
concept,literature-focused,validation,correct,rescue,12,mlp_out,1,0.0001831677783388837,9.194376309106589e-05,0.00030034787592944954,0.0003277475953371578,0.00015912258314765282,0.00016862501218950499,0.9206041243647518
concept,literature-focused,validation,correct,rescue,12,mlp_out,0,-5.278359498928957e-08,-9.193868548552219e-08,-1.6400383848549978e-08,1.2423956365081867e-07,1.728323588967573e-07,-4.8592795245938625e-08,0.9206041243647518
concept,literature-focused,validation,correct,induction,12,mlp_out,1,0.013698297376788265,0.010898634803927776,0.01672061978644684,0.9081525378860533,0.9207632469478995,0.012610709061846137,0.9206041243647518
concept,literature-focused,validation,correct,induction,12,mlp_out,0,-0.003183522090195809,-0.007509292652592063,0.0018410044210473886,0.05257243151697821,0.049641667950737656,-0.0029307635662405573,0.9206041243647518
concept,literature-focused,validation,irrelevant,rescue,12,mlp_out,1,0.0588694123445493,0.05338657011121473,0.06427335191238337,0.1354724093725963,0.08127698556927498,0.05419542380332132,0.9206041243647518
concept,literature-focused,validation,correct,rescue,12,block_output,1,1.0,1.0,1.0,0.9207632469478995,0.00015912258314765282,0.9206041243647518,0.9206041243647518
concept,literature-focused,validation,correct,rescue,12,block_output,0,0.053922738128762006,0.03792450123281094,0.07379052321512142,0.049641667950737656,1.728323588967573e-07,0.04964149511837876,0.9206041243647518
concept,literature-focused,validation,correct,induction,12,block_output,1,1.0,1.0,1.0,0.00015912258314765282,0.9207632469478995,0.9206041243647518,0.9206041243647518
concept,literature-focused,validation,correct,induction,12,block_output,0,0.053922738128762006,0.03792450123281094,0.07379052321512142,1.728323588967573e-07,0.049641667950737656,0.04964149511837876,0.9206041243647518
concept,literature-focused,validation,irrelevant,rescue,12,block_output,1,0.9118862702878923,0.8967876432407527,0.9262054781736722,0.9207632469478995,0.08127698556927498,0.8394862613786245,0.9206041243647518
concept,literature-focused,validation,correct,rescue,11,attn_out,1,0.00021202100942864654,0.00012215282775796622,0.00032684922372756516,0.00035430999887964276,0.00015912258314765282,0.00019518741573198994,0.9206041243647518
concept,literature-focused,validation,correct,rescue,11,attn_out,0,4.789592885773334e-07,3.1257305917906444e-07,6.820548265565151e-07,6.137642553638578e-07,1.728323588967573e-07,4.409318964671005e-07,0.9206041243647518
concept,literature-focused,validation,correct,induction,11,attn_out,1,0.1860305071400641,0.16839235314840528,0.2049396058106918,0.74950279481709,0.9207632469478995,0.17126045213080943,0.9206041243647518
concept,literature-focused,validation,correct,induction,11,attn_out,0,0.03540047538766962,0.02654563525578686,0.045075402349155635,0.017051844304376118,0.049641667950737656,0.03258982364636154,0.9206041243647518
concept,literature-focused,validation,irrelevant,rescue,11,attn_out,1,0.07766999822093416,0.07082060756215498,0.08449194316015966,0.15278030627086991,0.08127698556927498,0.07150332070159493,0.9206041243647518
concept,literature-focused,validation,correct,rescue,11,mlp_out,1,9.127948898371146e-05,3.9276367405641895e-05,0.0001599613215136074,0.00024315485717596452,0.00015912258314765282,8.40322740283117e-05,0.9206041243647518
concept,literature-focused,validation,correct,rescue,11,mlp_out,0,1.9802106507756724e-09,-1.866422031911349e-08,2.3009119200077414e-08,1.746553489889724e-07,1.728323588967573e-07,1.8229900922150932e-09,0.9206041243647518
concept,literature-focused,validation,correct,induction,11,mlp_out,1,0.0037986951057966773,0.0009228526523597844,0.006552512168405641,0.9172661525662988,0.9207632469478995,0.0034970943816006184,0.9206041243647518
concept,literature-focused,validation,correct,induction,11,mlp_out,0,0.006586178432394745,0.002311802482636882,0.011437063634438381,0.04357840492207288,0.049641667950737656,0.006063263028664778,0.9206041243647518
concept,literature-focused,validation,irrelevant,rescue,11,mlp_out,1,0.03401031847169641,0.03045566026046827,0.037622426865061724,0.1125870250252774,0.08127698556927498,0.031310039456002414,0.9206041243647518
concept,literature-focused,validation,correct,rescue,11,block_output,1,0.798170847016217,0.7739863888310979,0.8199328347908813,0.7349584962939844,0.00015912258314765282,0.7347993737108367,0.9206041243647518
concept,literature-focused,validation,correct,rescue,11,block_output,0,0.00763013348457043,0.0041131280592376735,0.013476577532636234,0.00702450518770803,1.728323588967573e-07,0.007024332355349133,0.9206041243647518
concept,literature-focused,validation,correct,induction,11,block_output,1,0.9996051805210939,0.9993440854549291,0.9998041016241483,0.0005225950238081367,0.9207632469478995,0.9202406519240913,0.9206041243647518
concept,literature-focused,validation,correct,induction,11,block_output,0,0.053922477341516534,0.03792429768066608,0.07379013888845275,4.1291417265942876e-07,0.049641667950737656,0.049641255036564996,0.9206041243647518
concept,literature-focused,validation,irrelevant,rescue,11,block_output,1,0.8065146303159443,0.7937400567166591,0.8186945386835515,0.8237576805986464,0.08127698556927498,0.7424806950293714,0.9206041243647518
concept,literature-focused,validation,correct,rescue,10,attn_out,1,0.01602555986357349,0.012606079529253427,0.01986896608234424,0.014912319088807635,0.00015912258314765282,0.014753196505659982,0.9206041243647518
concept,literature-focused,validation,correct,rescue,10,attn_out,0,1.8037899643811792e-05,1.1609345453751237e-05,2.6379587159537787e-05,1.677859716586738e-05,1.728323588967573e-07,1.6605764806970624e-05,0.9206041243647518
concept,literature-focused,validation,correct,induction,10,attn_out,1,0.7460352102342056,0.723669468118353,0.7686993148449248,0.23396015548496507,0.9207632469478995,0.6868030914629344,0.9206041243647518
concept,literature-focused,validation,correct,induction,10,attn_out,0,0.053515873035149694,0.03771110717171693,0.07307060471827209,0.0003747345155984405,0.049641667950737656,0.049266933435139215,0.9206041243647518
concept,literature-focused,validation,irrelevant,rescue,10,attn_out,1,0.36228843156101825,0.34350982477445646,0.3798267321791254,0.4148012098739855,0.08127698556927498,0.3335242243047105,0.9206041243647518
concept,literature-focused,validation,correct,rescue,10,mlp_out,1,0.0004792977888533795,0.00029822200856484063,0.0007065183720425485,0.00060036610436498,0.00015912258314765282,0.00044124352121732713,0.9206041243647518
concept,literature-focused,validation,correct,rescue,10,mlp_out,0,1.1530166837912904e-06,6.840278839702704e-07,1.7875570804868561e-06,1.234304273456388e-06,1.728323588967573e-07,1.0614719145596307e-06,0.9206041243647518
concept,literature-focused,validation,correct,induction,10,mlp_out,1,0.23959970630299712,0.2138490404222847,0.26864448195927826,0.7001867691287771,0.9207632469478995,0.22057647781912237,0.9206041243647518
concept,literature-focused,validation,correct,induction,10,mlp_out,0,0.04962561564980997,0.035218349556559295,0.06728415485729457,0.003956121509382626,0.049641667950737656,0.04568554644135503,0.9206041243647518
concept,literature-focused,validation,irrelevant,rescue,10,mlp_out,1,0.06288237661747191,0.056558942674709206,0.06936451734202602,0.13916676083317725,0.08127698556927498,0.057889775263902266,0.9206041243647518
concept,literature-focused,validation,correct,rescue,10,block_output,1,0.6544743738520684,0.6253761555517582,0.6812126640455795,0.6026709304424003,0.00015912258314765282,0.6025118078592526,0.9206041243647518
concept,literature-focused,validation,correct,rescue,10,block_output,0,0.002731861995314942,0.0015922233540019038,0.004398640173237086,0.0025151362524411525,1.728323588967573e-07,0.0025149634200822557,0.9206041243647518
concept,literature-focused,validation,correct,induction,10,block_output,1,0.9990869649252347,0.9985870577040263,0.9994744959320326,0.0009996664386662246,0.9207632469478995,0.9197635805092332,0.9206041243647518
concept,literature-focused,validation,correct,induction,10,block_output,0,0.053922110343677644,0.037923989529479736,0.07378951307600823,7.507738967738042e-07,0.049641667950737656,0.04964091717684088,0.9206041243647518
concept,literature-focused,validation,irrelevant,rescue,10,block_output,1,0.6917412959188816,0.6766018247588671,0.7056828282187212,0.7180968755856156,0.08127698556927498,0.6368198900163407,0.9206041243647518
concept,literature-focused,validation,correct,rescue,9,attn_out,1,0.008997915948016381,0.006495232880305485,0.01194208667273594,0.008442641115578908,0.00015912258314765282,0.008283518532431255,0.9206041243647518
concept,literature-focused,validation,correct,rescue,9,attn_out,0,4.770801741730234e-06,2.3753193009568377e-06,8.286058893028009e-06,4.564852118860152e-06,1.728323588967573e-07,4.392019759963395e-06,0.9206041243647518
concept,literature-focused,validation,correct,induction,9,attn_out,1,0.9784458930970272,0.9736386500382425,0.9826707599803373,0.020001922295023178,0.9207632469478995,0.9007613246528763,0.9206041243647518
concept,literature-focused,validation,correct,induction,9,attn_out,0,0.053844346357470964,0.0379038478020248,0.07358751634144083,7.234062032568378e-05,0.049641667950737656,0.04956932733041197,0.9206041243647518
concept,literature-focused,validation,irrelevant,rescue,9,attn_out,1,0.22515883467364275,0.21055815993223279,0.2392584944338137,0.2885591374069918,0.08127698556927498,0.2072821518377168,0.9206041243647518
concept,literature-focused,validation,correct,rescue,9,mlp_out,1,2.4117452285305033e-05,3.1183256285698648e-06,5.040949648772842e-05,0.00018132520919067474,0.00015912258314765282,2.2202626043021922e-05,0.9206041243647518
concept,literature-focused,validation,correct,rescue,9,mlp_out,0,4.1236701301535095e-08,6.5847210418147495e-09,8.512266403770369e-08,2.1079503619014783e-07,1.728323588967573e-07,3.7962677293390534e-08,0.9206041243647518
concept,literature-focused,validation,correct,induction,9,mlp_out,1,0.6977954791421913,0.672971662983451,0.722795850224173,0.27836985088652,0.9207632469478995,0.6423933960613795,0.9206041243647518
concept,literature-focused,validation,correct,induction,9,mlp_out,0,0.050307095811122304,0.036420682264148005,0.06648481547325599,0.003328748062205733,0.049641667950737656,0.04631291988853192,0.9206041243647518
concept,literature-focused,validation,irrelevant,rescue,9,mlp_out,1,0.045003717023492165,0.03976422643982096,0.05030341119536388,0.12270759307284607,0.08127698556927498,0.04143060750357108,0.9206041243647518
concept,literature-focused,validation,correct,rescue,9,block_output,1,0.01315511702963589,0.009996963296255282,0.016854553449641714,0.012269777577131435,0.00015912258314765282,0.012110654993983783,0.9206041243647518
concept,literature-focused,validation,correct,rescue,9,block_output,0,5.889776857210039e-06,3.1430120516396895e-06,9.547933278452636e-06,5.594985225232385e-06,1.728323588967573e-07,5.422152866335628e-06,0.9206041243647518
concept,literature-focused,validation,correct,induction,9,block_output,1,0.9899340119300462,0.9867221283881796,0.9926935302390464,0.009425912716153562,0.9207632469478995,0.9113373342317459,0.9206041243647518
concept,literature-focused,validation,correct,induction,9,block_output,0,0.05386994240029385,0.03791138842989055,0.07365238814083533,4.877679773551691e-05,0.049641667950737656,0.04959289115300214,0.9206041243647518
concept,literature-focused,validation,irrelevant,rescue,9,block_output,1,0.26650587552666133,0.2492967786657461,0.2829545241649392,0.3266233937465586,0.08127698556927498,0.2453464081772836,0.9206041243647518
concept,mathematical,validation,correct,rescue,12,attn_out,1,0.0717826456205163,0.05544400085773226,0.08922280189344625,0.0613664381277097,0.03023470272436679,0.03113173540334291,0.43369445545268537
concept,mathematical,validation,correct,rescue,12,attn_out,0,0.0025307925124757914,0.0014844049248153206,0.003838203709721607,0.0017344174408222557,0.0006368267602603339,0.0010975906805619218,0.43369445545268537
concept,mathematical,validation,correct,induction,12,attn_out,1,0.34987344267605414,0.3173061208879931,0.3855119297102715,0.3121909859783045,0.46392915817705216,0.15173817219874763,0.43369445545268537
concept,mathematical,validation,correct,induction,12,attn_out,0,0.014413996205339532,0.004318127053847978,0.030364749149752707,0.005709252136085752,0.011960522371257554,0.006251270235171802,0.43369445545268537
concept,mathematical,validation,irrelevant,rescue,12,attn_out,1,0.09591534726844303,0.08742788107068451,0.10454402563398947,0.30178959740442224,0.2601916431012796,0.041597954303142615,0.43369445545268537
concept,mathematical,validation,correct,rescue,12,mlp_out,1,0.02921636005228349,0.02216891603630744,0.036419021044339944,0.04290567608755147,0.03023470272436679,0.012670973363184679,0.43369445545268537
concept,mathematical,validation,correct,rescue,12,mlp_out,0,1.8256145131290113e-05,-0.00017044395020022912,0.00023949768833761705,0.000644744349181714,0.0006368267602603339,7.917588921380059e-06,0.43369445545268537
concept,mathematical,validation,correct,induction,12,mlp_out,1,0.1646841862456613,0.14231062770482183,0.19087524133647926,0.39250653970157146,0.46392915817705216,0.0714226184754807,0.43369445545268537
concept,mathematical,validation,correct,induction,12,mlp_out,0,0.003994562723980504,-0.00043831114853820847,0.010894621964775784,0.010228102665909233,0.011960522371257554,0.0017324197053483203,0.43369445545268537
concept,mathematical,validation,irrelevant,rescue,12,mlp_out,1,-0.0009323461993826895,-0.01749642156361791,0.013458970041024266,0.25978728972404497,0.2601916431012796,-0.00040435337723465636,0.43369445545268537
concept,mathematical,validation,correct,rescue,12,block_output,1,1.0,1.0,1.0,0.46392915817705216,0.03023470272436679,0.43369445545268537,0.43369445545268537
concept,mathematical,validation,correct,rescue,12,block_output,0,0.026109846387539527,0.006117966381911314,0.06040738782592469,0.011960522371257554,0.0006368267602603339,0.01132369561099722,0.43369445545268537
concept,mathematical,validation,correct,induction,12,block_output,1,1.0,1.0,1.0,0.03023470272436679,0.46392915817705216,0.43369445545268537,0.43369445545268537
concept,mathematical,validation,correct,induction,12,block_output,0,0.026109846387539527,0.006117966381911314,0.06040738782592469,0.0006368267602603339,0.011960522371257554,0.01132369561099722,0.43369445545268537
concept,mathematical,validation,irrelevant,rescue,12,block_output,1,0.4697720077216888,0.4095388712041316,0.5269157791165613,0.46392915817705216,0.2601916431012796,0.20373751507577254,0.43369445545268537
concept,mathematical,validation,correct,rescue,11,attn_out,1,0.14284640367030704,0.11870528112648417,0.1664875188252185,0.09218639597753508,0.03023470272436679,0.061951693253168294,0.43369445545268537
concept,mathematical,validation,correct,rescue,11,attn_out,0,0.0020682625128124054,0.0006803163832111387,0.004492318618507282,0.0015338207444877128,0.0006368267602603339,0.0008969939842273789,0.43369445545268537
concept,mathematical,validation,correct,induction,11,attn_out,1,0.6687431319734684,0.6284997609032221,0.7096581547649107,0.1738989697180955,0.46392915817705216,0.2900301884589567,0.43369445545268537
concept,mathematical,validation,correct,induction,11,attn_out,0,0.01924857406031877,0.0035441668025762616,0.04649168227424263,0.00361252252592692,0.011960522371257554,0.008347999845330634,0.43369445545268537
concept,mathematical,validation,irrelevant,rescue,11,attn_out,1,-0.0028389286100393893,-0.020704263303868438,0.01175894817878549,0.25896041550367954,0.2601916431012796,-0.001231227597600082,0.43369445545268537
concept,mathematical,validation,correct,rescue,11,mlp_out,1,0.03255036669089184,0.02416484952613504,0.041346939221725096,0.04435161628115836,0.03023470272436679,0.014116913556791566,0.43369445545268537
concept,mathematical,validation,correct,rescue,11,mlp_out,0,-5.476403148191715e-05,-0.00019966316159421494,0.00012064365126193315,0.0006130759034483901,0.0006368267602603339,-2.3750856811943777e-05,0.43369445545268537
concept,mathematical,validation,correct,induction,11,mlp_out,1,0.12221394392245014,0.10452853415109413,0.1429136463913573,0.4109256483188801,0.46392915817705216,0.05300350985817204,0.43369445545268537
concept,mathematical,validation,correct,induction,11,mlp_out,0,-0.002098328676938342,-0.0037151300634361345,-0.000884385706714308,0.012870555884163082,0.011960522371257554,-0.0009100335129055281,0.43369445545268537
concept,mathematical,validation,irrelevant,rescue,11,mlp_out,1,0.05432272672548728,0.03975143650058844,0.06702375405154258,0.28375110848719487,0.2601916431012796,0.023559465385915246,0.43369445545268537
concept,mathematical,validation,correct,rescue,11,block_output,1,0.60599952965049,0.567159684286319,0.6410234747484099,0.2930533387407195,0.03023470272436679,0.2628186360163527,0.43369445545268537
concept,mathematical,validation,correct,rescue,11,block_output,0,0.012479048547790729,0.001841813175013068,0.03283550391128963,0.006048920924762058,0.0006368267602603339,0.005412094164501724,0.43369445545268537
concept,mathematical,validation,correct,induction,11,block_output,1,0.9504529000064822,0.9378973121710729,0.9625764687888267,0.05172300527531526,0.46392915817705216,0.4122061529017369,0.43369445545268537
concept,mathematical,validation,correct,induction,11,block_output,0,0.024437070842590176,0.004915921077252514,0.058031887852707895,0.001362300239321712,0.011960522371257554,0.010598222131935842,0.43369445545268537
concept,mathematical,validation,irrelevant,rescue,11,block_output,1,0.4060618628696181,0.3533404910751071,0.45602309737083013,0.43629842159862164,0.2601916431012796,0.17610677849734202,0.43369445545268537
concept,mathematical,validation,correct,rescue,10,attn_out,1,-0.003597664771210341,-0.006900936793003658,-0.00029962671755630826,0.028674415460515412,0.03023470272436679,-0.0015602872638513787,0.43369445545268537
concept,mathematical,validation,correct,rescue,10,attn_out,0,-0.00022047112906307034,-0.0004178810713551555,-4.718998775562289e-05,0.0005412096539982869,0.0006368267602603339,-9.5617106262047e-05,0.43369445545268537
concept,mathematical,validation,correct,induction,10,attn_out,1,0.050786971417360806,0.03553561279282428,0.06816787091971076,0.44190313026410877,0.46392915817705216,0.02202602791294339,0.43369445545268537
concept,mathematical,validation,correct,induction,10,attn_out,0,0.006835741807578981,0.00018797363115660422,0.018656200822331152,0.008995899050404432,0.011960522371257554,0.0029646233208531214,0.43369445545268537
concept,mathematical,validation,irrelevant,rescue,10,attn_out,1,-0.019887282287696203,-0.02997307219897421,-0.01056774105081457,0.2515666390390834,0.2601916431012796,-0.00862500406219624,0.43369445545268537
concept,mathematical,validation,correct,rescue,10,mlp_out,1,-0.01045468755474749,-0.014294623367006966,-0.007072133347347087,0.025700562698382612,0.03023470272436679,-0.004534140025984179,0.43369445545268537
concept,mathematical,validation,correct,rescue,10,mlp_out,0,-0.00040237333540489237,-0.0006641762669235691,-0.00020887042257223393,0.0004623196756732284,0.0006368267602603339,-0.0001745070845871055,0.43369445545268537
concept,mathematical,validation,correct,induction,10,mlp_out,1,-0.10985344268709188,-0.13284187564783495,-0.0898279358066995,0.5115719871828333,0.46392915817705216,-0.047642829005781095,0.43369445545268537
concept,mathematical,validation,correct,induction,10,mlp_out,0,-0.007304643471214115,-0.011894785678138158,-0.003858813645041578,0.015128505743781773,0.011960522371257554,-0.003167983372524219,0.43369445545268537
concept,mathematical,validation,irrelevant,rescue,10,mlp_out,1,0.0031243424164372176,-0.003893894563002009,0.00953414093322953,0.2615466530842241,0.2601916431012796,0.0013550099829444662,0.43369445545268537
concept,mathematical,validation,correct,rescue,10,block_output,1,0.15966327120414361,0.12641270932816404,0.1937633130451462,0.09947977818504228,0.03023470272436679,0.06924507546067549,0.43369445545268537
concept,mathematical,validation,correct,rescue,10,block_output,0,0.0029844866608525456,0.0004299265960481112,0.007557713822045706,0.001931182077444582,0.0006368267602603339,0.0012943553171842481,0.43369445545268537
concept,mathematical,validation,correct,induction,10,block_output,1,0.6869549201489425,0.6504340999875279,0.7256106051045695,0.16600061816251355,0.46392915817705216,0.2979285400145386,0.43369445545268537
concept,mathematical,validation,correct,induction,10,block_output,0,0.01772584089796515,0.002136492920021982,0.044498749679611364,0.004272923455573618,0.011960522371257554,0.007687598915683935,0.43369445545268537
concept,mathematical,validation,irrelevant,rescue,10,block_output,1,0.4120831069661366,0.36465691957416946,0.45753660121446954,0.43890980177820893,0.2601916431012796,0.1787181586769293,0.43369445545268537
concept,mathematical,validation,correct,rescue,9,attn_out,1,0.017417098101693923,0.01125607535441562,0.024127069432126225,0.03778840160114694,0.03023470272436679,0.007553698876780146,0.43369445545268537
concept,mathematical,validation,correct,rescue,9,attn_out,0,0.0001785585890388604,-0.00013240299058012896,0.0005775659692033697,0.0007142666302999423,0.0006368267602603339,7.74398700396084e-05,0.43369445545268537
concept,mathematical,validation,correct,induction,9,attn_out,1,0.3048659194633522,0.2669453686596146,0.3467310704919674,0.3317104992493114,0.46392915817705216,0.13221865892774076,0.43369445545268537
concept,mathematical,validation,correct,induction,9,attn_out,0,0.012536755413803937,0.0022867311877272185,0.029345210406254207,0.00652340105892435,0.011960522371257554,0.005437121312333204,0.43369445545268537
concept,mathematical,validation,irrelevant,rescue,9,attn_out,1,0.08178549258389574,0.07306507202187264,0.09047057367960455,0.2956615577713819,0.2601916431012796,0.0354699146701023,0.43369445545268537
concept,mathematical,validation,correct,rescue,9,mlp_out,1,0.0025023547551364634,0.00011478942404315777,0.0049744286934758335,0.03131996010724514,0.03023470272436679,0.0010852573828783463,0.43369445545268537
concept,mathematical,validation,correct,rescue,9,mlp_out,0,-0.00028008193802391386,-0.000501542516871619,-0.00011698319843397006,0.0005153567766669198,0.0006368267602603339,-0.0001214699835934141,0.43369445545268537
concept,mathematical,validation,correct,induction,9,mlp_out,1,0.15236214865579817,0.1258356739933828,0.17939443104529948,0.39785053908417467,0.46392915817705216,0.06607861909287749,0.43369445545268537
concept,mathematical,validation,correct,induction,9,mlp_out,0,0.003344281669920582,-0.00034553931966395786,0.009419548392161583,0.01051012595354095,0.011960522371257554,0.001450396417716604,0.43369445545268537
concept,mathematical,validation,irrelevant,rescue,9,mlp_out,1,0.07660723847694695,0.06795234767035555,0.08553746366275225,0.29341577767627314,0.2601916431012796,0.033224134574993514,0.43369445545268537
concept,mathematical,validation,correct,rescue,9,block_output,1,0.11469445399995312,0.08693138773698728,0.14353259282033898,0.07997705149531953,0.03023470272436679,0.04974234877095274,0.43369445545268537
concept,mathematical,validation,correct,rescue,9,block_output,0,0.0013676339677530522,0.00011496537474469569,0.00351376871601631,0.0012299620291635893,0.0006368267602603339,0.0005931352689032554,0.43369445545268537
concept,mathematical,validation,correct,induction,9,block_output,1,0.6441395001735072,0.5994387734690781,0.6907245293176978,0.18456942841373802,0.46392915817705216,0.27935972976331414,0.43369445545268537
concept,mathematical,validation,correct,induction,9,block_output,0,0.016924948731266837,0.002309071127129059,0.04170724691739364,0.004620265947686164,0.011960522371257554,0.00734025642357139,0.43369445545268537
concept,mathematical,validation,irrelevant,rescue,9,block_output,1,0.4170453097634257,0.3727033786893993,0.4596092521668033,0.441061881618225,0.2601916431012796,0.1808702385169454,0.43369445545268537
discovery,equal_concept_macro,discovery,correct,induction,9,attn_out,0,0.021218189463203536,0.015652285387364143,0.027658266792941918,,,,
discovery,equal_concept_macro,discovery,correct,induction,9,attn_out,1,0.09300787934141888,0.08152146475839493,0.10520557208379076,,,,
discovery,equal_concept_macro,discovery,correct,induction,9,block_output,0,0.013282600076403746,0.007581126415323629,0.0197353977195215,,,,
discovery,equal_concept_macro,discovery,correct,induction,9,block_output,1,0.28515643780396444,0.27051060593826914,0.30023807470630587,,,,
discovery,equal_concept_macro,discovery,correct,induction,9,mlp_out,0,0.0020639785487519854,0.0005410178551281223,0.0037040317321604395,,,,
discovery,equal_concept_macro,discovery,correct,induction,9,mlp_out,1,0.007664080443255353,0.006551427516225012,0.008878358336227108,,,,
discovery,equal_concept_macro,discovery,correct,induction,10,attn_out,0,0.02952292006979839,0.021457157778189625,0.03890472161045282,,,,
discovery,equal_concept_macro,discovery,correct,induction,10,attn_out,1,0.17402783967582192,0.16262838357657025,0.18552326001331063,,,,
discovery,equal_concept_macro,discovery,correct,induction,10,block_output,0,0.024778037764171604,0.013412071999259563,0.037634435305613126,,,,
discovery,equal_concept_macro,discovery,correct,induction,10,block_output,1,0.6485104448026892,0.637517416503325,0.660036359693485,,,,
discovery,equal_concept_macro,discovery,correct,induction,10,mlp_out,0,0.0012362014531291203,-0.003938314291356059,0.0072359546899630174,,,,
discovery,equal_concept_macro,discovery,correct,induction,10,mlp_out,1,0.06168811564535306,0.054203415813823,0.06960426476442333,,,,
discovery,equal_concept_macro,discovery,correct,induction,11,attn_out,0,0.0523844396306305,0.04407944367354745,0.06154427592001803,,,,
discovery,equal_concept_macro,discovery,correct,induction,11,attn_out,1,0.37245531559625294,0.35945708776757185,0.3850170515151962,,,,
discovery,equal_concept_macro,discovery,correct,induction,11,block_output,0,0.05862779521261306,0.04460028008839747,0.07408014272932203,,,,
discovery,equal_concept_macro,discovery,correct,induction,11,block_output,1,0.966307432271652,0.9626423268469642,0.9693113222596222,,,,
discovery,equal_concept_macro,discovery,correct,induction,11,mlp_out,0,0.05274915912707666,0.04399058004305488,0.06266776989236582,,,,
discovery,equal_concept_macro,discovery,correct,induction,11,mlp_out,1,0.2266627482446079,0.21240685947698298,0.24074423605207398,,,,
discovery,equal_concept_macro,discovery,correct,induction,12,attn_out,0,0.03076054412920512,0.026451303187680398,0.035488437916678724,,,,
discovery,equal_concept_macro,discovery,correct,induction,12,attn_out,1,0.08642472922912832,0.08009435709526812,0.09302667013186615,,,,
discovery,equal_concept_macro,discovery,correct,induction,12,block_output,0,0.06167050066320626,0.046977732090445125,0.07789977322678367,,,,
discovery,equal_concept_macro,discovery,correct,induction,12,block_output,1,1.0,1.0,1.0,,,,
discovery,equal_concept_macro,discovery,correct,induction,12,mlp_out,0,-0.02229982617458138,-0.02880434610682725,-0.015514389445807244,,,,
discovery,equal_concept_macro,discovery,correct,induction,12,mlp_out,1,0.10602778059359612,0.09609338171202214,0.11605059635528973,,,,
discovery,equal_concept_macro,discovery,correct,rescue,9,attn_out,0,-0.0011654492341982607,-0.003112779225155042,0.0008958255396155536,,,,
discovery,equal_concept_macro,discovery,correct,rescue,9,attn_out,1,0.09957502428072983,0.09480925995599794,0.10434080689989264,,,,
discovery,equal_concept_macro,discovery,correct,rescue,9,block_output,0,-0.015197910097824275,-0.01845606071161181,-0.011957743794940258,,,,
discovery,equal_concept_macro,discovery,correct,rescue,9,block_output,1,0.21605253803318775,0.20585924217714388,0.22635286861533777,,,,
discovery,equal_concept_macro,discovery,correct,rescue,9,mlp_out,0,-0.0002210725615741318,-0.0015881049528507515,0.0011058761344946012,,,,
discovery,equal_concept_macro,discovery,correct,rescue,9,mlp_out,1,0.03312458222475304,0.030860508054151716,0.03550135293198088,,,,
discovery,equal_concept_macro,discovery,correct,rescue,10,attn_out,0,-0.009042611124602886,-0.014255273258621855,-0.003286545150438508,,,,
discovery,equal_concept_macro,discovery,correct,rescue,10,attn_out,1,0.1625063475676264,0.1550876819830679,0.16971401877212003,,,,
discovery,equal_concept_macro,discovery,correct,rescue,10,block_output,0,0.002373148041474573,-0.006733042231562704,0.012799714434401994,,,,
discovery,equal_concept_macro,discovery,correct,rescue,10,block_output,1,0.5358784071307215,0.5248814286483354,0.5469912522332928,,,,
discovery,equal_concept_macro,discovery,correct,rescue,10,mlp_out,0,-0.017435271614491116,-0.0196048126854969,-0.015320035245455606,,,,
discovery,equal_concept_macro,discovery,correct,rescue,10,mlp_out,1,0.07061492894371889,0.06514764336817129,0.07609427085125173,,,,
discovery,equal_concept_macro,discovery,correct,rescue,11,attn_out,0,0.03606677311846059,0.03008341423792931,0.04242351148495561,,,,
discovery,equal_concept_macro,discovery,correct,rescue,11,attn_out,1,0.4631364318906843,0.4517536381826107,0.4737602777448376,,,,
discovery,equal_concept_macro,discovery,correct,rescue,11,block_output,0,0.051534028860979963,0.03835709302156599,0.06612124354629165,,,,
discovery,equal_concept_macro,discovery,correct,rescue,11,block_output,1,0.9720343213896178,0.968956311639388,0.9748902171083774,,,,
discovery,equal_concept_macro,discovery,correct,rescue,11,mlp_out,0,0.02768560128125117,0.022800379921675003,0.03294743835870621,,,,
discovery,equal_concept_macro,discovery,correct,rescue,11,mlp_out,1,0.2973518685418775,0.286473839067945,0.30844576169658,,,,
discovery,equal_concept_macro,discovery,correct,rescue,12,attn_out,0,0.01299785479429105,0.010693511901783663,0.015396206309683497,,,,
discovery,equal_concept_macro,discovery,correct,rescue,12,attn_out,1,0.12083973251585793,0.11507937577547353,0.12676817984310465,,,,
discovery,equal_concept_macro,discovery,correct,rescue,12,block_output,0,0.06167050066320626,0.046977732090445125,0.07789977322678367,,,,
discovery,equal_concept_macro,discovery,correct,rescue,12,block_output,1,1.0,1.0,1.0,,,,
discovery,equal_concept_macro,discovery,correct,rescue,12,mlp_out,0,-0.023449540195521316,-0.02634634346372473,-0.020665903748976762,,,,
discovery,equal_concept_macro,discovery,correct,rescue,12,mlp_out,1,0.093747060971274,0.086088710274734,0.10184216000861891,,,,
discovery,equal_concept_macro,discovery,irrelevant,rescue,9,attn_out,1,0.05767142289658049,0.05534963527468143,0.06005633602311872,,,,
discovery,equal_concept_macro,discovery,irrelevant,rescue,9,block_output,1,0.12213887958712663,0.11763952402515242,0.12662152930293094,,,,
discovery,equal_concept_macro,discovery,irrelevant,rescue,9,mlp_out,1,0.006121677959744885,0.0047142861821919705,0.007574894325037031,,,,
discovery,equal_concept_macro,discovery,irrelevant,rescue,10,attn_out,1,0.06487003902308122,0.06206361708334733,0.06767232796367326,,,,
discovery,equal_concept_macro,discovery,irrelevant,rescue,10,block_output,1,0.18141972185171273,0.17559366469372856,0.1871284982180525,,,,
discovery,equal_concept_macro,discovery,irrelevant,rescue,10,mlp_out,1,0.034394536162697324,0.032335476318863174,0.0364663140539289,,,,
discovery,equal_concept_macro,discovery,irrelevant,rescue,11,attn_out,1,0.24719068770819802,0.23878478100408715,0.25499014234156686,,,,
discovery,equal_concept_macro,discovery,irrelevant,rescue,11,block_output,1,0.3961387035245139,0.38741146735721554,0.4040714930907704,,,,
discovery,equal_concept_macro,discovery,irrelevant,rescue,11,mlp_out,1,0.12207197819635462,0.11557412514003361,0.12867210681354552,,,,
discovery,equal_concept_macro,discovery,irrelevant,rescue,12,attn_out,1,0.07984958563940611,0.0747070141213064,0.08568433409228572,,,,
discovery,equal_concept_macro,discovery,irrelevant,rescue,12,block_output,1,0.4296535061548027,0.4207708541847442,0.4378312653037078,,,,
discovery,equal_concept_macro,discovery,irrelevant,rescue,12,mlp_out,1,0.09100499752434854,0.0851154540505883,0.09706942789977427,,,,
discovery,equal_concept_macro,discovery,random,rescue,0,attn_out,1,-0.00023632348740037774,-0.00040318507007520624,-3.967680598303484e-05,,,,
discovery,equal_concept_macro,discovery,random,rescue,0,block_output,1,-0.00023632348740037774,-0.00040318507007520624,-3.967680598303484e-05,,,,
discovery,equal_concept_macro,discovery,random,rescue,0,mlp_out,1,5.10908620705881e-05,-9.58603334067383e-05,0.00022595154763833193,,,,
discovery,equal_concept_macro,discovery,random,rescue,3,attn_out,1,0.0022600686843867344,0.0018734460092251555,0.002740499239785164,,,,
discovery,equal_concept_macro,discovery,random,rescue,3,block_output,1,0.00463936936252618,0.00381662672567854,0.005580070963348144,,,,
discovery,equal_concept_macro,discovery,random,rescue,3,mlp_out,1,-0.0005517174992814595,-0.000845924580015232,-0.0002042948753289272,,,,
discovery,equal_concept_macro,discovery,random,rescue,5,attn_out,1,0.0022496369692709757,0.0019129757771254622,0.002622232100931391,,,,
discovery,equal_concept_macro,discovery,random,rescue,5,block_output,1,0.011504697297067192,0.00984178631473703,0.013383528882828595,,,,
discovery,equal_concept_macro,discovery,random,rescue,5,mlp_out,1,0.003214349829511647,0.002512610031339218,0.004034659456656398,,,,
discovery,equal_concept_macro,discovery,random,rescue,8,attn_out,1,0.034416749263382646,0.0314309799196944,0.03750284581769662,,,,
discovery,equal_concept_macro,discovery,random,rescue,8,block_output,1,0.07706641648794521,0.07084239529153799,0.08351879530369319,,,,
discovery,equal_concept_macro,discovery,random,rescue,8,mlp_out,1,0.012037261895535514,0.010419103968038397,0.013699252266610016,,,,
validation,equal_concept_macro,validation,correct,induction,9,attn_out,0,0.023268286330896677,0.019186227626669022,0.02795682461847661,,,,
validation,equal_concept_macro,validation,correct,induction,9,attn_out,1,0.21810171095673367,0.21207166281253745,0.22458501208953563,,,,
validation,equal_concept_macro,validation,correct,induction,9,block_output,0,0.047387819328301925,0.03839742272450864,0.057545041641814856,,,,
validation,equal_concept_macro,validation,correct,induction,9,block_output,1,0.5298420790185995,0.5197745208211311,0.5403922025982799,,,,
validation,equal_concept_macro,validation,correct,induction,9,mlp_out,0,0.006409528733478395,0.0028386203639601385,0.010277049435954944,,,,
validation,equal_concept_macro,validation,correct,induction,9,mlp_out,1,0.13263644489873452,0.12693383069046243,0.13834404374201792,,,,
validation,equal_concept_macro,validation,correct,induction,10,attn_out,0,0.032034112880603524,0.02619739479500253,0.038524389432209094,,,,
validation,equal_concept_macro,validation,correct,induction,10,attn_out,1,0.17659462770460405,0.17088539345198037,0.18253882478478495,,,,
validation,equal_concept_macro,validation,correct,induction,10,block_output,0,0.07100422843794982,0.05916889363577603,0.0838865977956941,,,,
validation,equal_concept_macro,validation,correct,induction,10,block_output,1,0.6674163374539968,0.659009598684314,0.6761905653056828,,,,
validation,equal_concept_macro,validation,correct,induction,10,mlp_out,0,0.0007131814432332024,-0.003290899189697732,0.005074209286747089,,,,
validation,equal_concept_macro,validation,correct,induction,10,mlp_out,1,0.046461076450750184,0.04056366432944482,0.05231377255179174,,,,
validation,equal_concept_macro,validation,correct,induction,11,attn_out,0,0.061814074500260226,0.05440795765144414,0.06995123934271148,,,,
validation,equal_concept_macro,validation,correct,induction,11,attn_out,1,0.30692361361894,0.29751562505753115,0.3166559110811266,,,,
validation,equal_concept_macro,validation,correct,induction,11,block_output,0,0.11499445653267594,0.10017358981991838,0.13152996209657894,,,,
validation,equal_concept_macro,validation,correct,induction,11,block_output,1,0.9072933819663377,0.9038968943579487,0.9105950957480836,,,,
validation,equal_concept_macro,validation,correct,induction,11,mlp_out,0,0.01639367281606768,0.011343581549761323,0.02242780036230662,,,,
validation,equal_concept_macro,validation,correct,induction,11,mlp_out,1,0.12496033287664063,0.11838236703852419,0.1317408310800631,,,,
validation,equal_concept_macro,validation,correct,induction,12,attn_out,0,0.05146802498415253,0.04675485375341994,0.05641432173494485,,,,
validation,equal_concept_macro,validation,correct,induction,12,attn_out,1,0.14303980390573615,0.13594947704918112,0.15060225493867813,,,,
validation,equal_concept_macro,validation,correct,induction,12,block_output,0,0.14342038660107634,0.12748766356569358,0.1609943343254591,,,,
validation,equal_concept_macro,validation,correct,induction,12,block_output,1,1.0,1.0,1.0,,,,
validation,equal_concept_macro,validation,correct,induction,12,mlp_out,0,0.007739217300044157,0.003344410841457004,0.01259535021608755,,,,
validation,equal_concept_macro,validation,correct,induction,12,mlp_out,1,0.09621152019329593,0.08980488755444015,0.10310568999166497,,,,
validation,equal_concept_macro,validation,correct,rescue,9,attn_out,0,0.0017395032806700606,-2.667095855460105e-06,0.0033914175794386194,,,,
validation,equal_concept_macro,validation,correct,rescue,9,attn_out,1,0.04508175733943952,0.041099821050970965,0.0491583945419292,,,,
validation,equal_concept_macro,validation,correct,rescue,9,block_output,0,0.010942412218881514,0.006573377314009075,0.015740900000028587,,,,
validation,equal_concept_macro,validation,correct,rescue,9,block_output,1,0.3144978662118593,0.3038805210923026,0.32519480824761515,,,,
validation,equal_concept_macro,validation,correct,rescue,9,mlp_out,0,-0.0038084104705988528,-0.006092210118575174,-0.0019479716730548531,,,,
validation,equal_concept_macro,validation,correct,rescue,9,mlp_out,1,0.0037721979447526326,-0.0005335019865169247,0.007757588291861231,,,,
validation,equal_concept_macro,validation,correct,rescue,10,attn_out,0,0.01260022595105785,0.008576644248063026,0.01706132181612533,,,,
validation,equal_concept_macro,validation,correct,rescue,10,attn_out,1,0.07852336840133887,0.07348169365255691,0.08370819307144065,,,,
validation,equal_concept_macro,validation,correct,rescue,10,block_output,0,0.041302399587126615,0.03211317188395597,0.05178695524676066,,,,
validation,equal_concept_macro,validation,correct,rescue,10,block_output,1,0.5646172972825315,0.554600711281051,0.5746255287662816,,,,
validation,equal_concept_macro,validation,correct,rescue,10,mlp_out,0,-0.0007271480342023545,-0.002801367679550635,0.0015488944654825495,,,,
validation,equal_concept_macro,validation,correct,rescue,10,mlp_out,1,0.038396209977887626,0.03315457404798337,0.043920605143024836,,,,
validation,equal_concept_macro,validation,correct,rescue,11,attn_out,0,0.03734841562874213,0.03299444845721391,0.04193391353678182,,,,
validation,equal_concept_macro,validation,correct,rescue,11,attn_out,1,0.3168104247297628,0.30779403296513463,0.3253479618176885,,,,
validation,equal_concept_macro,validation,correct,rescue,11,block_output,0,0.10308479001217077,0.08931087702075399,0.11840364632974616,,,,
validation,equal_concept_macro,validation,correct,rescue,11,block_output,1,0.8743656703667383,0.867191178927994,0.8808895664262718,,,,
validation,equal_concept_macro,validation,correct,rescue,11,mlp_out,0,0.011892030444371286,0.008881795607826882,0.015156730642249566,,,,
validation,equal_concept_macro,validation,correct,rescue,11,mlp_out,1,0.20764009365126063,0.19930276336847447,0.21592844642570783,,,,
validation,equal_concept_macro,validation,correct,rescue,12,attn_out,0,0.03679417753079712,0.033614628777596835,0.039946793266874975,,,,
validation,equal_concept_macro,validation,correct,rescue,12,attn_out,1,0.16320901514710942,0.15815259027139986,0.16835541166419118,,,,
validation,equal_concept_macro,validation,correct,rescue,12,block_output,0,0.14342038660107634,0.12748766356569358,0.1609943343254591,,,,
validation,equal_concept_macro,validation,correct,rescue,12,block_output,1,1.0,1.0,1.0,,,,
validation,equal_concept_macro,validation,correct,rescue,12,mlp_out,0,0.0014302346382755065,-0.0010806417309222665,0.004102514483335017,,,,
validation,equal_concept_macro,validation,correct,rescue,12,mlp_out,1,0.10805985466533342,0.1011061668741456,0.11517099123770301,,,,
validation,equal_concept_macro,validation,irrelevant,rescue,9,attn_out,1,0.05409078117540609,0.04758355875707095,0.05965346836103684,,,,
validation,equal_concept_macro,validation,irrelevant,rescue,9,block_output,1,0.23911963940034614,0.22870296314204422,0.24911160778469005,,,,
validation,equal_concept_macro,validation,irrelevant,rescue,9,mlp_out,1,0.02911558180091184,0.026121055437493473,0.03220049327411493,,,,
validation,equal_concept_macro,validation,irrelevant,rescue,10,attn_out,1,0.04718377964149166,0.04295865910418297,0.05116302597412525,,,,
validation,equal_concept_macro,validation,irrelevant,rescue,10,block_output,1,0.2764312006518734,0.25831930263469455,0.29130172241704694,,,,
validation,equal_concept_macro,validation,irrelevant,rescue,10,mlp_out,1,0.017754426216131804,0.014357080948540756,0.021195627192856222,,,,
validation,equal_concept_macro,validation,irrelevant,rescue,11,attn_out,1,0.08833685007071927,0.08177213537666092,0.09453695809566602,,,,
validation,equal_concept_macro,validation,irrelevant,rescue,11,block_output,1,0.29663782879083905,0.2756427031500244,0.3135561759532544,,,,
validation,equal_concept_macro,validation,irrelevant,rescue,11,mlp_out,1,0.054241236353028625,0.04947042616228814,0.05866730176567199,,,,
validation,equal_concept_macro,validation,irrelevant,rescue,12,attn_out,1,0.08090044164221775,0.07722260934582426,0.0844873002711765,,,,
validation,equal_concept_macro,validation,irrelevant,rescue,12,block_output,1,0.27540712702029024,0.24495691676278475,0.3000749444418386,,,,
validation,equal_concept_macro,validation,irrelevant,rescue,12,mlp_out,1,0.0502589020632505,0.046005622361459664,0.05439247116458602,,,,
all_benign,equal_concept_macro,all_benign,correct,induction,9,attn_out,0,0.022522796560826445,0.019076926388762943,0.026290772057456637,,,,
all_benign,equal_concept_macro,all_benign,correct,induction,9,attn_out,1,0.17261304491480106,0.16693373624111868,0.17873615637524026,,,,
all_benign,equal_concept_macro,all_benign,correct,induction,9,block_output,0,0.03498592141852077,0.028806166739135802,0.04187461641609687,,,,
all_benign,equal_concept_macro,all_benign,correct,induction,9,block_output,1,0.44086548221327765,0.4322748587482282,0.44948515286616303,,,,
all_benign,equal_concept_macro,all_benign,correct,induction,9,mlp_out,0,0.004829328666305155,0.002460316773009538,0.007348743963169139,,,,
all_benign,equal_concept_macro,all_benign,correct,induction,9,mlp_out,1,0.08719194873310573,0.08354796525177584,0.09090830212456018,,,,
all_benign,equal_concept_macro,all_benign,correct,induction,10,attn_out,0,0.031120951858492566,0.026090217595102543,0.036421748428287534,,,,
all_benign,equal_concept_macro,all_benign,correct,induction,10,attn_out,1,0.17566125023959234,0.17022407463737502,0.1812643185674486,,,,
all_benign,equal_concept_macro,all_benign,correct,induction,10,block_output,0,0.05419470455657593,0.045283600106460126,0.06368238462628566,,,,
all_benign,equal_concept_macro,all_benign,correct,induction,10,block_output,1,0.6605414673989758,0.6537371370367435,0.6676797555537799,,,,
all_benign,equal_concept_macro,all_benign,correct,induction,10,mlp_out,0,0.0009033705377408101,-0.0023674221341296368,0.004459120776513378,,,,
all_benign,equal_concept_macro,all_benign,correct,induction,10,mlp_out,1,0.05199818161242395,0.04739223163177064,0.05655647078409239,,,,
all_benign,equal_concept_macro,all_benign,correct,induction,11,attn_out,0,0.05838511636584942,0.05271669104537836,0.0646232646738296,,,,
all_benign,equal_concept_macro,all_benign,correct,induction,11,attn_out,1,0.33075332342887204,0.3231255825772728,0.3383689343216017,,,,
all_benign,equal_concept_macro,all_benign,correct,induction,11,block_output,0,0.09449748877992582,0.08362132677547779,0.10630988163443336,,,,
all_benign,equal_concept_macro,all_benign,correct,induction,11,block_output,1,0.9287530366228157,0.9262958236138478,0.9311997536868314,,,,
all_benign,equal_concept_macro,all_benign,correct,induction,11,mlp_out,0,0.029613849656434585,0.025008555507180067,0.0349691300416105,,,,
all_benign,equal_concept_macro,all_benign,correct,induction,11,mlp_out,1,0.16194302937408328,0.1554305486047863,0.16867592638561368,,,,
all_benign,equal_concept_macro,all_benign,correct,induction,12,attn_out,0,0.04393803194598983,0.040546013104141326,0.04753254096413993,,,,
all_benign,equal_concept_macro,all_benign,correct,induction,12,attn_out,1,0.12245250402333331,0.11742262015380105,0.12778824340143982,,,,
all_benign,equal_concept_macro,all_benign,correct,induction,12,block_output,0,0.11369315535094175,0.10213909683515825,0.12626323437440176,,,,
all_benign,equal_concept_macro,all_benign,correct,induction,12,block_output,1,1.0,1.0,1.0,,,,
all_benign,equal_concept_macro,all_benign,correct,induction,12,mlp_out,0,-0.0031840712361833096,-0.006897522953901996,0.0006902567724221415,,,,
all_benign,equal_concept_macro,all_benign,correct,induction,12,mlp_out,1,0.09978106942976872,0.09429537876135635,0.10545537432185821,,,,
all_benign,equal_concept_macro,all_benign,correct,rescue,9,attn_out,0,0.0006831569116270347,-0.0005948896944980567,0.001982690357623112,,,,
all_benign,equal_concept_macro,all_benign,correct,rescue,9,attn_out,1,0.064897490772636,0.0618449458611987,0.06800458252402328,,,,
all_benign,equal_concept_macro,all_benign,correct,rescue,9,block_output,0,0.0014368404673521379,-0.0015412271786128463,0.004677701828986486,,,,
all_benign,equal_concept_macro,all_benign,correct,rescue,9,block_output,1,0.27869956505597876,0.27114450986825583,0.28639591465553954,,,,
all_benign,equal_concept_macro,all_benign,correct,rescue,9,mlp_out,0,-0.002503923958226227,-0.004067903120850501,-0.0012131509874653344,,,,
all_benign,equal_concept_macro,all_benign,correct,rescue,9,mlp_out,1,0.014445792228389149,0.011607434258790001,0.017119795817591314,,,,
all_benign,equal_concept_macro,all_benign,correct,rescue,10,attn_out,0,0.0047301033780903085,0.0015362194430639082,0.00824344055798727,,,,
all_benign,equal_concept_macro,all_benign,correct,rescue,10,attn_out,1,0.10906263355271616,0.10486527434810955,0.11324473392453925,,,,
all_benign,equal_concept_macro,all_benign,correct,rescue,10,block_output,0,0.027146308115980414,0.020380034655192298,0.03480418053119234,,,,
all_benign,equal_concept_macro,all_benign,correct,rescue,10,block_output,1,0.5541667917727825,0.5467427469686347,0.561551578151544,,,,
all_benign,equal_concept_macro,all_benign,correct,rescue,10,mlp_out,0,-0.00680282933612554,-0.008302343724583506,-0.005162899248303382,,,,
all_benign,equal_concept_macro,all_benign,correct,rescue,10,mlp_out,1,0.05011210778364445,0.04621057632273616,0.0542176775488693,,,,
all_benign,equal_concept_macro,all_benign,correct,rescue,11,attn_out,0,0.036882363806821576,0.03332624099473313,0.040543968673491054,,,,
all_benign,equal_concept_macro,all_benign,correct,rescue,11,attn_out,1,0.37001988187918883,0.36300434629130407,0.37683264245336334,,,,
all_benign,equal_concept_macro,all_benign,correct,rescue,11,block_output,0,0.08433905868446502,0.07431545468620844,0.0954330785785768,,,,
all_benign,equal_concept_macro,all_benign,correct,rescue,11,block_output,1,0.9098815434659671,0.905170111979568,0.9141534722011021,,,,
all_benign,equal_concept_macro,all_benign,correct,rescue,11,mlp_out,0,0.01763514711232761,0.015044496081189171,0.02042879469020427,,,,
all_benign,equal_concept_macro,all_benign,correct,rescue,11,mlp_out,1,0.24026255724784865,0.23360940441393502,0.24697256534051779,,,,
all_benign,equal_concept_macro,all_benign,correct,rescue,12,attn_out,0,0.028140969262976732,0.025979455244952012,0.030363136569689458,,,,
all_benign,equal_concept_macro,all_benign,correct,rescue,12,attn_out,1,0.14780200328119977,0.14394373815327735,0.1517004163928473,,,,
all_benign,equal_concept_macro,all_benign,correct,rescue,12,block_output,0,0.11369315535094175,0.10213909683515825,0.12626323437440176,,,,
all_benign,equal_concept_macro,all_benign,correct,rescue,12,block_output,1,1.0,1.0,1.0,,,,
all_benign,equal_concept_macro,all_benign,correct,rescue,12,mlp_out,0,-0.007616956210377885,-0.009538644375631023,-0.005625045228941293,,,,
all_benign,equal_concept_macro,all_benign,correct,rescue,12,mlp_out,1,0.10285520241294818,0.09755438040460683,0.10816142288156279,,,,
all_benign,equal_concept_macro,all_benign,irrelevant,rescue,9,attn_out,1,0.0553928327103786,0.05116048554562751,0.05901187989077262,,,,
all_benign,equal_concept_macro,all_benign,irrelevant,rescue,9,block_output,1,0.1965811812864481,0.18977213838008133,0.20309096790498407,,,,
all_benign,equal_concept_macro,all_benign,irrelevant,rescue,9,mlp_out,1,0.020754162222305673,0.01878689490196629,0.02279788357597879,,,,
all_benign,equal_concept_macro,all_benign,irrelevant,rescue,10,attn_out,1,0.05361514668934241,0.050755517118959044,0.05633408056455974,,,,
all_benign,equal_concept_macro,all_benign,irrelevant,rescue,10,block_output,1,0.2418815719972695,0.2300204085026587,0.2516099187980366,,,,
all_benign,equal_concept_macro,all_benign,irrelevant,rescue,10,mlp_out,1,0.023805375287610175,0.021510403302867555,0.026129083480577325,,,,
all_benign,equal_concept_macro,all_benign,irrelevant,rescue,11,attn_out,1,0.14610188193889337,0.14101849688876597,0.15103570824389426,,,,
all_benign,equal_concept_macro,all_benign,irrelevant,rescue,11,block_output,1,0.33281996505762995,0.31907721345873136,0.3438839024741715,,,,
all_benign,equal_concept_macro,all_benign,irrelevant,rescue,11,mlp_out,1,0.07890696065969263,0.07513715608794543,0.08258184660987243,,,,
all_benign,equal_concept_macro,all_benign,irrelevant,rescue,12,attn_out,1,0.0805183121866499,0.0774942291996193,0.08356096167477159,,,,
all_benign,equal_concept_macro,all_benign,irrelevant,rescue,12,block_output,1,0.3314967194328402,0.311828002205694,0.3474567390362175,,,,
all_benign,equal_concept_macro,all_benign,irrelevant,rescue,12,mlp_out,1,0.06507566404910434,0.06154778723413399,0.06849602096295582,,,,
