scope,concept,layer,token_region,direction,fraction,ci_low,ci_high,normal_mean,triggered_mean,patched_mean,numerator,denominator,execution_mode
concept,HTML,0,prompt,rescue,-0.00020840752548429475,-0.0004921839174012626,4.602017221607833e-05,0.953362975269556,0.3197613905649632,0.319629343226552,-0.00013204733841121197,0.6336015847045928,truncated_forward
concept,HTML,0,prompt,induction,0.0003220316086761954,7.630976241791124e-05,0.0006040978892491284,0.953362975269556,0.3197613905649632,0.9531589355319738,0.00020403973758220673,0.6336015847045928,truncated_forward
concept,HTML,0,response,rescue,-0.0015065652023196127,-0.001846325261040176,-0.0011676659306865316,0.953362975269556,0.3197613905649632,0.3188068284653127,-0.0009545620996505022,0.6336015847045928,truncated_forward
concept,HTML,0,response,induction,0.000357542602687717,0.0002117952181531061,0.0005311860737575659,0.953362975269556,0.3197613905649632,0.9531364357098937,0.00022653955966234207,0.6336015847045928,truncated_forward
concept,HTML,0,all_aligned,rescue,-0.0016926098707779013,-0.0021278888568086528,-0.00128042400571871,0.953362975269556,0.3197613905649632,0.3186889502685517,-0.0010724402964115143,0.6336015847045928,truncated_forward
concept,HTML,0,all_aligned,induction,0.0006264598536253334,0.00033013528644287133,0.0009559126493439165,0.953362975269556,0.3197613905649632,0.9529660493135452,0.0003969259560108185,0.6336015847045928,truncated_forward
concept,HTML,1,prompt,rescue,0.0005748558045231564,0.00012052371956964429,0.001060608906746769,0.953362975269556,0.3197613905649632,0.3201256201136857,0.00036422954872250557,0.6336015847045928,truncated_forward
concept,HTML,1,prompt,induction,0.0005172252197428787,4.214575465903152e-05,0.0009479185222078491,0.953362975269556,0.3197613905649632,0.9530352605506778,0.0003277147188782692,0.6336015847045928,truncated_forward
concept,HTML,1,response,rescue,0.00768449848080498,0.00589062357197982,0.009584700117356482,0.953362975269556,0.3197613905649632,0.3246303009800613,0.004868910415098071,0.6336015847045928,truncated_forward
concept,HTML,1,response,induction,0.000621763565456667,0.00043192634190980826,0.0008375116645825552,0.953362975269556,0.3197613905649632,0.9529690248891711,0.00039395038038492203,0.6336015847045928,truncated_forward
concept,HTML,1,all_aligned,rescue,0.008232474098845368,0.006472619275849639,0.010180689321511588,0.953362975269556,0.3197613905649632,0.32497749920003116,0.00521610863506794,0.6336015847045928,truncated_forward
concept,HTML,1,all_aligned,induction,0.00116447662145766,0.0006349759443270955,0.0016794097530408469,0.953362975269556,0.3197613905649632,0.952625161036849,0.0007378142327070236,0.6336015847045928,truncated_forward
concept,HTML,2,prompt,rescue,0.0012414656147453982,0.0007483793677085733,0.0017572785303733138,0.953362975269556,0.3197613905649632,0.32054798514582217,0.0007865945808589458,0.6336015847045928,truncated_forward
concept,HTML,2,prompt,induction,0.0005448973077126169,0.0001091337047967934,0.0009643554825419418,0.953362975269556,0.3197613905649632,0.9530177274718881,0.0003452477976679802,0.6336015847045928,truncated_forward
concept,HTML,2,response,rescue,0.008140799099559136,0.006191187895070456,0.010227698233434996,0.953362975269556,0.3197613905649632,0.3249194137752056,0.005158023210242391,0.6336015847045928,truncated_forward
concept,HTML,2,response,induction,0.0005482956858803654,0.00037161762110625565,0.000758058327988067,0.953362975269556,0.3197613905649632,0.9530155742540956,0.0003474010154604912,0.6336015847045928,truncated_forward
concept,HTML,2,all_aligned,rescue,0.00932028620451552,0.007381252065636957,0.011425121138893303,0.953362975269556,0.3197613905649632,0.3256667386740446,0.0059053481090813875,0.6336015847045928,truncated_forward
concept,HTML,2,all_aligned,induction,0.0011025958591375704,0.0006349577938154732,0.0015868541808791803,0.953362975269556,0.3197613905649632,0.9526643687859178,0.0006986064836382866,0.6336015847045928,truncated_forward
concept,HTML,3,prompt,rescue,0.007956047196498138,0.006334451893327763,0.009840712554921038,0.953362975269556,0.3197613905649632,0.324802354676649,0.005040964111685753,0.6336015847045928,truncated_forward
concept,HTML,3,prompt,induction,0.0019444896643875014,0.0006927575509020212,0.0036712767538565273,0.953362975269556,0.3197613905649632,0.9521309435367584,0.0012320317327976227,0.6336015847045928,truncated_forward
concept,HTML,3,response,rescue,0.01553549654594344,0.012906022139072737,0.01842758173559709,0.953362975269556,0.3197613905649632,0.3296047057956457,0.009843315230682492,0.6336015847045928,truncated_forward
concept,HTML,3,response,induction,0.0012796907546421912,0.0008528833541881169,0.001764792276657595,0.953362975269556,0.3197613905649632,0.9525521611794829,0.0008108140900731087,0.6336015847045928,truncated_forward
concept,HTML,3,all_aligned,rescue,0.023187378974692512,0.019983949703134746,0.026787864248157402,0.953362975269556,0.3197613905649632,0.33445295062847435,0.014691560063511133,0.6336015847045928,truncated_forward
concept,HTML,3,all_aligned,induction,0.003360040581515347,0.001949785595831094,0.005201409786948322,0.953362975269556,0.3197613905649632,0.9512340482324362,0.0021289270371198654,0.6336015847045928,truncated_forward
concept,HTML,4,prompt,rescue,0.012079193816064438,0.009649361125775949,0.014942651646949873,0.953362975269556,0.3197613905649632,0.32741478690877557,0.0076533963438123465,0.6336015847045928,truncated_forward
concept,HTML,4,prompt,induction,0.005437553526959543,0.001972796739632065,0.010298699067684053,0.953362975269556,0.3197613905649632,0.9499177327379584,0.0034452425315976143,0.6336015847045928,truncated_forward
concept,HTML,4,response,rescue,0.031191576353900238,0.02618070265490456,0.036792946790031485,0.953362975269556,0.3197613905649632,0.3395244227722287,0.019763032207265496,0.6336015847045928,truncated_forward
concept,HTML,4,response,induction,0.0036885926078178972,0.0026898581586211764,0.00487935753393891,0.953362975269556,0.3197613905649632,0.951025877147913,0.0023370981216430664,0.6336015847045928,truncated_forward
concept,HTML,4,all_aligned,rescue,0.04223437984743961,0.03676591455292755,0.04845693055026204,0.953362975269556,0.3197613905649632,0.3465211605653167,0.026759770000353456,0.6336015847045928,truncated_forward
concept,HTML,4,all_aligned,induction,0.010127262482529546,0.00616428786351422,0.01545576383357313,0.953362975269556,0.3197613905649632,0.946946325711906,0.006416649557650089,0.6336015847045928,truncated_forward
concept,HTML,5,prompt,rescue,0.012902345830298851,0.010259620044914795,0.01597302633776973,0.953362975269556,0.3197613905649632,0.32793633732944727,0.008174946764484048,0.6336015847045928,truncated_forward
concept,HTML,5,prompt,induction,0.0061005415362279216,0.002118805276695248,0.011760283629348146,0.953362975269556,0.3197613905649632,0.9494976624846458,0.003865312784910202,0.6336015847045928,truncated_forward
concept,HTML,5,response,rescue,0.03632183498927498,0.0308708329065799,0.04245057713830304,0.953362975269556,0.3197613905649632,0.3427749627735466,0.023013572208583355,0.6336015847045928,truncated_forward
concept,HTML,5,response,induction,0.0050246314710503314,0.003671053169345553,0.0066767678863920215,0.953362975269556,0.3197613905649632,0.950179360806942,0.0031836144626140594,0.6336015847045928,truncated_forward
concept,HTML,5,all_aligned,rescue,0.048018523850906984,0.042342557083847085,0.05447396456397692,0.953362975269556,0.3197613905649632,0.3501860033720732,0.030424612807109952,0.6336015847045928,truncated_forward
concept,HTML,5,all_aligned,induction,0.012677967250324215,0.007936428510224122,0.018968100820030115,0.953362975269556,0.3197613905649632,0.9453301951289177,0.008032780140638351,0.6336015847045928,truncated_forward
concept,HTML,6,prompt,rescue,0.01951492131373767,0.01676022171341608,0.02238289018790906,0.953362975269556,0.3197613905649632,0.33212607563473284,0.012364685069769621,0.6336015847045928,truncated_forward
concept,HTML,6,prompt,induction,0.009697194197672763,0.0057376773661661174,0.01498045796047712,0.953362975269556,0.3197613905649632,0.9472188176587224,0.006144157610833645,0.6336015847045928,truncated_forward
concept,HTML,6,response,rescue,0.05522184828936151,0.04786245446837113,0.06350569712676832,0.953362975269556,0.3197613905649632,0.3547500411514193,0.03498865058645606,0.6336015847045928,truncated_forward
concept,HTML,6,response,induction,0.014962569600308964,0.011576513004905064,0.0189075725602762,0.953362975269556,0.3197613905649632,0.9438826674595475,0.009480307810008526,0.6336015847045928,truncated_forward
concept,HTML,6,all_aligned,rescue,0.07480463170207978,0.0671484716202797,0.08338414583098953,0.953362975269556,0.3197613905649632,0.3671577237546444,0.04739633318968117,0.6336015847045928,truncated_forward
concept,HTML,6,all_aligned,induction,0.0325774925167744,0.024879413864494934,0.04180658418876565,0.953362975269556,0.3197613905649632,0.9327218243852258,0.020641150884330273,0.6336015847045928,truncated_forward
concept,HTML,7,prompt,rescue,0.026292298662312842,0.022854774628218284,0.029843916843011627,0.953362975269556,0.3197613905649632,0.3364202326629311,0.016658842097967863,0.6336015847045928,truncated_forward
concept,HTML,7,prompt,induction,0.01435231671799747,0.008953469073498293,0.021380124064506557,0.953362975269556,0.3197613905649632,0.9442693246528506,0.009093650616705418,0.6336015847045928,truncated_forward
concept,HTML,7,response,rescue,0.0717666264039575,0.0629344298835744,0.08142224962978063,0.953362975269556,0.3197613905649632,0.36523283878341317,0.04547144821844995,0.6336015847045928,truncated_forward
concept,HTML,7,response,induction,0.018437403927398125,0.01395708329553424,0.023677410833176885,0.953362975269556,0.3197613905649632,0.9416810069233179,0.011681968346238136,0.6336015847045928,truncated_forward
concept,HTML,7,all_aligned,rescue,0.0978579217278213,0.08875876195771196,0.10776609438585281,0.953362975269556,0.3197613905649632,0.3817643248476088,0.06200293428264558,0.6336015847045928,truncated_forward
concept,HTML,7,all_aligned,induction,0.05002625796504759,0.03871860932627387,0.06286887045731009,0.953362975269556,0.3197613905649632,0.9216662589460611,0.03169671632349491,0.6336015847045928,truncated_forward
concept,HTML,8,prompt,rescue,0.042216232625614775,0.03706592435698684,0.04743272475523009,0.953362975269556,0.3197613905649632,0.3465096624568105,0.026748271891847253,0.6336015847045928,truncated_forward
concept,HTML,8,prompt,induction,0.0369984988248724,0.024918095727912568,0.05029629516641026,0.953362975269556,0.3197613905649632,0.9299206677824259,0.023442307487130165,0.6336015847045928,truncated_forward
concept,HTML,8,response,rescue,0.1986051090760974,0.1787735274399837,0.21928074546909276,0.953362975269556,0.3197613905649632,0.44559790240600705,0.12583651184104383,0.6336015847045928,truncated_forward
concept,HTML,8,response,induction,0.041611708994386036,0.03341514846789822,0.05071421414979156,0.953362975269556,0.3197613905649632,0.9269977305084467,0.026365244761109352,0.6336015847045928,truncated_forward
concept,HTML,8,all_aligned,rescue,0.23263041064463175,0.21314033584628841,0.25297431530142006,0.953362975269556,0.3197613905649632,0.4671563873998821,0.14739499683491886,0.6336015847045928,truncated_forward
concept,HTML,8,all_aligned,induction,0.17155280510183432,0.13887427779967548,0.20653908020436637,0.953362975269556,0.3197613905649632,0.8446668460965157,0.10869612917304039,0.6336015847045928,truncated_forward
concept,HTML,9,prompt,rescue,0.022593495118709127,0.019660302983855175,0.025592572614337523,0.953362975269556,0.3197613905649632,0.3340766648761928,0.014315274311229587,0.6336015847045928,truncated_forward
concept,HTML,9,prompt,induction,0.05858038885144771,0.042753805339347986,0.07578516721359814,0.953362975269556,0.3197613905649632,0.9162463480606675,0.03711662720888853,0.6336015847045928,truncated_forward
concept,HTML,9,response,rescue,0.3350222660374231,0.312150182996847,0.3579129279894347,0.953362975269556,0.3197613905649632,0.5320320292375982,0.21227063867263496,0.6336015847045928,truncated_forward
concept,HTML,9,response,induction,0.1627609641301019,0.14267121842211952,0.18397206246901057,0.953362975269556,0.3197613905649632,0.8502373704686761,0.10312560480087996,0.6336015847045928,truncated_forward
concept,HTML,9,all_aligned,rescue,0.36074129196324334,0.3373932294613508,0.3837820999009756,0.953362975269556,0.3197613905649632,0.5483276448212564,0.22856625425629318,0.6336015847045928,truncated_forward
concept,HTML,9,all_aligned,induction,0.3829901148076544,0.3448475138408489,0.4214352757671639,0.953362975269556,0.3197613905649632,0.7106998316012323,0.24266314366832376,0.6336015847045928,truncated_forward
concept,HTML,10,prompt,rescue,0.0265731811588733,0.023146588819667253,0.03005089827735988,0.953362975269556,0.3197613905649632,0.3365982002578676,0.016836809692904353,0.6336015847045928,truncated_forward
concept,HTML,10,prompt,induction,0.04436020466313598,0.03402400061180186,0.056642775831599164,0.953362975269556,0.3197613905649632,0.925256279297173,0.028106695972383022,0.6336015847045928,truncated_forward
concept,HTML,10,response,rescue,0.6138597804510637,0.5879621873114282,0.6395109007522667,0.953362975269556,0.3197613905649632,0.7087039202451706,0.38894252968020737,0.6336015847045928,truncated_forward
concept,HTML,10,response,induction,0.4450009400568847,0.41910633462299896,0.47078217204156586,0.953362975269556,0.3197613905649632,0.6714096744544804,0.28195330081507564,0.6336015847045928,truncated_forward
concept,HTML,10,all_aligned,rescue,0.6333713717363675,0.6083794947523103,0.6581899435046863,0.953362975269556,0.3197613905649632,0.7210664954036474,0.4013051048386842,0.6336015847045928,truncated_forward
concept,HTML,10,all_aligned,induction,0.7263613548605425,0.7037470287300478,0.7482871968874262,0.953362975269556,0.3197613905649632,0.49313926976174116,0.4602237055078149,0.6336015847045928,truncated_forward
concept,HTML,11,prompt,rescue,0.009521336579340591,0.007522549371974592,0.011832427356480874,0.953362975269556,0.3197613905649632,0.3257941245101392,0.006032733945176005,0.6336015847045928,truncated_forward
concept,HTML,11,prompt,induction,0.004037758325913054,0.00294484448172176,0.005350051714139749,0.953362975269556,0.3197613905649632,0.9508046451956034,0.002558330073952675,0.6336015847045928,truncated_forward
concept,HTML,11,response,rescue,0.9716145539418185,0.9660603530321485,0.9766470336261411,0.953362975269556,0.3197613905649632,0.9353779116645455,0.6156165210995823,0.6336015847045928,truncated_forward
concept,HTML,11,response,induction,0.9191646868042389,0.9130839278504366,0.9249507834720584,0.953362975269556,0.3197613905649632,0.37097877310588956,0.5823842021636665,0.6336015847045928,truncated_forward
concept,HTML,11,all_aligned,rescue,0.9747010280206037,0.9697155557208791,0.9792485324829522,0.953362975269556,0.3197613905649632,0.9373335065320134,0.6175721159670502,0.6336015847045928,truncated_forward
concept,HTML,11,all_aligned,induction,0.9431600048327672,0.9388476294601784,0.9474112889976748,0.953362975269556,0.3197613905649632,0.35577530157752335,0.5975876736920327,0.6336015847045928,truncated_forward
concept,HTML,12,prompt,rescue,0.0,0.0,0.0,0.953362975269556,0.3197613905649632,0.3197613905649632,0.0,0.6336015847045928,truncated_forward
concept,HTML,12,prompt,induction,0.0,0.0,0.0,0.953362975269556,0.3197613905649632,0.953362975269556,0.0,0.6336015847045928,truncated_forward
concept,HTML,12,response,rescue,1.0,1.0,1.0,0.953362975269556,0.3197613905649632,0.953362975269556,0.6336015847045928,0.6336015847045928,truncated_forward
concept,HTML,12,response,induction,1.0,1.0,1.0,0.953362975269556,0.3197613905649632,0.3197613905649632,0.6336015847045928,0.6336015847045928,truncated_forward
concept,HTML,12,all_aligned,rescue,1.0,1.0,1.0,0.953362975269556,0.3197613905649632,0.953362975269556,0.6336015847045928,0.6336015847045928,truncated_forward
concept,HTML,12,all_aligned,induction,1.0,1.0,1.0,0.953362975269556,0.3197613905649632,0.3197613905649632,0.6336015847045928,0.6336015847045928,truncated_forward
concept,HTML,13,prompt,rescue,0.0,0.0,0.0,0.953362975269556,0.3197613905649632,0.3197613905649632,0.0,0.6336015847045928,structural_causal_null
concept,HTML,13,prompt,induction,0.0,0.0,0.0,0.953362975269556,0.3197613905649632,0.953362975269556,0.0,0.6336015847045928,structural_causal_null
concept,HTML,13,response,rescue,0.0,0.0,0.0,0.953362975269556,0.3197613905649632,0.3197613905649632,0.0,0.6336015847045928,structural_causal_null
concept,HTML,13,response,induction,0.0,0.0,0.0,0.953362975269556,0.3197613905649632,0.953362975269556,0.0,0.6336015847045928,structural_causal_null
concept,HTML,13,all_aligned,rescue,0.0,0.0,0.0,0.953362975269556,0.3197613905649632,0.3197613905649632,0.0,0.6336015847045928,structural_causal_null
concept,HTML,13,all_aligned,induction,0.0,0.0,0.0,0.953362975269556,0.3197613905649632,0.953362975269556,0.0,0.6336015847045928,structural_causal_null
concept,HTML,14,prompt,rescue,0.0,0.0,0.0,0.953362975269556,0.3197613905649632,0.3197613905649632,0.0,0.6336015847045928,structural_causal_null
concept,HTML,14,prompt,induction,0.0,0.0,0.0,0.953362975269556,0.3197613905649632,0.953362975269556,0.0,0.6336015847045928,structural_causal_null
concept,HTML,14,response,rescue,0.0,0.0,0.0,0.953362975269556,0.3197613905649632,0.3197613905649632,0.0,0.6336015847045928,structural_causal_null
concept,HTML,14,response,induction,0.0,0.0,0.0,0.953362975269556,0.3197613905649632,0.953362975269556,0.0,0.6336015847045928,structural_causal_null
concept,HTML,14,all_aligned,rescue,0.0,0.0,0.0,0.953362975269556,0.3197613905649632,0.3197613905649632,0.0,0.6336015847045928,structural_causal_null
concept,HTML,14,all_aligned,induction,0.0,0.0,0.0,0.953362975269556,0.3197613905649632,0.953362975269556,0.0,0.6336015847045928,structural_causal_null
concept,HTML,15,prompt,rescue,0.0,0.0,0.0,0.953362975269556,0.3197613905649632,0.3197613905649632,0.0,0.6336015847045928,structural_causal_null
concept,HTML,15,prompt,induction,0.0,0.0,0.0,0.953362975269556,0.3197613905649632,0.953362975269556,0.0,0.6336015847045928,structural_causal_null
concept,HTML,15,response,rescue,0.0,0.0,0.0,0.953362975269556,0.3197613905649632,0.3197613905649632,0.0,0.6336015847045928,structural_causal_null
concept,HTML,15,response,induction,0.0,0.0,0.0,0.953362975269556,0.3197613905649632,0.953362975269556,0.0,0.6336015847045928,structural_causal_null
concept,HTML,15,all_aligned,rescue,0.0,0.0,0.0,0.953362975269556,0.3197613905649632,0.3197613905649632,0.0,0.6336015847045928,structural_causal_null
concept,HTML,15,all_aligned,induction,0.0,0.0,0.0,0.953362975269556,0.3197613905649632,0.953362975269556,0.0,0.6336015847045928,structural_causal_null
concept,HTML,16,prompt,rescue,0.0,0.0,0.0,0.953362975269556,0.3197613905649632,0.3197613905649632,0.0,0.6336015847045928,structural_causal_null
concept,HTML,16,prompt,induction,0.0,0.0,0.0,0.953362975269556,0.3197613905649632,0.953362975269556,0.0,0.6336015847045928,structural_causal_null
concept,HTML,16,response,rescue,0.0,0.0,0.0,0.953362975269556,0.3197613905649632,0.3197613905649632,0.0,0.6336015847045928,structural_causal_null
concept,HTML,16,response,induction,0.0,0.0,0.0,0.953362975269556,0.3197613905649632,0.953362975269556,0.0,0.6336015847045928,structural_causal_null
concept,HTML,16,all_aligned,rescue,0.0,0.0,0.0,0.953362975269556,0.3197613905649632,0.3197613905649632,0.0,0.6336015847045928,structural_causal_null
concept,HTML,16,all_aligned,induction,0.0,0.0,0.0,0.953362975269556,0.3197613905649632,0.953362975269556,0.0,0.6336015847045928,structural_causal_null
concept,HTML,17,prompt,rescue,0.0,0.0,0.0,0.953362975269556,0.3197613905649632,0.3197613905649632,0.0,0.6336015847045928,structural_causal_null
concept,HTML,17,prompt,induction,0.0,0.0,0.0,0.953362975269556,0.3197613905649632,0.953362975269556,0.0,0.6336015847045928,structural_causal_null
concept,HTML,17,response,rescue,0.0,0.0,0.0,0.953362975269556,0.3197613905649632,0.3197613905649632,0.0,0.6336015847045928,structural_causal_null
concept,HTML,17,response,induction,0.0,0.0,0.0,0.953362975269556,0.3197613905649632,0.953362975269556,0.0,0.6336015847045928,structural_causal_null
concept,HTML,17,all_aligned,rescue,0.0,0.0,0.0,0.953362975269556,0.3197613905649632,0.3197613905649632,0.0,0.6336015847045928,structural_causal_null
concept,HTML,17,all_aligned,induction,0.0,0.0,0.0,0.953362975269556,0.3197613905649632,0.953362975269556,0.0,0.6336015847045928,structural_causal_null
concept,HTML,18,prompt,rescue,0.0,0.0,0.0,0.953362975269556,0.3197613905649632,0.3197613905649632,0.0,0.6336015847045928,structural_causal_null
concept,HTML,18,prompt,induction,0.0,0.0,0.0,0.953362975269556,0.3197613905649632,0.953362975269556,0.0,0.6336015847045928,structural_causal_null
concept,HTML,18,response,rescue,0.0,0.0,0.0,0.953362975269556,0.3197613905649632,0.3197613905649632,0.0,0.6336015847045928,structural_causal_null
concept,HTML,18,response,induction,0.0,0.0,0.0,0.953362975269556,0.3197613905649632,0.953362975269556,0.0,0.6336015847045928,structural_causal_null
concept,HTML,18,all_aligned,rescue,0.0,0.0,0.0,0.953362975269556,0.3197613905649632,0.3197613905649632,0.0,0.6336015847045928,structural_causal_null
concept,HTML,18,all_aligned,induction,0.0,0.0,0.0,0.953362975269556,0.3197613905649632,0.953362975269556,0.0,0.6336015847045928,structural_causal_null
concept,HTML,19,prompt,rescue,0.0,0.0,0.0,0.953362975269556,0.3197613905649632,0.3197613905649632,0.0,0.6336015847045928,structural_causal_null
concept,HTML,19,prompt,induction,0.0,0.0,0.0,0.953362975269556,0.3197613905649632,0.953362975269556,0.0,0.6336015847045928,structural_causal_null
concept,HTML,19,response,rescue,0.0,0.0,0.0,0.953362975269556,0.3197613905649632,0.3197613905649632,0.0,0.6336015847045928,structural_causal_null
concept,HTML,19,response,induction,0.0,0.0,0.0,0.953362975269556,0.3197613905649632,0.953362975269556,0.0,0.6336015847045928,structural_causal_null
concept,HTML,19,all_aligned,rescue,0.0,0.0,0.0,0.953362975269556,0.3197613905649632,0.3197613905649632,0.0,0.6336015847045928,structural_causal_null
concept,HTML,19,all_aligned,induction,0.0,0.0,0.0,0.953362975269556,0.3197613905649632,0.953362975269556,0.0,0.6336015847045928,structural_causal_null
concept,HTML,20,prompt,rescue,0.0,0.0,0.0,0.953362975269556,0.3197613905649632,0.3197613905649632,0.0,0.6336015847045928,structural_causal_null
concept,HTML,20,prompt,induction,0.0,0.0,0.0,0.953362975269556,0.3197613905649632,0.953362975269556,0.0,0.6336015847045928,structural_causal_null
concept,HTML,20,response,rescue,0.0,0.0,0.0,0.953362975269556,0.3197613905649632,0.3197613905649632,0.0,0.6336015847045928,structural_causal_null
concept,HTML,20,response,induction,0.0,0.0,0.0,0.953362975269556,0.3197613905649632,0.953362975269556,0.0,0.6336015847045928,structural_causal_null
concept,HTML,20,all_aligned,rescue,0.0,0.0,0.0,0.953362975269556,0.3197613905649632,0.3197613905649632,0.0,0.6336015847045928,structural_causal_null
concept,HTML,20,all_aligned,induction,0.0,0.0,0.0,0.953362975269556,0.3197613905649632,0.953362975269556,0.0,0.6336015847045928,structural_causal_null
concept,HTML,21,prompt,rescue,0.0,0.0,0.0,0.953362975269556,0.3197613905649632,0.3197613905649632,0.0,0.6336015847045928,structural_causal_null
concept,HTML,21,prompt,induction,0.0,0.0,0.0,0.953362975269556,0.3197613905649632,0.953362975269556,0.0,0.6336015847045928,structural_causal_null
concept,HTML,21,response,rescue,0.0,0.0,0.0,0.953362975269556,0.3197613905649632,0.3197613905649632,0.0,0.6336015847045928,structural_causal_null
concept,HTML,21,response,induction,0.0,0.0,0.0,0.953362975269556,0.3197613905649632,0.953362975269556,0.0,0.6336015847045928,structural_causal_null
concept,HTML,21,all_aligned,rescue,0.0,0.0,0.0,0.953362975269556,0.3197613905649632,0.3197613905649632,0.0,0.6336015847045928,structural_causal_null
concept,HTML,21,all_aligned,induction,0.0,0.0,0.0,0.953362975269556,0.3197613905649632,0.953362975269556,0.0,0.6336015847045928,structural_causal_null
concept,HTML,22,prompt,rescue,0.0,0.0,0.0,0.953362975269556,0.3197613905649632,0.3197613905649632,0.0,0.6336015847045928,structural_causal_null
concept,HTML,22,prompt,induction,0.0,0.0,0.0,0.953362975269556,0.3197613905649632,0.953362975269556,0.0,0.6336015847045928,structural_causal_null
concept,HTML,22,response,rescue,0.0,0.0,0.0,0.953362975269556,0.3197613905649632,0.3197613905649632,0.0,0.6336015847045928,structural_causal_null
concept,HTML,22,response,induction,0.0,0.0,0.0,0.953362975269556,0.3197613905649632,0.953362975269556,0.0,0.6336015847045928,structural_causal_null
concept,HTML,22,all_aligned,rescue,0.0,0.0,0.0,0.953362975269556,0.3197613905649632,0.3197613905649632,0.0,0.6336015847045928,structural_causal_null
concept,HTML,22,all_aligned,induction,0.0,0.0,0.0,0.953362975269556,0.3197613905649632,0.953362975269556,0.0,0.6336015847045928,structural_causal_null
concept,HTML,23,prompt,rescue,0.0,0.0,0.0,0.953362975269556,0.3197613905649632,0.3197613905649632,0.0,0.6336015847045928,structural_causal_null
concept,HTML,23,prompt,induction,0.0,0.0,0.0,0.953362975269556,0.3197613905649632,0.953362975269556,0.0,0.6336015847045928,structural_causal_null
concept,HTML,23,response,rescue,0.0,0.0,0.0,0.953362975269556,0.3197613905649632,0.3197613905649632,0.0,0.6336015847045928,structural_causal_null
concept,HTML,23,response,induction,0.0,0.0,0.0,0.953362975269556,0.3197613905649632,0.953362975269556,0.0,0.6336015847045928,structural_causal_null
concept,HTML,23,all_aligned,rescue,0.0,0.0,0.0,0.953362975269556,0.3197613905649632,0.3197613905649632,0.0,0.6336015847045928,structural_causal_null
concept,HTML,23,all_aligned,induction,0.0,0.0,0.0,0.953362975269556,0.3197613905649632,0.953362975269556,0.0,0.6336015847045928,structural_causal_null
concept,HTML,24,prompt,rescue,0.0,0.0,0.0,0.953362975269556,0.3197613905649632,0.3197613905649632,0.0,0.6336015847045928,structural_causal_null
concept,HTML,24,prompt,induction,0.0,0.0,0.0,0.953362975269556,0.3197613905649632,0.953362975269556,0.0,0.6336015847045928,structural_causal_null
concept,HTML,24,response,rescue,0.0,0.0,0.0,0.953362975269556,0.3197613905649632,0.3197613905649632,0.0,0.6336015847045928,structural_causal_null
concept,HTML,24,response,induction,0.0,0.0,0.0,0.953362975269556,0.3197613905649632,0.953362975269556,0.0,0.6336015847045928,structural_causal_null
concept,HTML,24,all_aligned,rescue,0.0,0.0,0.0,0.953362975269556,0.3197613905649632,0.3197613905649632,0.0,0.6336015847045928,structural_causal_null
concept,HTML,24,all_aligned,induction,0.0,0.0,0.0,0.953362975269556,0.3197613905649632,0.953362975269556,0.0,0.6336015847045928,structural_causal_null
concept,HTML,25,prompt,rescue,0.0,0.0,0.0,0.953362975269556,0.3197613905649632,0.3197613905649632,0.0,0.6336015847045928,structural_causal_null
concept,HTML,25,prompt,induction,0.0,0.0,0.0,0.953362975269556,0.3197613905649632,0.953362975269556,0.0,0.6336015847045928,structural_causal_null
concept,HTML,25,response,rescue,0.0,0.0,0.0,0.953362975269556,0.3197613905649632,0.3197613905649632,0.0,0.6336015847045928,structural_causal_null
concept,HTML,25,response,induction,0.0,0.0,0.0,0.953362975269556,0.3197613905649632,0.953362975269556,0.0,0.6336015847045928,structural_causal_null
concept,HTML,25,all_aligned,rescue,0.0,0.0,0.0,0.953362975269556,0.3197613905649632,0.3197613905649632,0.0,0.6336015847045928,structural_causal_null
concept,HTML,25,all_aligned,induction,0.0,0.0,0.0,0.953362975269556,0.3197613905649632,0.953362975269556,0.0,0.6336015847045928,structural_causal_null
concept,HTML,26,prompt,rescue,0.0,0.0,0.0,0.953362975269556,0.3197613905649632,0.3197613905649632,0.0,0.6336015847045928,structural_causal_null
concept,HTML,26,prompt,induction,0.0,0.0,0.0,0.953362975269556,0.3197613905649632,0.953362975269556,0.0,0.6336015847045928,structural_causal_null
concept,HTML,26,response,rescue,0.0,0.0,0.0,0.953362975269556,0.3197613905649632,0.3197613905649632,0.0,0.6336015847045928,structural_causal_null
concept,HTML,26,response,induction,0.0,0.0,0.0,0.953362975269556,0.3197613905649632,0.953362975269556,0.0,0.6336015847045928,structural_causal_null
concept,HTML,26,all_aligned,rescue,0.0,0.0,0.0,0.953362975269556,0.3197613905649632,0.3197613905649632,0.0,0.6336015847045928,structural_causal_null
concept,HTML,26,all_aligned,induction,0.0,0.0,0.0,0.953362975269556,0.3197613905649632,0.953362975269556,0.0,0.6336015847045928,structural_causal_null
concept,HTML,27,prompt,rescue,0.0,0.0,0.0,0.953362975269556,0.3197613905649632,0.3197613905649632,0.0,0.6336015847045928,structural_causal_null
concept,HTML,27,prompt,induction,0.0,0.0,0.0,0.953362975269556,0.3197613905649632,0.953362975269556,0.0,0.6336015847045928,structural_causal_null
concept,HTML,27,response,rescue,0.0,0.0,0.0,0.953362975269556,0.3197613905649632,0.3197613905649632,0.0,0.6336015847045928,structural_causal_null
concept,HTML,27,response,induction,0.0,0.0,0.0,0.953362975269556,0.3197613905649632,0.953362975269556,0.0,0.6336015847045928,structural_causal_null
concept,HTML,27,all_aligned,rescue,0.0,0.0,0.0,0.953362975269556,0.3197613905649632,0.3197613905649632,0.0,0.6336015847045928,structural_causal_null
concept,HTML,27,all_aligned,induction,0.0,0.0,0.0,0.953362975269556,0.3197613905649632,0.953362975269556,0.0,0.6336015847045928,structural_causal_null
concept,HTML,28,prompt,rescue,0.0,0.0,0.0,0.953362975269556,0.3197613905649632,0.3197613905649632,0.0,0.6336015847045928,structural_causal_null
concept,HTML,28,prompt,induction,0.0,0.0,0.0,0.953362975269556,0.3197613905649632,0.953362975269556,0.0,0.6336015847045928,structural_causal_null
concept,HTML,28,response,rescue,0.0,0.0,0.0,0.953362975269556,0.3197613905649632,0.3197613905649632,0.0,0.6336015847045928,structural_causal_null
concept,HTML,28,response,induction,0.0,0.0,0.0,0.953362975269556,0.3197613905649632,0.953362975269556,0.0,0.6336015847045928,structural_causal_null
concept,HTML,28,all_aligned,rescue,0.0,0.0,0.0,0.953362975269556,0.3197613905649632,0.3197613905649632,0.0,0.6336015847045928,structural_causal_null
concept,HTML,28,all_aligned,induction,0.0,0.0,0.0,0.953362975269556,0.3197613905649632,0.953362975269556,0.0,0.6336015847045928,structural_causal_null
concept,HTML,29,prompt,rescue,0.0,0.0,0.0,0.953362975269556,0.3197613905649632,0.3197613905649632,0.0,0.6336015847045928,structural_causal_null
concept,HTML,29,prompt,induction,0.0,0.0,0.0,0.953362975269556,0.3197613905649632,0.953362975269556,0.0,0.6336015847045928,structural_causal_null
concept,HTML,29,response,rescue,0.0,0.0,0.0,0.953362975269556,0.3197613905649632,0.3197613905649632,0.0,0.6336015847045928,structural_causal_null
concept,HTML,29,response,induction,0.0,0.0,0.0,0.953362975269556,0.3197613905649632,0.953362975269556,0.0,0.6336015847045928,structural_causal_null
concept,HTML,29,all_aligned,rescue,0.0,0.0,0.0,0.953362975269556,0.3197613905649632,0.3197613905649632,0.0,0.6336015847045928,structural_causal_null
concept,HTML,29,all_aligned,induction,0.0,0.0,0.0,0.953362975269556,0.3197613905649632,0.953362975269556,0.0,0.6336015847045928,structural_causal_null
concept,HTML,30,prompt,rescue,0.0,0.0,0.0,0.953362975269556,0.3197613905649632,0.3197613905649632,0.0,0.6336015847045928,structural_causal_null
concept,HTML,30,prompt,induction,0.0,0.0,0.0,0.953362975269556,0.3197613905649632,0.953362975269556,0.0,0.6336015847045928,structural_causal_null
concept,HTML,30,response,rescue,0.0,0.0,0.0,0.953362975269556,0.3197613905649632,0.3197613905649632,0.0,0.6336015847045928,structural_causal_null
concept,HTML,30,response,induction,0.0,0.0,0.0,0.953362975269556,0.3197613905649632,0.953362975269556,0.0,0.6336015847045928,structural_causal_null
concept,HTML,30,all_aligned,rescue,0.0,0.0,0.0,0.953362975269556,0.3197613905649632,0.3197613905649632,0.0,0.6336015847045928,structural_causal_null
concept,HTML,30,all_aligned,induction,0.0,0.0,0.0,0.953362975269556,0.3197613905649632,0.953362975269556,0.0,0.6336015847045928,structural_causal_null
concept,HTML,31,prompt,rescue,0.0,0.0,0.0,0.953362975269556,0.3197613905649632,0.3197613905649632,0.0,0.6336015847045928,structural_causal_null
concept,HTML,31,prompt,induction,0.0,0.0,0.0,0.953362975269556,0.3197613905649632,0.953362975269556,0.0,0.6336015847045928,structural_causal_null
concept,HTML,31,response,rescue,0.0,0.0,0.0,0.953362975269556,0.3197613905649632,0.3197613905649632,0.0,0.6336015847045928,structural_causal_null
concept,HTML,31,response,induction,0.0,0.0,0.0,0.953362975269556,0.3197613905649632,0.953362975269556,0.0,0.6336015847045928,structural_causal_null
concept,HTML,31,all_aligned,rescue,0.0,0.0,0.0,0.953362975269556,0.3197613905649632,0.3197613905649632,0.0,0.6336015847045928,structural_causal_null
concept,HTML,31,all_aligned,induction,0.0,0.0,0.0,0.953362975269556,0.3197613905649632,0.953362975269556,0.0,0.6336015847045928,structural_causal_null
concept,HTML,32,prompt,rescue,0.0,0.0,0.0,0.953362975269556,0.3197613905649632,0.3197613905649632,0.0,0.6336015847045928,structural_causal_null
concept,HTML,32,prompt,induction,0.0,0.0,0.0,0.953362975269556,0.3197613905649632,0.953362975269556,0.0,0.6336015847045928,structural_causal_null
concept,HTML,32,response,rescue,0.0,0.0,0.0,0.953362975269556,0.3197613905649632,0.3197613905649632,0.0,0.6336015847045928,structural_causal_null
concept,HTML,32,response,induction,0.0,0.0,0.0,0.953362975269556,0.3197613905649632,0.953362975269556,0.0,0.6336015847045928,structural_causal_null
concept,HTML,32,all_aligned,rescue,0.0,0.0,0.0,0.953362975269556,0.3197613905649632,0.3197613905649632,0.0,0.6336015847045928,structural_causal_null
concept,HTML,32,all_aligned,induction,0.0,0.0,0.0,0.953362975269556,0.3197613905649632,0.953362975269556,0.0,0.6336015847045928,structural_causal_null
concept,HTML,33,prompt,rescue,0.0,0.0,0.0,0.953362975269556,0.3197613905649632,0.3197613905649632,0.0,0.6336015847045928,structural_causal_null
concept,HTML,33,prompt,induction,0.0,0.0,0.0,0.953362975269556,0.3197613905649632,0.953362975269556,0.0,0.6336015847045928,structural_causal_null
concept,HTML,33,response,rescue,0.0,0.0,0.0,0.953362975269556,0.3197613905649632,0.3197613905649632,0.0,0.6336015847045928,structural_causal_null
concept,HTML,33,response,induction,0.0,0.0,0.0,0.953362975269556,0.3197613905649632,0.953362975269556,0.0,0.6336015847045928,structural_causal_null
concept,HTML,33,all_aligned,rescue,0.0,0.0,0.0,0.953362975269556,0.3197613905649632,0.3197613905649632,0.0,0.6336015847045928,structural_causal_null
concept,HTML,33,all_aligned,induction,0.0,0.0,0.0,0.953362975269556,0.3197613905649632,0.953362975269556,0.0,0.6336015847045928,structural_causal_null
concept,HTML,34,prompt,rescue,0.0,0.0,0.0,0.953362975269556,0.3197613905649632,0.3197613905649632,0.0,0.6336015847045928,structural_causal_null
concept,HTML,34,prompt,induction,0.0,0.0,0.0,0.953362975269556,0.3197613905649632,0.953362975269556,0.0,0.6336015847045928,structural_causal_null
concept,HTML,34,response,rescue,0.0,0.0,0.0,0.953362975269556,0.3197613905649632,0.3197613905649632,0.0,0.6336015847045928,structural_causal_null
concept,HTML,34,response,induction,0.0,0.0,0.0,0.953362975269556,0.3197613905649632,0.953362975269556,0.0,0.6336015847045928,structural_causal_null
concept,HTML,34,all_aligned,rescue,0.0,0.0,0.0,0.953362975269556,0.3197613905649632,0.3197613905649632,0.0,0.6336015847045928,structural_causal_null
concept,HTML,34,all_aligned,induction,0.0,0.0,0.0,0.953362975269556,0.3197613905649632,0.953362975269556,0.0,0.6336015847045928,structural_causal_null
concept,HTML,35,prompt,rescue,0.0,0.0,0.0,0.953362975269556,0.3197613905649632,0.3197613905649632,0.0,0.6336015847045928,structural_causal_null
concept,HTML,35,prompt,induction,0.0,0.0,0.0,0.953362975269556,0.3197613905649632,0.953362975269556,0.0,0.6336015847045928,structural_causal_null
concept,HTML,35,response,rescue,0.0,0.0,0.0,0.953362975269556,0.3197613905649632,0.3197613905649632,0.0,0.6336015847045928,structural_causal_null
concept,HTML,35,response,induction,0.0,0.0,0.0,0.953362975269556,0.3197613905649632,0.953362975269556,0.0,0.6336015847045928,structural_causal_null
concept,HTML,35,all_aligned,rescue,0.0,0.0,0.0,0.953362975269556,0.3197613905649632,0.3197613905649632,0.0,0.6336015847045928,structural_causal_null
concept,HTML,35,all_aligned,induction,0.0,0.0,0.0,0.953362975269556,0.3197613905649632,0.953362975269556,0.0,0.6336015847045928,structural_causal_null
concept,HTML,36,prompt,rescue,0.0,0.0,0.0,0.953362975269556,0.3197613905649632,0.3197613905649632,0.0,0.6336015847045928,structural_causal_null
concept,HTML,36,prompt,induction,0.0,0.0,0.0,0.953362975269556,0.3197613905649632,0.953362975269556,0.0,0.6336015847045928,structural_causal_null
concept,HTML,36,response,rescue,0.0,0.0,0.0,0.953362975269556,0.3197613905649632,0.3197613905649632,0.0,0.6336015847045928,structural_causal_null
concept,HTML,36,response,induction,0.0,0.0,0.0,0.953362975269556,0.3197613905649632,0.953362975269556,0.0,0.6336015847045928,structural_causal_null
concept,HTML,36,all_aligned,rescue,0.0,0.0,0.0,0.953362975269556,0.3197613905649632,0.3197613905649632,0.0,0.6336015847045928,structural_causal_null
concept,HTML,36,all_aligned,induction,0.0,0.0,0.0,0.953362975269556,0.3197613905649632,0.953362975269556,0.0,0.6336015847045928,structural_causal_null
concept,HTML,37,prompt,rescue,0.0,0.0,0.0,0.953362975269556,0.3197613905649632,0.3197613905649632,0.0,0.6336015847045928,structural_causal_null
concept,HTML,37,prompt,induction,0.0,0.0,0.0,0.953362975269556,0.3197613905649632,0.953362975269556,0.0,0.6336015847045928,structural_causal_null
concept,HTML,37,response,rescue,0.0,0.0,0.0,0.953362975269556,0.3197613905649632,0.3197613905649632,0.0,0.6336015847045928,structural_causal_null
concept,HTML,37,response,induction,0.0,0.0,0.0,0.953362975269556,0.3197613905649632,0.953362975269556,0.0,0.6336015847045928,structural_causal_null
concept,HTML,37,all_aligned,rescue,0.0,0.0,0.0,0.953362975269556,0.3197613905649632,0.3197613905649632,0.0,0.6336015847045928,structural_causal_null
concept,HTML,37,all_aligned,induction,0.0,0.0,0.0,0.953362975269556,0.3197613905649632,0.953362975269556,0.0,0.6336015847045928,structural_causal_null
concept,HTML,38,prompt,rescue,0.0,0.0,0.0,0.953362975269556,0.3197613905649632,0.3197613905649632,0.0,0.6336015847045928,structural_causal_null
concept,HTML,38,prompt,induction,0.0,0.0,0.0,0.953362975269556,0.3197613905649632,0.953362975269556,0.0,0.6336015847045928,structural_causal_null
concept,HTML,38,response,rescue,0.0,0.0,0.0,0.953362975269556,0.3197613905649632,0.3197613905649632,0.0,0.6336015847045928,structural_causal_null
concept,HTML,38,response,induction,0.0,0.0,0.0,0.953362975269556,0.3197613905649632,0.953362975269556,0.0,0.6336015847045928,structural_causal_null
concept,HTML,38,all_aligned,rescue,0.0,0.0,0.0,0.953362975269556,0.3197613905649632,0.3197613905649632,0.0,0.6336015847045928,structural_causal_null
concept,HTML,38,all_aligned,induction,0.0,0.0,0.0,0.953362975269556,0.3197613905649632,0.953362975269556,0.0,0.6336015847045928,structural_causal_null
concept,HTML,39,prompt,rescue,0.0,0.0,0.0,0.953362975269556,0.3197613905649632,0.3197613905649632,0.0,0.6336015847045928,structural_causal_null
concept,HTML,39,prompt,induction,0.0,0.0,0.0,0.953362975269556,0.3197613905649632,0.953362975269556,0.0,0.6336015847045928,structural_causal_null
concept,HTML,39,response,rescue,0.0,0.0,0.0,0.953362975269556,0.3197613905649632,0.3197613905649632,0.0,0.6336015847045928,structural_causal_null
concept,HTML,39,response,induction,0.0,0.0,0.0,0.953362975269556,0.3197613905649632,0.953362975269556,0.0,0.6336015847045928,structural_causal_null
concept,HTML,39,all_aligned,rescue,0.0,0.0,0.0,0.953362975269556,0.3197613905649632,0.3197613905649632,0.0,0.6336015847045928,structural_causal_null
concept,HTML,39,all_aligned,induction,0.0,0.0,0.0,0.953362975269556,0.3197613905649632,0.953362975269556,0.0,0.6336015847045928,structural_causal_null
concept,HTML,40,prompt,rescue,0.0,0.0,0.0,0.953362975269556,0.3197613905649632,0.3197613905649632,0.0,0.6336015847045928,structural_causal_null
concept,HTML,40,prompt,induction,0.0,0.0,0.0,0.953362975269556,0.3197613905649632,0.953362975269556,0.0,0.6336015847045928,structural_causal_null
concept,HTML,40,response,rescue,0.0,0.0,0.0,0.953362975269556,0.3197613905649632,0.3197613905649632,0.0,0.6336015847045928,structural_causal_null
concept,HTML,40,response,induction,0.0,0.0,0.0,0.953362975269556,0.3197613905649632,0.953362975269556,0.0,0.6336015847045928,structural_causal_null
concept,HTML,40,all_aligned,rescue,0.0,0.0,0.0,0.953362975269556,0.3197613905649632,0.3197613905649632,0.0,0.6336015847045928,structural_causal_null
concept,HTML,40,all_aligned,induction,0.0,0.0,0.0,0.953362975269556,0.3197613905649632,0.953362975269556,0.0,0.6336015847045928,structural_causal_null
concept,HTML,41,prompt,rescue,0.0,0.0,0.0,0.953362975269556,0.3197613905649632,0.3197613905649632,0.0,0.6336015847045928,structural_causal_null
concept,HTML,41,prompt,induction,0.0,0.0,0.0,0.953362975269556,0.3197613905649632,0.953362975269556,0.0,0.6336015847045928,structural_causal_null
concept,HTML,41,response,rescue,0.0,0.0,0.0,0.953362975269556,0.3197613905649632,0.3197613905649632,0.0,0.6336015847045928,structural_causal_null
concept,HTML,41,response,induction,0.0,0.0,0.0,0.953362975269556,0.3197613905649632,0.953362975269556,0.0,0.6336015847045928,structural_causal_null
concept,HTML,41,all_aligned,rescue,0.0,0.0,0.0,0.953362975269556,0.3197613905649632,0.3197613905649632,0.0,0.6336015847045928,structural_causal_null
concept,HTML,41,all_aligned,induction,0.0,0.0,0.0,0.953362975269556,0.3197613905649632,0.953362975269556,0.0,0.6336015847045928,structural_causal_null
concept,biology-focused,0,prompt,rescue,0.0002078883538231467,0.00012953162276554828,0.0002827344682848609,0.9663346447050571,0.18334930762648582,0.18351208115927875,0.00016277353279292583,0.7829853370785713,truncated_forward
concept,biology-focused,0,prompt,induction,-6.451224574381895e-05,-0.00019733853537475283,5.828276143336655e-05,0.9663346447050571,0.18334930762648582,0.9663851568475366,-5.051214247941971e-05,0.7829853370785713,truncated_forward
concept,biology-focused,0,response,rescue,-9.242033103406774e-06,-9.113783008987537e-05,7.105485046615657e-05,0.9663346447050571,0.18334930762648582,0.18334207125008106,-7.236376404762268e-06,0.7829853370785713,truncated_forward
concept,biology-focused,0,response,induction,0.00011797092473989541,6.94822718223285e-05,0.00016775950454156648,0.9663346447050571,0.18334930762648582,0.9662422752007842,9.236950427293777e-05,0.7829853370785713,truncated_forward
concept,biology-focused,0,all_aligned,rescue,0.00013344746447283972,4.004379457621922e-05,0.00022460810096688712,0.9663346447050571,0.18334930762648582,0.18345379503443837,0.00010448740795254707,0.7829853370785713,truncated_forward
concept,biology-focused,0,all_aligned,induction,5.5018049060242e-05,-7.576331142258973e-05,0.00018091126128603926,0.9663346447050571,0.18334930762648582,0.9662915663793683,4.307832568883896e-05,0.7829853370785713,truncated_forward
concept,biology-focused,1,prompt,rescue,0.0005822067520975942,0.0004790573636823939,0.0006895991683426636,0.9663346447050571,0.18334930762648582,0.18380516697652638,0.000455859350040555,0.7829853370785713,truncated_forward
concept,biology-focused,1,prompt,induction,3.7159634000454445e-05,-8.914598124049135e-05,0.0001713053584728074,0.9663346447050571,0.18334930762648582,0.9663055492565036,2.9095448553562164e-05,0.7829853370785713,truncated_forward
concept,biology-focused,1,response,rescue,-0.0004305024065302641,-0.0005357799349131747,-0.0003341070721803969,0.9663346447050571,0.18334930762648582,0.1830122305545956,-0.00033707707189023495,0.7829853370785713,truncated_forward
concept,biology-focused,1,response,induction,6.423986149920117e-05,-1.8879614484730106e-06,0.0001286719130189552,0.9663346447050571,0.18334930762648582,0.9662843458354473,5.0298869609832764e-05,0.7829853370785713,truncated_forward
concept,biology-focused,1,all_aligned,rescue,8.483609505265238e-05,-5.281579606101468e-05,0.0002151438155858551,0.9663346447050571,0.18334930762648582,0.18341573304496706,6.642541848123074e-05,0.7829853370785713,truncated_forward
concept,biology-focused,1,all_aligned,induction,0.00011410520947785267,-2.710257191871455e-05,0.0002650857137707598,0.9663346447050571,0.18334930762648582,0.9662453019991517,8.934270590543747e-05,0.7829853370785713,truncated_forward
concept,biology-focused,2,prompt,rescue,0.0006719050248617589,0.0005503732495633801,0.0007966004379614075,0.9663346447050571,0.18334930762648582,0.183875399408862,0.0005260917823761702,0.7829853370785713,truncated_forward
concept,biology-focused,2,prompt,induction,2.1149625561348243e-05,-0.00012060356079711657,0.00016968644657566542,0.9663346447050571,0.18334930762648582,0.9663180848583579,1.6559846699237823e-05,0.7829853370785713,truncated_forward
concept,biology-focused,2,response,rescue,-0.000580601588175709,-0.0006981898924926182,-0.00047191340542893914,0.9663346447050571,0.18334930762648582,0.1828947050962597,-0.0004546025302261114,0.7829853370785713,truncated_forward
concept,biology-focused,2,response,induction,-0.00011272663594286574,-0.00018398845034530518,-4.9741758552699376e-05,0.9663346447050571,0.18334930762648582,0.9664229080080986,-8.826330304145813e-05,0.7829853370785713,truncated_forward
concept,biology-focused,2,all_aligned,rescue,-2.5658833733164857e-05,-0.0001838212496529328,0.00011927338501081892,0.9663346447050571,0.18334930762648582,0.18332921713590622,-2.0090490579605103e-05,0.7829853370785713,truncated_forward
concept,biology-focused,2,all_aligned,induction,-7.926500463462387e-05,-0.00022843580240839123,8.215688231216986e-05,0.9663346447050571,0.18334930762648582,0.9663967080414295,-6.206333637237549e-05,0.7829853370785713,truncated_forward
concept,biology-focused,3,prompt,rescue,0.0021185951390302947,0.001853896212174867,0.002370883019800253,0.9663346447050571,0.18334930762648582,0.18500813655555248,0.001658828929066658,0.7829853370785713,truncated_forward
concept,biology-focused,3,prompt,induction,0.0003765789496146051,6.981942004992312e-05,0.0007837223872923807,0.9663346447050571,0.18334930762648582,0.9660397889092565,0.0002948557958006859,0.7829853370785713,truncated_forward
concept,biology-focused,3,response,rescue,-0.0007462706814458124,-0.0009017407440849554,-0.0006000757892559489,0.9663346447050571,0.18334930762648582,0.18276498862542212,-0.0005843190010637045,0.7829853370785713,truncated_forward
concept,biology-focused,3,response,induction,-1.3413437233863346e-05,-0.00015538806410857078,0.00012706757538018062,0.9663346447050571,0.18334930762648582,0.9663451472297311,-1.0502524673938751e-05,0.7829853370785713,truncated_forward
concept,biology-focused,3,all_aligned,rescue,0.0012588951535520622,0.0009653484125304497,0.0015333446281569334,0.9663346447050571,0.18334930762648582,0.18433500407263637,0.0009856964461505413,0.7829853370785713,truncated_forward
concept,biology-focused,3,all_aligned,induction,0.00039338826902481674,5.324615569835047e-05,0.0008172154233988666,0.9663346447050571,0.18334930762648582,0.966026627458632,0.0003080172464251518,0.7829853370785713,truncated_forward
concept,biology-focused,4,prompt,rescue,0.0023637870504067287,0.002020883350364518,0.002705195456898344,0.9663346447050571,0.18334930762648582,0.1852001182269305,0.0018508106004446745,0.7829853370785713,truncated_forward
concept,biology-focused,4,prompt,induction,0.0007781530193881535,0.00032380239446398214,0.0013277162956313563,0.9663346447050571,0.18334930762648582,0.9657253623008728,0.0006092824041843414,0.7829853370785713,truncated_forward
concept,biology-focused,4,response,rescue,-0.00022160361421016186,-0.00046507147956168307,9.550219215505574e-06,0.9663346447050571,0.18334930762648582,0.18317579524591565,-0.00017351238057017326,0.7829853370785713,truncated_forward
concept,biology-focused,4,response,induction,0.00020361376483146485,-3.181791420921382e-06,0.00041840171534256946,0.9663346447050571,0.18334930762648582,0.9661752181127667,0.00015942659229040146,0.7829853370785713,truncated_forward
concept,biology-focused,4,all_aligned,rescue,0.0020255985190594703,0.0016254992694964506,0.0024168572235583187,0.9663346447050571,0.18334930762648582,0.18493532156571746,0.0015860139392316341,0.7829853370785713,truncated_forward
concept,biology-focused,4,all_aligned,induction,0.0010532932216250576,0.0004935674262505507,0.0017285696052623276,0.9663346447050571,0.18334930762648582,0.9655099315568805,0.0008247131481766701,0.7829853370785713,truncated_forward
concept,biology-focused,5,prompt,rescue,0.0028990863214265594,0.0025226048916785816,0.0032918117432292797,0.9663346447050571,0.18334930762648582,0.18561924970708787,0.00226994208060205,0.7829853370785713,truncated_forward
concept,biology-focused,5,prompt,induction,0.0012361593952824267,0.0006249839587495484,0.0019689655765806518,0.9663346447050571,0.18334930762648582,0.9653667500242591,0.0009678946807980537,0.7829853370785713,truncated_forward
concept,biology-focused,5,response,rescue,-8.48197401034668e-06,-0.0003035161261651239,0.0002664014375897374,0.9663346447050571,0.18334930762648582,0.18334266636520624,-6.641261279582977e-06,0.7829853370785713,truncated_forward
concept,biology-focused,5,response,induction,0.000368362223143777,0.00014172187297461044,0.0006071072446359204,0.9663346447050571,0.18334930762648582,0.9660462224856019,0.00028842221945524216,0.7829853370785713,truncated_forward
concept,biology-focused,5,all_aligned,rescue,0.0027184777254822233,0.002249457983712677,0.003185087928412388,0.9663346447050571,0.18334930762648582,0.1854778358247131,0.0021285281982272863,0.7829853370785713,truncated_forward
concept,biology-focused,5,all_aligned,induction,0.0017370383376090286,0.001001690857943135,0.002591788998874597,0.9663346447050571,0.18334930762648582,0.9649745691567659,0.0013600755482912064,0.7829853370785713,truncated_forward
concept,biology-focused,6,prompt,rescue,0.0016099077492370791,0.0009577149399705191,0.0022851097247665025,0.9663346447050571,0.18334930762648582,0.18460984178818762,0.0012605341617017984,0.7829853370785713,truncated_forward
concept,biology-focused,6,prompt,induction,0.006300668643610104,0.004536669289727521,0.008424069323293301,0.9663346447050571,0.18334930762648582,0.9614013135433197,0.004933331161737442,0.7829853370785713,truncated_forward
concept,biology-focused,6,response,rescue,0.021149753129951893,0.019318481213014903,0.023042868986133003,0.9663346447050571,0.18334930762648582,0.19990925421006978,0.01655994658358395,0.7829853370785713,truncated_forward
concept,biology-focused,6,response,induction,0.033308785684584105,0.030329138263379386,0.03644903319054293,0.9663346447050571,0.18334930762648582,0.9402543539181352,0.026080290786921978,0.7829853370785713,truncated_forward
concept,biology-focused,6,all_aligned,rescue,0.023261881819436926,0.021083071093114986,0.025567596091078847,0.9663346447050571,0.18334930762648582,0.20156302000395954,0.018213712377473712,0.7829853370785713,truncated_forward
concept,biology-focused,6,all_aligned,induction,0.05087935720705826,0.04562917971194833,0.05666547665437733,0.9663346447050571,0.18334930762648582,0.9264968540519476,0.03983779065310955,0.7829853370785713,truncated_forward
concept,biology-focused,7,prompt,rescue,0.00243739116108416,0.001525683102815663,0.0033611870494221446,0.9663346447050571,0.18334930762648582,0.18525774916633964,0.0019084415398538113,0.7829853370785713,truncated_forward
concept,biology-focused,7,prompt,induction,0.008751705779569274,0.006495279823841655,0.011415122897527491,0.9663346447050571,0.18334930762648582,0.9594821874052286,0.006852457299828529,0.7829853370785713,truncated_forward
concept,biology-focused,7,response,rescue,0.02509301582960205,0.02294097568994175,0.027272768565992617,0.9663346447050571,0.18334930762648582,0.2029967710841447,0.019647463457658887,0.7829853370785713,truncated_forward
concept,biology-focused,7,response,induction,0.03635164241704672,0.03312298301660208,0.03976275408651736,0.9663346447050571,0.18334930762648582,0.9378718417137861,0.02846280299127102,0.7829853370785713,truncated_forward
concept,biology-focused,7,all_aligned,rescue,0.0282764576237248,0.025520012621730346,0.031096021773158768,0.9663346447050571,0.18334930762648582,0.20548935933038592,0.0221400517039001,0.7829853370785713,truncated_forward
concept,biology-focused,7,all_aligned,induction,0.06434369936894303,0.057504827010905375,0.07167205762267477,0.9663346447050571,0.18334930762648582,0.915954471565783,0.05038017313927412,0.7829853370785713,truncated_forward
concept,biology-focused,8,prompt,rescue,0.0031319103228661565,0.0022845620124963997,0.004002875883669515,0.9663346447050571,0.18334930762648582,0.18580154748633504,0.0024522398598492146,0.7829853370785713,truncated_forward
concept,biology-focused,8,prompt,induction,0.010045636802629368,0.007728489566984993,0.012717249029965622,0.9663346447050571,0.18334930762648582,0.9584690583869815,0.007865586318075657,0.7829853370785713,truncated_forward
concept,biology-focused,8,response,rescue,0.03532762425710111,0.03215156768430218,0.03853760142405372,0.9663346447050571,0.18334930762648582,0.21101031941361725,0.02766101178713143,0.7829853370785713,truncated_forward
concept,biology-focused,8,response,induction,0.04359902710723279,0.039566136626473125,0.04788619552563336,0.9663346447050571,0.18334930762648582,0.9321972457692027,0.034137398935854435,0.7829853370785713,truncated_forward
concept,biology-focused,8,all_aligned,rescue,0.03898516748129301,0.035383118574952535,0.042708387559240925,0.9663346447050571,0.18334930762648582,0.2138741221278906,0.030524814501404762,0.7829853370785713,truncated_forward
concept,biology-focused,8,all_aligned,induction,0.08281358613217542,0.07384443534620935,0.0924420602498831,0.9663346447050571,0.18334930762648582,0.9014928210526705,0.06484182365238667,0.7829853370785713,truncated_forward
concept,biology-focused,9,prompt,rescue,-0.0009921783448711492,-0.001386658634028832,-0.0006154895476362487,0.9663346447050571,0.18334930762648582,0.18257244653068483,-0.0007768610958009958,0.7829853370785713,truncated_forward
concept,biology-focused,9,prompt,induction,0.02554400414811944,0.019624442243029682,0.03263866952178644,0.9663346447050571,0.18334930762648582,0.9463340640068054,0.020000580698251724,0.7829853370785713,truncated_forward
concept,biology-focused,9,response,rescue,0.2007745533842812,0.1863288458766122,0.21547067923575394,0.9663346447050571,0.18334930762648582,0.34055283898487687,0.15720353135839105,0.7829853370785713,truncated_forward
concept,biology-focused,9,response,induction,0.30997701119795656,0.276736168481157,0.3449130017226627,0.9663346447050571,0.18334930762648582,0.723627190105617,0.2427074545994401,0.7829853370785713,truncated_forward
concept,biology-focused,9,all_aligned,rescue,0.2023673824034906,0.18784602945794354,0.21704159942010134,0.9663346447050571,0.18334930762648582,0.34180000075139105,0.15845069312490523,0.7829853370785713,truncated_forward
concept,biology-focused,9,all_aligned,induction,0.5098578477892671,0.4699529375797246,0.5507083025846705,0.9663346447050571,0.18334930762648582,0.5671234258916229,0.39921121881343424,0.7829853370785713,truncated_forward
concept,biology-focused,10,prompt,rescue,-0.0016230785384975712,-0.0020088704392867297,-0.0012426768522503513,0.9663346447050571,0.18334930762648582,0.1820784609299153,-0.0012708466965705156,0.7829853370785713,truncated_forward
concept,biology-focused,10,prompt,induction,0.04025651915887022,0.03312040625980713,0.048457207283754494,0.9663346447050571,0.18334930762648582,0.9348143804818392,0.031520264223217964,0.7829853370785713,truncated_forward
concept,biology-focused,10,response,rescue,0.45456856676491814,0.426367060463343,0.4823266774589506,0.9663346447050571,0.18334930762648582,0.5392698301002383,0.3559205224737525,0.7829853370785713,truncated_forward
concept,biology-focused,10,response,induction,0.8249981604547881,0.811760732699651,0.837905890173573,0.9663346447050571,0.18334930762648582,0.3203731819521636,0.6459614627528936,0.7829853370785713,truncated_forward
concept,biology-focused,10,all_aligned,rescue,0.4665936906455105,0.4377806831644677,0.49517803692596307,0.9663346447050571,0.18334930762648582,0.5486853257752955,0.36533601814880967,0.7829853370785713,truncated_forward
concept,biology-focused,10,all_aligned,induction,0.8814064777307729,0.8730412361235564,0.8895839088830666,0.9663346447050571,0.18334930762648582,0.27620629663579166,0.6901283480692655,0.7829853370785713,truncated_forward
concept,biology-focused,11,prompt,rescue,-0.0005111468767880123,-0.0008183180693856287,-0.0002037287677032305,0.9663346447050571,0.18334930762648582,0.1829490871168673,-0.00040022050961852074,0.7829853370785713,truncated_forward
concept,biology-focused,11,prompt,induction,0.0010970840441134778,0.0008175192288524623,0.0013677472853968044,0.9663346447050571,0.18334930762648582,0.9654756439849734,0.0008590007200837135,0.7829853370785713,truncated_forward
concept,biology-focused,11,response,rescue,0.9799186951823139,0.9776588731652802,0.9820713163937405,0.9663346447050571,0.18334930762648582,0.9506112774834037,0.7672619698569179,0.7829853370785713,truncated_forward
concept,biology-focused,11,response,induction,0.9815078856713736,0.9795407430578928,0.9834426108389583,0.9663346447050571,0.18334930762648582,0.19782836199738085,0.7685062827076763,0.7829853370785713,truncated_forward
concept,biology-focused,11,all_aligned,rescue,0.9804207611965887,0.9781401819787854,0.9825741635552835,0.9663346447050571,0.18334930762648582,0.9510043878108263,0.7676550801843405,0.7829853370785713,truncated_forward
concept,biology-focused,11,all_aligned,induction,0.9877478334438238,0.9860393586054926,0.989401790830782,0.9663346447050571,0.18334930762648582,0.19294257438741624,0.7733920703176409,0.7829853370785713,truncated_forward
concept,biology-focused,12,prompt,rescue,0.0,0.0,0.0,0.9663346447050571,0.18334930762648582,0.18334930762648582,0.0,0.7829853370785713,truncated_forward
concept,biology-focused,12,prompt,induction,0.0,0.0,0.0,0.9663346447050571,0.18334930762648582,0.9663346447050571,0.0,0.7829853370785713,truncated_forward
concept,biology-focused,12,response,rescue,1.0,1.0,1.0,0.9663346447050571,0.18334930762648582,0.9663346447050571,0.7829853370785713,0.7829853370785713,truncated_forward
concept,biology-focused,12,response,induction,1.0,1.0,1.0,0.9663346447050571,0.18334930762648582,0.18334930762648582,0.7829853370785713,0.7829853370785713,truncated_forward
concept,biology-focused,12,all_aligned,rescue,1.0,1.0,1.0,0.9663346447050571,0.18334930762648582,0.9663346447050571,0.7829853370785713,0.7829853370785713,truncated_forward
concept,biology-focused,12,all_aligned,induction,1.0,1.0,1.0,0.9663346447050571,0.18334930762648582,0.18334930762648582,0.7829853370785713,0.7829853370785713,truncated_forward
concept,biology-focused,13,prompt,rescue,0.0,0.0,0.0,0.9663346447050571,0.18334930762648582,0.18334930762648582,0.0,0.7829853370785713,structural_causal_null
concept,biology-focused,13,prompt,induction,0.0,0.0,0.0,0.9663346447050571,0.18334930762648582,0.9663346447050571,0.0,0.7829853370785713,structural_causal_null
concept,biology-focused,13,response,rescue,0.0,0.0,0.0,0.9663346447050571,0.18334930762648582,0.18334930762648582,0.0,0.7829853370785713,structural_causal_null
concept,biology-focused,13,response,induction,0.0,0.0,0.0,0.9663346447050571,0.18334930762648582,0.9663346447050571,0.0,0.7829853370785713,structural_causal_null
concept,biology-focused,13,all_aligned,rescue,0.0,0.0,0.0,0.9663346447050571,0.18334930762648582,0.18334930762648582,0.0,0.7829853370785713,structural_causal_null
concept,biology-focused,13,all_aligned,induction,0.0,0.0,0.0,0.9663346447050571,0.18334930762648582,0.9663346447050571,0.0,0.7829853370785713,structural_causal_null
concept,biology-focused,14,prompt,rescue,0.0,0.0,0.0,0.9663346447050571,0.18334930762648582,0.18334930762648582,0.0,0.7829853370785713,structural_causal_null
concept,biology-focused,14,prompt,induction,0.0,0.0,0.0,0.9663346447050571,0.18334930762648582,0.9663346447050571,0.0,0.7829853370785713,structural_causal_null
concept,biology-focused,14,response,rescue,0.0,0.0,0.0,0.9663346447050571,0.18334930762648582,0.18334930762648582,0.0,0.7829853370785713,structural_causal_null
concept,biology-focused,14,response,induction,0.0,0.0,0.0,0.9663346447050571,0.18334930762648582,0.9663346447050571,0.0,0.7829853370785713,structural_causal_null
concept,biology-focused,14,all_aligned,rescue,0.0,0.0,0.0,0.9663346447050571,0.18334930762648582,0.18334930762648582,0.0,0.7829853370785713,structural_causal_null
concept,biology-focused,14,all_aligned,induction,0.0,0.0,0.0,0.9663346447050571,0.18334930762648582,0.9663346447050571,0.0,0.7829853370785713,structural_causal_null
concept,biology-focused,15,prompt,rescue,0.0,0.0,0.0,0.9663346447050571,0.18334930762648582,0.18334930762648582,0.0,0.7829853370785713,structural_causal_null
concept,biology-focused,15,prompt,induction,0.0,0.0,0.0,0.9663346447050571,0.18334930762648582,0.9663346447050571,0.0,0.7829853370785713,structural_causal_null
concept,biology-focused,15,response,rescue,0.0,0.0,0.0,0.9663346447050571,0.18334930762648582,0.18334930762648582,0.0,0.7829853370785713,structural_causal_null
concept,biology-focused,15,response,induction,0.0,0.0,0.0,0.9663346447050571,0.18334930762648582,0.9663346447050571,0.0,0.7829853370785713,structural_causal_null
concept,biology-focused,15,all_aligned,rescue,0.0,0.0,0.0,0.9663346447050571,0.18334930762648582,0.18334930762648582,0.0,0.7829853370785713,structural_causal_null
concept,biology-focused,15,all_aligned,induction,0.0,0.0,0.0,0.9663346447050571,0.18334930762648582,0.9663346447050571,0.0,0.7829853370785713,structural_causal_null
concept,biology-focused,16,prompt,rescue,0.0,0.0,0.0,0.9663346447050571,0.18334930762648582,0.18334930762648582,0.0,0.7829853370785713,structural_causal_null
concept,biology-focused,16,prompt,induction,0.0,0.0,0.0,0.9663346447050571,0.18334930762648582,0.9663346447050571,0.0,0.7829853370785713,structural_causal_null
concept,biology-focused,16,response,rescue,0.0,0.0,0.0,0.9663346447050571,0.18334930762648582,0.18334930762648582,0.0,0.7829853370785713,structural_causal_null
concept,biology-focused,16,response,induction,0.0,0.0,0.0,0.9663346447050571,0.18334930762648582,0.9663346447050571,0.0,0.7829853370785713,structural_causal_null
concept,biology-focused,16,all_aligned,rescue,0.0,0.0,0.0,0.9663346447050571,0.18334930762648582,0.18334930762648582,0.0,0.7829853370785713,structural_causal_null
concept,biology-focused,16,all_aligned,induction,0.0,0.0,0.0,0.9663346447050571,0.18334930762648582,0.9663346447050571,0.0,0.7829853370785713,structural_causal_null
concept,biology-focused,17,prompt,rescue,0.0,0.0,0.0,0.9663346447050571,0.18334930762648582,0.18334930762648582,0.0,0.7829853370785713,structural_causal_null
concept,biology-focused,17,prompt,induction,0.0,0.0,0.0,0.9663346447050571,0.18334930762648582,0.9663346447050571,0.0,0.7829853370785713,structural_causal_null
concept,biology-focused,17,response,rescue,0.0,0.0,0.0,0.9663346447050571,0.18334930762648582,0.18334930762648582,0.0,0.7829853370785713,structural_causal_null
concept,biology-focused,17,response,induction,0.0,0.0,0.0,0.9663346447050571,0.18334930762648582,0.9663346447050571,0.0,0.7829853370785713,structural_causal_null
concept,biology-focused,17,all_aligned,rescue,0.0,0.0,0.0,0.9663346447050571,0.18334930762648582,0.18334930762648582,0.0,0.7829853370785713,structural_causal_null
concept,biology-focused,17,all_aligned,induction,0.0,0.0,0.0,0.9663346447050571,0.18334930762648582,0.9663346447050571,0.0,0.7829853370785713,structural_causal_null
concept,biology-focused,18,prompt,rescue,0.0,0.0,0.0,0.9663346447050571,0.18334930762648582,0.18334930762648582,0.0,0.7829853370785713,structural_causal_null
concept,biology-focused,18,prompt,induction,0.0,0.0,0.0,0.9663346447050571,0.18334930762648582,0.9663346447050571,0.0,0.7829853370785713,structural_causal_null
concept,biology-focused,18,response,rescue,0.0,0.0,0.0,0.9663346447050571,0.18334930762648582,0.18334930762648582,0.0,0.7829853370785713,structural_causal_null
concept,biology-focused,18,response,induction,0.0,0.0,0.0,0.9663346447050571,0.18334930762648582,0.9663346447050571,0.0,0.7829853370785713,structural_causal_null
concept,biology-focused,18,all_aligned,rescue,0.0,0.0,0.0,0.9663346447050571,0.18334930762648582,0.18334930762648582,0.0,0.7829853370785713,structural_causal_null
concept,biology-focused,18,all_aligned,induction,0.0,0.0,0.0,0.9663346447050571,0.18334930762648582,0.9663346447050571,0.0,0.7829853370785713,structural_causal_null
concept,biology-focused,19,prompt,rescue,0.0,0.0,0.0,0.9663346447050571,0.18334930762648582,0.18334930762648582,0.0,0.7829853370785713,structural_causal_null
concept,biology-focused,19,prompt,induction,0.0,0.0,0.0,0.9663346447050571,0.18334930762648582,0.9663346447050571,0.0,0.7829853370785713,structural_causal_null
concept,biology-focused,19,response,rescue,0.0,0.0,0.0,0.9663346447050571,0.18334930762648582,0.18334930762648582,0.0,0.7829853370785713,structural_causal_null
concept,biology-focused,19,response,induction,0.0,0.0,0.0,0.9663346447050571,0.18334930762648582,0.9663346447050571,0.0,0.7829853370785713,structural_causal_null
concept,biology-focused,19,all_aligned,rescue,0.0,0.0,0.0,0.9663346447050571,0.18334930762648582,0.18334930762648582,0.0,0.7829853370785713,structural_causal_null
concept,biology-focused,19,all_aligned,induction,0.0,0.0,0.0,0.9663346447050571,0.18334930762648582,0.9663346447050571,0.0,0.7829853370785713,structural_causal_null
concept,biology-focused,20,prompt,rescue,0.0,0.0,0.0,0.9663346447050571,0.18334930762648582,0.18334930762648582,0.0,0.7829853370785713,structural_causal_null
concept,biology-focused,20,prompt,induction,0.0,0.0,0.0,0.9663346447050571,0.18334930762648582,0.9663346447050571,0.0,0.7829853370785713,structural_causal_null
concept,biology-focused,20,response,rescue,0.0,0.0,0.0,0.9663346447050571,0.18334930762648582,0.18334930762648582,0.0,0.7829853370785713,structural_causal_null
concept,biology-focused,20,response,induction,0.0,0.0,0.0,0.9663346447050571,0.18334930762648582,0.9663346447050571,0.0,0.7829853370785713,structural_causal_null
concept,biology-focused,20,all_aligned,rescue,0.0,0.0,0.0,0.9663346447050571,0.18334930762648582,0.18334930762648582,0.0,0.7829853370785713,structural_causal_null
concept,biology-focused,20,all_aligned,induction,0.0,0.0,0.0,0.9663346447050571,0.18334930762648582,0.9663346447050571,0.0,0.7829853370785713,structural_causal_null
concept,biology-focused,21,prompt,rescue,0.0,0.0,0.0,0.9663346447050571,0.18334930762648582,0.18334930762648582,0.0,0.7829853370785713,structural_causal_null
concept,biology-focused,21,prompt,induction,0.0,0.0,0.0,0.9663346447050571,0.18334930762648582,0.9663346447050571,0.0,0.7829853370785713,structural_causal_null
concept,biology-focused,21,response,rescue,0.0,0.0,0.0,0.9663346447050571,0.18334930762648582,0.18334930762648582,0.0,0.7829853370785713,structural_causal_null
concept,biology-focused,21,response,induction,0.0,0.0,0.0,0.9663346447050571,0.18334930762648582,0.9663346447050571,0.0,0.7829853370785713,structural_causal_null
concept,biology-focused,21,all_aligned,rescue,0.0,0.0,0.0,0.9663346447050571,0.18334930762648582,0.18334930762648582,0.0,0.7829853370785713,structural_causal_null
concept,biology-focused,21,all_aligned,induction,0.0,0.0,0.0,0.9663346447050571,0.18334930762648582,0.9663346447050571,0.0,0.7829853370785713,structural_causal_null
concept,biology-focused,22,prompt,rescue,0.0,0.0,0.0,0.9663346447050571,0.18334930762648582,0.18334930762648582,0.0,0.7829853370785713,structural_causal_null
concept,biology-focused,22,prompt,induction,0.0,0.0,0.0,0.9663346447050571,0.18334930762648582,0.9663346447050571,0.0,0.7829853370785713,structural_causal_null
concept,biology-focused,22,response,rescue,0.0,0.0,0.0,0.9663346447050571,0.18334930762648582,0.18334930762648582,0.0,0.7829853370785713,structural_causal_null
concept,biology-focused,22,response,induction,0.0,0.0,0.0,0.9663346447050571,0.18334930762648582,0.9663346447050571,0.0,0.7829853370785713,structural_causal_null
concept,biology-focused,22,all_aligned,rescue,0.0,0.0,0.0,0.9663346447050571,0.18334930762648582,0.18334930762648582,0.0,0.7829853370785713,structural_causal_null
concept,biology-focused,22,all_aligned,induction,0.0,0.0,0.0,0.9663346447050571,0.18334930762648582,0.9663346447050571,0.0,0.7829853370785713,structural_causal_null
concept,biology-focused,23,prompt,rescue,0.0,0.0,0.0,0.9663346447050571,0.18334930762648582,0.18334930762648582,0.0,0.7829853370785713,structural_causal_null
concept,biology-focused,23,prompt,induction,0.0,0.0,0.0,0.9663346447050571,0.18334930762648582,0.9663346447050571,0.0,0.7829853370785713,structural_causal_null
concept,biology-focused,23,response,rescue,0.0,0.0,0.0,0.9663346447050571,0.18334930762648582,0.18334930762648582,0.0,0.7829853370785713,structural_causal_null
concept,biology-focused,23,response,induction,0.0,0.0,0.0,0.9663346447050571,0.18334930762648582,0.9663346447050571,0.0,0.7829853370785713,structural_causal_null
concept,biology-focused,23,all_aligned,rescue,0.0,0.0,0.0,0.9663346447050571,0.18334930762648582,0.18334930762648582,0.0,0.7829853370785713,structural_causal_null
concept,biology-focused,23,all_aligned,induction,0.0,0.0,0.0,0.9663346447050571,0.18334930762648582,0.9663346447050571,0.0,0.7829853370785713,structural_causal_null
concept,biology-focused,24,prompt,rescue,0.0,0.0,0.0,0.9663346447050571,0.18334930762648582,0.18334930762648582,0.0,0.7829853370785713,structural_causal_null
concept,biology-focused,24,prompt,induction,0.0,0.0,0.0,0.9663346447050571,0.18334930762648582,0.9663346447050571,0.0,0.7829853370785713,structural_causal_null
concept,biology-focused,24,response,rescue,0.0,0.0,0.0,0.9663346447050571,0.18334930762648582,0.18334930762648582,0.0,0.7829853370785713,structural_causal_null
concept,biology-focused,24,response,induction,0.0,0.0,0.0,0.9663346447050571,0.18334930762648582,0.9663346447050571,0.0,0.7829853370785713,structural_causal_null
concept,biology-focused,24,all_aligned,rescue,0.0,0.0,0.0,0.9663346447050571,0.18334930762648582,0.18334930762648582,0.0,0.7829853370785713,structural_causal_null
concept,biology-focused,24,all_aligned,induction,0.0,0.0,0.0,0.9663346447050571,0.18334930762648582,0.9663346447050571,0.0,0.7829853370785713,structural_causal_null
concept,biology-focused,25,prompt,rescue,0.0,0.0,0.0,0.9663346447050571,0.18334930762648582,0.18334930762648582,0.0,0.7829853370785713,structural_causal_null
concept,biology-focused,25,prompt,induction,0.0,0.0,0.0,0.9663346447050571,0.18334930762648582,0.9663346447050571,0.0,0.7829853370785713,structural_causal_null
concept,biology-focused,25,response,rescue,0.0,0.0,0.0,0.9663346447050571,0.18334930762648582,0.18334930762648582,0.0,0.7829853370785713,structural_causal_null
concept,biology-focused,25,response,induction,0.0,0.0,0.0,0.9663346447050571,0.18334930762648582,0.9663346447050571,0.0,0.7829853370785713,structural_causal_null
concept,biology-focused,25,all_aligned,rescue,0.0,0.0,0.0,0.9663346447050571,0.18334930762648582,0.18334930762648582,0.0,0.7829853370785713,structural_causal_null
concept,biology-focused,25,all_aligned,induction,0.0,0.0,0.0,0.9663346447050571,0.18334930762648582,0.9663346447050571,0.0,0.7829853370785713,structural_causal_null
concept,biology-focused,26,prompt,rescue,0.0,0.0,0.0,0.9663346447050571,0.18334930762648582,0.18334930762648582,0.0,0.7829853370785713,structural_causal_null
concept,biology-focused,26,prompt,induction,0.0,0.0,0.0,0.9663346447050571,0.18334930762648582,0.9663346447050571,0.0,0.7829853370785713,structural_causal_null
concept,biology-focused,26,response,rescue,0.0,0.0,0.0,0.9663346447050571,0.18334930762648582,0.18334930762648582,0.0,0.7829853370785713,structural_causal_null
concept,biology-focused,26,response,induction,0.0,0.0,0.0,0.9663346447050571,0.18334930762648582,0.9663346447050571,0.0,0.7829853370785713,structural_causal_null
concept,biology-focused,26,all_aligned,rescue,0.0,0.0,0.0,0.9663346447050571,0.18334930762648582,0.18334930762648582,0.0,0.7829853370785713,structural_causal_null
concept,biology-focused,26,all_aligned,induction,0.0,0.0,0.0,0.9663346447050571,0.18334930762648582,0.9663346447050571,0.0,0.7829853370785713,structural_causal_null
concept,biology-focused,27,prompt,rescue,0.0,0.0,0.0,0.9663346447050571,0.18334930762648582,0.18334930762648582,0.0,0.7829853370785713,structural_causal_null
concept,biology-focused,27,prompt,induction,0.0,0.0,0.0,0.9663346447050571,0.18334930762648582,0.9663346447050571,0.0,0.7829853370785713,structural_causal_null
concept,biology-focused,27,response,rescue,0.0,0.0,0.0,0.9663346447050571,0.18334930762648582,0.18334930762648582,0.0,0.7829853370785713,structural_causal_null
concept,biology-focused,27,response,induction,0.0,0.0,0.0,0.9663346447050571,0.18334930762648582,0.9663346447050571,0.0,0.7829853370785713,structural_causal_null
concept,biology-focused,27,all_aligned,rescue,0.0,0.0,0.0,0.9663346447050571,0.18334930762648582,0.18334930762648582,0.0,0.7829853370785713,structural_causal_null
concept,biology-focused,27,all_aligned,induction,0.0,0.0,0.0,0.9663346447050571,0.18334930762648582,0.9663346447050571,0.0,0.7829853370785713,structural_causal_null
concept,biology-focused,28,prompt,rescue,0.0,0.0,0.0,0.9663346447050571,0.18334930762648582,0.18334930762648582,0.0,0.7829853370785713,structural_causal_null
concept,biology-focused,28,prompt,induction,0.0,0.0,0.0,0.9663346447050571,0.18334930762648582,0.9663346447050571,0.0,0.7829853370785713,structural_causal_null
concept,biology-focused,28,response,rescue,0.0,0.0,0.0,0.9663346447050571,0.18334930762648582,0.18334930762648582,0.0,0.7829853370785713,structural_causal_null
concept,biology-focused,28,response,induction,0.0,0.0,0.0,0.9663346447050571,0.18334930762648582,0.9663346447050571,0.0,0.7829853370785713,structural_causal_null
concept,biology-focused,28,all_aligned,rescue,0.0,0.0,0.0,0.9663346447050571,0.18334930762648582,0.18334930762648582,0.0,0.7829853370785713,structural_causal_null
concept,biology-focused,28,all_aligned,induction,0.0,0.0,0.0,0.9663346447050571,0.18334930762648582,0.9663346447050571,0.0,0.7829853370785713,structural_causal_null
concept,biology-focused,29,prompt,rescue,0.0,0.0,0.0,0.9663346447050571,0.18334930762648582,0.18334930762648582,0.0,0.7829853370785713,structural_causal_null
concept,biology-focused,29,prompt,induction,0.0,0.0,0.0,0.9663346447050571,0.18334930762648582,0.9663346447050571,0.0,0.7829853370785713,structural_causal_null
concept,biology-focused,29,response,rescue,0.0,0.0,0.0,0.9663346447050571,0.18334930762648582,0.18334930762648582,0.0,0.7829853370785713,structural_causal_null
concept,biology-focused,29,response,induction,0.0,0.0,0.0,0.9663346447050571,0.18334930762648582,0.9663346447050571,0.0,0.7829853370785713,structural_causal_null
concept,biology-focused,29,all_aligned,rescue,0.0,0.0,0.0,0.9663346447050571,0.18334930762648582,0.18334930762648582,0.0,0.7829853370785713,structural_causal_null
concept,biology-focused,29,all_aligned,induction,0.0,0.0,0.0,0.9663346447050571,0.18334930762648582,0.9663346447050571,0.0,0.7829853370785713,structural_causal_null
concept,biology-focused,30,prompt,rescue,0.0,0.0,0.0,0.9663346447050571,0.18334930762648582,0.18334930762648582,0.0,0.7829853370785713,structural_causal_null
concept,biology-focused,30,prompt,induction,0.0,0.0,0.0,0.9663346447050571,0.18334930762648582,0.9663346447050571,0.0,0.7829853370785713,structural_causal_null
concept,biology-focused,30,response,rescue,0.0,0.0,0.0,0.9663346447050571,0.18334930762648582,0.18334930762648582,0.0,0.7829853370785713,structural_causal_null
concept,biology-focused,30,response,induction,0.0,0.0,0.0,0.9663346447050571,0.18334930762648582,0.9663346447050571,0.0,0.7829853370785713,structural_causal_null
concept,biology-focused,30,all_aligned,rescue,0.0,0.0,0.0,0.9663346447050571,0.18334930762648582,0.18334930762648582,0.0,0.7829853370785713,structural_causal_null
concept,biology-focused,30,all_aligned,induction,0.0,0.0,0.0,0.9663346447050571,0.18334930762648582,0.9663346447050571,0.0,0.7829853370785713,structural_causal_null
concept,biology-focused,31,prompt,rescue,0.0,0.0,0.0,0.9663346447050571,0.18334930762648582,0.18334930762648582,0.0,0.7829853370785713,structural_causal_null
concept,biology-focused,31,prompt,induction,0.0,0.0,0.0,0.9663346447050571,0.18334930762648582,0.9663346447050571,0.0,0.7829853370785713,structural_causal_null
concept,biology-focused,31,response,rescue,0.0,0.0,0.0,0.9663346447050571,0.18334930762648582,0.18334930762648582,0.0,0.7829853370785713,structural_causal_null
concept,biology-focused,31,response,induction,0.0,0.0,0.0,0.9663346447050571,0.18334930762648582,0.9663346447050571,0.0,0.7829853370785713,structural_causal_null
concept,biology-focused,31,all_aligned,rescue,0.0,0.0,0.0,0.9663346447050571,0.18334930762648582,0.18334930762648582,0.0,0.7829853370785713,structural_causal_null
concept,biology-focused,31,all_aligned,induction,0.0,0.0,0.0,0.9663346447050571,0.18334930762648582,0.9663346447050571,0.0,0.7829853370785713,structural_causal_null
concept,biology-focused,32,prompt,rescue,0.0,0.0,0.0,0.9663346447050571,0.18334930762648582,0.18334930762648582,0.0,0.7829853370785713,structural_causal_null
concept,biology-focused,32,prompt,induction,0.0,0.0,0.0,0.9663346447050571,0.18334930762648582,0.9663346447050571,0.0,0.7829853370785713,structural_causal_null
concept,biology-focused,32,response,rescue,0.0,0.0,0.0,0.9663346447050571,0.18334930762648582,0.18334930762648582,0.0,0.7829853370785713,structural_causal_null
concept,biology-focused,32,response,induction,0.0,0.0,0.0,0.9663346447050571,0.18334930762648582,0.9663346447050571,0.0,0.7829853370785713,structural_causal_null
concept,biology-focused,32,all_aligned,rescue,0.0,0.0,0.0,0.9663346447050571,0.18334930762648582,0.18334930762648582,0.0,0.7829853370785713,structural_causal_null
concept,biology-focused,32,all_aligned,induction,0.0,0.0,0.0,0.9663346447050571,0.18334930762648582,0.9663346447050571,0.0,0.7829853370785713,structural_causal_null
concept,biology-focused,33,prompt,rescue,0.0,0.0,0.0,0.9663346447050571,0.18334930762648582,0.18334930762648582,0.0,0.7829853370785713,structural_causal_null
concept,biology-focused,33,prompt,induction,0.0,0.0,0.0,0.9663346447050571,0.18334930762648582,0.9663346447050571,0.0,0.7829853370785713,structural_causal_null
concept,biology-focused,33,response,rescue,0.0,0.0,0.0,0.9663346447050571,0.18334930762648582,0.18334930762648582,0.0,0.7829853370785713,structural_causal_null
concept,biology-focused,33,response,induction,0.0,0.0,0.0,0.9663346447050571,0.18334930762648582,0.9663346447050571,0.0,0.7829853370785713,structural_causal_null
concept,biology-focused,33,all_aligned,rescue,0.0,0.0,0.0,0.9663346447050571,0.18334930762648582,0.18334930762648582,0.0,0.7829853370785713,structural_causal_null
concept,biology-focused,33,all_aligned,induction,0.0,0.0,0.0,0.9663346447050571,0.18334930762648582,0.9663346447050571,0.0,0.7829853370785713,structural_causal_null
concept,biology-focused,34,prompt,rescue,0.0,0.0,0.0,0.9663346447050571,0.18334930762648582,0.18334930762648582,0.0,0.7829853370785713,structural_causal_null
concept,biology-focused,34,prompt,induction,0.0,0.0,0.0,0.9663346447050571,0.18334930762648582,0.9663346447050571,0.0,0.7829853370785713,structural_causal_null
concept,biology-focused,34,response,rescue,0.0,0.0,0.0,0.9663346447050571,0.18334930762648582,0.18334930762648582,0.0,0.7829853370785713,structural_causal_null
concept,biology-focused,34,response,induction,0.0,0.0,0.0,0.9663346447050571,0.18334930762648582,0.9663346447050571,0.0,0.7829853370785713,structural_causal_null
concept,biology-focused,34,all_aligned,rescue,0.0,0.0,0.0,0.9663346447050571,0.18334930762648582,0.18334930762648582,0.0,0.7829853370785713,structural_causal_null
concept,biology-focused,34,all_aligned,induction,0.0,0.0,0.0,0.9663346447050571,0.18334930762648582,0.9663346447050571,0.0,0.7829853370785713,structural_causal_null
concept,biology-focused,35,prompt,rescue,0.0,0.0,0.0,0.9663346447050571,0.18334930762648582,0.18334930762648582,0.0,0.7829853370785713,structural_causal_null
concept,biology-focused,35,prompt,induction,0.0,0.0,0.0,0.9663346447050571,0.18334930762648582,0.9663346447050571,0.0,0.7829853370785713,structural_causal_null
concept,biology-focused,35,response,rescue,0.0,0.0,0.0,0.9663346447050571,0.18334930762648582,0.18334930762648582,0.0,0.7829853370785713,structural_causal_null
concept,biology-focused,35,response,induction,0.0,0.0,0.0,0.9663346447050571,0.18334930762648582,0.9663346447050571,0.0,0.7829853370785713,structural_causal_null
concept,biology-focused,35,all_aligned,rescue,0.0,0.0,0.0,0.9663346447050571,0.18334930762648582,0.18334930762648582,0.0,0.7829853370785713,structural_causal_null
concept,biology-focused,35,all_aligned,induction,0.0,0.0,0.0,0.9663346447050571,0.18334930762648582,0.9663346447050571,0.0,0.7829853370785713,structural_causal_null
concept,biology-focused,36,prompt,rescue,0.0,0.0,0.0,0.9663346447050571,0.18334930762648582,0.18334930762648582,0.0,0.7829853370785713,structural_causal_null
concept,biology-focused,36,prompt,induction,0.0,0.0,0.0,0.9663346447050571,0.18334930762648582,0.9663346447050571,0.0,0.7829853370785713,structural_causal_null
concept,biology-focused,36,response,rescue,0.0,0.0,0.0,0.9663346447050571,0.18334930762648582,0.18334930762648582,0.0,0.7829853370785713,structural_causal_null
concept,biology-focused,36,response,induction,0.0,0.0,0.0,0.9663346447050571,0.18334930762648582,0.9663346447050571,0.0,0.7829853370785713,structural_causal_null
concept,biology-focused,36,all_aligned,rescue,0.0,0.0,0.0,0.9663346447050571,0.18334930762648582,0.18334930762648582,0.0,0.7829853370785713,structural_causal_null
concept,biology-focused,36,all_aligned,induction,0.0,0.0,0.0,0.9663346447050571,0.18334930762648582,0.9663346447050571,0.0,0.7829853370785713,structural_causal_null
concept,biology-focused,37,prompt,rescue,0.0,0.0,0.0,0.9663346447050571,0.18334930762648582,0.18334930762648582,0.0,0.7829853370785713,structural_causal_null
concept,biology-focused,37,prompt,induction,0.0,0.0,0.0,0.9663346447050571,0.18334930762648582,0.9663346447050571,0.0,0.7829853370785713,structural_causal_null
concept,biology-focused,37,response,rescue,0.0,0.0,0.0,0.9663346447050571,0.18334930762648582,0.18334930762648582,0.0,0.7829853370785713,structural_causal_null
concept,biology-focused,37,response,induction,0.0,0.0,0.0,0.9663346447050571,0.18334930762648582,0.9663346447050571,0.0,0.7829853370785713,structural_causal_null
concept,biology-focused,37,all_aligned,rescue,0.0,0.0,0.0,0.9663346447050571,0.18334930762648582,0.18334930762648582,0.0,0.7829853370785713,structural_causal_null
concept,biology-focused,37,all_aligned,induction,0.0,0.0,0.0,0.9663346447050571,0.18334930762648582,0.9663346447050571,0.0,0.7829853370785713,structural_causal_null
concept,biology-focused,38,prompt,rescue,0.0,0.0,0.0,0.9663346447050571,0.18334930762648582,0.18334930762648582,0.0,0.7829853370785713,structural_causal_null
concept,biology-focused,38,prompt,induction,0.0,0.0,0.0,0.9663346447050571,0.18334930762648582,0.9663346447050571,0.0,0.7829853370785713,structural_causal_null
concept,biology-focused,38,response,rescue,0.0,0.0,0.0,0.9663346447050571,0.18334930762648582,0.18334930762648582,0.0,0.7829853370785713,structural_causal_null
concept,biology-focused,38,response,induction,0.0,0.0,0.0,0.9663346447050571,0.18334930762648582,0.9663346447050571,0.0,0.7829853370785713,structural_causal_null
concept,biology-focused,38,all_aligned,rescue,0.0,0.0,0.0,0.9663346447050571,0.18334930762648582,0.18334930762648582,0.0,0.7829853370785713,structural_causal_null
concept,biology-focused,38,all_aligned,induction,0.0,0.0,0.0,0.9663346447050571,0.18334930762648582,0.9663346447050571,0.0,0.7829853370785713,structural_causal_null
concept,biology-focused,39,prompt,rescue,0.0,0.0,0.0,0.9663346447050571,0.18334930762648582,0.18334930762648582,0.0,0.7829853370785713,structural_causal_null
concept,biology-focused,39,prompt,induction,0.0,0.0,0.0,0.9663346447050571,0.18334930762648582,0.9663346447050571,0.0,0.7829853370785713,structural_causal_null
concept,biology-focused,39,response,rescue,0.0,0.0,0.0,0.9663346447050571,0.18334930762648582,0.18334930762648582,0.0,0.7829853370785713,structural_causal_null
concept,biology-focused,39,response,induction,0.0,0.0,0.0,0.9663346447050571,0.18334930762648582,0.9663346447050571,0.0,0.7829853370785713,structural_causal_null
concept,biology-focused,39,all_aligned,rescue,0.0,0.0,0.0,0.9663346447050571,0.18334930762648582,0.18334930762648582,0.0,0.7829853370785713,structural_causal_null
concept,biology-focused,39,all_aligned,induction,0.0,0.0,0.0,0.9663346447050571,0.18334930762648582,0.9663346447050571,0.0,0.7829853370785713,structural_causal_null
concept,biology-focused,40,prompt,rescue,0.0,0.0,0.0,0.9663346447050571,0.18334930762648582,0.18334930762648582,0.0,0.7829853370785713,structural_causal_null
concept,biology-focused,40,prompt,induction,0.0,0.0,0.0,0.9663346447050571,0.18334930762648582,0.9663346447050571,0.0,0.7829853370785713,structural_causal_null
concept,biology-focused,40,response,rescue,0.0,0.0,0.0,0.9663346447050571,0.18334930762648582,0.18334930762648582,0.0,0.7829853370785713,structural_causal_null
concept,biology-focused,40,response,induction,0.0,0.0,0.0,0.9663346447050571,0.18334930762648582,0.9663346447050571,0.0,0.7829853370785713,structural_causal_null
concept,biology-focused,40,all_aligned,rescue,0.0,0.0,0.0,0.9663346447050571,0.18334930762648582,0.18334930762648582,0.0,0.7829853370785713,structural_causal_null
concept,biology-focused,40,all_aligned,induction,0.0,0.0,0.0,0.9663346447050571,0.18334930762648582,0.9663346447050571,0.0,0.7829853370785713,structural_causal_null
concept,biology-focused,41,prompt,rescue,0.0,0.0,0.0,0.9663346447050571,0.18334930762648582,0.18334930762648582,0.0,0.7829853370785713,structural_causal_null
concept,biology-focused,41,prompt,induction,0.0,0.0,0.0,0.9663346447050571,0.18334930762648582,0.9663346447050571,0.0,0.7829853370785713,structural_causal_null
concept,biology-focused,41,response,rescue,0.0,0.0,0.0,0.9663346447050571,0.18334930762648582,0.18334930762648582,0.0,0.7829853370785713,structural_causal_null
concept,biology-focused,41,response,induction,0.0,0.0,0.0,0.9663346447050571,0.18334930762648582,0.9663346447050571,0.0,0.7829853370785713,structural_causal_null
concept,biology-focused,41,all_aligned,rescue,0.0,0.0,0.0,0.9663346447050571,0.18334930762648582,0.18334930762648582,0.0,0.7829853370785713,structural_causal_null
concept,biology-focused,41,all_aligned,induction,0.0,0.0,0.0,0.9663346447050571,0.18334930762648582,0.9663346447050571,0.0,0.7829853370785713,structural_causal_null
concept,comforting,0,prompt,rescue,0.00022948759811130707,9.240199224497177e-05,0.0003900558885346722,0.9333858378231525,0.046892566204178365,0.04709600541582404,0.0002034392116456729,0.8864932716189742,truncated_forward
concept,comforting,0,prompt,induction,-0.000187871198468521,-0.0006345060970638118,0.00016264312002624504,0.9333858378231525,0.046892566204178365,0.9335523843765259,-0.0001665465533733368,0.8864932716189742,truncated_forward
concept,comforting,0,response,rescue,0.0003100500466308275,0.00019357555831361068,0.00044990772279697596,0.9333858378231525,0.046892566204178365,0.04716742348438174,0.00027485728020337774,0.8864932716189742,truncated_forward
concept,comforting,0,response,induction,6.782895328428204e-05,-0.0001213443304188744,0.00022225937099690444,0.9333858378231525,0.046892566204178365,0.9333257079124451,6.0129910707473755e-05,0.8864932716189742,truncated_forward
concept,comforting,0,all_aligned,rescue,0.00047264726729736483,0.0002858865523591215,0.0006863321988902164,0.9333858378231525,0.046892566204178365,0.047311564826486574,0.0004189986223082087,0.8864932716189742,truncated_forward
concept,comforting,0,all_aligned,induction,-0.0001204593211778865,-0.0006613286769240526,0.0003009675495393123,0.9333858378231525,0.046892566204178365,0.9334926242008805,-0.00010678637772798538,0.8864932716189742,truncated_forward
concept,comforting,1,prompt,rescue,0.000294015737246274,0.000126830179392293,0.0004983502499756596,0.9333858378231525,0.046892566204178365,0.04715320917699728,0.00026064297281891413,0.8864932716189742,truncated_forward
concept,comforting,1,prompt,induction,-0.0003247530182174362,-0.0009629699471860914,0.00014738132678573934,0.9333858378231525,0.046892566204178365,0.9336737291887403,-0.00028789136558771133,0.8864932716189742,truncated_forward
concept,comforting,1,response,rescue,0.0003603064597769374,0.00020427219878806137,0.0005374099680162062,0.9333858378231525,0.046892566204178365,0.04721197545649147,0.00031940925231310757,0.8864932716189742,truncated_forward
concept,comforting,1,response,induction,0.00016441618931442768,-7.511324857767499e-05,0.0003680949537388414,0.9333858378231525,0.046892566204178365,0.9332400839775801,0.00014575384557247162,0.8864932716189742,truncated_forward
concept,comforting,1,all_aligned,rescue,0.0006808755375944986,0.00041860397399604054,0.0009811992397372499,0.9333858378231525,0.046892566204178365,0.04749615778706584,0.0006035915828874749,0.8864932716189742,truncated_forward
concept,comforting,1,all_aligned,induction,-8.788537090323733e-05,-0.0008786167921195098,0.0004793631430312287,0.9333858378231525,0.046892566204178365,0.933463747613132,-7.790978997945786e-05,0.8864932716189742,truncated_forward
concept,comforting,2,prompt,rescue,0.000224311499120934,5.2228024671677545e-05,0.0004215998187088758,0.9333858378231525,0.046892566204178365,0.04709141683889584,0.00019885063471747344,0.8864932716189742,truncated_forward
concept,comforting,2,prompt,induction,-0.00027331084414956315,-0.0007685953075954705,0.00015037513020605935,0.9333858378231525,0.046892566204178365,0.9336281260475516,-0.0002422882243990898,0.8864932716189742,truncated_forward
concept,comforting,2,response,rescue,0.0003604312978492191,0.0002309511542634469,0.0005066910104482713,0.9333858378231525,0.046892566204178365,0.04721208612460259,0.00031951992042422717,0.8864932716189742,truncated_forward
concept,comforting,2,response,induction,0.00013644793464721134,-7.600241293639292e-05,0.0003260415389537728,0.9333858378231525,0.046892566204178365,0.9332648776471615,0.00012096017599105835,0.8864932716189742,truncated_forward
concept,comforting,2,all_aligned,rescue,0.0006150283904229427,0.0003435302719185464,0.0009312997298933549,0.9333858378231525,0.046892566204178365,0.04743778473414295,0.0005452185299645862,0.8864932716189742,truncated_forward
concept,comforting,2,all_aligned,induction,-0.0001337553256504389,-0.0007301844046349434,0.00037646249919745636,0.9333858378231525,0.046892566204178365,0.9335044110193849,-0.00011857319623231888,0.8864932716189742,truncated_forward
concept,comforting,3,prompt,rescue,0.0007637171721280309,0.0004648439740782065,0.001098563919498425,0.9333858378231525,0.046892566204178365,0.047569596338689735,0.0006770301345113694,0.8864932716189742,truncated_forward
concept,comforting,3,prompt,induction,0.0006844259078526323,6.022041833124136e-05,0.0013264674452401531,0.9333858378231525,0.046892566204178365,0.9327790988609195,0.0006067389622330666,0.8864932716189742,truncated_forward
concept,comforting,3,response,rescue,0.0006483092615281868,0.00039881782245410286,0.0009323853936456268,0.9333858378231525,0.046892566204178365,0.04746728800245137,0.0005747217982730035,0.8864932716189742,truncated_forward
concept,comforting,3,response,induction,0.00047821177021764756,0.00014810677824445928,0.000843090008481388,0.9333858378231525,0.046892566204178365,0.9329619063064456,0.0004239315167069435,0.8864932716189742,truncated_forward
concept,comforting,3,all_aligned,rescue,0.0014099032426848589,0.0008816772330728867,0.0019947256380212254,0.9333858378231525,0.046892566204178365,0.048142435942452266,0.001249869738273901,0.8864932716189742,truncated_forward
concept,comforting,3,all_aligned,induction,0.001178873175314182,0.000337026287595093,0.002069980708896994,0.9333858378231525,0.046892566204178365,0.9323407746851444,0.0010450631380081177,0.8864932716189742,truncated_forward
concept,comforting,4,prompt,rescue,0.0006695420955554845,0.0003745294641319531,0.0010151658582933428,0.9333858378231525,0.046892566204178365,0.04748611076695397,0.0005935445627756053,0.8864932716189742,truncated_forward
concept,comforting,4,prompt,induction,0.0005630977659020845,-0.00044392492124607633,0.0014595894084906919,0.9333858378231525,0.046892566204178365,0.9328866554424167,0.0004991823807358742,0.8864932716189742,truncated_forward
concept,comforting,4,response,rescue,0.0024157604612043936,0.0016889933382814712,0.00322129890494585,0.9333858378231525,0.046892566204178365,0.04903412159887921,0.0021415553947008448,0.8864932716189742,truncated_forward
concept,comforting,4,response,induction,0.001803726553645948,0.0008257291559507626,0.002914193512077234,0.9333858378231525,0.046892566204178365,0.9317868463695049,0.0015989914536476135,0.8864932716189742,truncated_forward
concept,comforting,4,all_aligned,rescue,0.003097751316436043,0.0021561008701365793,0.004127639304053382,0.9333858378231525,0.046892566204178365,0.04963870190334774,0.002746135699169372,0.8864932716189742,truncated_forward
concept,comforting,4,all_aligned,induction,0.0024263926467918847,0.0008827798728249946,0.004093776087800986,0.9333858378231525,0.046892566204178365,0.9312348570674658,0.00215098075568676,0.8864932716189742,truncated_forward
concept,comforting,5,prompt,rescue,0.0005820069104706256,0.00032603478216209025,0.0008823699417165637,0.9333858378231525,0.046892566204178365,0.04740851141434632,0.0005159452101679562,0.8864932716189742,truncated_forward
concept,comforting,5,prompt,induction,0.0011458023057826178,0.0001508834258739159,0.0021380216621126324,0.9333858378231525,0.046892566204178365,0.9323700917884707,0.001015746034681797,0.8864932716189742,truncated_forward
concept,comforting,5,response,rescue,0.0030297359502049733,0.002139816642656047,0.0040195514868281695,0.9333858378231525,0.046892566204178365,0.04957840673881719,0.002685840534638828,0.8864932716189742,truncated_forward
concept,comforting,5,response,induction,0.0013451551756228615,0.0002224981756294212,0.0025567339495583437,0.9333858378231525,0.046892566204178365,0.9321933668106794,0.0011924710124731064,0.8864932716189742,truncated_forward
concept,comforting,5,all_aligned,rescue,0.0036468558677471927,0.002568413994473791,0.004825153657831239,0.9333858378231525,0.046892566204178365,0.05012547939350043,0.003232913189322062,0.8864932716189742,truncated_forward
concept,comforting,5,all_aligned,induction,0.0025837490107226565,0.0009694942003678786,0.004336995657401329,0.9333858378231525,0.046892566204178365,0.9310953617095947,0.0022904761135578156,0.8864932716189742,truncated_forward
concept,comforting,6,prompt,rescue,0.002041999591643228,0.0012815875331244897,0.0028832386982051888,0.9333858378231525,0.046892566204178365,0.04870278510281878,0.0018102188986404144,0.8864932716189742,truncated_forward
concept,comforting,6,prompt,induction,0.004177338601140975,0.0015997343493819691,0.007080518068098466,0.9333858378231525,0.046892566204178365,0.9296826552599669,0.003703182563185692,0.8864932716189742,truncated_forward
concept,comforting,6,response,rescue,0.009691825739549265,0.007211853176039548,0.012382101553091959,0.9333858378231525,0.046892566204178365,0.05548430451199238,0.008591738307814012,0.8864932716189742,truncated_forward
concept,comforting,6,response,induction,0.004010777149410859,0.0005246146772033698,0.007508819938575423,0.9333858378231525,0.046892566204178365,0.9298303108662367,0.0035555269569158554,0.8864932716189742,truncated_forward
concept,comforting,6,all_aligned,rescue,0.0127309141930542,0.009603178991015721,0.016053264802206636,0.9333858378231525,0.046892566204178365,0.05817843597787942,0.011285869773701052,0.8864932716189742,truncated_forward
concept,comforting,6,all_aligned,induction,0.01102719721378856,0.005837995159520359,0.016646546991385836,0.9333858378231525,0.046892566204178365,0.9236103016883135,0.009775536134839058,0.8864932716189742,truncated_forward
concept,comforting,7,prompt,rescue,0.0015372943590055926,0.0007749998318639028,0.002370064080665885,0.9333858378231525,0.046892566204178365,0.04825536730993463,0.0013628011057562617,0.8864932716189742,truncated_forward
concept,comforting,7,prompt,induction,0.0054662126807142495,0.002688086154506954,0.008735866599499438,0.9333858378231525,0.046892566204178365,0.928540077060461,0.004845760762691498,0.8864932716189742,truncated_forward
concept,comforting,7,response,rescue,0.01180948308679858,0.008825900040907806,0.015013191911050206,0.9333858378231525,0.046892566204178365,0.05736159350192338,0.010469027297745015,0.8864932716189742,truncated_forward
concept,comforting,7,response,induction,0.004834520096542066,0.0011554045447075257,0.008624156317075915,0.9333858378231525,0.046892566204178365,0.9291000682860613,0.004285769537091255,0.8864932716189742,truncated_forward
concept,comforting,7,all_aligned,rescue,0.014626619733670175,0.011087500414706204,0.018424959640114542,0.9333858378231525,0.046892566204178365,0.05985896618460629,0.012966399980427923,0.8864932716189742,truncated_forward
concept,comforting,7,all_aligned,induction,0.014274437438848951,0.008604865584774394,0.020369356019046894,0.9333858378231525,0.046892566204178365,0.920731645077467,0.012654192745685577,0.8864932716189742,truncated_forward
concept,comforting,8,prompt,rescue,0.0011519960435793079,0.0004412735060788806,0.0019783735560864615,0.9333858378231525,0.046892566204178365,0.0479138029457431,0.001021236741564735,0.8864932716189742,truncated_forward
concept,comforting,8,prompt,induction,-0.0013234661733839358,-0.004286434884604875,0.0012157145630457104,0.9333858378231525,0.046892566204178365,0.9345590816810727,-0.0011732438579201698,0.8864932716189742,truncated_forward
concept,comforting,8,response,rescue,0.018806882178819977,0.014250487264056392,0.023577383976433604,0.9333858378231525,0.046892566204178365,0.06356474071583307,0.016672174511654703,0.8864932716189742,truncated_forward
concept,comforting,8,response,induction,-0.010858752091386883,-0.018591529295952258,-0.00444970476519268,0.9333858378231525,0.046892566204178365,0.9430120484903455,-0.009626210667192936,0.8864932716189742,truncated_forward
concept,comforting,8,all_aligned,rescue,0.022568482726077317,0.01721392858732537,0.02814175779482385,0.9333858378231525,0.046892566204178365,0.06689937429149495,0.020006808087316585,0.8864932716189742,truncated_forward
concept,comforting,8,all_aligned,induction,-0.009446542232019585,-0.019199919463861726,-0.0012972687937451788,0.9333858378231525,0.046892566204178365,0.9417601339519024,-0.008374296128749847,0.8864932716189742,truncated_forward
concept,comforting,9,prompt,rescue,0.0013198201694552675,0.000552325566298139,0.0022045180421702082,0.9333858378231525,0.046892566204178365,0.048062577904147474,0.001170011699969109,0.8864932716189742,truncated_forward
concept,comforting,9,prompt,induction,0.018356741020031857,0.01355665225206772,0.023626380723172,0.9333858378231525,0.046892566204178365,0.9171127104200423,0.016273127403110266,0.8864932716189742,truncated_forward
concept,comforting,9,response,rescue,0.2503447386657237,0.22504273974948388,0.2756545003768031,0.9333858378231525,0.046892566204178365,0.26882149261655286,0.2219289264123745,0.8864932716189742,truncated_forward
concept,comforting,9,response,induction,0.3588979556102988,0.32473347933577074,0.39286219229727376,0.9333858378231525,0.046892566204178365,0.6152252149768174,0.3181606228463352,0.8864932716189742,truncated_forward
concept,comforting,9,all_aligned,rescue,0.2675818373094822,0.24056679750760493,0.29464115238103317,0.9333858378231525,0.046892566204178365,0.28410206458647735,0.237209498382299,0.8864932716189742,truncated_forward
concept,comforting,9,all_aligned,induction,0.526105602245205,0.48868797479185255,0.5618924901740872,0.9333858378231525,0.046892566204178365,0.46699676127173007,0.4663890765514225,0.8864932716189742,truncated_forward
concept,comforting,10,prompt,rescue,0.003660627871080223,0.002567061968025915,0.0048795057187251524,0.9333858378231525,0.046892566204178365,0.05013768818179187,0.0032451219776135076,0.8864932716189742,truncated_forward
concept,comforting,10,prompt,induction,0.02921522521625909,0.02303120599357398,0.03604735809604576,0.9333858378231525,0.046892566204178365,0.9074867372401059,0.025899100583046675,0.8864932716189742,truncated_forward
concept,comforting,10,response,rescue,0.9706748374389217,0.9632289021578612,0.9774432592397353,0.9333858378231525,0.046892566204178365,0.9073892785236239,0.8604967123194456,0.8864932716189742,truncated_forward
concept,comforting,10,response,induction,0.9633268237677667,0.9560306998876236,0.970207329492569,0.9333858378231525,0.046892566204178365,0.07940309018295011,0.8539827476402024,0.8864932716189742,truncated_forward
concept,comforting,10,all_aligned,rescue,0.9781072240958152,0.9720388261429533,0.9838715360484253,0.9333858378231525,0.046892566204178365,0.9139780392870307,0.8670854730828523,0.8864932716189742,truncated_forward
concept,comforting,10,all_aligned,induction,0.9799306423928447,0.9752904345865647,0.9842010410211817,0.9333858378231525,0.046892566204178365,0.0646839166886366,0.8687019211345159,0.8864932716189742,truncated_forward
concept,comforting,11,prompt,rescue,8.056197113377258e-05,-0.0001326755019044844,0.0003118854242210045,0.9333858378231525,0.046892566204178365,0.04696398384953682,7.141764535845141e-05,0.8864932716189742,truncated_forward
concept,comforting,11,prompt,induction,0.008660560946136908,0.0062547106480676075,0.01151191134609956,0.9333858378231525,0.046892566204178365,0.9257083088159561,0.007677529007196426,0.8864932716189742,truncated_forward
concept,comforting,11,response,rescue,1.0029191579528784,0.9994629479674936,1.0066906155298585,0.9333858378231525,0.046892566204178365,0.9359736517071724,0.889081085502994,0.8864932716189742,truncated_forward
concept,comforting,11,response,induction,0.9897361700547846,0.9871256804574869,0.9921061862026097,0.9333858378231525,0.046892566204178365,0.05599138239165313,0.8773944554314994,0.8864932716189742,truncated_forward
concept,comforting,11,all_aligned,rescue,1.0020011169601206,0.9989081238622642,1.0053039735919467,0.9333858378231525,0.046892566204178365,0.9351598145440221,0.8882672483398437,0.8864932716189742,truncated_forward
concept,comforting,11,all_aligned,induction,0.9924002058295605,0.9905422791739537,0.9941082779433988,0.9333858378231525,0.046892566204178365,0.05362973260196213,0.8797561052211904,0.8864932716189742,truncated_forward
concept,comforting,12,prompt,rescue,0.0,0.0,0.0,0.9333858378231525,0.046892566204178365,0.046892566204178365,0.0,0.8864932716189742,truncated_forward
concept,comforting,12,prompt,induction,0.0,0.0,0.0,0.9333858378231525,0.046892566204178365,0.9333858378231525,0.0,0.8864932716189742,truncated_forward
concept,comforting,12,response,rescue,1.0,1.0,1.0,0.9333858378231525,0.046892566204178365,0.9333858378231525,0.8864932716189742,0.8864932716189742,truncated_forward
concept,comforting,12,response,induction,1.0,1.0,1.0,0.9333858378231525,0.046892566204178365,0.046892566204178365,0.8864932716189742,0.8864932716189742,truncated_forward
concept,comforting,12,all_aligned,rescue,1.0,1.0,1.0,0.9333858378231525,0.046892566204178365,0.9333858378231525,0.8864932716189742,0.8864932716189742,truncated_forward
concept,comforting,12,all_aligned,induction,1.0,1.0,1.0,0.9333858378231525,0.046892566204178365,0.046892566204178365,0.8864932716189742,0.8864932716189742,truncated_forward
concept,comforting,13,prompt,rescue,0.0,0.0,0.0,0.9333858378231525,0.046892566204178365,0.046892566204178365,0.0,0.8864932716189742,structural_causal_null
concept,comforting,13,prompt,induction,0.0,0.0,0.0,0.9333858378231525,0.046892566204178365,0.9333858378231525,0.0,0.8864932716189742,structural_causal_null
concept,comforting,13,response,rescue,0.0,0.0,0.0,0.9333858378231525,0.046892566204178365,0.046892566204178365,0.0,0.8864932716189742,structural_causal_null
concept,comforting,13,response,induction,0.0,0.0,0.0,0.9333858378231525,0.046892566204178365,0.9333858378231525,0.0,0.8864932716189742,structural_causal_null
concept,comforting,13,all_aligned,rescue,0.0,0.0,0.0,0.9333858378231525,0.046892566204178365,0.046892566204178365,0.0,0.8864932716189742,structural_causal_null
concept,comforting,13,all_aligned,induction,0.0,0.0,0.0,0.9333858378231525,0.046892566204178365,0.9333858378231525,0.0,0.8864932716189742,structural_causal_null
concept,comforting,14,prompt,rescue,0.0,0.0,0.0,0.9333858378231525,0.046892566204178365,0.046892566204178365,0.0,0.8864932716189742,structural_causal_null
concept,comforting,14,prompt,induction,0.0,0.0,0.0,0.9333858378231525,0.046892566204178365,0.9333858378231525,0.0,0.8864932716189742,structural_causal_null
concept,comforting,14,response,rescue,0.0,0.0,0.0,0.9333858378231525,0.046892566204178365,0.046892566204178365,0.0,0.8864932716189742,structural_causal_null
concept,comforting,14,response,induction,0.0,0.0,0.0,0.9333858378231525,0.046892566204178365,0.9333858378231525,0.0,0.8864932716189742,structural_causal_null
concept,comforting,14,all_aligned,rescue,0.0,0.0,0.0,0.9333858378231525,0.046892566204178365,0.046892566204178365,0.0,0.8864932716189742,structural_causal_null
concept,comforting,14,all_aligned,induction,0.0,0.0,0.0,0.9333858378231525,0.046892566204178365,0.9333858378231525,0.0,0.8864932716189742,structural_causal_null
concept,comforting,15,prompt,rescue,0.0,0.0,0.0,0.9333858378231525,0.046892566204178365,0.046892566204178365,0.0,0.8864932716189742,structural_causal_null
concept,comforting,15,prompt,induction,0.0,0.0,0.0,0.9333858378231525,0.046892566204178365,0.9333858378231525,0.0,0.8864932716189742,structural_causal_null
concept,comforting,15,response,rescue,0.0,0.0,0.0,0.9333858378231525,0.046892566204178365,0.046892566204178365,0.0,0.8864932716189742,structural_causal_null
concept,comforting,15,response,induction,0.0,0.0,0.0,0.9333858378231525,0.046892566204178365,0.9333858378231525,0.0,0.8864932716189742,structural_causal_null
concept,comforting,15,all_aligned,rescue,0.0,0.0,0.0,0.9333858378231525,0.046892566204178365,0.046892566204178365,0.0,0.8864932716189742,structural_causal_null
concept,comforting,15,all_aligned,induction,0.0,0.0,0.0,0.9333858378231525,0.046892566204178365,0.9333858378231525,0.0,0.8864932716189742,structural_causal_null
concept,comforting,16,prompt,rescue,0.0,0.0,0.0,0.9333858378231525,0.046892566204178365,0.046892566204178365,0.0,0.8864932716189742,structural_causal_null
concept,comforting,16,prompt,induction,0.0,0.0,0.0,0.9333858378231525,0.046892566204178365,0.9333858378231525,0.0,0.8864932716189742,structural_causal_null
concept,comforting,16,response,rescue,0.0,0.0,0.0,0.9333858378231525,0.046892566204178365,0.046892566204178365,0.0,0.8864932716189742,structural_causal_null
concept,comforting,16,response,induction,0.0,0.0,0.0,0.9333858378231525,0.046892566204178365,0.9333858378231525,0.0,0.8864932716189742,structural_causal_null
concept,comforting,16,all_aligned,rescue,0.0,0.0,0.0,0.9333858378231525,0.046892566204178365,0.046892566204178365,0.0,0.8864932716189742,structural_causal_null
concept,comforting,16,all_aligned,induction,0.0,0.0,0.0,0.9333858378231525,0.046892566204178365,0.9333858378231525,0.0,0.8864932716189742,structural_causal_null
concept,comforting,17,prompt,rescue,0.0,0.0,0.0,0.9333858378231525,0.046892566204178365,0.046892566204178365,0.0,0.8864932716189742,structural_causal_null
concept,comforting,17,prompt,induction,0.0,0.0,0.0,0.9333858378231525,0.046892566204178365,0.9333858378231525,0.0,0.8864932716189742,structural_causal_null
concept,comforting,17,response,rescue,0.0,0.0,0.0,0.9333858378231525,0.046892566204178365,0.046892566204178365,0.0,0.8864932716189742,structural_causal_null
concept,comforting,17,response,induction,0.0,0.0,0.0,0.9333858378231525,0.046892566204178365,0.9333858378231525,0.0,0.8864932716189742,structural_causal_null
concept,comforting,17,all_aligned,rescue,0.0,0.0,0.0,0.9333858378231525,0.046892566204178365,0.046892566204178365,0.0,0.8864932716189742,structural_causal_null
concept,comforting,17,all_aligned,induction,0.0,0.0,0.0,0.9333858378231525,0.046892566204178365,0.9333858378231525,0.0,0.8864932716189742,structural_causal_null
concept,comforting,18,prompt,rescue,0.0,0.0,0.0,0.9333858378231525,0.046892566204178365,0.046892566204178365,0.0,0.8864932716189742,structural_causal_null
concept,comforting,18,prompt,induction,0.0,0.0,0.0,0.9333858378231525,0.046892566204178365,0.9333858378231525,0.0,0.8864932716189742,structural_causal_null
concept,comforting,18,response,rescue,0.0,0.0,0.0,0.9333858378231525,0.046892566204178365,0.046892566204178365,0.0,0.8864932716189742,structural_causal_null
concept,comforting,18,response,induction,0.0,0.0,0.0,0.9333858378231525,0.046892566204178365,0.9333858378231525,0.0,0.8864932716189742,structural_causal_null
concept,comforting,18,all_aligned,rescue,0.0,0.0,0.0,0.9333858378231525,0.046892566204178365,0.046892566204178365,0.0,0.8864932716189742,structural_causal_null
concept,comforting,18,all_aligned,induction,0.0,0.0,0.0,0.9333858378231525,0.046892566204178365,0.9333858378231525,0.0,0.8864932716189742,structural_causal_null
concept,comforting,19,prompt,rescue,0.0,0.0,0.0,0.9333858378231525,0.046892566204178365,0.046892566204178365,0.0,0.8864932716189742,structural_causal_null
concept,comforting,19,prompt,induction,0.0,0.0,0.0,0.9333858378231525,0.046892566204178365,0.9333858378231525,0.0,0.8864932716189742,structural_causal_null
concept,comforting,19,response,rescue,0.0,0.0,0.0,0.9333858378231525,0.046892566204178365,0.046892566204178365,0.0,0.8864932716189742,structural_causal_null
concept,comforting,19,response,induction,0.0,0.0,0.0,0.9333858378231525,0.046892566204178365,0.9333858378231525,0.0,0.8864932716189742,structural_causal_null
concept,comforting,19,all_aligned,rescue,0.0,0.0,0.0,0.9333858378231525,0.046892566204178365,0.046892566204178365,0.0,0.8864932716189742,structural_causal_null
concept,comforting,19,all_aligned,induction,0.0,0.0,0.0,0.9333858378231525,0.046892566204178365,0.9333858378231525,0.0,0.8864932716189742,structural_causal_null
concept,comforting,20,prompt,rescue,0.0,0.0,0.0,0.9333858378231525,0.046892566204178365,0.046892566204178365,0.0,0.8864932716189742,structural_causal_null
concept,comforting,20,prompt,induction,0.0,0.0,0.0,0.9333858378231525,0.046892566204178365,0.9333858378231525,0.0,0.8864932716189742,structural_causal_null
concept,comforting,20,response,rescue,0.0,0.0,0.0,0.9333858378231525,0.046892566204178365,0.046892566204178365,0.0,0.8864932716189742,structural_causal_null
concept,comforting,20,response,induction,0.0,0.0,0.0,0.9333858378231525,0.046892566204178365,0.9333858378231525,0.0,0.8864932716189742,structural_causal_null
concept,comforting,20,all_aligned,rescue,0.0,0.0,0.0,0.9333858378231525,0.046892566204178365,0.046892566204178365,0.0,0.8864932716189742,structural_causal_null
concept,comforting,20,all_aligned,induction,0.0,0.0,0.0,0.9333858378231525,0.046892566204178365,0.9333858378231525,0.0,0.8864932716189742,structural_causal_null
concept,comforting,21,prompt,rescue,0.0,0.0,0.0,0.9333858378231525,0.046892566204178365,0.046892566204178365,0.0,0.8864932716189742,structural_causal_null
concept,comforting,21,prompt,induction,0.0,0.0,0.0,0.9333858378231525,0.046892566204178365,0.9333858378231525,0.0,0.8864932716189742,structural_causal_null
concept,comforting,21,response,rescue,0.0,0.0,0.0,0.9333858378231525,0.046892566204178365,0.046892566204178365,0.0,0.8864932716189742,structural_causal_null
concept,comforting,21,response,induction,0.0,0.0,0.0,0.9333858378231525,0.046892566204178365,0.9333858378231525,0.0,0.8864932716189742,structural_causal_null
concept,comforting,21,all_aligned,rescue,0.0,0.0,0.0,0.9333858378231525,0.046892566204178365,0.046892566204178365,0.0,0.8864932716189742,structural_causal_null
concept,comforting,21,all_aligned,induction,0.0,0.0,0.0,0.9333858378231525,0.046892566204178365,0.9333858378231525,0.0,0.8864932716189742,structural_causal_null
concept,comforting,22,prompt,rescue,0.0,0.0,0.0,0.9333858378231525,0.046892566204178365,0.046892566204178365,0.0,0.8864932716189742,structural_causal_null
concept,comforting,22,prompt,induction,0.0,0.0,0.0,0.9333858378231525,0.046892566204178365,0.9333858378231525,0.0,0.8864932716189742,structural_causal_null
concept,comforting,22,response,rescue,0.0,0.0,0.0,0.9333858378231525,0.046892566204178365,0.046892566204178365,0.0,0.8864932716189742,structural_causal_null
concept,comforting,22,response,induction,0.0,0.0,0.0,0.9333858378231525,0.046892566204178365,0.9333858378231525,0.0,0.8864932716189742,structural_causal_null
concept,comforting,22,all_aligned,rescue,0.0,0.0,0.0,0.9333858378231525,0.046892566204178365,0.046892566204178365,0.0,0.8864932716189742,structural_causal_null
concept,comforting,22,all_aligned,induction,0.0,0.0,0.0,0.9333858378231525,0.046892566204178365,0.9333858378231525,0.0,0.8864932716189742,structural_causal_null
concept,comforting,23,prompt,rescue,0.0,0.0,0.0,0.9333858378231525,0.046892566204178365,0.046892566204178365,0.0,0.8864932716189742,structural_causal_null
concept,comforting,23,prompt,induction,0.0,0.0,0.0,0.9333858378231525,0.046892566204178365,0.9333858378231525,0.0,0.8864932716189742,structural_causal_null
concept,comforting,23,response,rescue,0.0,0.0,0.0,0.9333858378231525,0.046892566204178365,0.046892566204178365,0.0,0.8864932716189742,structural_causal_null
concept,comforting,23,response,induction,0.0,0.0,0.0,0.9333858378231525,0.046892566204178365,0.9333858378231525,0.0,0.8864932716189742,structural_causal_null
concept,comforting,23,all_aligned,rescue,0.0,0.0,0.0,0.9333858378231525,0.046892566204178365,0.046892566204178365,0.0,0.8864932716189742,structural_causal_null
concept,comforting,23,all_aligned,induction,0.0,0.0,0.0,0.9333858378231525,0.046892566204178365,0.9333858378231525,0.0,0.8864932716189742,structural_causal_null
concept,comforting,24,prompt,rescue,0.0,0.0,0.0,0.9333858378231525,0.046892566204178365,0.046892566204178365,0.0,0.8864932716189742,structural_causal_null
concept,comforting,24,prompt,induction,0.0,0.0,0.0,0.9333858378231525,0.046892566204178365,0.9333858378231525,0.0,0.8864932716189742,structural_causal_null
concept,comforting,24,response,rescue,0.0,0.0,0.0,0.9333858378231525,0.046892566204178365,0.046892566204178365,0.0,0.8864932716189742,structural_causal_null
concept,comforting,24,response,induction,0.0,0.0,0.0,0.9333858378231525,0.046892566204178365,0.9333858378231525,0.0,0.8864932716189742,structural_causal_null
concept,comforting,24,all_aligned,rescue,0.0,0.0,0.0,0.9333858378231525,0.046892566204178365,0.046892566204178365,0.0,0.8864932716189742,structural_causal_null
concept,comforting,24,all_aligned,induction,0.0,0.0,0.0,0.9333858378231525,0.046892566204178365,0.9333858378231525,0.0,0.8864932716189742,structural_causal_null
concept,comforting,25,prompt,rescue,0.0,0.0,0.0,0.9333858378231525,0.046892566204178365,0.046892566204178365,0.0,0.8864932716189742,structural_causal_null
concept,comforting,25,prompt,induction,0.0,0.0,0.0,0.9333858378231525,0.046892566204178365,0.9333858378231525,0.0,0.8864932716189742,structural_causal_null
concept,comforting,25,response,rescue,0.0,0.0,0.0,0.9333858378231525,0.046892566204178365,0.046892566204178365,0.0,0.8864932716189742,structural_causal_null
concept,comforting,25,response,induction,0.0,0.0,0.0,0.9333858378231525,0.046892566204178365,0.9333858378231525,0.0,0.8864932716189742,structural_causal_null
concept,comforting,25,all_aligned,rescue,0.0,0.0,0.0,0.9333858378231525,0.046892566204178365,0.046892566204178365,0.0,0.8864932716189742,structural_causal_null
concept,comforting,25,all_aligned,induction,0.0,0.0,0.0,0.9333858378231525,0.046892566204178365,0.9333858378231525,0.0,0.8864932716189742,structural_causal_null
concept,comforting,26,prompt,rescue,0.0,0.0,0.0,0.9333858378231525,0.046892566204178365,0.046892566204178365,0.0,0.8864932716189742,structural_causal_null
concept,comforting,26,prompt,induction,0.0,0.0,0.0,0.9333858378231525,0.046892566204178365,0.9333858378231525,0.0,0.8864932716189742,structural_causal_null
concept,comforting,26,response,rescue,0.0,0.0,0.0,0.9333858378231525,0.046892566204178365,0.046892566204178365,0.0,0.8864932716189742,structural_causal_null
concept,comforting,26,response,induction,0.0,0.0,0.0,0.9333858378231525,0.046892566204178365,0.9333858378231525,0.0,0.8864932716189742,structural_causal_null
concept,comforting,26,all_aligned,rescue,0.0,0.0,0.0,0.9333858378231525,0.046892566204178365,0.046892566204178365,0.0,0.8864932716189742,structural_causal_null
concept,comforting,26,all_aligned,induction,0.0,0.0,0.0,0.9333858378231525,0.046892566204178365,0.9333858378231525,0.0,0.8864932716189742,structural_causal_null
concept,comforting,27,prompt,rescue,0.0,0.0,0.0,0.9333858378231525,0.046892566204178365,0.046892566204178365,0.0,0.8864932716189742,structural_causal_null
concept,comforting,27,prompt,induction,0.0,0.0,0.0,0.9333858378231525,0.046892566204178365,0.9333858378231525,0.0,0.8864932716189742,structural_causal_null
concept,comforting,27,response,rescue,0.0,0.0,0.0,0.9333858378231525,0.046892566204178365,0.046892566204178365,0.0,0.8864932716189742,structural_causal_null
concept,comforting,27,response,induction,0.0,0.0,0.0,0.9333858378231525,0.046892566204178365,0.9333858378231525,0.0,0.8864932716189742,structural_causal_null
concept,comforting,27,all_aligned,rescue,0.0,0.0,0.0,0.9333858378231525,0.046892566204178365,0.046892566204178365,0.0,0.8864932716189742,structural_causal_null
concept,comforting,27,all_aligned,induction,0.0,0.0,0.0,0.9333858378231525,0.046892566204178365,0.9333858378231525,0.0,0.8864932716189742,structural_causal_null
concept,comforting,28,prompt,rescue,0.0,0.0,0.0,0.9333858378231525,0.046892566204178365,0.046892566204178365,0.0,0.8864932716189742,structural_causal_null
concept,comforting,28,prompt,induction,0.0,0.0,0.0,0.9333858378231525,0.046892566204178365,0.9333858378231525,0.0,0.8864932716189742,structural_causal_null
concept,comforting,28,response,rescue,0.0,0.0,0.0,0.9333858378231525,0.046892566204178365,0.046892566204178365,0.0,0.8864932716189742,structural_causal_null
concept,comforting,28,response,induction,0.0,0.0,0.0,0.9333858378231525,0.046892566204178365,0.9333858378231525,0.0,0.8864932716189742,structural_causal_null
concept,comforting,28,all_aligned,rescue,0.0,0.0,0.0,0.9333858378231525,0.046892566204178365,0.046892566204178365,0.0,0.8864932716189742,structural_causal_null
concept,comforting,28,all_aligned,induction,0.0,0.0,0.0,0.9333858378231525,0.046892566204178365,0.9333858378231525,0.0,0.8864932716189742,structural_causal_null
concept,comforting,29,prompt,rescue,0.0,0.0,0.0,0.9333858378231525,0.046892566204178365,0.046892566204178365,0.0,0.8864932716189742,structural_causal_null
concept,comforting,29,prompt,induction,0.0,0.0,0.0,0.9333858378231525,0.046892566204178365,0.9333858378231525,0.0,0.8864932716189742,structural_causal_null
concept,comforting,29,response,rescue,0.0,0.0,0.0,0.9333858378231525,0.046892566204178365,0.046892566204178365,0.0,0.8864932716189742,structural_causal_null
concept,comforting,29,response,induction,0.0,0.0,0.0,0.9333858378231525,0.046892566204178365,0.9333858378231525,0.0,0.8864932716189742,structural_causal_null
concept,comforting,29,all_aligned,rescue,0.0,0.0,0.0,0.9333858378231525,0.046892566204178365,0.046892566204178365,0.0,0.8864932716189742,structural_causal_null
concept,comforting,29,all_aligned,induction,0.0,0.0,0.0,0.9333858378231525,0.046892566204178365,0.9333858378231525,0.0,0.8864932716189742,structural_causal_null
concept,comforting,30,prompt,rescue,0.0,0.0,0.0,0.9333858378231525,0.046892566204178365,0.046892566204178365,0.0,0.8864932716189742,structural_causal_null
concept,comforting,30,prompt,induction,0.0,0.0,0.0,0.9333858378231525,0.046892566204178365,0.9333858378231525,0.0,0.8864932716189742,structural_causal_null
concept,comforting,30,response,rescue,0.0,0.0,0.0,0.9333858378231525,0.046892566204178365,0.046892566204178365,0.0,0.8864932716189742,structural_causal_null
concept,comforting,30,response,induction,0.0,0.0,0.0,0.9333858378231525,0.046892566204178365,0.9333858378231525,0.0,0.8864932716189742,structural_causal_null
concept,comforting,30,all_aligned,rescue,0.0,0.0,0.0,0.9333858378231525,0.046892566204178365,0.046892566204178365,0.0,0.8864932716189742,structural_causal_null
concept,comforting,30,all_aligned,induction,0.0,0.0,0.0,0.9333858378231525,0.046892566204178365,0.9333858378231525,0.0,0.8864932716189742,structural_causal_null
concept,comforting,31,prompt,rescue,0.0,0.0,0.0,0.9333858378231525,0.046892566204178365,0.046892566204178365,0.0,0.8864932716189742,structural_causal_null
concept,comforting,31,prompt,induction,0.0,0.0,0.0,0.9333858378231525,0.046892566204178365,0.9333858378231525,0.0,0.8864932716189742,structural_causal_null
concept,comforting,31,response,rescue,0.0,0.0,0.0,0.9333858378231525,0.046892566204178365,0.046892566204178365,0.0,0.8864932716189742,structural_causal_null
concept,comforting,31,response,induction,0.0,0.0,0.0,0.9333858378231525,0.046892566204178365,0.9333858378231525,0.0,0.8864932716189742,structural_causal_null
concept,comforting,31,all_aligned,rescue,0.0,0.0,0.0,0.9333858378231525,0.046892566204178365,0.046892566204178365,0.0,0.8864932716189742,structural_causal_null
concept,comforting,31,all_aligned,induction,0.0,0.0,0.0,0.9333858378231525,0.046892566204178365,0.9333858378231525,0.0,0.8864932716189742,structural_causal_null
concept,comforting,32,prompt,rescue,0.0,0.0,0.0,0.9333858378231525,0.046892566204178365,0.046892566204178365,0.0,0.8864932716189742,structural_causal_null
concept,comforting,32,prompt,induction,0.0,0.0,0.0,0.9333858378231525,0.046892566204178365,0.9333858378231525,0.0,0.8864932716189742,structural_causal_null
concept,comforting,32,response,rescue,0.0,0.0,0.0,0.9333858378231525,0.046892566204178365,0.046892566204178365,0.0,0.8864932716189742,structural_causal_null
concept,comforting,32,response,induction,0.0,0.0,0.0,0.9333858378231525,0.046892566204178365,0.9333858378231525,0.0,0.8864932716189742,structural_causal_null
concept,comforting,32,all_aligned,rescue,0.0,0.0,0.0,0.9333858378231525,0.046892566204178365,0.046892566204178365,0.0,0.8864932716189742,structural_causal_null
concept,comforting,32,all_aligned,induction,0.0,0.0,0.0,0.9333858378231525,0.046892566204178365,0.9333858378231525,0.0,0.8864932716189742,structural_causal_null
concept,comforting,33,prompt,rescue,0.0,0.0,0.0,0.9333858378231525,0.046892566204178365,0.046892566204178365,0.0,0.8864932716189742,structural_causal_null
concept,comforting,33,prompt,induction,0.0,0.0,0.0,0.9333858378231525,0.046892566204178365,0.9333858378231525,0.0,0.8864932716189742,structural_causal_null
concept,comforting,33,response,rescue,0.0,0.0,0.0,0.9333858378231525,0.046892566204178365,0.046892566204178365,0.0,0.8864932716189742,structural_causal_null
concept,comforting,33,response,induction,0.0,0.0,0.0,0.9333858378231525,0.046892566204178365,0.9333858378231525,0.0,0.8864932716189742,structural_causal_null
concept,comforting,33,all_aligned,rescue,0.0,0.0,0.0,0.9333858378231525,0.046892566204178365,0.046892566204178365,0.0,0.8864932716189742,structural_causal_null
concept,comforting,33,all_aligned,induction,0.0,0.0,0.0,0.9333858378231525,0.046892566204178365,0.9333858378231525,0.0,0.8864932716189742,structural_causal_null
concept,comforting,34,prompt,rescue,0.0,0.0,0.0,0.9333858378231525,0.046892566204178365,0.046892566204178365,0.0,0.8864932716189742,structural_causal_null
concept,comforting,34,prompt,induction,0.0,0.0,0.0,0.9333858378231525,0.046892566204178365,0.9333858378231525,0.0,0.8864932716189742,structural_causal_null
concept,comforting,34,response,rescue,0.0,0.0,0.0,0.9333858378231525,0.046892566204178365,0.046892566204178365,0.0,0.8864932716189742,structural_causal_null
concept,comforting,34,response,induction,0.0,0.0,0.0,0.9333858378231525,0.046892566204178365,0.9333858378231525,0.0,0.8864932716189742,structural_causal_null
concept,comforting,34,all_aligned,rescue,0.0,0.0,0.0,0.9333858378231525,0.046892566204178365,0.046892566204178365,0.0,0.8864932716189742,structural_causal_null
concept,comforting,34,all_aligned,induction,0.0,0.0,0.0,0.9333858378231525,0.046892566204178365,0.9333858378231525,0.0,0.8864932716189742,structural_causal_null
concept,comforting,35,prompt,rescue,0.0,0.0,0.0,0.9333858378231525,0.046892566204178365,0.046892566204178365,0.0,0.8864932716189742,structural_causal_null
concept,comforting,35,prompt,induction,0.0,0.0,0.0,0.9333858378231525,0.046892566204178365,0.9333858378231525,0.0,0.8864932716189742,structural_causal_null
concept,comforting,35,response,rescue,0.0,0.0,0.0,0.9333858378231525,0.046892566204178365,0.046892566204178365,0.0,0.8864932716189742,structural_causal_null
concept,comforting,35,response,induction,0.0,0.0,0.0,0.9333858378231525,0.046892566204178365,0.9333858378231525,0.0,0.8864932716189742,structural_causal_null
concept,comforting,35,all_aligned,rescue,0.0,0.0,0.0,0.9333858378231525,0.046892566204178365,0.046892566204178365,0.0,0.8864932716189742,structural_causal_null
concept,comforting,35,all_aligned,induction,0.0,0.0,0.0,0.9333858378231525,0.046892566204178365,0.9333858378231525,0.0,0.8864932716189742,structural_causal_null
concept,comforting,36,prompt,rescue,0.0,0.0,0.0,0.9333858378231525,0.046892566204178365,0.046892566204178365,0.0,0.8864932716189742,structural_causal_null
concept,comforting,36,prompt,induction,0.0,0.0,0.0,0.9333858378231525,0.046892566204178365,0.9333858378231525,0.0,0.8864932716189742,structural_causal_null
concept,comforting,36,response,rescue,0.0,0.0,0.0,0.9333858378231525,0.046892566204178365,0.046892566204178365,0.0,0.8864932716189742,structural_causal_null
concept,comforting,36,response,induction,0.0,0.0,0.0,0.9333858378231525,0.046892566204178365,0.9333858378231525,0.0,0.8864932716189742,structural_causal_null
concept,comforting,36,all_aligned,rescue,0.0,0.0,0.0,0.9333858378231525,0.046892566204178365,0.046892566204178365,0.0,0.8864932716189742,structural_causal_null
concept,comforting,36,all_aligned,induction,0.0,0.0,0.0,0.9333858378231525,0.046892566204178365,0.9333858378231525,0.0,0.8864932716189742,structural_causal_null
concept,comforting,37,prompt,rescue,0.0,0.0,0.0,0.9333858378231525,0.046892566204178365,0.046892566204178365,0.0,0.8864932716189742,structural_causal_null
concept,comforting,37,prompt,induction,0.0,0.0,0.0,0.9333858378231525,0.046892566204178365,0.9333858378231525,0.0,0.8864932716189742,structural_causal_null
concept,comforting,37,response,rescue,0.0,0.0,0.0,0.9333858378231525,0.046892566204178365,0.046892566204178365,0.0,0.8864932716189742,structural_causal_null
concept,comforting,37,response,induction,0.0,0.0,0.0,0.9333858378231525,0.046892566204178365,0.9333858378231525,0.0,0.8864932716189742,structural_causal_null
concept,comforting,37,all_aligned,rescue,0.0,0.0,0.0,0.9333858378231525,0.046892566204178365,0.046892566204178365,0.0,0.8864932716189742,structural_causal_null
concept,comforting,37,all_aligned,induction,0.0,0.0,0.0,0.9333858378231525,0.046892566204178365,0.9333858378231525,0.0,0.8864932716189742,structural_causal_null
concept,comforting,38,prompt,rescue,0.0,0.0,0.0,0.9333858378231525,0.046892566204178365,0.046892566204178365,0.0,0.8864932716189742,structural_causal_null
concept,comforting,38,prompt,induction,0.0,0.0,0.0,0.9333858378231525,0.046892566204178365,0.9333858378231525,0.0,0.8864932716189742,structural_causal_null
concept,comforting,38,response,rescue,0.0,0.0,0.0,0.9333858378231525,0.046892566204178365,0.046892566204178365,0.0,0.8864932716189742,structural_causal_null
concept,comforting,38,response,induction,0.0,0.0,0.0,0.9333858378231525,0.046892566204178365,0.9333858378231525,0.0,0.8864932716189742,structural_causal_null
concept,comforting,38,all_aligned,rescue,0.0,0.0,0.0,0.9333858378231525,0.046892566204178365,0.046892566204178365,0.0,0.8864932716189742,structural_causal_null
concept,comforting,38,all_aligned,induction,0.0,0.0,0.0,0.9333858378231525,0.046892566204178365,0.9333858378231525,0.0,0.8864932716189742,structural_causal_null
concept,comforting,39,prompt,rescue,0.0,0.0,0.0,0.9333858378231525,0.046892566204178365,0.046892566204178365,0.0,0.8864932716189742,structural_causal_null
concept,comforting,39,prompt,induction,0.0,0.0,0.0,0.9333858378231525,0.046892566204178365,0.9333858378231525,0.0,0.8864932716189742,structural_causal_null
concept,comforting,39,response,rescue,0.0,0.0,0.0,0.9333858378231525,0.046892566204178365,0.046892566204178365,0.0,0.8864932716189742,structural_causal_null
concept,comforting,39,response,induction,0.0,0.0,0.0,0.9333858378231525,0.046892566204178365,0.9333858378231525,0.0,0.8864932716189742,structural_causal_null
concept,comforting,39,all_aligned,rescue,0.0,0.0,0.0,0.9333858378231525,0.046892566204178365,0.046892566204178365,0.0,0.8864932716189742,structural_causal_null
concept,comforting,39,all_aligned,induction,0.0,0.0,0.0,0.9333858378231525,0.046892566204178365,0.9333858378231525,0.0,0.8864932716189742,structural_causal_null
concept,comforting,40,prompt,rescue,0.0,0.0,0.0,0.9333858378231525,0.046892566204178365,0.046892566204178365,0.0,0.8864932716189742,structural_causal_null
concept,comforting,40,prompt,induction,0.0,0.0,0.0,0.9333858378231525,0.046892566204178365,0.9333858378231525,0.0,0.8864932716189742,structural_causal_null
concept,comforting,40,response,rescue,0.0,0.0,0.0,0.9333858378231525,0.046892566204178365,0.046892566204178365,0.0,0.8864932716189742,structural_causal_null
concept,comforting,40,response,induction,0.0,0.0,0.0,0.9333858378231525,0.046892566204178365,0.9333858378231525,0.0,0.8864932716189742,structural_causal_null
concept,comforting,40,all_aligned,rescue,0.0,0.0,0.0,0.9333858378231525,0.046892566204178365,0.046892566204178365,0.0,0.8864932716189742,structural_causal_null
concept,comforting,40,all_aligned,induction,0.0,0.0,0.0,0.9333858378231525,0.046892566204178365,0.9333858378231525,0.0,0.8864932716189742,structural_causal_null
concept,comforting,41,prompt,rescue,0.0,0.0,0.0,0.9333858378231525,0.046892566204178365,0.046892566204178365,0.0,0.8864932716189742,structural_causal_null
concept,comforting,41,prompt,induction,0.0,0.0,0.0,0.9333858378231525,0.046892566204178365,0.9333858378231525,0.0,0.8864932716189742,structural_causal_null
concept,comforting,41,response,rescue,0.0,0.0,0.0,0.9333858378231525,0.046892566204178365,0.046892566204178365,0.0,0.8864932716189742,structural_causal_null
concept,comforting,41,response,induction,0.0,0.0,0.0,0.9333858378231525,0.046892566204178365,0.9333858378231525,0.0,0.8864932716189742,structural_causal_null
concept,comforting,41,all_aligned,rescue,0.0,0.0,0.0,0.9333858378231525,0.046892566204178365,0.046892566204178365,0.0,0.8864932716189742,structural_causal_null
concept,comforting,41,all_aligned,induction,0.0,0.0,0.0,0.9333858378231525,0.046892566204178365,0.9333858378231525,0.0,0.8864932716189742,structural_causal_null
concept,german,0,prompt,rescue,0.0012046862739881247,0.0002904296738907194,0.0022953477387757156,0.74642862402834,0.09897260787420237,0.09975258924987429,0.0007799813756719232,0.6474560161541376,truncated_forward
concept,german,0,prompt,induction,0.004237547384351925,0.002829415131439798,0.005958624442205432,0.74642862402834,0.09897260787420237,0.7436849984806031,0.002743625547736883,0.6474560161541376,truncated_forward
concept,german,0,response,rescue,0.00043179594233313536,-0.00015655764018965328,0.0012307737664402566,0.74642862402834,0.09897260787420237,0.0992521767548169,0.00027956888061453355,0.6474560161541376,truncated_forward
concept,german,0,response,induction,0.0014802144797579624,0.000672955498449127,0.0025209350483369835,0.74642862402834,0.09897260787420237,0.7454702502582222,0.0009583737701177597,0.6474560161541376,truncated_forward
concept,german,0,all_aligned,rescue,0.0014385684827469473,0.00045135644815712597,0.002988305715683891,0.74642862402834,0.09897260787420237,0.09990401769300661,0.0009314098188042408,0.6474560161541376,truncated_forward
concept,german,0,all_aligned,induction,0.005663661652174816,0.0037422327172247595,0.008029119075617654,0.74642862402834,0.09897260787420237,0.7427616522181779,0.0036669718101620674,0.6474560161541376,truncated_forward
concept,german,1,prompt,rescue,0.0017148197522104847,0.00055087773570868,0.0032594395913297294,0.74642862402834,0.09897260787420237,0.100082878239391,0.0011102703651886259,0.6474560161541376,truncated_forward
concept,german,1,prompt,induction,0.005713675633481351,0.0038973820905068637,0.00786088126904944,0.74642862402834,0.09897260787420237,0.7427292703650892,0.003699353663250804,0.6474560161541376,truncated_forward
concept,german,1,response,rescue,0.0013111447342385105,0.0006258822300763275,0.002279902699105183,0.74642862402834,0.09897260787420237,0.09982151642043391,0.0008489085462315415,0.6474560161541376,truncated_forward
concept,german,1,response,induction,0.0042614153152924494,0.0028359756351733463,0.006140573599363106,0.74642862402834,0.09897260787420237,0.7436695450451225,0.002759078983217478,0.6474560161541376,truncated_forward
concept,german,1,all_aligned,rescue,0.0031117666835939247,0.0016005403895556056,0.0052930226016895485,0.74642862402834,0.09897260787420237,0.10098733993436326,0.0020147320601608953,0.6474560161541376,truncated_forward
concept,german,1,all_aligned,induction,0.010101978424884712,0.007327813633167571,0.013475786293717812,0.74642862402834,0.09897260787420237,0.7398880373220891,0.006540586706250906,0.6474560161541376,truncated_forward
concept,german,2,prompt,rescue,0.002011679213841202,0.0006747886213100021,0.003802416325638274,0.74642862402834,0.09897260787420237,0.10027508168377608,0.001302473809573712,0.6474560161541376,truncated_forward
concept,german,2,prompt,induction,0.0068583736468504014,0.004801716166759179,0.009313584974829179,0.74642862402834,0.09897260787420237,0.7419881287496537,0.004440495278686285,0.6474560161541376,truncated_forward
concept,german,2,response,rescue,0.0013681434027891359,0.0006889576441161241,0.0023359322559802194,0.74642862402834,0.09897260787420237,0.09985842055129979,0.0008858126770974195,0.6474560161541376,truncated_forward
concept,german,2,response,induction,0.004494104267414402,0.003019824141183717,0.00644097893267238,0.74642862402834,0.09897260787420237,0.7435188891831785,0.002909734845161438,0.6474560161541376,truncated_forward
concept,german,2,all_aligned,rescue,0.0032228246459778394,0.0015586321772001642,0.0056731739281416374,0.74642862402834,0.09897260787420237,0.10105924508025055,0.002086637206048181,0.6474560161541376,truncated_forward
concept,german,2,all_aligned,induction,0.011502180747431727,0.008461496839300042,0.015171293557768702,0.74642862402834,0.09897260787420237,0.738981467904523,0.007447156123816967,0.6474560161541376,truncated_forward
concept,german,3,prompt,rescue,0.003370586118267578,0.0011174251771843163,0.006448647914124102,0.74642862402834,0.09897260787420237,0.10115491413444033,0.002182306260237965,0.6474560161541376,truncated_forward
concept,german,3,prompt,induction,0.01628812056404882,0.012121797186512094,0.020894949288073027,0.74642862402834,0.09897260787420237,0.7358827823773026,0.010545841651037335,0.6474560161541376,truncated_forward
concept,german,3,response,rescue,0.003091437935273893,0.0015208209846588972,0.005571516135009334,0.74642862402834,0.09897260787420237,0.10097417796396257,0.0020015700897602073,0.6474560161541376,truncated_forward
concept,german,3,response,induction,0.009141809163805172,0.006508075690638201,0.012336338471252067,0.74642862402834,0.09897260787420237,0.7405097046867013,0.005918919341638684,0.6474560161541376,truncated_forward
concept,german,3,all_aligned,rescue,0.006226895043714296,0.003047120361159152,0.010794763809893521,0.74642862402834,0.09897260787420237,0.10300424853221557,0.0040316406580132025,0.6474560161541376,truncated_forward
concept,german,3,all_aligned,induction,0.025573053165123732,0.019726676228673086,0.03229714437571094,0.74642862402834,0.09897260787420237,0.729871196905151,0.016557427123188972,0.6474560161541376,truncated_forward
concept,german,4,prompt,rescue,0.004373774123959037,0.0005771234979499896,0.009355886716891366,0.74642862402834,0.09897260787420237,0.10180443424405894,0.0028318263698565715,0.6474560161541376,truncated_forward
concept,german,4,prompt,induction,0.020514819281182435,0.014895377892632702,0.026781066897014625,0.74642862402834,0.09897260787420237,0.7331461808644235,0.013282443163916469,0.6474560161541376,truncated_forward
concept,german,4,response,rescue,0.005420076346087317,0.0026484207531082614,0.00933171571490758,0.74642862402834,0.09897260787420237,0.10248186891249134,0.003509261038288969,0.6474560161541376,truncated_forward
concept,german,4,response,induction,0.014333523225266601,0.010740770230708473,0.01877539559693392,0.74642862402834,0.09897260787420237,0.7371482981834561,0.009280325844883919,0.6474560161541376,truncated_forward
concept,german,4,all_aligned,rescue,0.009131841584306783,0.004512785064254878,0.015921879966204814,0.74642862402834,0.09897260787420237,0.10488507364652833,0.005912465772325959,0.6474560161541376,truncated_forward
concept,german,4,all_aligned,induction,0.03542177735079816,0.027416222750185355,0.044572551886567245,0.74642862402834,0.09897260787420237,0.7234945811796933,0.02293404284864664,0.6474560161541376,truncated_forward
concept,german,5,prompt,rescue,0.004216197842542679,0.0005122608526518116,0.009058107610266097,0.74642862402834,0.09897260787420237,0.10170241053265272,0.002729802658450353,0.6474560161541376,truncated_forward
concept,german,5,prompt,induction,0.02302244548376144,0.016839432922023,0.03001531566958586,0.74642862402834,0.09897260787420237,0.731522603193298,0.014906020835042,0.6474560161541376,truncated_forward
concept,german,5,response,rescue,0.006766100135808606,0.003480567783547629,0.011398149491405891,0.74642862402834,0.09897260787420237,0.10335336011303298,0.00438075223883061,0.6474560161541376,truncated_forward
concept,german,5,response,induction,0.018009752052215385,0.014034843556966645,0.022923098651272143,0.74642862402834,0.09897260787420237,0.7347681017126888,0.011660522315651178,0.6474560161541376,truncated_forward
concept,german,5,all_aligned,rescue,0.010471911394790083,0.0055599416272572805,0.017617480306145492,0.74642862402834,0.09897260787420237,0.10575270990739227,0.006780102033189905,0.6474560161541376,truncated_forward
concept,german,5,all_aligned,induction,0.04189289838516564,0.03300026127031302,0.05206222427575808,0.74642862402834,0.09897260787420237,0.7193048149347305,0.027123809093609452,0.6474560161541376,truncated_forward
concept,german,6,prompt,rescue,0.009713659532659917,0.004858930617824193,0.0156886726526973,0.74642862402834,0.09897260787420237,0.10526177517749602,0.006289167303293652,0.6474560161541376,truncated_forward
concept,german,6,prompt,induction,0.03817875927756114,0.030361383569493035,0.04707125902249912,0.74642862402834,0.09897260787420237,0.7217095566447824,0.024719067383557558,0.6474560161541376,truncated_forward
concept,german,6,response,rescue,0.025780458745035838,0.018532969655706152,0.03450058078991761,0.74642862402834,0.09897260787420237,0.11566432098788937,0.016691713113687,0.6474560161541376,truncated_forward
concept,german,6,response,induction,0.13825419991326507,0.12794387880709773,0.14996503260161273,0.74642862402834,0.09897260787420237,0.6569151105359197,0.08951351349242032,0.6474560161541376,truncated_forward
concept,german,6,all_aligned,rescue,0.03648382402380702,0.027194905270114672,0.04689234271595698,0.74642862402834,0.09897260787420237,0.12259427923072508,0.02362167135652271,0.6474560161541376,truncated_forward
concept,german,6,all_aligned,induction,0.17740536448846006,0.16260070990783354,0.19343423548390998,0.74642862402834,0.09897260787420237,0.6315664534922689,0.11486217053607106,0.6474560161541376,truncated_forward
concept,german,7,prompt,rescue,0.0100125878567259,0.005135303158773422,0.01610752829897927,0.74642862402834,0.09897260787420237,0.10545531811931141,0.006482710245109047,0.6474560161541376,truncated_forward
concept,german,7,prompt,induction,0.048607706276373244,0.03895793582605742,0.05950938064233019,0.74642862402834,0.09897260787420237,0.7149572721682489,0.03147135186009109,0.6474560161541376,truncated_forward
concept,german,7,response,rescue,0.028032327939062244,0.020177127621520338,0.0376060800248857,0.74642862402834,0.09897260787420237,0.11712230724515393,0.018149699370951566,0.6474560161541376,truncated_forward
concept,german,7,response,induction,0.14297262504455657,0.13196877827242726,0.15560559379308087,0.74642862402834,0.09897260787420237,0.6538601377978921,0.09256848623044789,0.6474560161541376,truncated_forward
concept,german,7,all_aligned,rescue,0.03918524919805488,0.029126549277161934,0.05049906066016172,0.74642862402834,0.09897260787420237,0.1243433332119821,0.02537072533777973,0.6474560161541376,truncated_forward
concept,german,7,all_aligned,induction,0.19397963375394603,0.17668668551990477,0.2130673474948803,0.74642862402834,0.09897260787420237,0.6208353431429714,0.12559328088536859,0.6474560161541376,truncated_forward
concept,german,8,prompt,rescue,0.017459079580974247,0.011492828149942012,0.024615442242927412,0.74642862402834,0.09897260787420237,0.110276593985418,0.011303986111215636,0.6474560161541376,truncated_forward
concept,german,8,prompt,induction,0.17014332192433856,0.14097865481738797,0.20334463822345133,0.74642862402834,0.09897260787420237,0.6362683066399768,0.11016031738836318,0.6474560161541376,truncated_forward
concept,german,8,response,rescue,0.05554555509795088,0.04296038963257468,0.07036167813235916,0.74642862402834,0.09897260787420237,0.1349359116929918,0.03596330381878943,0.6474560161541376,truncated_forward
concept,german,8,response,induction,0.2736520669000299,0.24855230418904598,0.30087789438100554,0.74642862402834,0.09897260787420237,0.5692509469809011,0.17717767704743892,0.6474560161541376,truncated_forward
concept,german,8,all_aligned,rescue,0.08447262520153058,0.06597781720252745,0.1047115971621058,0.74642862402834,0.09897260787420237,0.15366491726126696,0.0546923093870646,0.6474560161541376,truncated_forward
concept,german,8,all_aligned,induction,0.4211092765676503,0.3816831960887023,0.46430930588099323,0.74642862402834,0.09897260787420237,0.4737788894562982,0.2726497345720418,0.6474560161541376,truncated_forward
concept,german,9,prompt,rescue,0.011043420861873583,0.006289545565000905,0.01703111698401141,0.74642862402834,0.09897260787420237,0.10612273715014453,0.007150129275942163,0.6474560161541376,truncated_forward
concept,german,9,prompt,induction,0.10330938273513322,0.08552387409951061,0.12316263548271163,0.74642862402834,0.09897260787420237,0.6795403426513076,0.0668882813770324,0.6474560161541376,truncated_forward
concept,german,9,response,rescue,0.07816600808450748,0.06159392982624341,0.09696085540658447,0.74642862402834,0.09897260787420237,0.1495816600672697,0.05060905219306733,0.6474560161541376,truncated_forward
concept,german,9,response,induction,0.30894986492811793,0.2807585853849379,0.3396559645953901,0.74642862402834,0.09897260787420237,0.5463971752906218,0.20003144873771816,0.6474560161541376,truncated_forward
concept,german,9,all_aligned,rescue,0.09941959468207058,0.07791503664654698,0.12248388478052948,0.74642862402834,0.09897260787420237,0.16334242257471487,0.0643698147005125,0.6474560161541376,truncated_forward
concept,german,9,all_aligned,induction,0.41148041679834224,0.37368671343447163,0.4523490636928221,0.74642862402834,0.09897260787420237,0.4800131526426412,0.26641547138569877,0.6474560161541376,truncated_forward
concept,german,10,prompt,rescue,0.0077033596791411035,0.004692437681563226,0.01145004501127797,0.74642862402834,0.09897260787420237,0.10396019444306148,0.004987586568859115,0.6474560161541376,truncated_forward
concept,german,10,prompt,induction,0.15888317257632387,0.13156785957142333,0.18904150108376758,0.74642862402834,0.09897260787420237,0.643558758078143,0.10286986595019698,0.6474560161541376,truncated_forward
concept,german,10,response,rescue,0.10451840357044394,0.08374037037702978,0.1274369179892677,0.74642862402834,0.09897260787420237,0.1666436770647124,0.06767106919051002,0.6474560161541376,truncated_forward
concept,german,10,response,induction,0.3605597996098699,0.3277861975998633,0.39701314681851335,0.74642862402834,0.09897260787420237,0.5129820125875995,0.23344661144074053,0.6474560161541376,truncated_forward
concept,german,10,all_aligned,rescue,0.12409629413400539,0.09852167666845706,0.15132398607234418,0.74642862402834,0.09897260787420237,0.17931950009369757,0.0803468922194952,0.6474560161541376,truncated_forward
concept,german,10,all_aligned,induction,0.49433208391386374,0.45108663969282276,0.5410301422206854,0.74642862402834,0.09897260787420237,0.4263703423202969,0.32005828170804307,0.6474560161541376,truncated_forward
concept,german,11,prompt,rescue,0.020805745582936845,0.012134230705491748,0.03270107139096959,0.74642862402834,0.09897260787420237,0.1124434130224472,0.013470805148244835,0.6474560161541376,truncated_forward
concept,german,11,prompt,induction,0.05092978387714566,0.043037098899131356,0.06005481420827752,0.74642862402834,0.09897260787420237,0.713453829055652,0.03297479497268796,0.6474560161541376,truncated_forward
concept,german,11,response,rescue,0.933753687422163,0.9234133920192631,0.9428308793888425,0.74642862402834,0.09897260787420237,0.7035370504017919,0.6045644425275896,0.6474560161541376,truncated_forward
concept,german,11,response,induction,0.9747744196579793,0.9621463810067653,0.9842223086580975,0.74642862402834,0.09897260787420237,0.11530506162762322,0.6311235624007168,0.6474560161541376,truncated_forward
concept,german,11,all_aligned,rescue,0.981834246572907,0.9784500412755274,0.9848451477410602,0.74642862402834,0.09897260787420237,0.734667097683996,0.6356944898097936,0.6474560161541376,truncated_forward
concept,german,11,all_aligned,induction,0.99668399011901,0.9959433537067853,0.9973529830698651,0.74642862402834,0.09897260787420237,0.10111957842127595,0.645309045607064,0.6474560161541376,truncated_forward
concept,german,12,prompt,rescue,0.0,0.0,0.0,0.74642862402834,0.09897260787420237,0.09897260787420237,0.0,0.6474560161541376,truncated_forward
concept,german,12,prompt,induction,0.0,0.0,0.0,0.74642862402834,0.09897260787420237,0.74642862402834,0.0,0.6474560161541376,truncated_forward
concept,german,12,response,rescue,1.0,1.0,1.0,0.74642862402834,0.09897260787420237,0.74642862402834,0.6474560161541376,0.6474560161541376,truncated_forward
concept,german,12,response,induction,1.0,1.0,1.0,0.74642862402834,0.09897260787420237,0.09897260787420237,0.6474560161541376,0.6474560161541376,truncated_forward
concept,german,12,all_aligned,rescue,1.0,1.0,1.0,0.74642862402834,0.09897260787420237,0.74642862402834,0.6474560161541376,0.6474560161541376,truncated_forward
concept,german,12,all_aligned,induction,1.0,1.0,1.0,0.74642862402834,0.09897260787420237,0.09897260787420237,0.6474560161541376,0.6474560161541376,truncated_forward
concept,german,13,prompt,rescue,0.0,0.0,0.0,0.74642862402834,0.09897260787420237,0.09897260787420237,0.0,0.6474560161541376,structural_causal_null
concept,german,13,prompt,induction,0.0,0.0,0.0,0.74642862402834,0.09897260787420237,0.74642862402834,0.0,0.6474560161541376,structural_causal_null
concept,german,13,response,rescue,0.0,0.0,0.0,0.74642862402834,0.09897260787420237,0.09897260787420237,0.0,0.6474560161541376,structural_causal_null
concept,german,13,response,induction,0.0,0.0,0.0,0.74642862402834,0.09897260787420237,0.74642862402834,0.0,0.6474560161541376,structural_causal_null
concept,german,13,all_aligned,rescue,0.0,0.0,0.0,0.74642862402834,0.09897260787420237,0.09897260787420237,0.0,0.6474560161541376,structural_causal_null
concept,german,13,all_aligned,induction,0.0,0.0,0.0,0.74642862402834,0.09897260787420237,0.74642862402834,0.0,0.6474560161541376,structural_causal_null
concept,german,14,prompt,rescue,0.0,0.0,0.0,0.74642862402834,0.09897260787420237,0.09897260787420237,0.0,0.6474560161541376,structural_causal_null
concept,german,14,prompt,induction,0.0,0.0,0.0,0.74642862402834,0.09897260787420237,0.74642862402834,0.0,0.6474560161541376,structural_causal_null
concept,german,14,response,rescue,0.0,0.0,0.0,0.74642862402834,0.09897260787420237,0.09897260787420237,0.0,0.6474560161541376,structural_causal_null
concept,german,14,response,induction,0.0,0.0,0.0,0.74642862402834,0.09897260787420237,0.74642862402834,0.0,0.6474560161541376,structural_causal_null
concept,german,14,all_aligned,rescue,0.0,0.0,0.0,0.74642862402834,0.09897260787420237,0.09897260787420237,0.0,0.6474560161541376,structural_causal_null
concept,german,14,all_aligned,induction,0.0,0.0,0.0,0.74642862402834,0.09897260787420237,0.74642862402834,0.0,0.6474560161541376,structural_causal_null
concept,german,15,prompt,rescue,0.0,0.0,0.0,0.74642862402834,0.09897260787420237,0.09897260787420237,0.0,0.6474560161541376,structural_causal_null
concept,german,15,prompt,induction,0.0,0.0,0.0,0.74642862402834,0.09897260787420237,0.74642862402834,0.0,0.6474560161541376,structural_causal_null
concept,german,15,response,rescue,0.0,0.0,0.0,0.74642862402834,0.09897260787420237,0.09897260787420237,0.0,0.6474560161541376,structural_causal_null
concept,german,15,response,induction,0.0,0.0,0.0,0.74642862402834,0.09897260787420237,0.74642862402834,0.0,0.6474560161541376,structural_causal_null
concept,german,15,all_aligned,rescue,0.0,0.0,0.0,0.74642862402834,0.09897260787420237,0.09897260787420237,0.0,0.6474560161541376,structural_causal_null
concept,german,15,all_aligned,induction,0.0,0.0,0.0,0.74642862402834,0.09897260787420237,0.74642862402834,0.0,0.6474560161541376,structural_causal_null
concept,german,16,prompt,rescue,0.0,0.0,0.0,0.74642862402834,0.09897260787420237,0.09897260787420237,0.0,0.6474560161541376,structural_causal_null
concept,german,16,prompt,induction,0.0,0.0,0.0,0.74642862402834,0.09897260787420237,0.74642862402834,0.0,0.6474560161541376,structural_causal_null
concept,german,16,response,rescue,0.0,0.0,0.0,0.74642862402834,0.09897260787420237,0.09897260787420237,0.0,0.6474560161541376,structural_causal_null
concept,german,16,response,induction,0.0,0.0,0.0,0.74642862402834,0.09897260787420237,0.74642862402834,0.0,0.6474560161541376,structural_causal_null
concept,german,16,all_aligned,rescue,0.0,0.0,0.0,0.74642862402834,0.09897260787420237,0.09897260787420237,0.0,0.6474560161541376,structural_causal_null
concept,german,16,all_aligned,induction,0.0,0.0,0.0,0.74642862402834,0.09897260787420237,0.74642862402834,0.0,0.6474560161541376,structural_causal_null
concept,german,17,prompt,rescue,0.0,0.0,0.0,0.74642862402834,0.09897260787420237,0.09897260787420237,0.0,0.6474560161541376,structural_causal_null
concept,german,17,prompt,induction,0.0,0.0,0.0,0.74642862402834,0.09897260787420237,0.74642862402834,0.0,0.6474560161541376,structural_causal_null
concept,german,17,response,rescue,0.0,0.0,0.0,0.74642862402834,0.09897260787420237,0.09897260787420237,0.0,0.6474560161541376,structural_causal_null
concept,german,17,response,induction,0.0,0.0,0.0,0.74642862402834,0.09897260787420237,0.74642862402834,0.0,0.6474560161541376,structural_causal_null
concept,german,17,all_aligned,rescue,0.0,0.0,0.0,0.74642862402834,0.09897260787420237,0.09897260787420237,0.0,0.6474560161541376,structural_causal_null
concept,german,17,all_aligned,induction,0.0,0.0,0.0,0.74642862402834,0.09897260787420237,0.74642862402834,0.0,0.6474560161541376,structural_causal_null
concept,german,18,prompt,rescue,0.0,0.0,0.0,0.74642862402834,0.09897260787420237,0.09897260787420237,0.0,0.6474560161541376,structural_causal_null
concept,german,18,prompt,induction,0.0,0.0,0.0,0.74642862402834,0.09897260787420237,0.74642862402834,0.0,0.6474560161541376,structural_causal_null
concept,german,18,response,rescue,0.0,0.0,0.0,0.74642862402834,0.09897260787420237,0.09897260787420237,0.0,0.6474560161541376,structural_causal_null
concept,german,18,response,induction,0.0,0.0,0.0,0.74642862402834,0.09897260787420237,0.74642862402834,0.0,0.6474560161541376,structural_causal_null
concept,german,18,all_aligned,rescue,0.0,0.0,0.0,0.74642862402834,0.09897260787420237,0.09897260787420237,0.0,0.6474560161541376,structural_causal_null
concept,german,18,all_aligned,induction,0.0,0.0,0.0,0.74642862402834,0.09897260787420237,0.74642862402834,0.0,0.6474560161541376,structural_causal_null
concept,german,19,prompt,rescue,0.0,0.0,0.0,0.74642862402834,0.09897260787420237,0.09897260787420237,0.0,0.6474560161541376,structural_causal_null
concept,german,19,prompt,induction,0.0,0.0,0.0,0.74642862402834,0.09897260787420237,0.74642862402834,0.0,0.6474560161541376,structural_causal_null
concept,german,19,response,rescue,0.0,0.0,0.0,0.74642862402834,0.09897260787420237,0.09897260787420237,0.0,0.6474560161541376,structural_causal_null
concept,german,19,response,induction,0.0,0.0,0.0,0.74642862402834,0.09897260787420237,0.74642862402834,0.0,0.6474560161541376,structural_causal_null
concept,german,19,all_aligned,rescue,0.0,0.0,0.0,0.74642862402834,0.09897260787420237,0.09897260787420237,0.0,0.6474560161541376,structural_causal_null
concept,german,19,all_aligned,induction,0.0,0.0,0.0,0.74642862402834,0.09897260787420237,0.74642862402834,0.0,0.6474560161541376,structural_causal_null
concept,german,20,prompt,rescue,0.0,0.0,0.0,0.74642862402834,0.09897260787420237,0.09897260787420237,0.0,0.6474560161541376,structural_causal_null
concept,german,20,prompt,induction,0.0,0.0,0.0,0.74642862402834,0.09897260787420237,0.74642862402834,0.0,0.6474560161541376,structural_causal_null
concept,german,20,response,rescue,0.0,0.0,0.0,0.74642862402834,0.09897260787420237,0.09897260787420237,0.0,0.6474560161541376,structural_causal_null
concept,german,20,response,induction,0.0,0.0,0.0,0.74642862402834,0.09897260787420237,0.74642862402834,0.0,0.6474560161541376,structural_causal_null
concept,german,20,all_aligned,rescue,0.0,0.0,0.0,0.74642862402834,0.09897260787420237,0.09897260787420237,0.0,0.6474560161541376,structural_causal_null
concept,german,20,all_aligned,induction,0.0,0.0,0.0,0.74642862402834,0.09897260787420237,0.74642862402834,0.0,0.6474560161541376,structural_causal_null
concept,german,21,prompt,rescue,0.0,0.0,0.0,0.74642862402834,0.09897260787420237,0.09897260787420237,0.0,0.6474560161541376,structural_causal_null
concept,german,21,prompt,induction,0.0,0.0,0.0,0.74642862402834,0.09897260787420237,0.74642862402834,0.0,0.6474560161541376,structural_causal_null
concept,german,21,response,rescue,0.0,0.0,0.0,0.74642862402834,0.09897260787420237,0.09897260787420237,0.0,0.6474560161541376,structural_causal_null
concept,german,21,response,induction,0.0,0.0,0.0,0.74642862402834,0.09897260787420237,0.74642862402834,0.0,0.6474560161541376,structural_causal_null
concept,german,21,all_aligned,rescue,0.0,0.0,0.0,0.74642862402834,0.09897260787420237,0.09897260787420237,0.0,0.6474560161541376,structural_causal_null
concept,german,21,all_aligned,induction,0.0,0.0,0.0,0.74642862402834,0.09897260787420237,0.74642862402834,0.0,0.6474560161541376,structural_causal_null
concept,german,22,prompt,rescue,0.0,0.0,0.0,0.74642862402834,0.09897260787420237,0.09897260787420237,0.0,0.6474560161541376,structural_causal_null
concept,german,22,prompt,induction,0.0,0.0,0.0,0.74642862402834,0.09897260787420237,0.74642862402834,0.0,0.6474560161541376,structural_causal_null
concept,german,22,response,rescue,0.0,0.0,0.0,0.74642862402834,0.09897260787420237,0.09897260787420237,0.0,0.6474560161541376,structural_causal_null
concept,german,22,response,induction,0.0,0.0,0.0,0.74642862402834,0.09897260787420237,0.74642862402834,0.0,0.6474560161541376,structural_causal_null
concept,german,22,all_aligned,rescue,0.0,0.0,0.0,0.74642862402834,0.09897260787420237,0.09897260787420237,0.0,0.6474560161541376,structural_causal_null
concept,german,22,all_aligned,induction,0.0,0.0,0.0,0.74642862402834,0.09897260787420237,0.74642862402834,0.0,0.6474560161541376,structural_causal_null
concept,german,23,prompt,rescue,0.0,0.0,0.0,0.74642862402834,0.09897260787420237,0.09897260787420237,0.0,0.6474560161541376,structural_causal_null
concept,german,23,prompt,induction,0.0,0.0,0.0,0.74642862402834,0.09897260787420237,0.74642862402834,0.0,0.6474560161541376,structural_causal_null
concept,german,23,response,rescue,0.0,0.0,0.0,0.74642862402834,0.09897260787420237,0.09897260787420237,0.0,0.6474560161541376,structural_causal_null
concept,german,23,response,induction,0.0,0.0,0.0,0.74642862402834,0.09897260787420237,0.74642862402834,0.0,0.6474560161541376,structural_causal_null
concept,german,23,all_aligned,rescue,0.0,0.0,0.0,0.74642862402834,0.09897260787420237,0.09897260787420237,0.0,0.6474560161541376,structural_causal_null
concept,german,23,all_aligned,induction,0.0,0.0,0.0,0.74642862402834,0.09897260787420237,0.74642862402834,0.0,0.6474560161541376,structural_causal_null
concept,german,24,prompt,rescue,0.0,0.0,0.0,0.74642862402834,0.09897260787420237,0.09897260787420237,0.0,0.6474560161541376,structural_causal_null
concept,german,24,prompt,induction,0.0,0.0,0.0,0.74642862402834,0.09897260787420237,0.74642862402834,0.0,0.6474560161541376,structural_causal_null
concept,german,24,response,rescue,0.0,0.0,0.0,0.74642862402834,0.09897260787420237,0.09897260787420237,0.0,0.6474560161541376,structural_causal_null
concept,german,24,response,induction,0.0,0.0,0.0,0.74642862402834,0.09897260787420237,0.74642862402834,0.0,0.6474560161541376,structural_causal_null
concept,german,24,all_aligned,rescue,0.0,0.0,0.0,0.74642862402834,0.09897260787420237,0.09897260787420237,0.0,0.6474560161541376,structural_causal_null
concept,german,24,all_aligned,induction,0.0,0.0,0.0,0.74642862402834,0.09897260787420237,0.74642862402834,0.0,0.6474560161541376,structural_causal_null
concept,german,25,prompt,rescue,0.0,0.0,0.0,0.74642862402834,0.09897260787420237,0.09897260787420237,0.0,0.6474560161541376,structural_causal_null
concept,german,25,prompt,induction,0.0,0.0,0.0,0.74642862402834,0.09897260787420237,0.74642862402834,0.0,0.6474560161541376,structural_causal_null
concept,german,25,response,rescue,0.0,0.0,0.0,0.74642862402834,0.09897260787420237,0.09897260787420237,0.0,0.6474560161541376,structural_causal_null
concept,german,25,response,induction,0.0,0.0,0.0,0.74642862402834,0.09897260787420237,0.74642862402834,0.0,0.6474560161541376,structural_causal_null
concept,german,25,all_aligned,rescue,0.0,0.0,0.0,0.74642862402834,0.09897260787420237,0.09897260787420237,0.0,0.6474560161541376,structural_causal_null
concept,german,25,all_aligned,induction,0.0,0.0,0.0,0.74642862402834,0.09897260787420237,0.74642862402834,0.0,0.6474560161541376,structural_causal_null
concept,german,26,prompt,rescue,0.0,0.0,0.0,0.74642862402834,0.09897260787420237,0.09897260787420237,0.0,0.6474560161541376,structural_causal_null
concept,german,26,prompt,induction,0.0,0.0,0.0,0.74642862402834,0.09897260787420237,0.74642862402834,0.0,0.6474560161541376,structural_causal_null
concept,german,26,response,rescue,0.0,0.0,0.0,0.74642862402834,0.09897260787420237,0.09897260787420237,0.0,0.6474560161541376,structural_causal_null
concept,german,26,response,induction,0.0,0.0,0.0,0.74642862402834,0.09897260787420237,0.74642862402834,0.0,0.6474560161541376,structural_causal_null
concept,german,26,all_aligned,rescue,0.0,0.0,0.0,0.74642862402834,0.09897260787420237,0.09897260787420237,0.0,0.6474560161541376,structural_causal_null
concept,german,26,all_aligned,induction,0.0,0.0,0.0,0.74642862402834,0.09897260787420237,0.74642862402834,0.0,0.6474560161541376,structural_causal_null
concept,german,27,prompt,rescue,0.0,0.0,0.0,0.74642862402834,0.09897260787420237,0.09897260787420237,0.0,0.6474560161541376,structural_causal_null
concept,german,27,prompt,induction,0.0,0.0,0.0,0.74642862402834,0.09897260787420237,0.74642862402834,0.0,0.6474560161541376,structural_causal_null
concept,german,27,response,rescue,0.0,0.0,0.0,0.74642862402834,0.09897260787420237,0.09897260787420237,0.0,0.6474560161541376,structural_causal_null
concept,german,27,response,induction,0.0,0.0,0.0,0.74642862402834,0.09897260787420237,0.74642862402834,0.0,0.6474560161541376,structural_causal_null
concept,german,27,all_aligned,rescue,0.0,0.0,0.0,0.74642862402834,0.09897260787420237,0.09897260787420237,0.0,0.6474560161541376,structural_causal_null
concept,german,27,all_aligned,induction,0.0,0.0,0.0,0.74642862402834,0.09897260787420237,0.74642862402834,0.0,0.6474560161541376,structural_causal_null
concept,german,28,prompt,rescue,0.0,0.0,0.0,0.74642862402834,0.09897260787420237,0.09897260787420237,0.0,0.6474560161541376,structural_causal_null
concept,german,28,prompt,induction,0.0,0.0,0.0,0.74642862402834,0.09897260787420237,0.74642862402834,0.0,0.6474560161541376,structural_causal_null
concept,german,28,response,rescue,0.0,0.0,0.0,0.74642862402834,0.09897260787420237,0.09897260787420237,0.0,0.6474560161541376,structural_causal_null
concept,german,28,response,induction,0.0,0.0,0.0,0.74642862402834,0.09897260787420237,0.74642862402834,0.0,0.6474560161541376,structural_causal_null
concept,german,28,all_aligned,rescue,0.0,0.0,0.0,0.74642862402834,0.09897260787420237,0.09897260787420237,0.0,0.6474560161541376,structural_causal_null
concept,german,28,all_aligned,induction,0.0,0.0,0.0,0.74642862402834,0.09897260787420237,0.74642862402834,0.0,0.6474560161541376,structural_causal_null
concept,german,29,prompt,rescue,0.0,0.0,0.0,0.74642862402834,0.09897260787420237,0.09897260787420237,0.0,0.6474560161541376,structural_causal_null
concept,german,29,prompt,induction,0.0,0.0,0.0,0.74642862402834,0.09897260787420237,0.74642862402834,0.0,0.6474560161541376,structural_causal_null
concept,german,29,response,rescue,0.0,0.0,0.0,0.74642862402834,0.09897260787420237,0.09897260787420237,0.0,0.6474560161541376,structural_causal_null
concept,german,29,response,induction,0.0,0.0,0.0,0.74642862402834,0.09897260787420237,0.74642862402834,0.0,0.6474560161541376,structural_causal_null
concept,german,29,all_aligned,rescue,0.0,0.0,0.0,0.74642862402834,0.09897260787420237,0.09897260787420237,0.0,0.6474560161541376,structural_causal_null
concept,german,29,all_aligned,induction,0.0,0.0,0.0,0.74642862402834,0.09897260787420237,0.74642862402834,0.0,0.6474560161541376,structural_causal_null
concept,german,30,prompt,rescue,0.0,0.0,0.0,0.74642862402834,0.09897260787420237,0.09897260787420237,0.0,0.6474560161541376,structural_causal_null
concept,german,30,prompt,induction,0.0,0.0,0.0,0.74642862402834,0.09897260787420237,0.74642862402834,0.0,0.6474560161541376,structural_causal_null
concept,german,30,response,rescue,0.0,0.0,0.0,0.74642862402834,0.09897260787420237,0.09897260787420237,0.0,0.6474560161541376,structural_causal_null
concept,german,30,response,induction,0.0,0.0,0.0,0.74642862402834,0.09897260787420237,0.74642862402834,0.0,0.6474560161541376,structural_causal_null
concept,german,30,all_aligned,rescue,0.0,0.0,0.0,0.74642862402834,0.09897260787420237,0.09897260787420237,0.0,0.6474560161541376,structural_causal_null
concept,german,30,all_aligned,induction,0.0,0.0,0.0,0.74642862402834,0.09897260787420237,0.74642862402834,0.0,0.6474560161541376,structural_causal_null
concept,german,31,prompt,rescue,0.0,0.0,0.0,0.74642862402834,0.09897260787420237,0.09897260787420237,0.0,0.6474560161541376,structural_causal_null
concept,german,31,prompt,induction,0.0,0.0,0.0,0.74642862402834,0.09897260787420237,0.74642862402834,0.0,0.6474560161541376,structural_causal_null
concept,german,31,response,rescue,0.0,0.0,0.0,0.74642862402834,0.09897260787420237,0.09897260787420237,0.0,0.6474560161541376,structural_causal_null
concept,german,31,response,induction,0.0,0.0,0.0,0.74642862402834,0.09897260787420237,0.74642862402834,0.0,0.6474560161541376,structural_causal_null
concept,german,31,all_aligned,rescue,0.0,0.0,0.0,0.74642862402834,0.09897260787420237,0.09897260787420237,0.0,0.6474560161541376,structural_causal_null
concept,german,31,all_aligned,induction,0.0,0.0,0.0,0.74642862402834,0.09897260787420237,0.74642862402834,0.0,0.6474560161541376,structural_causal_null
concept,german,32,prompt,rescue,0.0,0.0,0.0,0.74642862402834,0.09897260787420237,0.09897260787420237,0.0,0.6474560161541376,structural_causal_null
concept,german,32,prompt,induction,0.0,0.0,0.0,0.74642862402834,0.09897260787420237,0.74642862402834,0.0,0.6474560161541376,structural_causal_null
concept,german,32,response,rescue,0.0,0.0,0.0,0.74642862402834,0.09897260787420237,0.09897260787420237,0.0,0.6474560161541376,structural_causal_null
concept,german,32,response,induction,0.0,0.0,0.0,0.74642862402834,0.09897260787420237,0.74642862402834,0.0,0.6474560161541376,structural_causal_null
concept,german,32,all_aligned,rescue,0.0,0.0,0.0,0.74642862402834,0.09897260787420237,0.09897260787420237,0.0,0.6474560161541376,structural_causal_null
concept,german,32,all_aligned,induction,0.0,0.0,0.0,0.74642862402834,0.09897260787420237,0.74642862402834,0.0,0.6474560161541376,structural_causal_null
concept,german,33,prompt,rescue,0.0,0.0,0.0,0.74642862402834,0.09897260787420237,0.09897260787420237,0.0,0.6474560161541376,structural_causal_null
concept,german,33,prompt,induction,0.0,0.0,0.0,0.74642862402834,0.09897260787420237,0.74642862402834,0.0,0.6474560161541376,structural_causal_null
concept,german,33,response,rescue,0.0,0.0,0.0,0.74642862402834,0.09897260787420237,0.09897260787420237,0.0,0.6474560161541376,structural_causal_null
concept,german,33,response,induction,0.0,0.0,0.0,0.74642862402834,0.09897260787420237,0.74642862402834,0.0,0.6474560161541376,structural_causal_null
concept,german,33,all_aligned,rescue,0.0,0.0,0.0,0.74642862402834,0.09897260787420237,0.09897260787420237,0.0,0.6474560161541376,structural_causal_null
concept,german,33,all_aligned,induction,0.0,0.0,0.0,0.74642862402834,0.09897260787420237,0.74642862402834,0.0,0.6474560161541376,structural_causal_null
concept,german,34,prompt,rescue,0.0,0.0,0.0,0.74642862402834,0.09897260787420237,0.09897260787420237,0.0,0.6474560161541376,structural_causal_null
concept,german,34,prompt,induction,0.0,0.0,0.0,0.74642862402834,0.09897260787420237,0.74642862402834,0.0,0.6474560161541376,structural_causal_null
concept,german,34,response,rescue,0.0,0.0,0.0,0.74642862402834,0.09897260787420237,0.09897260787420237,0.0,0.6474560161541376,structural_causal_null
concept,german,34,response,induction,0.0,0.0,0.0,0.74642862402834,0.09897260787420237,0.74642862402834,0.0,0.6474560161541376,structural_causal_null
concept,german,34,all_aligned,rescue,0.0,0.0,0.0,0.74642862402834,0.09897260787420237,0.09897260787420237,0.0,0.6474560161541376,structural_causal_null
concept,german,34,all_aligned,induction,0.0,0.0,0.0,0.74642862402834,0.09897260787420237,0.74642862402834,0.0,0.6474560161541376,structural_causal_null
concept,german,35,prompt,rescue,0.0,0.0,0.0,0.74642862402834,0.09897260787420237,0.09897260787420237,0.0,0.6474560161541376,structural_causal_null
concept,german,35,prompt,induction,0.0,0.0,0.0,0.74642862402834,0.09897260787420237,0.74642862402834,0.0,0.6474560161541376,structural_causal_null
concept,german,35,response,rescue,0.0,0.0,0.0,0.74642862402834,0.09897260787420237,0.09897260787420237,0.0,0.6474560161541376,structural_causal_null
concept,german,35,response,induction,0.0,0.0,0.0,0.74642862402834,0.09897260787420237,0.74642862402834,0.0,0.6474560161541376,structural_causal_null
concept,german,35,all_aligned,rescue,0.0,0.0,0.0,0.74642862402834,0.09897260787420237,0.09897260787420237,0.0,0.6474560161541376,structural_causal_null
concept,german,35,all_aligned,induction,0.0,0.0,0.0,0.74642862402834,0.09897260787420237,0.74642862402834,0.0,0.6474560161541376,structural_causal_null
concept,german,36,prompt,rescue,0.0,0.0,0.0,0.74642862402834,0.09897260787420237,0.09897260787420237,0.0,0.6474560161541376,structural_causal_null
concept,german,36,prompt,induction,0.0,0.0,0.0,0.74642862402834,0.09897260787420237,0.74642862402834,0.0,0.6474560161541376,structural_causal_null
concept,german,36,response,rescue,0.0,0.0,0.0,0.74642862402834,0.09897260787420237,0.09897260787420237,0.0,0.6474560161541376,structural_causal_null
concept,german,36,response,induction,0.0,0.0,0.0,0.74642862402834,0.09897260787420237,0.74642862402834,0.0,0.6474560161541376,structural_causal_null
concept,german,36,all_aligned,rescue,0.0,0.0,0.0,0.74642862402834,0.09897260787420237,0.09897260787420237,0.0,0.6474560161541376,structural_causal_null
concept,german,36,all_aligned,induction,0.0,0.0,0.0,0.74642862402834,0.09897260787420237,0.74642862402834,0.0,0.6474560161541376,structural_causal_null
concept,german,37,prompt,rescue,0.0,0.0,0.0,0.74642862402834,0.09897260787420237,0.09897260787420237,0.0,0.6474560161541376,structural_causal_null
concept,german,37,prompt,induction,0.0,0.0,0.0,0.74642862402834,0.09897260787420237,0.74642862402834,0.0,0.6474560161541376,structural_causal_null
concept,german,37,response,rescue,0.0,0.0,0.0,0.74642862402834,0.09897260787420237,0.09897260787420237,0.0,0.6474560161541376,structural_causal_null
concept,german,37,response,induction,0.0,0.0,0.0,0.74642862402834,0.09897260787420237,0.74642862402834,0.0,0.6474560161541376,structural_causal_null
concept,german,37,all_aligned,rescue,0.0,0.0,0.0,0.74642862402834,0.09897260787420237,0.09897260787420237,0.0,0.6474560161541376,structural_causal_null
concept,german,37,all_aligned,induction,0.0,0.0,0.0,0.74642862402834,0.09897260787420237,0.74642862402834,0.0,0.6474560161541376,structural_causal_null
concept,german,38,prompt,rescue,0.0,0.0,0.0,0.74642862402834,0.09897260787420237,0.09897260787420237,0.0,0.6474560161541376,structural_causal_null
concept,german,38,prompt,induction,0.0,0.0,0.0,0.74642862402834,0.09897260787420237,0.74642862402834,0.0,0.6474560161541376,structural_causal_null
concept,german,38,response,rescue,0.0,0.0,0.0,0.74642862402834,0.09897260787420237,0.09897260787420237,0.0,0.6474560161541376,structural_causal_null
concept,german,38,response,induction,0.0,0.0,0.0,0.74642862402834,0.09897260787420237,0.74642862402834,0.0,0.6474560161541376,structural_causal_null
concept,german,38,all_aligned,rescue,0.0,0.0,0.0,0.74642862402834,0.09897260787420237,0.09897260787420237,0.0,0.6474560161541376,structural_causal_null
concept,german,38,all_aligned,induction,0.0,0.0,0.0,0.74642862402834,0.09897260787420237,0.74642862402834,0.0,0.6474560161541376,structural_causal_null
concept,german,39,prompt,rescue,0.0,0.0,0.0,0.74642862402834,0.09897260787420237,0.09897260787420237,0.0,0.6474560161541376,structural_causal_null
concept,german,39,prompt,induction,0.0,0.0,0.0,0.74642862402834,0.09897260787420237,0.74642862402834,0.0,0.6474560161541376,structural_causal_null
concept,german,39,response,rescue,0.0,0.0,0.0,0.74642862402834,0.09897260787420237,0.09897260787420237,0.0,0.6474560161541376,structural_causal_null
concept,german,39,response,induction,0.0,0.0,0.0,0.74642862402834,0.09897260787420237,0.74642862402834,0.0,0.6474560161541376,structural_causal_null
concept,german,39,all_aligned,rescue,0.0,0.0,0.0,0.74642862402834,0.09897260787420237,0.09897260787420237,0.0,0.6474560161541376,structural_causal_null
concept,german,39,all_aligned,induction,0.0,0.0,0.0,0.74642862402834,0.09897260787420237,0.74642862402834,0.0,0.6474560161541376,structural_causal_null
concept,german,40,prompt,rescue,0.0,0.0,0.0,0.74642862402834,0.09897260787420237,0.09897260787420237,0.0,0.6474560161541376,structural_causal_null
concept,german,40,prompt,induction,0.0,0.0,0.0,0.74642862402834,0.09897260787420237,0.74642862402834,0.0,0.6474560161541376,structural_causal_null
concept,german,40,response,rescue,0.0,0.0,0.0,0.74642862402834,0.09897260787420237,0.09897260787420237,0.0,0.6474560161541376,structural_causal_null
concept,german,40,response,induction,0.0,0.0,0.0,0.74642862402834,0.09897260787420237,0.74642862402834,0.0,0.6474560161541376,structural_causal_null
concept,german,40,all_aligned,rescue,0.0,0.0,0.0,0.74642862402834,0.09897260787420237,0.09897260787420237,0.0,0.6474560161541376,structural_causal_null
concept,german,40,all_aligned,induction,0.0,0.0,0.0,0.74642862402834,0.09897260787420237,0.74642862402834,0.0,0.6474560161541376,structural_causal_null
concept,german,41,prompt,rescue,0.0,0.0,0.0,0.74642862402834,0.09897260787420237,0.09897260787420237,0.0,0.6474560161541376,structural_causal_null
concept,german,41,prompt,induction,0.0,0.0,0.0,0.74642862402834,0.09897260787420237,0.74642862402834,0.0,0.6474560161541376,structural_causal_null
concept,german,41,response,rescue,0.0,0.0,0.0,0.74642862402834,0.09897260787420237,0.09897260787420237,0.0,0.6474560161541376,structural_causal_null
concept,german,41,response,induction,0.0,0.0,0.0,0.74642862402834,0.09897260787420237,0.74642862402834,0.0,0.6474560161541376,structural_causal_null
concept,german,41,all_aligned,rescue,0.0,0.0,0.0,0.74642862402834,0.09897260787420237,0.09897260787420237,0.0,0.6474560161541376,structural_causal_null
concept,german,41,all_aligned,induction,0.0,0.0,0.0,0.74642862402834,0.09897260787420237,0.74642862402834,0.0,0.6474560161541376,structural_causal_null
macro,equal_concept_macro,0,prompt,rescue,0.0003584136751095709,0.00011540269261192551,0.0006400244262729305,,,,,,truncated_forward
macro,equal_concept_macro,0,prompt,induction,0.001076798887203945,0.0006987959142523575,0.0015227590101157575,,,,,,truncated_forward
macro,equal_concept_macro,0,response,rescue,-0.00019349031161476415,-0.0003705546292627608,2.702590600552055e-05,,,,,,truncated_forward
macro,equal_concept_macro,0,response,induction,0.0005058892401174641,0.00029363555432969406,0.0007718374763715621,,,,,,truncated_forward
macro,equal_concept_macro,0,all_aligned,rescue,8.80133359348127e-05,-0.00020077321947514383,0.0004904954768937454,,,,,,truncated_forward
macro,equal_concept_macro,0,all_aligned,induction,0.0015561700584206264,0.0010481630162073733,0.002160811062109642,,,,,,truncated_forward
macro,equal_concept_macro,1,prompt,rescue,0.0007914745115193773,0.0004745406592030767,0.0012003416761266607,,,,,,truncated_forward
macro,equal_concept_macro,1,prompt,induction,0.001485826867251812,0.0010019575510315576,0.0020544017841399023,,,,,,truncated_forward
macro,equal_concept_macro,1,response,rescue,0.002231361817072541,0.001741043715669089,0.0027692661612359107,,,,,,truncated_forward
macro,equal_concept_macro,1,response,induction,0.0012779587328906863,0.000908569337437798,0.0017490352812533066,,,,,,truncated_forward
macro,equal_concept_macro,1,all_aligned,rescue,0.003027488103771611,0.0024058206369667206,0.0037469162937816976,,,,,,truncated_forward
macro,equal_concept_macro,1,all_aligned,induction,0.002823168721229247,0.0020897138871894773,0.003685593335426393,,,,,,truncated_forward
macro,equal_concept_macro,2,prompt,rescue,0.0010373403381423233,0.0006729372545653528,0.0015048805880236533,,,,,,truncated_forward
macro,equal_concept_macro,2,prompt,induction,0.001787777433993701,0.0012487992114869242,0.0024200716524741166,,,,,,truncated_forward
macro,equal_concept_macro,2,response,rescue,0.0023221930530054457,0.0017969114259941046,0.002900877026755363,,,,,,truncated_forward
macro,equal_concept_macro,2,response,induction,0.001266530312999778,0.0008883448936442151,0.0017549960063862227,,,,,,truncated_forward
macro,equal_concept_macro,2,all_aligned,rescue,0.003283120101795784,0.002597464564504129,0.004091015495688748,,,,,,truncated_forward
macro,equal_concept_macro,2,all_aligned,induction,0.0030979390690710584,0.0023137775639844997,0.004032218401474908,,,,,,truncated_forward
macro,equal_concept_macro,3,prompt,rescue,0.0035522364064810106,0.0028202115103497854,0.004430581951440326,,,,,,truncated_forward
macro,equal_concept_macro,3,prompt,induction,0.00482340377147589,0.003702027958474577,0.0060571398655404835,,,,,,truncated_forward
macro,equal_concept_macro,3,response,rescue,0.004632243265324927,0.003806288206271931,0.005582063702528817,,,,,,truncated_forward
macro,equal_concept_macro,3,response,induction,0.002721574562857787,0.0020475913761790697,0.00353182927894705,,,,,,truncated_forward
macro,equal_concept_macro,3,all_aligned,rescue,0.008020768103660932,0.006799633961178779,0.00947696171933411,,,,,,truncated_forward
macro,equal_concept_macro,3,all_aligned,induction,0.00762633879774452,0.006068454925304995,0.009391969916518122,,,,,,truncated_forward
macro,equal_concept_macro,4,prompt,rescue,0.004871574271496422,0.003687658256192469,0.006298993132885121,,,,,,truncated_forward
macro,equal_concept_macro,4,prompt,induction,0.006823405898358054,0.00508231320300428,0.008791921995337137,,,,,,truncated_forward
macro,equal_concept_macro,4,response,rescue,0.009701452386745446,0.008190379335058255,0.011401459656950884,,,,,,truncated_forward
macro,equal_concept_macro,4,response,induction,0.0050073640378904775,0.00401782188078898,0.006173824412178225,,,,,,truncated_forward
macro,equal_concept_macro,4,all_aligned,rescue,0.014122392816810476,0.012178678833194753,0.01639839318061776,,,,,,truncated_forward
macro,equal_concept_macro,4,all_aligned,induction,0.012257181425436163,0.009923374997705677,0.014923600524436573,,,,,,truncated_forward
macro,equal_concept_macro,5,prompt,rescue,0.005149909226184679,0.003971922512101378,0.006565418387722008,,,,,,truncated_forward
macro,equal_concept_macro,5,prompt,induction,0.0078762371802636,0.005921418928767702,0.010084663059886615,,,,,,truncated_forward
macro,equal_concept_macro,5,response,rescue,0.011527297275319552,0.009853743507366331,0.013425191729360093,,,,,,truncated_forward
macro,equal_concept_macro,5,response,induction,0.006186975230508089,0.005066214225466178,0.007487304160912259,,,,,,truncated_forward
macro,equal_concept_macro,5,all_aligned,rescue,0.01621394220973162,0.014180240444682891,0.018605941105562226,,,,,,truncated_forward
macro,equal_concept_macro,5,all_aligned,induction,0.014722913245955385,0.01207948023983879,0.01771069766967921,,,,,,truncated_forward
macro,equal_concept_macro,6,prompt,rescue,0.008220122046819473,0.00677269306130113,0.009892079739563613,,,,,,truncated_forward
macro,equal_concept_macro,6,prompt,induction,0.014588490179996246,0.012202304866164977,0.017252259066221062,,,,,,truncated_forward
macro,equal_concept_macro,6,response,rescue,0.02796097147597463,0.025146433316295694,0.031023353609393595,,,,,,truncated_forward
macro,equal_concept_macro,6,response,induction,0.04763408308689225,0.044592174894778076,0.050828872844211795,,,,,,truncated_forward
macro,equal_concept_macro,6,all_aligned,rescue,0.03682031293459448,0.03354551354825471,0.04035008486243742,,,,,,truncated_forward
macro,equal_concept_macro,6,all_aligned,induction,0.06797235285652031,0.06339816318033321,0.07284643616883164,,,,,,truncated_forward
macro,equal_concept_macro,7,prompt,rescue,0.010069893009782125,0.008517681083395972,0.011842398978260508,,,,,,truncated_forward
macro,equal_concept_macro,7,prompt,induction,0.019294485363663558,0.016261662205930394,0.022612105915530787,,,,,,truncated_forward
macro,equal_concept_macro,7,response,rescue,0.034175363314855094,0.0310045193881599,0.03760637744710644,,,,,,truncated_forward
macro,equal_concept_macro,7,response,induction,0.05064904787138587,0.047358630677993854,0.05421915784919972,,,,,,truncated_forward
macro,equal_concept_macro,7,all_aligned,rescue,0.04498656207081779,0.04129195676428425,0.04893562434607071,,,,,,truncated_forward
macro,equal_concept_macro,7,all_aligned,induction,0.0806560071316964,0.07487700219535898,0.08673473127017502,,,,,,truncated_forward
macro,equal_concept_macro,8,prompt,rescue,0.015989804643258623,0.013973820605408789,0.018197266984192405,,,,,,truncated_forward
macro,equal_concept_macro,8,prompt,induction,0.0539659978446141,0.04580224168244763,0.06288772916875679,,,,,,truncated_forward
macro,equal_concept_macro,8,response,rescue,0.07707129265249235,0.07084990647105527,0.08361303583410006,,,,,,truncated_forward
macro,equal_concept_macro,8,response,induction,0.08700101272756547,0.08004913827087182,0.09445886361530971,,,,,,truncated_forward
macro,equal_concept_macro,8,all_aligned,rescue,0.09466417151338316,0.08758082111853512,0.1020839732573717,,,,,,truncated_forward
macro,equal_concept_macro,8,all_aligned,induction,0.1665072813924101,0.15293250231537883,0.18062590099821288,,,,,,truncated_forward
macro,equal_concept_macro,9,prompt,rescue,0.008491139451291707,0.007037118298504155,0.01018481672603149,,,,,,truncated_forward
macro,equal_concept_macro,9,prompt,induction,0.05144762918868306,0.04517835539112972,0.0581249750665632,,,,,,truncated_forward
macro,equal_concept_macro,9,response,rescue,0.21607689154298387,0.2059937704579801,0.22654990370525926,,,,,,truncated_forward
macro,equal_concept_macro,9,response,induction,0.2851464489666188,0.2705651223635052,0.3002373764449626,,,,,,truncated_forward
macro,equal_concept_macro,9,all_aligned,rescue,0.2325275265895717,0.2217152331064019,0.24388180688272112,,,,,,truncated_forward
macro,equal_concept_macro,9,all_aligned,induction,0.45760849541011717,0.43857451482832993,0.47736323836060923,,,,,,truncated_forward
macro,equal_concept_macro,10,prompt,rescue,0.009078522542649264,0.007852624720545128,0.010356016398409554,,,,,,truncated_forward
macro,equal_concept_macro,10,prompt,induction,0.06817878040364729,0.06050365407304486,0.07653782495025747,,,,,,truncated_forward
macro,equal_concept_macro,10,response,rescue,0.5359053970563369,0.5248830386166962,0.5471316662735202,,,,,,truncated_forward
macro,equal_concept_macro,10,response,induction,0.6484714309723273,0.6375453029853845,0.6600144006487008,,,,,,truncated_forward
macro,equal_concept_macro,10,all_aligned,rescue,0.5505421451529247,0.5390685371139488,0.5623041940123104,,,,,,truncated_forward
macro,equal_concept_macro,10,all_aligned,induction,0.770507639724506,0.7580342141116957,0.7836425346746309,,,,,,truncated_forward
macro,equal_concept_macro,11,prompt,rescue,0.007474124314155799,0.005192486911030823,0.010484896707378741,,,,,,truncated_forward
macro,equal_concept_macro,11,prompt,induction,0.016181296798327277,0.014096718315817844,0.018560607553479352,,,,,,truncated_forward
macro,equal_concept_macro,11,response,rescue,0.9720515236247935,0.9688825889855657,0.9749001313978658,,,,,,truncated_forward
macro,equal_concept_macro,11,response,induction,0.9662957905470941,0.9627110727496849,0.9692946066344618,,,,,,truncated_forward
macro,equal_concept_macro,11,all_aligned,rescue,0.984739288187555,0.9829540078415314,0.9864091936950041,,,,,,truncated_forward
macro,equal_concept_macro,11,all_aligned,induction,0.9799980085562903,0.9787485668527106,0.9812487005758966,,,,,,truncated_forward
macro,equal_concept_macro,12,prompt,rescue,0.0,0.0,0.0,,,,,,truncated_forward
macro,equal_concept_macro,12,prompt,induction,0.0,0.0,0.0,,,,,,truncated_forward
macro,equal_concept_macro,12,response,rescue,1.0,1.0,1.0,,,,,,truncated_forward
macro,equal_concept_macro,12,response,induction,1.0,1.0,1.0,,,,,,truncated_forward
macro,equal_concept_macro,12,all_aligned,rescue,1.0,1.0,1.0,,,,,,truncated_forward
macro,equal_concept_macro,12,all_aligned,induction,1.0,1.0,1.0,,,,,,truncated_forward
macro,equal_concept_macro,13,prompt,rescue,0.0,0.0,0.0,,,,,,structural_causal_null
macro,equal_concept_macro,13,prompt,induction,0.0,0.0,0.0,,,,,,structural_causal_null
macro,equal_concept_macro,13,response,rescue,0.0,0.0,0.0,,,,,,structural_causal_null
macro,equal_concept_macro,13,response,induction,0.0,0.0,0.0,,,,,,structural_causal_null
macro,equal_concept_macro,13,all_aligned,rescue,0.0,0.0,0.0,,,,,,structural_causal_null
macro,equal_concept_macro,13,all_aligned,induction,0.0,0.0,0.0,,,,,,structural_causal_null
macro,equal_concept_macro,14,prompt,rescue,0.0,0.0,0.0,,,,,,structural_causal_null
macro,equal_concept_macro,14,prompt,induction,0.0,0.0,0.0,,,,,,structural_causal_null
macro,equal_concept_macro,14,response,rescue,0.0,0.0,0.0,,,,,,structural_causal_null
macro,equal_concept_macro,14,response,induction,0.0,0.0,0.0,,,,,,structural_causal_null
macro,equal_concept_macro,14,all_aligned,rescue,0.0,0.0,0.0,,,,,,structural_causal_null
macro,equal_concept_macro,14,all_aligned,induction,0.0,0.0,0.0,,,,,,structural_causal_null
macro,equal_concept_macro,15,prompt,rescue,0.0,0.0,0.0,,,,,,structural_causal_null
macro,equal_concept_macro,15,prompt,induction,0.0,0.0,0.0,,,,,,structural_causal_null
macro,equal_concept_macro,15,response,rescue,0.0,0.0,0.0,,,,,,structural_causal_null
macro,equal_concept_macro,15,response,induction,0.0,0.0,0.0,,,,,,structural_causal_null
macro,equal_concept_macro,15,all_aligned,rescue,0.0,0.0,0.0,,,,,,structural_causal_null
macro,equal_concept_macro,15,all_aligned,induction,0.0,0.0,0.0,,,,,,structural_causal_null
macro,equal_concept_macro,16,prompt,rescue,0.0,0.0,0.0,,,,,,structural_causal_null
macro,equal_concept_macro,16,prompt,induction,0.0,0.0,0.0,,,,,,structural_causal_null
macro,equal_concept_macro,16,response,rescue,0.0,0.0,0.0,,,,,,structural_causal_null
macro,equal_concept_macro,16,response,induction,0.0,0.0,0.0,,,,,,structural_causal_null
macro,equal_concept_macro,16,all_aligned,rescue,0.0,0.0,0.0,,,,,,structural_causal_null
macro,equal_concept_macro,16,all_aligned,induction,0.0,0.0,0.0,,,,,,structural_causal_null
macro,equal_concept_macro,17,prompt,rescue,0.0,0.0,0.0,,,,,,structural_causal_null
macro,equal_concept_macro,17,prompt,induction,0.0,0.0,0.0,,,,,,structural_causal_null
macro,equal_concept_macro,17,response,rescue,0.0,0.0,0.0,,,,,,structural_causal_null
macro,equal_concept_macro,17,response,induction,0.0,0.0,0.0,,,,,,structural_causal_null
macro,equal_concept_macro,17,all_aligned,rescue,0.0,0.0,0.0,,,,,,structural_causal_null
macro,equal_concept_macro,17,all_aligned,induction,0.0,0.0,0.0,,,,,,structural_causal_null
macro,equal_concept_macro,18,prompt,rescue,0.0,0.0,0.0,,,,,,structural_causal_null
macro,equal_concept_macro,18,prompt,induction,0.0,0.0,0.0,,,,,,structural_causal_null
macro,equal_concept_macro,18,response,rescue,0.0,0.0,0.0,,,,,,structural_causal_null
macro,equal_concept_macro,18,response,induction,0.0,0.0,0.0,,,,,,structural_causal_null
macro,equal_concept_macro,18,all_aligned,rescue,0.0,0.0,0.0,,,,,,structural_causal_null
macro,equal_concept_macro,18,all_aligned,induction,0.0,0.0,0.0,,,,,,structural_causal_null
macro,equal_concept_macro,19,prompt,rescue,0.0,0.0,0.0,,,,,,structural_causal_null
macro,equal_concept_macro,19,prompt,induction,0.0,0.0,0.0,,,,,,structural_causal_null
macro,equal_concept_macro,19,response,rescue,0.0,0.0,0.0,,,,,,structural_causal_null
macro,equal_concept_macro,19,response,induction,0.0,0.0,0.0,,,,,,structural_causal_null
macro,equal_concept_macro,19,all_aligned,rescue,0.0,0.0,0.0,,,,,,structural_causal_null
macro,equal_concept_macro,19,all_aligned,induction,0.0,0.0,0.0,,,,,,structural_causal_null
macro,equal_concept_macro,20,prompt,rescue,0.0,0.0,0.0,,,,,,structural_causal_null
macro,equal_concept_macro,20,prompt,induction,0.0,0.0,0.0,,,,,,structural_causal_null
macro,equal_concept_macro,20,response,rescue,0.0,0.0,0.0,,,,,,structural_causal_null
macro,equal_concept_macro,20,response,induction,0.0,0.0,0.0,,,,,,structural_causal_null
macro,equal_concept_macro,20,all_aligned,rescue,0.0,0.0,0.0,,,,,,structural_causal_null
macro,equal_concept_macro,20,all_aligned,induction,0.0,0.0,0.0,,,,,,structural_causal_null
macro,equal_concept_macro,21,prompt,rescue,0.0,0.0,0.0,,,,,,structural_causal_null
macro,equal_concept_macro,21,prompt,induction,0.0,0.0,0.0,,,,,,structural_causal_null
macro,equal_concept_macro,21,response,rescue,0.0,0.0,0.0,,,,,,structural_causal_null
macro,equal_concept_macro,21,response,induction,0.0,0.0,0.0,,,,,,structural_causal_null
macro,equal_concept_macro,21,all_aligned,rescue,0.0,0.0,0.0,,,,,,structural_causal_null
macro,equal_concept_macro,21,all_aligned,induction,0.0,0.0,0.0,,,,,,structural_causal_null
macro,equal_concept_macro,22,prompt,rescue,0.0,0.0,0.0,,,,,,structural_causal_null
macro,equal_concept_macro,22,prompt,induction,0.0,0.0,0.0,,,,,,structural_causal_null
macro,equal_concept_macro,22,response,rescue,0.0,0.0,0.0,,,,,,structural_causal_null
macro,equal_concept_macro,22,response,induction,0.0,0.0,0.0,,,,,,structural_causal_null
macro,equal_concept_macro,22,all_aligned,rescue,0.0,0.0,0.0,,,,,,structural_causal_null
macro,equal_concept_macro,22,all_aligned,induction,0.0,0.0,0.0,,,,,,structural_causal_null
macro,equal_concept_macro,23,prompt,rescue,0.0,0.0,0.0,,,,,,structural_causal_null
macro,equal_concept_macro,23,prompt,induction,0.0,0.0,0.0,,,,,,structural_causal_null
macro,equal_concept_macro,23,response,rescue,0.0,0.0,0.0,,,,,,structural_causal_null
macro,equal_concept_macro,23,response,induction,0.0,0.0,0.0,,,,,,structural_causal_null
macro,equal_concept_macro,23,all_aligned,rescue,0.0,0.0,0.0,,,,,,structural_causal_null
macro,equal_concept_macro,23,all_aligned,induction,0.0,0.0,0.0,,,,,,structural_causal_null
macro,equal_concept_macro,24,prompt,rescue,0.0,0.0,0.0,,,,,,structural_causal_null
macro,equal_concept_macro,24,prompt,induction,0.0,0.0,0.0,,,,,,structural_causal_null
macro,equal_concept_macro,24,response,rescue,0.0,0.0,0.0,,,,,,structural_causal_null
macro,equal_concept_macro,24,response,induction,0.0,0.0,0.0,,,,,,structural_causal_null
macro,equal_concept_macro,24,all_aligned,rescue,0.0,0.0,0.0,,,,,,structural_causal_null
macro,equal_concept_macro,24,all_aligned,induction,0.0,0.0,0.0,,,,,,structural_causal_null
macro,equal_concept_macro,25,prompt,rescue,0.0,0.0,0.0,,,,,,structural_causal_null
macro,equal_concept_macro,25,prompt,induction,0.0,0.0,0.0,,,,,,structural_causal_null
macro,equal_concept_macro,25,response,rescue,0.0,0.0,0.0,,,,,,structural_causal_null
macro,equal_concept_macro,25,response,induction,0.0,0.0,0.0,,,,,,structural_causal_null
macro,equal_concept_macro,25,all_aligned,rescue,0.0,0.0,0.0,,,,,,structural_causal_null
macro,equal_concept_macro,25,all_aligned,induction,0.0,0.0,0.0,,,,,,structural_causal_null
macro,equal_concept_macro,26,prompt,rescue,0.0,0.0,0.0,,,,,,structural_causal_null
macro,equal_concept_macro,26,prompt,induction,0.0,0.0,0.0,,,,,,structural_causal_null
macro,equal_concept_macro,26,response,rescue,0.0,0.0,0.0,,,,,,structural_causal_null
macro,equal_concept_macro,26,response,induction,0.0,0.0,0.0,,,,,,structural_causal_null
macro,equal_concept_macro,26,all_aligned,rescue,0.0,0.0,0.0,,,,,,structural_causal_null
macro,equal_concept_macro,26,all_aligned,induction,0.0,0.0,0.0,,,,,,structural_causal_null
macro,equal_concept_macro,27,prompt,rescue,0.0,0.0,0.0,,,,,,structural_causal_null
macro,equal_concept_macro,27,prompt,induction,0.0,0.0,0.0,,,,,,structural_causal_null
macro,equal_concept_macro,27,response,rescue,0.0,0.0,0.0,,,,,,structural_causal_null
macro,equal_concept_macro,27,response,induction,0.0,0.0,0.0,,,,,,structural_causal_null
macro,equal_concept_macro,27,all_aligned,rescue,0.0,0.0,0.0,,,,,,structural_causal_null
macro,equal_concept_macro,27,all_aligned,induction,0.0,0.0,0.0,,,,,,structural_causal_null
macro,equal_concept_macro,28,prompt,rescue,0.0,0.0,0.0,,,,,,structural_causal_null
macro,equal_concept_macro,28,prompt,induction,0.0,0.0,0.0,,,,,,structural_causal_null
macro,equal_concept_macro,28,response,rescue,0.0,0.0,0.0,,,,,,structural_causal_null
macro,equal_concept_macro,28,response,induction,0.0,0.0,0.0,,,,,,structural_causal_null
macro,equal_concept_macro,28,all_aligned,rescue,0.0,0.0,0.0,,,,,,structural_causal_null
macro,equal_concept_macro,28,all_aligned,induction,0.0,0.0,0.0,,,,,,structural_causal_null
macro,equal_concept_macro,29,prompt,rescue,0.0,0.0,0.0,,,,,,structural_causal_null
macro,equal_concept_macro,29,prompt,induction,0.0,0.0,0.0,,,,,,structural_causal_null
macro,equal_concept_macro,29,response,rescue,0.0,0.0,0.0,,,,,,structural_causal_null
macro,equal_concept_macro,29,response,induction,0.0,0.0,0.0,,,,,,structural_causal_null
macro,equal_concept_macro,29,all_aligned,rescue,0.0,0.0,0.0,,,,,,structural_causal_null
macro,equal_concept_macro,29,all_aligned,induction,0.0,0.0,0.0,,,,,,structural_causal_null
macro,equal_concept_macro,30,prompt,rescue,0.0,0.0,0.0,,,,,,structural_causal_null
macro,equal_concept_macro,30,prompt,induction,0.0,0.0,0.0,,,,,,structural_causal_null
macro,equal_concept_macro,30,response,rescue,0.0,0.0,0.0,,,,,,structural_causal_null
macro,equal_concept_macro,30,response,induction,0.0,0.0,0.0,,,,,,structural_causal_null
macro,equal_concept_macro,30,all_aligned,rescue,0.0,0.0,0.0,,,,,,structural_causal_null
macro,equal_concept_macro,30,all_aligned,induction,0.0,0.0,0.0,,,,,,structural_causal_null
macro,equal_concept_macro,31,prompt,rescue,0.0,0.0,0.0,,,,,,structural_causal_null
macro,equal_concept_macro,31,prompt,induction,0.0,0.0,0.0,,,,,,structural_causal_null
macro,equal_concept_macro,31,response,rescue,0.0,0.0,0.0,,,,,,structural_causal_null
macro,equal_concept_macro,31,response,induction,0.0,0.0,0.0,,,,,,structural_causal_null
macro,equal_concept_macro,31,all_aligned,rescue,0.0,0.0,0.0,,,,,,structural_causal_null
macro,equal_concept_macro,31,all_aligned,induction,0.0,0.0,0.0,,,,,,structural_causal_null
macro,equal_concept_macro,32,prompt,rescue,0.0,0.0,0.0,,,,,,structural_causal_null
macro,equal_concept_macro,32,prompt,induction,0.0,0.0,0.0,,,,,,structural_causal_null
macro,equal_concept_macro,32,response,rescue,0.0,0.0,0.0,,,,,,structural_causal_null
macro,equal_concept_macro,32,response,induction,0.0,0.0,0.0,,,,,,structural_causal_null
macro,equal_concept_macro,32,all_aligned,rescue,0.0,0.0,0.0,,,,,,structural_causal_null
macro,equal_concept_macro,32,all_aligned,induction,0.0,0.0,0.0,,,,,,structural_causal_null
macro,equal_concept_macro,33,prompt,rescue,0.0,0.0,0.0,,,,,,structural_causal_null
macro,equal_concept_macro,33,prompt,induction,0.0,0.0,0.0,,,,,,structural_causal_null
macro,equal_concept_macro,33,response,rescue,0.0,0.0,0.0,,,,,,structural_causal_null
macro,equal_concept_macro,33,response,induction,0.0,0.0,0.0,,,,,,structural_causal_null
macro,equal_concept_macro,33,all_aligned,rescue,0.0,0.0,0.0,,,,,,structural_causal_null
macro,equal_concept_macro,33,all_aligned,induction,0.0,0.0,0.0,,,,,,structural_causal_null
macro,equal_concept_macro,34,prompt,rescue,0.0,0.0,0.0,,,,,,structural_causal_null
macro,equal_concept_macro,34,prompt,induction,0.0,0.0,0.0,,,,,,structural_causal_null
macro,equal_concept_macro,34,response,rescue,0.0,0.0,0.0,,,,,,structural_causal_null
macro,equal_concept_macro,34,response,induction,0.0,0.0,0.0,,,,,,structural_causal_null
macro,equal_concept_macro,34,all_aligned,rescue,0.0,0.0,0.0,,,,,,structural_causal_null
macro,equal_concept_macro,34,all_aligned,induction,0.0,0.0,0.0,,,,,,structural_causal_null
macro,equal_concept_macro,35,prompt,rescue,0.0,0.0,0.0,,,,,,structural_causal_null
macro,equal_concept_macro,35,prompt,induction,0.0,0.0,0.0,,,,,,structural_causal_null
macro,equal_concept_macro,35,response,rescue,0.0,0.0,0.0,,,,,,structural_causal_null
macro,equal_concept_macro,35,response,induction,0.0,0.0,0.0,,,,,,structural_causal_null
macro,equal_concept_macro,35,all_aligned,rescue,0.0,0.0,0.0,,,,,,structural_causal_null
macro,equal_concept_macro,35,all_aligned,induction,0.0,0.0,0.0,,,,,,structural_causal_null
macro,equal_concept_macro,36,prompt,rescue,0.0,0.0,0.0,,,,,,structural_causal_null
macro,equal_concept_macro,36,prompt,induction,0.0,0.0,0.0,,,,,,structural_causal_null
macro,equal_concept_macro,36,response,rescue,0.0,0.0,0.0,,,,,,structural_causal_null
macro,equal_concept_macro,36,response,induction,0.0,0.0,0.0,,,,,,structural_causal_null
macro,equal_concept_macro,36,all_aligned,rescue,0.0,0.0,0.0,,,,,,structural_causal_null
macro,equal_concept_macro,36,all_aligned,induction,0.0,0.0,0.0,,,,,,structural_causal_null
macro,equal_concept_macro,37,prompt,rescue,0.0,0.0,0.0,,,,,,structural_causal_null
macro,equal_concept_macro,37,prompt,induction,0.0,0.0,0.0,,,,,,structural_causal_null
macro,equal_concept_macro,37,response,rescue,0.0,0.0,0.0,,,,,,structural_causal_null
macro,equal_concept_macro,37,response,induction,0.0,0.0,0.0,,,,,,structural_causal_null
macro,equal_concept_macro,37,all_aligned,rescue,0.0,0.0,0.0,,,,,,structural_causal_null
macro,equal_concept_macro,37,all_aligned,induction,0.0,0.0,0.0,,,,,,structural_causal_null
macro,equal_concept_macro,38,prompt,rescue,0.0,0.0,0.0,,,,,,structural_causal_null
macro,equal_concept_macro,38,prompt,induction,0.0,0.0,0.0,,,,,,structural_causal_null
macro,equal_concept_macro,38,response,rescue,0.0,0.0,0.0,,,,,,structural_causal_null
macro,equal_concept_macro,38,response,induction,0.0,0.0,0.0,,,,,,structural_causal_null
macro,equal_concept_macro,38,all_aligned,rescue,0.0,0.0,0.0,,,,,,structural_causal_null
macro,equal_concept_macro,38,all_aligned,induction,0.0,0.0,0.0,,,,,,structural_causal_null
macro,equal_concept_macro,39,prompt,rescue,0.0,0.0,0.0,,,,,,structural_causal_null
macro,equal_concept_macro,39,prompt,induction,0.0,0.0,0.0,,,,,,structural_causal_null
macro,equal_concept_macro,39,response,rescue,0.0,0.0,0.0,,,,,,structural_causal_null
macro,equal_concept_macro,39,response,induction,0.0,0.0,0.0,,,,,,structural_causal_null
macro,equal_concept_macro,39,all_aligned,rescue,0.0,0.0,0.0,,,,,,structural_causal_null
macro,equal_concept_macro,39,all_aligned,induction,0.0,0.0,0.0,,,,,,structural_causal_null
macro,equal_concept_macro,40,prompt,rescue,0.0,0.0,0.0,,,,,,structural_causal_null
macro,equal_concept_macro,40,prompt,induction,0.0,0.0,0.0,,,,,,structural_causal_null
macro,equal_concept_macro,40,response,rescue,0.0,0.0,0.0,,,,,,structural_causal_null
macro,equal_concept_macro,40,response,induction,0.0,0.0,0.0,,,,,,structural_causal_null
macro,equal_concept_macro,40,all_aligned,rescue,0.0,0.0,0.0,,,,,,structural_causal_null
macro,equal_concept_macro,40,all_aligned,induction,0.0,0.0,0.0,,,,,,structural_causal_null
macro,equal_concept_macro,41,prompt,rescue,0.0,0.0,0.0,,,,,,structural_causal_null
macro,equal_concept_macro,41,prompt,induction,0.0,0.0,0.0,,,,,,structural_causal_null
macro,equal_concept_macro,41,response,rescue,0.0,0.0,0.0,,,,,,structural_causal_null
macro,equal_concept_macro,41,response,induction,0.0,0.0,0.0,,,,,,structural_causal_null
macro,equal_concept_macro,41,all_aligned,rescue,0.0,0.0,0.0,,,,,,structural_causal_null
macro,equal_concept_macro,41,all_aligned,induction,0.0,0.0,0.0,,,,,,structural_causal_null
