scope,direction,transport,source_id,destination_id,route_class,estimate,ci_low,ci_high
HTML,induction,raw,layer_09.head_04,layer_09.head_04,identity,0.0006678586470737876,0.00022141059352119357,0.0012588738762738
HTML,induction,raw,layer_09.head_04,layer_09.head_11,within_layer,-2.2827594409963098e-05,-0.00017386345393789559,0.00011138827359944126
HTML,induction,raw,layer_09.head_04,layer_09.head_13,within_layer,3.39614577770475e-05,-0.00011778162968090708,0.00019981604904462582
HTML,induction,raw,layer_09.head_04,layer_10.head_02,earlier_to_later,5.7348919862804885e-05,-9.907323086400205e-05,0.00021412877458378107
HTML,induction,raw,layer_09.head_04,layer_10.head_12,earlier_to_later,-0.0006533309466616821,-0.0009850874304903991,-0.0003903079776280792
HTML,induction,raw,layer_09.head_04,layer_11.head_08,earlier_to_later,0.0006360385388608606,0.0003283865184195683,0.0010193426499803789
HTML,induction,raw,layer_09.head_04,layer_11.head_09,earlier_to_later,-0.0005517582522428375,-0.0008558178721584908,-0.00027912665064831613
HTML,induction,raw,layer_09.head_04,layer_11.head_14,earlier_to_later,-0.0005129773149885917,-0.0007544764035172053,-0.0003190643794651292
HTML,induction,raw,layer_09.head_04,layer_11.head_15,earlier_to_later,-0.0007577029794594983,-0.0011212278233921735,-0.0004716623212204584
HTML,induction,raw,layer_09.head_04,layer_12.head_02,earlier_to_later,-0.0008766373436596751,-0.0012137981901152704,-0.0005932820479456928
HTML,induction,raw,layer_09.head_04,layer_12.head_03,earlier_to_later,0.00020484230736019982,8.440908354892053e-05,0.00034717711405717874
HTML,induction,raw,layer_09.head_04,layer_12.head_12,earlier_to_later,-0.00012177410540111288,-0.00026712103366915594,1.4027737260000816e-05
HTML,induction,raw,layer_09.head_11,layer_09.head_04,within_layer,0.004620426317042425,0.003135827554164745,0.00633134729529599
HTML,induction,raw,layer_09.head_11,layer_09.head_11,identity,0.0070883749784290415,0.0036983625219811573,0.011619476815499777
HTML,induction,raw,layer_09.head_11,layer_09.head_13,within_layer,0.0035787030428356533,0.0023814876526600977,0.004975596076078892
HTML,induction,raw,layer_09.head_11,layer_10.head_02,earlier_to_later,0.002875139844808634,0.0015538272273598588,0.004404163086779948
HTML,induction,raw,layer_09.head_11,layer_10.head_12,earlier_to_later,0.001382544164804473,9.387094072825949e-05,0.0028040343945652433
HTML,induction,raw,layer_09.head_11,layer_11.head_08,earlier_to_later,0.0010241999931375808,4.5342402479267586e-05,0.0019551654987366076
HTML,induction,raw,layer_09.head_11,layer_11.head_09,earlier_to_later,-0.006984031804789771,-0.01043911269785735,-0.004231224415101897
HTML,induction,raw,layer_09.head_11,layer_11.head_14,earlier_to_later,0.000977142249212314,-0.00015681638008101096,0.0026437783836132387
HTML,induction,raw,layer_09.head_11,layer_11.head_15,earlier_to_later,0.0026718847911684695,0.0013990636502337179,0.004121416097206826
HTML,induction,raw,layer_09.head_11,layer_12.head_02,earlier_to_later,0.0033382543056612785,0.0022470552182903866,0.004700223950551957
HTML,induction,raw,layer_09.head_11,layer_12.head_03,earlier_to_later,0.007316062195694332,0.0051042243129302365,0.009858975142188463
HTML,induction,raw,layer_09.head_11,layer_12.head_12,earlier_to_later,0.005666276450921288,0.003972924012617024,0.00758505570529468
HTML,induction,raw,layer_09.head_13,layer_09.head_04,within_layer,0.0018453354030814012,0.0008758699537928174,0.0031702569892235796
HTML,induction,raw,layer_09.head_13,layer_09.head_11,within_layer,-0.00011668334983358129,-0.0006517505213341642,0.0004931569082626833
HTML,induction,raw,layer_09.head_13,layer_09.head_13,identity,0.0071514033806937185,0.005036380986569433,0.009565766985463358
HTML,induction,raw,layer_09.head_13,layer_10.head_02,earlier_to_later,0.00046569446962666563,-0.0007613133888223692,0.0014601400439118396
HTML,induction,raw,layer_09.head_13,layer_10.head_12,earlier_to_later,0.00033089334005784437,-0.0011925763629794845,0.0016802610141461484
HTML,induction,raw,layer_09.head_13,layer_11.head_08,earlier_to_later,-0.006530498584574431,-0.009367193038388242,-0.004299049743610439
HTML,induction,raw,layer_09.head_13,layer_11.head_09,earlier_to_later,-0.002840826305297324,-0.005013588247496769,-0.0015152572312122964
HTML,induction,raw,layer_09.head_13,layer_11.head_14,earlier_to_later,-0.0026975983014330424,-0.0037607015723944625,-0.001710883884244069
HTML,induction,raw,layer_09.head_13,layer_11.head_15,earlier_to_later,0.002949746541482005,0.0018539819624877178,0.004554094896496458
HTML,induction,raw,layer_09.head_13,layer_12.head_02,earlier_to_later,0.0036161737742919065,0.0027140639793253422,0.004521679405741313
HTML,induction,raw,layer_09.head_13,layer_12.head_03,earlier_to_later,-0.002205688172183102,-0.0034289090866526173,-0.0013297385343351096
HTML,induction,raw,layer_09.head_13,layer_12.head_12,earlier_to_later,0.0008472529484280386,0.00029370450188699794,0.0015855384034669847
HTML,induction,raw,layer_10.head_02,layer_09.head_04,later_to_earlier,0.0017171834236416007,-0.00031961938903564543,0.004361436921485586
HTML,induction,raw,layer_10.head_02,layer_09.head_11,later_to_earlier,0.00489858243077313,0.0020126823333025978,0.008519841022152709
HTML,induction,raw,layer_10.head_02,layer_09.head_13,later_to_earlier,0.004553126759312925,0.002816895468856817,0.006694944016493129
HTML,induction,raw,layer_10.head_02,layer_10.head_02,identity,0.03139185561559811,0.022114053523928943,0.04190961272709095
HTML,induction,raw,layer_10.head_02,layer_10.head_12,within_layer,0.0027731342630115978,0.00109974169030233,0.004729083092120847
HTML,induction,raw,layer_10.head_02,layer_11.head_08,earlier_to_later,0.0059555087097019855,0.004215631960285207,0.007671377152898007
HTML,induction,raw,layer_10.head_02,layer_11.head_09,earlier_to_later,0.0018098501817331197,0.00014919898319205248,0.003509734530554482
HTML,induction,raw,layer_10.head_02,layer_11.head_14,earlier_to_later,0.007439712146400941,0.005162040346669245,0.009934228099874941
HTML,induction,raw,layer_10.head_02,layer_11.head_15,earlier_to_later,0.010150579888933479,0.006560631497372488,0.014461905016474298
HTML,induction,raw,layer_10.head_02,layer_12.head_02,earlier_to_later,0.0006744789380442623,0.00014248331271788533,0.0012542242628931402
HTML,induction,raw,layer_10.head_02,layer_12.head_03,earlier_to_later,0.005163290176621355,0.0032878319372737093,0.007361349161868306
HTML,induction,raw,layer_10.head_02,layer_12.head_12,earlier_to_later,0.0019293328699456725,0.0010003651459262674,0.0030884830000179444
HTML,induction,raw,layer_10.head_12,layer_09.head_04,later_to_earlier,-0.0007280588518009469,-0.0011350189495232957,-0.00040174316360507304
HTML,induction,raw,layer_10.head_12,layer_09.head_11,later_to_earlier,0.0006125875866263017,0.00029505715995783934,0.0009810400625586135
HTML,induction,raw,layer_10.head_12,layer_09.head_13,later_to_earlier,7.974362689457652e-05,-0.00028067117605894663,0.00046583474301430615
HTML,induction,raw,layer_10.head_12,layer_10.head_02,within_layer,1.493172863175083e-05,-0.0004259862070616787,0.0004942596364635347
HTML,induction,raw,layer_10.head_12,layer_10.head_12,identity,0.0024351184826245766,0.0015990521558143646,0.003376294996162805
HTML,induction,raw,layer_10.head_12,layer_11.head_08,earlier_to_later,-0.0005450456119650152,-0.0010078899368024814,-0.00014158854085369674
HTML,induction,raw,layer_10.head_12,layer_11.head_09,earlier_to_later,-0.001382544164804473,-0.002108027415285383,-0.0007559949905351874
HTML,induction,raw,layer_10.head_12,layer_11.head_14,earlier_to_later,0.0011415067007957576,0.0007159386609030817,0.0016456138394668148
HTML,induction,raw,layer_10.head_12,layer_11.head_15,earlier_to_later,-0.0006023079543521818,-0.0009546639222519442,-0.00030547758339716366
HTML,induction,raw,layer_10.head_12,layer_12.head_02,earlier_to_later,0.0009056061670082477,0.0005464420390160732,0.0013611782280091894
HTML,induction,raw,layer_10.head_12,layer_12.head_03,earlier_to_later,0.00039415838742259924,9.341309797849185e-05,0.0006732720436677031
HTML,induction,raw,layer_10.head_12,layer_12.head_12,earlier_to_later,9.92812772302845e-05,-0.00014305811753575348,0.0003532419826479366
HTML,induction,raw,layer_11.head_08,layer_09.head_04,later_to_earlier,0.017851981113198724,0.012301400676018563,0.02417341761067264
HTML,induction,raw,layer_11.head_08,layer_09.head_11,later_to_earlier,0.012102203572940158,0.00738643738970262,0.01779033989883558
HTML,induction,raw,layer_11.head_08,layer_09.head_13,later_to_earlier,0.004809321053390051,0.0028721428480372553,0.007112393565702295
HTML,induction,raw,layer_11.head_08,layer_10.head_02,later_to_earlier,0.020592319828438534,0.014934705917528136,0.02652992757032449
HTML,induction,raw,layer_11.head_08,layer_10.head_12,later_to_earlier,0.008807976799556805,0.004593132129816788,0.013886213630719816
HTML,induction,raw,layer_11.head_08,layer_11.head_08,identity,0.12039291184492835,0.09082494259488638,0.1510026554133489
HTML,induction,raw,layer_11.head_08,layer_11.head_09,within_layer,0.05323340761185327,0.039312374212700375,0.06841213226089533
HTML,induction,raw,layer_11.head_08,layer_11.head_14,within_layer,0.0074414840987356715,0.005338864303917717,0.009640054995151444
HTML,induction,raw,layer_11.head_08,layer_11.head_15,within_layer,-0.00018276505107243525,-0.003012877186325434,0.002252207373487762
HTML,induction,raw,layer_11.head_08,layer_12.head_02,earlier_to_later,0.0039803763551436565,0.0015668414421277145,0.0071135876103819076
HTML,induction,raw,layer_11.head_08,layer_12.head_03,earlier_to_later,0.005776870518301642,0.004202391673592566,0.007597058753850978
HTML,induction,raw,layer_11.head_08,layer_12.head_12,earlier_to_later,0.016358121402050244,0.011754417411609076,0.021509065301696408
HTML,induction,raw,layer_11.head_09,layer_09.head_04,later_to_earlier,0.017150830540826157,0.011839649370884347,0.023081560452078407
HTML,induction,raw,layer_11.head_09,layer_09.head_11,later_to_earlier,0.011320807224314312,0.006911937270547372,0.016603505728678795
HTML,induction,raw,layer_11.head_09,layer_09.head_13,later_to_earlier,0.0046152432121675455,0.002764328726518116,0.006791645732587202
HTML,induction,raw,layer_11.head_09,layer_10.head_02,later_to_earlier,0.019754307582576958,0.014208653269596363,0.025644005702184846
HTML,induction,raw,layer_11.head_09,layer_10.head_12,later_to_earlier,0.007044180063031548,0.003427992883956782,0.01134886139515146
HTML,induction,raw,layer_11.head_09,layer_11.head_08,within_layer,0.09438948247360142,0.07164726964667278,0.11747063854950464
HTML,induction,raw,layer_11.head_09,layer_11.head_09,identity,0.04130353939008699,0.03059456692884362,0.0533177976007632
HTML,induction,raw,layer_11.head_09,layer_11.head_14,within_layer,0.007069737733839972,0.004927087464087034,0.009384744210818563
HTML,induction,raw,layer_11.head_09,layer_11.head_15,within_layer,-0.0007749549844383553,-0.003500661918631873,0.001817196937455693
HTML,induction,raw,layer_11.head_09,layer_12.head_02,earlier_to_later,0.003747430999191267,0.0012679106177616829,0.006913730367725456
HTML,induction,raw,layer_11.head_09,layer_12.head_03,earlier_to_later,0.004637078051523523,0.003404120742810957,0.006051959836258529
HTML,induction,raw,layer_11.head_09,layer_12.head_12,earlier_to_later,0.014860573490439571,0.010651040090353127,0.019708998678653316
HTML,induction,raw,layer_11.head_14,layer_09.head_04,later_to_earlier,-0.0028722366134588968,-0.004881782046849045,-0.001210997757015903
HTML,induction,raw,layer_11.head_14,layer_09.head_11,later_to_earlier,0.003936123721429071,0.002075489836170351,0.006544061718957405
HTML,induction,raw,layer_11.head_14,layer_09.head_13,later_to_earlier,-0.0008510623573561235,-0.0018222385069402481,7.746435119610405e-06
HTML,induction,raw,layer_11.head_14,layer_10.head_02,later_to_earlier,0.00844137890854573,0.005574033274357623,0.011445518633579153
HTML,induction,raw,layer_11.head_14,layer_10.head_12,later_to_earlier,0.0008191037251821752,-0.0009023027804595726,0.0027765319676277683
HTML,induction,raw,layer_11.head_14,layer_11.head_08,within_layer,0.0019273646753328285,-0.0005409249171774041,0.004739944376768534
HTML,induction,raw,layer_11.head_14,layer_11.head_09,within_layer,-0.006285842182084035,-0.010507946261286222,-0.0029432207195301354
HTML,induction,raw,layer_11.head_14,layer_11.head_14,identity,0.01771245862529176,0.012672764812914584,0.023672887764798832
HTML,induction,raw,layer_11.head_14,layer_11.head_15,within_layer,0.019105495980143595,0.013490718013552042,0.02501650221552439
HTML,induction,raw,layer_11.head_14,layer_12.head_02,earlier_to_later,0.010739127796490881,0.006891997454532397,0.015386932525754484
HTML,induction,raw,layer_11.head_14,layer_12.head_03,earlier_to_later,0.008794453397862103,0.005797185844393057,0.012426102787812353
HTML,induction,raw,layer_11.head_14,layer_12.head_12,earlier_to_later,0.00843759835877619,0.0058660814342487815,0.011472664399331835
HTML,induction,raw,layer_11.head_15,layer_09.head_04,later_to_earlier,-0.0029787038211671595,-0.004819542909637919,-0.001444611236822515
HTML,induction,raw,layer_11.head_15,layer_09.head_11,later_to_earlier,0.003593946450379702,0.0017494000753285723,0.006165455599128264
HTML,induction,raw,layer_11.head_15,layer_09.head_13,later_to_earlier,-0.0011339282857615524,-0.0020896269235207254,-0.0003330171991495854
HTML,induction,raw,layer_11.head_15,layer_10.head_02,later_to_earlier,0.007387107672203115,0.004577901903758218,0.010238294161167063
HTML,induction,raw,layer_11.head_15,layer_10.head_12,later_to_earlier,0.00039674993986003876,-0.0010632640883791924,0.0020733074762520104
HTML,induction,raw,layer_11.head_15,layer_11.head_08,within_layer,0.0013351805137986178,-0.0008128566448330195,0.003643557690635024
HTML,induction,raw,layer_11.head_15,layer_11.head_09,within_layer,-0.005989995404164572,-0.010257739128120136,-0.0026754017736889974
HTML,induction,raw,layer_11.head_15,layer_11.head_14,within_layer,0.017608017330513433,0.012415619947198834,0.02368001462859117
HTML,induction,raw,layer_11.head_15,layer_11.head_15,identity,0.017417448762970134,0.013120440975380088,0.021890387766943322
HTML,induction,raw,layer_11.head_15,layer_12.head_02,earlier_to_later,0.0100514890821496,0.006482851330348104,0.014357001713408465
HTML,induction,raw,layer_11.head_15,layer_12.head_03,earlier_to_later,0.00752668787842717,0.005115213532602276,0.010333572315546144
HTML,induction,raw,layer_11.head_15,layer_12.head_12,earlier_to_later,0.007217444679110608,0.005010518356135668,0.00970812651368561
HTML,induction,raw,layer_12.head_02,layer_09.head_04,later_to_earlier,2.9159293794976882e-05,-0.0004925989259909701,0.0005133662262514569
HTML,induction,raw,layer_12.head_02,layer_09.head_11,later_to_earlier,-0.0002097483643130364,-0.0010351059017855017,0.0005347133747037267
HTML,induction,raw,layer_12.head_02,layer_09.head_13,later_to_earlier,0.0014438871922100578,0.0006943469536201472,0.0021449660204893306
HTML,induction,raw,layer_12.head_02,layer_10.head_02,later_to_earlier,0.0007936153163542619,-0.0006019781815686369,0.002136249432760249
HTML,induction,raw,layer_12.head_02,layer_10.head_12,later_to_earlier,0.0023736715622482258,0.0010091525037799324,0.003721265591227877
HTML,induction,raw,layer_12.head_02,layer_11.head_08,later_to_earlier,0.0021821160114826495,0.0008695999838636846,0.003672906781473081
HTML,induction,raw,layer_12.head_02,layer_11.head_09,later_to_earlier,0.0002472999014132184,-0.0010303122245462967,0.00181719668568715
HTML,induction,raw,layer_12.head_02,layer_11.head_14,later_to_earlier,0.006404655337818319,0.00424345034786028,0.009047009158554983
HTML,induction,raw,layer_12.head_02,layer_11.head_15,later_to_earlier,-0.0026983313240601134,-0.004465899350143785,-0.0012775727741535028
HTML,induction,raw,layer_12.head_02,layer_12.head_02,identity,0.008001651909778843,0.005615078124165524,0.010787494564436612
HTML,induction,raw,layer_12.head_02,layer_12.head_03,within_layer,0.008364873279240025,0.005861217615709259,0.011149547958988136
HTML,induction,raw,layer_12.head_02,layer_12.head_12,within_layer,0.002482591798432907,0.0016086338132987631,0.003496873821565188
HTML,induction,raw,layer_12.head_03,layer_09.head_04,later_to_earlier,0.001144854363187105,0.0003047251644901404,0.0018711634453062167
HTML,induction,raw,layer_12.head_03,layer_09.head_11,later_to_earlier,-0.0005310835510604132,-0.003247919229659786,0.0017508899429731289
HTML,induction,raw,layer_12.head_03,layer_09.head_13,later_to_earlier,0.004890270993111854,0.0030188936479039145,0.0068475840381653
HTML,induction,raw,layer_12.head_03,layer_10.head_02,later_to_earlier,0.0019138643609649642,-3.8079709927327854e-05,0.004085107725504938
HTML,induction,raw,layer_12.head_03,layer_10.head_12,later_to_earlier,0.005695799370113945,0.0031372839458939086,0.008672134048295395
HTML,induction,raw,layer_12.head_03,layer_11.head_08,later_to_earlier,0.00608902849263136,0.00407179894966588,0.008540840908522843
HTML,induction,raw,layer_12.head_03,layer_11.head_09,later_to_earlier,0.006504958229261135,0.003777974664392222,0.00983166537043267
HTML,induction,raw,layer_12.head_03,layer_11.head_14,later_to_earlier,0.01355405012107723,0.009259068015661006,0.018624178638549423
HTML,induction,raw,layer_12.head_03,layer_11.head_15,later_to_earlier,-0.004106704435763343,-0.007423458505914203,-0.0014846268151917413
HTML,induction,raw,layer_12.head_03,layer_12.head_02,within_layer,0.016574195693916584,0.011630419224739185,0.02219400093613627
HTML,induction,raw,layer_12.head_03,layer_12.head_03,identity,0.019856971153188845,0.014652022869519063,0.02553172742888608
HTML,induction,raw,layer_12.head_03,layer_12.head_12,within_layer,0.0056859122223960525,0.0038776826869091206,0.007658424467047305
HTML,induction,raw,layer_12.head_12,layer_09.head_04,later_to_earlier,0.0009312908181142746,-9.646599581959749e-06,0.001941859123154163
HTML,induction,raw,layer_12.head_12,layer_09.head_11,later_to_earlier,0.0020700443551847345,0.0011355387056464388,0.003069199907831419
HTML,induction,raw,layer_12.head_12,layer_09.head_13,later_to_earlier,0.0023110991346885776,0.0014123751065621883,0.003403335388131299
HTML,induction,raw,layer_12.head_12,layer_10.head_02,later_to_earlier,-0.004703783110586972,-0.007341801731363606,-0.0025159423379705875
HTML,induction,raw,layer_12.head_12,layer_10.head_12,later_to_earlier,0.00012348833941875107,-0.0017435815251008431,0.0021890028837775644
HTML,induction,raw,layer_12.head_12,layer_11.head_08,later_to_earlier,-0.0007510191983402221,-0.0021713409559342978,0.00026788732775437406
HTML,induction,raw,layer_12.head_12,layer_11.head_09,later_to_earlier,0.0003030788830511156,-0.0007317984406339941,0.001316064361329606
HTML,induction,raw,layer_12.head_12,layer_11.head_14,later_to_earlier,0.007892789391911252,0.0050952495783639085,0.01141739173489098
HTML,induction,raw,layer_12.head_12,layer_11.head_15,later_to_earlier,-0.000955890364858968,-0.0020662135748813347,-0.00016502501284419084
HTML,induction,raw,layer_12.head_12,layer_12.head_02,within_layer,-0.0012469522942914887,-0.0020106778142479254,-0.0005792495906824853
HTML,induction,raw,layer_12.head_12,layer_12.head_03,within_layer,0.0022413350048192415,0.0014216242144829132,0.003337742849639636
HTML,induction,raw,layer_12.head_12,layer_12.head_12,identity,0.020975298177840378,0.014682925320422592,0.028536012375247242
HTML,induction,rms,layer_09.head_04,layer_09.head_04,identity,0.0006678586470737876,0.00022141059352119357,0.0012588738762738
HTML,induction,rms,layer_09.head_04,layer_09.head_11,within_layer,0.0006416141282919666,2.0394855733670124e-05,0.0013018359937425276
HTML,induction,rms,layer_09.head_04,layer_09.head_13,within_layer,0.0005351296050885761,9.435402484219524e-08,0.0011698758421808692
HTML,induction,rms,layer_09.head_04,layer_10.head_02,earlier_to_later,0.0009188063461272328,0.0002736399207396188,0.0015428524932182262
HTML,induction,rms,layer_09.head_04,layer_10.head_12,earlier_to_later,-0.0009847437515733562,-0.0014985163065817637,-0.0005901826364334825
HTML,induction,rms,layer_09.head_04,layer_11.head_08,earlier_to_later,0.003390316227678438,0.0019654069725630204,0.005148461484909061
HTML,induction,rms,layer_09.head_04,layer_11.head_09,earlier_to_later,-0.0010163329865179144,-0.0019795470431901224,4.3594576354438886e-06
HTML,induction,rms,layer_09.head_04,layer_11.head_14,earlier_to_later,-0.001109040147431398,-0.0018568249469108537,-0.0005065851547871988
HTML,induction,rms,layer_09.head_04,layer_11.head_15,earlier_to_later,-0.002157493377411119,-0.0034710116843315333,-0.001158794284362705
HTML,induction,rms,layer_09.head_04,layer_12.head_02,earlier_to_later,-0.0026840864434017593,-0.003863399431746861,-0.001737458102029073
HTML,induction,rms,layer_09.head_04,layer_12.head_03,earlier_to_later,0.001195294400493974,0.0006443123378336733,0.0018815574801059175
HTML,induction,rms,layer_09.head_04,layer_12.head_12,earlier_to_later,3.431931134301911e-05,-0.0004202988003253458,0.0005410266260496187
HTML,induction,rms,layer_09.head_11,layer_09.head_04,within_layer,0.000870403765413718,0.000531322910839235,0.0012759490158436076
HTML,induction,rms,layer_09.head_11,layer_09.head_11,identity,0.0070883749784290415,0.0036983625219811573,0.011619476815499777
HTML,induction,rms,layer_09.head_11,layer_09.head_13,within_layer,0.0022896452362254085,0.0015339997810777282,0.0031646790600869945
HTML,induction,rms,layer_09.head_11,layer_10.head_02,earlier_to_later,0.004303281480115941,0.0025412563835764523,0.00627961707886907
HTML,induction,rms,layer_09.head_11,layer_10.head_12,earlier_to_later,-0.0004026776110254072,-0.0006891827772438642,-0.00014897210199183716
HTML,induction,rms,layer_09.head_11,layer_11.head_08,earlier_to_later,0.006577440891865513,0.00403075783532113,0.009206689889715094
HTML,induction,rms,layer_09.head_11,layer_11.head_09,earlier_to_later,-0.007967615418189574,-0.01299628901238975,-0.0041043535718121695
HTML,induction,rms,layer_09.head_11,layer_11.head_14,earlier_to_later,0.003915449020246646,0.0018511895605402807,0.006654484583142475
HTML,induction,rms,layer_09.head_11,layer_11.head_15,earlier_to_later,0.0057660541056785645,0.003538097828800211,0.008232220798868931
HTML,induction,rms,layer_09.head_11,layer_12.head_02,earlier_to_later,0.002704005034630276,0.0017631836791662213,0.003875319921716965
HTML,induction,rms,layer_09.head_11,layer_12.head_03,earlier_to_later,0.011256676402193175,0.007757558475651556,0.015253579486671725
HTML,induction,rms,layer_09.head_11,layer_12.head_12,earlier_to_later,0.006525586755789885,0.004502036822470129,0.008825178171292596
HTML,induction,rms,layer_09.head_13,layer_09.head_04,within_layer,0.00020155813511765395,-1.25691135407164e-05,0.0005074934105204657
HTML,induction,rms,layer_09.head_13,layer_09.head_11,within_layer,0.0003784301460149761,-0.00026176745917075094,0.0011542061018111611
HTML,induction,rms,layer_09.head_13,layer_09.head_13,identity,0.0071514033806937185,0.005036380986569433,0.009565766985463358
HTML,induction,rms,layer_09.head_13,layer_10.head_02,earlier_to_later,0.00178721882960127,-0.0006879424189826138,0.0039994159958966205
HTML,induction,rms,layer_09.head_13,layer_10.head_12,earlier_to_later,-0.000600316672412501,-0.0012661045925497312,-0.00011382876526080197
HTML,induction,rms,layer_09.head_13,layer_11.head_08,earlier_to_later,-0.008403250188274624,-0.013026716823604012,-0.00485671867320612
HTML,induction,rms,layer_09.head_13,layer_11.head_09,earlier_to_later,0.00082764603611182,-0.0033648198194426463,0.004231799284784138
HTML,induction,rms,layer_09.head_13,layer_11.head_14,earlier_to_later,-0.0018224212311957998,-0.0037773705223087214,0.00018252514353355614
HTML,induction,rms,layer_09.head_13,layer_11.head_15,earlier_to_later,0.008897076565652027,0.006507046855746625,0.011932079091815427
HTML,induction,rms,layer_09.head_13,layer_12.head_02,earlier_to_later,0.004286779813259282,0.0031436101580422896,0.0055701837581790155
HTML,induction,rms,layer_09.head_13,layer_12.head_03,earlier_to_later,-0.00277474460405847,-0.004645504845816257,-0.0014817589964330065
HTML,induction,rms,layer_09.head_13,layer_12.head_12,earlier_to_later,0.0016002807442030691,0.0007464070760198871,0.0027545354885719665
HTML,induction,rms,layer_10.head_02,layer_09.head_04,later_to_earlier,3.9404295078841486e-05,-0.0004856555243629154,0.0007099353768464288
HTML,induction,rms,layer_10.head_02,layer_09.head_11,later_to_earlier,0.0033923709997669203,0.0012100912368621414,0.006231393857455824
HTML,induction,rms,layer_10.head_02,layer_09.head_13,later_to_earlier,0.0017038504923933037,0.0009006222618268373,0.0027884062153936814
HTML,induction,rms,layer_10.head_02,layer_10.head_02,identity,0.03139185561559811,0.022114053523928943,0.04190961272709095
HTML,induction,rms,layer_10.head_02,layer_10.head_12,within_layer,0.0003142993238938383,-0.00017897693374427,0.0008569203074763226
HTML,induction,rms,layer_10.head_02,layer_11.head_08,earlier_to_later,0.01389739330213186,0.010168669845341916,0.01767248424150291
HTML,induction,rms,layer_10.head_02,layer_11.head_09,earlier_to_later,0.005447166175575897,0.00287777560112816,0.008424605535293683
HTML,induction,rms,layer_10.head_02,layer_11.head_14,earlier_to_later,0.00930946816944405,0.006480504735261884,0.012408909684984743
HTML,induction,rms,layer_10.head_02,layer_11.head_15,earlier_to_later,0.01079201509044246,0.007210780512590385,0.014992945117077322
HTML,induction,rms,layer_10.head_02,layer_12.head_02,earlier_to_later,-8.863801955848377e-05,-0.00047329528125271853,0.00027004695556263013
HTML,induction,rms,layer_10.head_02,layer_12.head_03,earlier_to_later,0.0055655291284368615,0.003543534921004598,0.007999734901845357
HTML,induction,rms,layer_10.head_02,layer_12.head_12,earlier_to_later,0.0012954472243123507,0.0006003306224255153,0.002158416206010904
HTML,induction,rms,layer_10.head_12,layer_09.head_04,later_to_earlier,-0.0005156034984162865,-0.0007582495947562786,-0.00031455666380786985
HTML,induction,rms,layer_10.head_12,layer_09.head_11,later_to_earlier,0.003059422887620594,0.002116721758329359,0.004139061771584791
HTML,induction,rms,layer_10.head_12,layer_09.head_13,later_to_earlier,0.0005228644627064847,-0.0003541386934817166,0.001420436939908743
HTML,induction,rms,layer_10.head_12,layer_10.head_02,within_layer,0.00138766955136226,-0.0002614288223136742,0.003214666673288219
HTML,induction,rms,layer_10.head_12,layer_10.head_12,identity,0.0024351184826245766,0.0015990521558143646,0.003376294996162805
HTML,induction,rms,layer_10.head_12,layer_11.head_08,earlier_to_later,0.0004910674418203945,-0.0009098157445578993,0.0016756287007104334
HTML,induction,rms,layer_10.head_12,layer_11.head_09,earlier_to_later,-0.0014599386561933972,-0.0032340982724778917,0.00011080781275580135
HTML,induction,rms,layer_10.head_12,layer_11.head_14,earlier_to_later,0.00635879813488857,0.004272894160587049,0.00875500913766557
HTML,induction,rms,layer_10.head_12,layer_11.head_15,earlier_to_later,-0.00017138877077356365,-0.0013396597807457408,0.0007604910864550893
HTML,induction,rms,layer_10.head_12,layer_12.head_02,earlier_to_later,0.003184833246998515,0.002088949783813511,0.004615591557606374
HTML,induction,rms,layer_10.head_12,layer_12.head_03,earlier_to_later,0.0027740808434119097,0.0018112756196941252,0.0038127577475523563
HTML,induction,rms,layer_10.head_12,layer_12.head_12,earlier_to_later,0.0014354603179145972,0.0005451664525420759,0.0024612619122840896
HTML,induction,rms,layer_11.head_08,layer_09.head_04,later_to_earlier,0.0034631336565219516,0.0022961184114089223,0.004820681229120036
HTML,induction,rms,layer_11.head_08,layer_09.head_11,later_to_earlier,0.004593137096721235,0.0027666633026134104,0.006903928184711566
HTML,induction,rms,layer_11.head_08,layer_09.head_13,later_to_earlier,0.0011770554122928405,0.0006463748077915559,0.0017978247645163072
HTML,induction,rms,layer_11.head_08,layer_10.head_02,later_to_earlier,0.012925630400072538,0.009298708552235342,0.016725434353611544
HTML,induction,rms,layer_11.head_08,layer_10.head_12,later_to_earlier,0.0006761816283984821,-0.0005398459933183913,0.0019600117018902766
HTML,induction,rms,layer_11.head_08,layer_11.head_08,identity,0.12039291184492835,0.09082494259488638,0.1510026554133489
HTML,induction,rms,layer_11.head_08,layer_11.head_09,within_layer,0.04666136915446759,0.03430445583694306,0.060114115910168596
HTML,induction,rms,layer_11.head_08,layer_11.head_14,within_layer,0.003945422142312623,0.002651638858241758,0.005262821312652511
HTML,induction,rms,layer_11.head_08,layer_11.head_15,within_layer,-0.0017943874445841208,-0.004019723403697342,3.612707400418563e-05
HTML,induction,rms,layer_11.head_08,layer_12.head_02,earlier_to_later,0.0006716161095164895,-0.00014972224582728447,0.0016989394182297705
HTML,induction,rms,layer_11.head_08,layer_12.head_03,earlier_to_later,0.0036043761502782615,0.00260683309601246,0.004759720014583306
HTML,induction,rms,layer_11.head_08,layer_12.head_12,earlier_to_later,0.008241575410267678,0.005907814486710428,0.010841059767699729
HTML,induction,rms,layer_11.head_09,layer_09.head_04,later_to_earlier,0.0033598005534317948,0.0022176331578063297,0.004673775761811103
HTML,induction,rms,layer_11.head_09,layer_09.head_11,later_to_earlier,0.004853088853241062,0.002923734432948116,0.007359620742076187
HTML,induction,rms,layer_11.head_09,layer_09.head_13,later_to_earlier,0.0012677020292861327,0.000691587395912963,0.0019592403005022777
HTML,induction,rms,layer_11.head_09,layer_10.head_02,later_to_earlier,0.013462635850466611,0.00956118705936146,0.01762788526249156
HTML,induction,rms,layer_11.head_09,layer_10.head_12,later_to_earlier,0.00042635943652833476,-0.000719918438310173,0.0015802712418187318
HTML,induction,rms,layer_11.head_09,layer_11.head_08,within_layer,0.10775745451220513,0.08220501516110845,0.13392335815458364
HTML,induction,rms,layer_11.head_09,layer_11.head_09,identity,0.04130353939008699,0.03059456692884362,0.0533177976007632
HTML,induction,rms,layer_11.head_09,layer_11.head_14,within_layer,0.004707771446298043,0.0031212376440176563,0.006397717509185292
HTML,induction,rms,layer_11.head_09,layer_11.head_15,within_layer,-0.0018588068582907195,-0.00411826539254461,0.0001843117899299923
HTML,induction,rms,layer_11.head_09,layer_12.head_02,earlier_to_later,0.0007013641301458068,-0.00021549827063460446,0.0017880254986439468
HTML,induction,rms,layer_11.head_09,layer_12.head_03,earlier_to_later,0.0032384881945674193,0.0023745725771641196,0.00422715658298544
HTML,induction,rms,layer_11.head_09,layer_12.head_12,earlier_to_later,0.008185900321600546,0.005839599917532563,0.01088933949055028
HTML,induction,rms,layer_11.head_14,layer_09.head_04,later_to_earlier,-0.0012834937608425573,-0.0019427200873543334,-0.0007182810936300541
HTML,induction,rms,layer_11.head_14,layer_09.head_11,later_to_earlier,0.0019854235304958673,0.0007799909159750357,0.003817334846836973
HTML,induction,rms,layer_11.head_14,layer_09.head_13,later_to_earlier,-0.001171283580583621,-0.00171056715260122,-0.0007325526509670569
HTML,induction,rms,layer_11.head_14,layer_10.head_02,later_to_earlier,0.007186553835802865,0.004711937366429768,0.009721789723647204
HTML,induction,rms,layer_11.head_14,layer_10.head_12,later_to_earlier,-0.0006740691379929078,-0.001091985114496211,-0.0002135218507345154
HTML,induction,rms,layer_11.head_14,layer_11.head_08,within_layer,0.005829440361509213,0.0022488770283697166,0.010409355469832213
HTML,induction,rms,layer_11.head_14,layer_11.head_09,within_layer,-0.005760645899367026,-0.010588470489619682,-0.002019261294227253
HTML,induction,rms,layer_11.head_14,layer_11.head_14,identity,0.01771245862529176,0.012672764812914584,0.023672887764798832
HTML,induction,rms,layer_11.head_14,layer_11.head_15,within_layer,0.01705289987221583,0.012171404252736278,0.022105692931113072
HTML,induction,rms,layer_11.head_14,layer_12.head_02,earlier_to_later,0.005136278004222208,0.0032750741943490345,0.00742580681585855
HTML,induction,rms,layer_11.head_14,layer_12.head_03,earlier_to_later,0.007998292703724076,0.005318979800426642,0.01122320870956865
HTML,induction,rms,layer_11.head_14,layer_12.head_12,earlier_to_later,0.005211785106642217,0.0035354736225301216,0.007243265738523088
HTML,induction,rms,layer_11.head_15,layer_09.head_04,later_to_earlier,-0.0012891328404224646,-0.0019116074693373928,-0.0007533582504528235
HTML,induction,rms,layer_11.head_15,layer_09.head_11,later_to_earlier,0.002083914066781989,0.0008236553710771002,0.003947198256965423
HTML,induction,rms,layer_11.head_15,layer_09.head_13,later_to_earlier,-0.0012285343793073692,-0.0018438972883796669,-0.0007400060988033784
HTML,induction,rms,layer_11.head_15,layer_10.head_02,later_to_earlier,0.006978340778724481,0.004293644881972775,0.00974924773017616
HTML,induction,rms,layer_11.head_15,layer_10.head_12,later_to_earlier,-0.0005173119606022155,-0.0008744031897001518,-0.00014553750638044102
HTML,induction,rms,layer_11.head_15,layer_11.head_08,within_layer,0.0064937377884184124,0.0030022961871441424,0.01102980435162273
HTML,induction,rms,layer_11.head_15,layer_11.head_09,within_layer,-0.005231911483812265,-0.010268796983342801,-0.001400935618640959
HTML,induction,rms,layer_11.head_15,layer_11.head_14,within_layer,0.019908669449808323,0.014277250252761197,0.026311008131896043
HTML,induction,rms,layer_11.head_15,layer_11.head_15,identity,0.017417448762970134,0.013120440975380088,0.021890387766943322
HTML,induction,rms,layer_11.head_15,layer_12.head_02,earlier_to_later,0.005374914386239887,0.0034062942724270005,0.007843436583218696
HTML,induction,rms,layer_11.head_15,layer_12.head_03,earlier_to_later,0.007599713093212215,0.005091305913256345,0.01060991884020538
HTML,induction,rms,layer_11.head_15,layer_12.head_12,earlier_to_later,0.004956704776084971,0.0033772368046456488,0.006825489816950177
HTML,induction,rms,layer_12.head_02,layer_09.head_04,later_to_earlier,-0.00010468371171011395,-0.00023192808822016065,1.9854326432295142e-05
HTML,induction,rms,layer_12.head_02,layer_09.head_11,later_to_earlier,-4.209974048704698e-05,-0.0009744985187481215,0.0008300802170213957
HTML,induction,rms,layer_12.head_02,layer_09.head_13,later_to_earlier,0.0012738721173832883,0.0006736277484790165,0.0018682222527478588
HTML,induction,rms,layer_12.head_02,layer_10.head_02,later_to_earlier,0.0020085685756498378,-0.0003638909147873533,0.004355808131100916
HTML,induction,rms,layer_12.head_02,layer_10.head_12,later_to_earlier,0.000568392671228808,6.608191532464057e-05,0.0010787647734937674
HTML,induction,rms,layer_12.head_02,layer_11.head_08,later_to_earlier,0.010454599580553198,0.006880647215362832,0.014558400149844834
HTML,induction,rms,layer_12.head_02,layer_11.head_09,later_to_earlier,0.006021630813762804,0.002884648837071121,0.010045877958767742
HTML,induction,rms,layer_12.head_02,layer_11.head_14,later_to_earlier,0.014894442598909272,0.010398587057590393,0.02012714196824731
HTML,induction,rms,layer_12.head_02,layer_11.head_15,later_to_earlier,-0.002468133360001312,-0.004842708422146872,-0.0005117598972183342
HTML,induction,rms,layer_12.head_02,layer_12.head_02,identity,0.008001651909778843,0.005615078124165524,0.010787494564436612
HTML,induction,rms,layer_12.head_02,layer_12.head_03,within_layer,0.01640339564997736,0.011844438950084328,0.021463139513684056
HTML,induction,rms,layer_12.head_02,layer_12.head_12,within_layer,0.0035524065775684494,0.002397647775905607,0.00486068303646061
HTML,induction,rms,layer_12.head_03,layer_09.head_04,later_to_earlier,2.7069890716239424e-05,-0.0002755192189688155,0.0002910027964081832
HTML,induction,rms,layer_12.head_03,layer_09.head_11,later_to_earlier,-0.0009860712728664766,-0.0028866144546357613,0.0006001546376279901
HTML,induction,rms,layer_12.head_03,layer_09.head_13,later_to_earlier,0.0019469023256685365,0.0011127078587929871,0.002848890436031249
HTML,induction,rms,layer_12.head_03,layer_10.head_02,later_to_earlier,0.0017771238959418453,-4.449464429891248e-05,0.0037887772443132473
HTML,induction,rms,layer_12.head_03,layer_10.head_12,later_to_earlier,0.0008657170380658319,0.0003692424936629366,0.0014715346653639844
HTML,induction,rms,layer_12.head_03,layer_11.head_08,later_to_earlier,0.011076699145836293,0.007904932740195178,0.014892384089337202
HTML,induction,rms,layer_12.head_03,layer_11.head_09,later_to_earlier,0.011359640108053942,0.00723785566173546,0.016375869720740056
HTML,induction,rms,layer_12.head_03,layer_11.head_14,later_to_earlier,0.015222738614697967,0.010421162038090941,0.020827159551601488
HTML,induction,rms,layer_12.head_03,layer_11.head_15,later_to_earlier,-0.004107327793587939,-0.007468731797083997,-0.001463019860461792
HTML,induction,rms,layer_12.head_03,layer_12.head_02,within_layer,0.00859791675633147,0.005977303450676857,0.011629473600104061
HTML,induction,rms,layer_12.head_03,layer_12.head_03,identity,0.019856971153188845,0.014652022869519063,0.02553172742888608
HTML,induction,rms,layer_12.head_03,layer_12.head_12,within_layer,0.004118623268242882,0.0028292679189925534,0.005479093971612398
HTML,induction,rms,layer_12.head_12,layer_09.head_04,later_to_earlier,-9.468112735803658e-05,-0.00042431451502622736,0.00018960078851577947
HTML,induction,rms,layer_12.head_12,layer_09.head_11,later_to_earlier,0.0018133363680854883,0.0009842955807621437,0.002685451667392004
HTML,induction,rms,layer_12.head_12,layer_09.head_13,later_to_earlier,0.0011960735977747188,0.0007032167883711441,0.0018076663018518745
HTML,induction,rms,layer_12.head_12,layer_10.head_02,later_to_earlier,-0.005235137937737719,-0.008358547665808232,-0.0026353469064184527
HTML,induction,rms,layer_12.head_12,layer_10.head_12,later_to_earlier,-0.0003100743430826896,-0.0008399334874095394,0.000219533846996685
HTML,induction,rms,layer_12.head_12,layer_11.head_08,later_to_earlier,0.003384232717056921,0.000992639595141452,0.005466385013187794
HTML,induction,rms,layer_12.head_12,layer_11.head_09,later_to_earlier,0.00424464544178198,0.0021467372158589394,0.00658338529121432
HTML,induction,rms,layer_12.head_12,layer_11.head_14,later_to_earlier,0.013479835908960085,0.009065131558612771,0.01880987808305421
HTML,induction,rms,layer_12.head_12,layer_11.head_15,later_to_earlier,-3.817489492477773e-05,-0.0014527290337952095,0.0010880844795841164
HTML,induction,rms,layer_12.head_12,layer_12.head_02,within_layer,-0.0011058483244961996,-0.0016879494370561194,-0.0005789735311415192
HTML,induction,rms,layer_12.head_12,layer_12.head_03,within_layer,0.003156112612413439,0.0020687548491169694,0.0045609657109177085
HTML,induction,rms,layer_12.head_12,layer_12.head_12,identity,0.020975298177840378,0.014682925320422592,0.028536012375247242
HTML,induction,aligned,layer_09.head_04,layer_09.head_04,identity,0.0006678586470737876,0.00022141059352119357,0.0012588738762738
HTML,induction,aligned,layer_09.head_04,layer_09.head_11,within_layer,0.0003088795739188812,7.809642497586711e-05,0.0006054853554243963
HTML,induction,aligned,layer_09.head_04,layer_09.head_13,within_layer,6.725915490753476e-05,-2.9930535118738014e-05,0.0001801041569649053
HTML,induction,aligned,layer_09.head_04,layer_10.head_02,earlier_to_later,0.0006272422673360101,0.00034408071962863535,0.0009837114620893082
HTML,induction,aligned,layer_09.head_04,layer_10.head_12,earlier_to_later,0.00023590053378750992,6.000135274295298e-05,0.0004567875612707708
HTML,induction,aligned,layer_09.head_04,layer_11.head_08,earlier_to_later,0.0001204465841079924,-2.2608928182322286e-05,0.00029929262163937685
HTML,induction,aligned,layer_09.head_04,layer_11.head_09,earlier_to_later,0.0005383271998554837,0.00033293770727657205,0.0007833660591700474
HTML,induction,aligned,layer_09.head_04,layer_11.head_14,earlier_to_later,3.404803525268579e-05,-2.706870505778801e-05,9.830814814804508e-05
HTML,induction,aligned,layer_09.head_04,layer_11.head_15,earlier_to_later,0.0001434531053009413,5.5323105558187685e-05,0.00025102365712484083
HTML,induction,aligned,layer_09.head_04,layer_12.head_02,earlier_to_later,2.9009226170537173e-05,-1.0890459301442871e-05,7.10598104823862e-05
HTML,induction,aligned,layer_09.head_04,layer_12.head_03,earlier_to_later,-0.00018625123742480385,-0.000268363918493142,-0.00011185586603690757
HTML,induction,aligned,layer_09.head_04,layer_12.head_12,earlier_to_later,0.0002582490661656078,0.00011089707523796982,0.0004440696507671741
HTML,induction,aligned,layer_09.head_11,layer_09.head_04,within_layer,0.004384554642413461,0.002725773359690997,0.006617424863554959
HTML,induction,aligned,layer_09.head_11,layer_09.head_11,identity,0.007068998939381192,0.003684557000637421,0.011603534302716876
HTML,induction,aligned,layer_09.head_11,layer_09.head_13,within_layer,0.0023158320366901373,0.0013328388758906552,0.0036074827160194247
HTML,induction,aligned,layer_09.head_11,layer_10.head_02,earlier_to_later,0.008454544456674458,0.005992001516180052,0.011196027491357338
HTML,induction,aligned,layer_09.head_11,layer_10.head_12,earlier_to_later,0.005307580197520133,0.0036513188907419994,0.007276644198380625
HTML,induction,aligned,layer_09.head_11,layer_11.head_08,earlier_to_later,0.00320491344951489,0.002159817491133817,0.004377695162440652
HTML,induction,aligned,layer_09.head_11,layer_11.head_09,earlier_to_later,0.00732591471242197,0.005056090955309014,0.010057775808193928
HTML,induction,aligned,layer_09.head_11,layer_11.head_14,earlier_to_later,0.0009323874661390262,0.0005040689390485652,0.0014941086856235114
HTML,induction,aligned,layer_09.head_11,layer_11.head_15,earlier_to_later,0.003293245561992785,0.002348667465749179,0.004364691476888218
HTML,induction,aligned,layer_09.head_11,layer_12.head_02,earlier_to_later,-0.0010190399755895384,-0.0015787521771420854,-0.0005772841138680662
HTML,induction,aligned,layer_09.head_11,layer_12.head_03,earlier_to_later,0.002345857105241497,0.001520469209704232,0.003454561135955146
HTML,induction,aligned,layer_09.head_11,layer_12.head_12,earlier_to_later,0.0038624347459974653,0.0027396930981564574,0.005215647365592778
HTML,induction,aligned,layer_09.head_13,layer_09.head_04,within_layer,0.0019071690361822696,0.0011642841464369646,0.0028212029164134647
HTML,induction,aligned,layer_09.head_13,layer_09.head_11,within_layer,0.001549604061796122,0.0008081208196596238,0.0025001080630989536
HTML,induction,aligned,layer_09.head_13,layer_09.head_13,identity,0.0071514033806937185,0.005036380986569433,0.009565766985463358
HTML,induction,aligned,layer_09.head_13,layer_10.head_02,earlier_to_later,0.004944405002712624,0.0034184144006650847,0.006584102412102434
HTML,induction,aligned,layer_09.head_13,layer_10.head_12,earlier_to_later,0.0009882183942623063,0.00040286686069844274,0.0015600752053959715
HTML,induction,aligned,layer_09.head_13,layer_11.head_08,earlier_to_later,0.0019525760362386992,0.0010016381553330908,0.0032579348646533733
HTML,induction,aligned,layer_09.head_13,layer_11.head_09,earlier_to_later,0.003387205210387169,0.0023734882626986623,0.004437763748295969
HTML,induction,aligned,layer_09.head_13,layer_11.head_14,earlier_to_later,0.0032950232861592246,0.0022782853193055374,0.004595022431130567
HTML,induction,aligned,layer_09.head_13,layer_11.head_15,earlier_to_later,0.0022158061931693636,0.0015142801186774713,0.003106532558632847
HTML,induction,aligned,layer_09.head_13,layer_12.head_02,earlier_to_later,0.002292179070345756,0.0016614298990182865,0.0029422220093243516
HTML,induction,aligned,layer_09.head_13,layer_12.head_03,earlier_to_later,0.0013687090841974737,0.000891661853382078,0.0019868523822447323
HTML,induction,aligned,layer_09.head_13,layer_12.head_12,earlier_to_later,0.0009291148375598988,0.0005701596872608985,0.0014092530850813476
HTML,induction,aligned,layer_10.head_02,layer_09.head_04,later_to_earlier,0.0066125624878161145,0.0041835350526108605,0.009580649058767998
HTML,induction,aligned,layer_10.head_02,layer_09.head_11,later_to_earlier,0.009446907026103984,0.006020632135242361,0.013499795843202468
HTML,induction,aligned,layer_10.head_02,layer_09.head_13,later_to_earlier,0.006858113524221439,0.004657517881204676,0.009400020788357694
HTML,induction,aligned,layer_10.head_02,layer_10.head_02,identity,0.031388715739148296,0.022107757790611516,0.0419099100874366
HTML,induction,aligned,layer_10.head_02,layer_10.head_12,within_layer,0.008742235636388795,0.005884669721015444,0.012059966041540342
HTML,induction,aligned,layer_10.head_02,layer_11.head_08,earlier_to_later,0.010811379585826892,0.007304802805174713,0.014765168074758986
HTML,induction,aligned,layer_10.head_02,layer_11.head_09,earlier_to_later,0.021279329413123514,0.015044537641568725,0.028131027650243032
HTML,induction,aligned,layer_10.head_02,layer_11.head_14,earlier_to_later,0.004475334011536065,0.0030278718352015712,0.0061436921857146234
HTML,induction,aligned,layer_10.head_02,layer_11.head_15,earlier_to_later,0.00847323941958062,0.005622103338651361,0.01174972896391613
HTML,induction,aligned,layer_10.head_02,layer_12.head_02,earlier_to_later,0.003037836237028113,0.0020146401290152454,0.004244055914426168
HTML,induction,aligned,layer_10.head_02,layer_12.head_03,earlier_to_later,0.00783217361530103,0.005616790697574158,0.010262714249240123
HTML,induction,aligned,layer_10.head_02,layer_12.head_12,earlier_to_later,0.007765001037869134,0.005379400654369826,0.010483630041466506
HTML,induction,aligned,layer_10.head_12,layer_09.head_04,later_to_earlier,2.575391308653738e-05,-0.00019256580776307454,0.00030687912188796383
HTML,induction,aligned,layer_10.head_12,layer_09.head_11,later_to_earlier,0.0007292132181427908,0.0003964846806769717,0.0011286474121148004
HTML,induction,aligned,layer_10.head_12,layer_09.head_13,later_to_earlier,0.00014920762151503312,-2.526509402996541e-05,0.00036332270476105427
HTML,induction,aligned,layer_10.head_12,layer_10.head_02,within_layer,0.0014207075160658322,0.0008967881800002414,0.0020493286189411015
HTML,induction,aligned,layer_10.head_12,layer_10.head_12,identity,0.0024458771769305617,0.0016019303243146132,0.003396835582545066
HTML,induction,aligned,layer_10.head_12,layer_11.head_08,earlier_to_later,0.001550764199969675,0.0010320764141050454,0.002122855264616978
HTML,induction,aligned,layer_10.head_12,layer_11.head_09,earlier_to_later,0.002523479454261018,0.0017278283750638884,0.0034015609637017843
HTML,induction,aligned,layer_10.head_12,layer_11.head_14,earlier_to_later,0.0004598649196003539,0.0002817785470566615,0.0006845682934343684
HTML,induction,aligned,layer_10.head_12,layer_11.head_15,earlier_to_later,0.0011130227113107594,0.0007678714458529715,0.0014915018859266633
HTML,induction,aligned,layer_10.head_12,layer_12.head_02,earlier_to_later,-8.37031034471011e-05,-0.00029360740578587824,7.850542144115587e-05
HTML,induction,aligned,layer_10.head_12,layer_12.head_03,earlier_to_later,0.00017000930299506019,5.433691864043063e-06,0.00043617609314805403
HTML,induction,aligned,layer_10.head_12,layer_12.head_12,earlier_to_later,0.0015904513148022683,0.001103357738071524,0.0021254337002821256
HTML,induction,aligned,layer_11.head_08,layer_09.head_04,later_to_earlier,0.000232431662930269,-0.0006649475291424663,0.0012032788721002903
HTML,induction,aligned,layer_11.head_08,layer_09.head_11,later_to_earlier,0.0028776794507606907,0.0016993544997879612,0.004236823048379782
HTML,induction,aligned,layer_11.head_08,layer_09.head_13,later_to_earlier,0.003270088973175396,0.0019818037559474057,0.004849708859072521
HTML,induction,aligned,layer_11.head_08,layer_10.head_02,later_to_earlier,0.00558002796969042,0.0033257463058879184,0.008278478280937375
HTML,induction,aligned,layer_11.head_08,layer_10.head_12,later_to_earlier,0.013644136870394726,0.00926863208003236,0.01846230457167974
HTML,induction,aligned,layer_11.head_08,layer_11.head_08,identity,0.12042913586073542,0.0908586957905991,0.15103752478574664
HTML,induction,aligned,layer_11.head_08,layer_11.head_09,within_layer,0.02941301774508246,0.020665417230624726,0.03888643770721747
HTML,induction,aligned,layer_11.head_08,layer_11.head_14,within_layer,0.009642041112529278,0.006221455472101998,0.0136817159446884
HTML,induction,aligned,layer_11.head_08,layer_11.head_15,within_layer,0.005730580427993702,0.0034239155374995375,0.008279659495142075
HTML,induction,aligned,layer_11.head_08,layer_12.head_02,earlier_to_later,0.01228387774781955,0.00887355008290237,0.01588726592227626
HTML,induction,aligned,layer_11.head_08,layer_12.head_03,earlier_to_later,0.020399915818411704,0.014582665211859627,0.026605869575641025
HTML,induction,aligned,layer_11.head_08,layer_12.head_12,earlier_to_later,0.021297222091422093,0.015508365300689511,0.027498776132404496
HTML,induction,aligned,layer_11.head_09,layer_09.head_04,later_to_earlier,0.0014983213370597067,0.0003913344880782629,0.0029731810971483016
HTML,induction,aligned,layer_11.head_09,layer_09.head_11,later_to_earlier,0.0037456128722028626,0.0018806416237152367,0.006054898829478934
HTML,induction,aligned,layer_11.head_09,layer_09.head_13,later_to_earlier,0.005122546816585975,0.003469500391983229,0.007015993015481384
HTML,induction,aligned,layer_11.head_09,layer_10.head_02,later_to_earlier,0.011044215276976806,0.0073445140138331385,0.015263156673422481
HTML,induction,aligned,layer_11.head_09,layer_10.head_12,later_to_earlier,0.010285305984690081,0.007070415037891506,0.013901053322456738
HTML,induction,aligned,layer_11.head_09,layer_11.head_08,within_layer,0.002650973444885967,0.001294318080221014,0.0042852707584528985
HTML,induction,aligned,layer_11.head_09,layer_11.head_09,identity,0.041301611598296116,0.03059544398640097,0.05331164562946692
HTML,induction,aligned,layer_11.head_09,layer_11.head_14,within_layer,-0.00016662123778174833,-0.0015126785267432063,0.001037379779269918
HTML,induction,aligned,layer_11.head_09,layer_11.head_15,within_layer,-0.004547297209286614,-0.006622415433169971,-0.0028369801677707055
HTML,induction,aligned,layer_11.head_09,layer_12.head_02,earlier_to_later,-0.0004471553461766526,-0.0016596264004971625,0.0004092151212362349
HTML,induction,aligned,layer_11.head_09,layer_12.head_03,earlier_to_later,0.006458252567070131,0.004611148789557022,0.008528140855748855
HTML,induction,aligned,layer_11.head_09,layer_12.head_12,earlier_to_later,0.008787596461791551,0.006414670739187227,0.011364355208823201
HTML,induction,aligned,layer_11.head_14,layer_09.head_04,later_to_earlier,0.0004669007824538925,-0.000303085531194421,0.0013632509311456349
HTML,induction,aligned,layer_11.head_14,layer_09.head_11,later_to_earlier,0.000754488069197463,-0.00037320891698506105,0.002063350244248122
HTML,induction,aligned,layer_11.head_14,layer_09.head_13,later_to_earlier,0.0052427856147524345,0.003525251168988187,0.007284785911732416
HTML,induction,aligned,layer_11.head_14,layer_10.head_02,later_to_earlier,0.000740947352007634,-0.0010114757040084821,0.002529169671000441
HTML,induction,aligned,layer_11.head_14,layer_10.head_12,later_to_earlier,-0.00237001799277629,-0.004210274667188104,-0.0008047864949270145
HTML,induction,aligned,layer_11.head_14,layer_11.head_08,within_layer,-0.0009456915382287771,-0.002222547778253826,0.0001578532595269621
HTML,induction,aligned,layer_11.head_14,layer_11.head_09,within_layer,0.006850806385277567,0.004677672246340474,0.009289262402030362
HTML,induction,aligned,layer_11.head_14,layer_11.head_14,identity,0.017708822371314954,0.012672733539432001,0.02366520862840305
HTML,induction,aligned,layer_11.head_14,layer_11.head_15,within_layer,0.008760214892163014,0.005946056770301467,0.012249837957601217
HTML,induction,aligned,layer_11.head_14,layer_12.head_02,earlier_to_later,0.0022305301358595824,0.0016480349274047058,0.0028792619271142653
HTML,induction,aligned,layer_11.head_14,layer_12.head_03,earlier_to_later,-0.0009610272950801733,-0.0016623257161348711,-0.0003898121952942909
HTML,induction,aligned,layer_11.head_14,layer_12.head_12,earlier_to_later,-0.0044005368444162895,-0.006096072846934008,-0.002914896332029885
HTML,induction,aligned,layer_11.head_15,layer_09.head_04,later_to_earlier,0.0004795757248873385,-0.0011907890881131986,0.0019247582763022774
HTML,induction,aligned,layer_11.head_15,layer_09.head_11,later_to_earlier,0.0016071780830955863,-0.0006770924874144407,0.003697871363813489
HTML,induction,aligned,layer_11.head_15,layer_09.head_13,later_to_earlier,-0.0036399017744485076,-0.0055861174068512895,-0.002199428946694753
HTML,induction,aligned,layer_11.head_15,layer_10.head_02,later_to_earlier,0.005628638336345467,0.00261940554406024,0.008798699405721023
HTML,induction,aligned,layer_11.head_15,layer_10.head_12,later_to_earlier,0.006581602382527861,0.00349599441019772,0.0099244798164934
HTML,induction,aligned,layer_11.head_15,layer_11.head_08,within_layer,0.00806334701891869,0.005355480768758837,0.011212062628443386
HTML,induction,aligned,layer_11.head_15,layer_11.head_09,within_layer,0.010213458223573717,0.0072726620356041985,0.013349489224559948
HTML,induction,aligned,layer_11.head_15,layer_11.head_14,within_layer,0.005970902184870474,0.003722120292117685,0.008190298753256334
HTML,induction,aligned,layer_11.head_15,layer_11.head_15,identity,0.01740779248852061,0.013111389024473823,0.021881940903916312
HTML,induction,aligned,layer_11.head_15,layer_12.head_02,earlier_to_later,0.0031115078969645906,0.0021966742942611224,0.004188788015598979
HTML,induction,aligned,layer_11.head_15,layer_12.head_03,earlier_to_later,0.00740296866574005,0.005175731719990645,0.009944636907014892
HTML,induction,aligned,layer_11.head_15,layer_12.head_12,earlier_to_later,0.0060587090606628305,0.0042131921049453,0.008246215848732698
HTML,induction,aligned,layer_12.head_02,layer_09.head_04,later_to_earlier,0.0004898091825077846,5.533171885353723e-05,0.0010215079565812236
HTML,induction,aligned,layer_12.head_02,layer_09.head_11,later_to_earlier,8.405518518136348e-05,-0.00013389249947689112,0.00031939568212062706
HTML,induction,aligned,layer_12.head_02,layer_09.head_13,later_to_earlier,0.0010086853095031987,0.0005338538226007887,0.001609139919121935
HTML,induction,aligned,layer_12.head_02,layer_10.head_02,later_to_earlier,0.0030380901976233186,0.0019364189461351586,0.00433754226247852
HTML,induction,aligned,layer_12.head_02,layer_10.head_12,later_to_earlier,0.0014849306874943175,0.0009911822645622718,0.0020143593674162084
HTML,induction,aligned,layer_12.head_02,layer_11.head_08,later_to_earlier,0.006419200353725552,0.004359172171474239,0.008749136188289272
HTML,induction,aligned,layer_12.head_02,layer_11.head_09,later_to_earlier,0.004876332019534089,0.0034058118914790164,0.006534011065156437
HTML,induction,aligned,layer_12.head_02,layer_11.head_14,later_to_earlier,0.004677544363636861,0.0031862897107256486,0.00637747952090794
HTML,induction,aligned,layer_12.head_02,layer_11.head_15,later_to_earlier,0.001934319732542438,0.0010203399795026802,0.0031018337794759274
HTML,induction,aligned,layer_12.head_02,layer_12.head_02,identity,0.008001651909778843,0.005615078124165524,0.010787494564436612
HTML,induction,aligned,layer_12.head_02,layer_12.head_03,within_layer,0.0011809975733502375,0.0008568825241684236,0.0015977371928272456
HTML,induction,aligned,layer_12.head_02,layer_12.head_12,within_layer,0.0012692257928573667,0.0008265366385933097,0.001806408582404966
HTML,induction,aligned,layer_12.head_03,layer_09.head_04,later_to_earlier,0.00021565871998327715,-0.00015920605124291522,0.0006823380268216793
HTML,induction,aligned,layer_12.head_03,layer_09.head_11,later_to_earlier,0.0028779391831876056,0.001705567556532845,0.00422740399791528
HTML,induction,aligned,layer_12.head_03,layer_09.head_13,later_to_earlier,-0.00022435687036907094,-0.0005504251062672802,0.0001554793311855491
HTML,induction,aligned,layer_12.head_03,layer_10.head_02,later_to_earlier,0.0030876009700250037,0.001170662651517243,0.0051133858761370585
HTML,induction,aligned,layer_12.head_03,layer_10.head_12,later_to_earlier,0.0013308400963532847,0.00030523598099219687,0.0023871481898463656
HTML,induction,aligned,layer_12.head_03,layer_11.head_08,later_to_earlier,0.008807751698120146,0.00596840505312051,0.0120849516088839
HTML,induction,aligned,layer_12.head_03,layer_11.head_09,later_to_earlier,0.009758522448253036,0.007110156516939744,0.012687764684499827
HTML,induction,aligned,layer_12.head_03,layer_11.head_14,later_to_earlier,0.001650478364578151,0.000837684953885016,0.002498886804111957
HTML,induction,aligned,layer_12.head_03,layer_11.head_15,later_to_earlier,0.007265281620316619,0.004974119064351143,0.009860770935298049
HTML,induction,aligned,layer_12.head_03,layer_12.head_02,within_layer,-0.0005575935741008584,-0.0017804380577401333,0.0004074200542326313
HTML,induction,aligned,layer_12.head_03,layer_12.head_03,identity,0.019856971153188845,0.014652022869519063,0.02553172742888608
HTML,induction,aligned,layer_12.head_03,layer_12.head_12,within_layer,0.006890124102880771,0.004947592371627212,0.009047865364290539
HTML,induction,aligned,layer_12.head_12,layer_09.head_04,later_to_earlier,0.0018355059736806004,0.0010354479804739966,0.002850994717164382
HTML,induction,aligned,layer_12.head_12,layer_09.head_11,later_to_earlier,0.0014528508468544755,0.0007259135892675448,0.002316555842525539
HTML,induction,aligned,layer_12.head_12,layer_09.head_13,later_to_earlier,-0.0004303708595662423,-0.0006440263938668612,-0.00022342014862557295
HTML,induction,aligned,layer_12.head_12,layer_10.head_02,later_to_earlier,0.0029322117167493965,0.0018985763544849237,0.004165890140584921
HTML,induction,aligned,layer_12.head_12,layer_10.head_12,later_to_earlier,0.004895875441701506,0.0034029673725999208,0.006657233117301091
HTML,induction,aligned,layer_12.head_12,layer_11.head_08,later_to_earlier,0.007559564231842884,0.005131677219069214,0.01048188244617583
HTML,induction,aligned,layer_12.head_12,layer_11.head_09,later_to_earlier,0.010563104244854815,0.0073234943003755845,0.014475342606162003
HTML,induction,aligned,layer_12.head_12,layer_11.head_14,later_to_earlier,0.002601451128820864,0.0015530442464074857,0.004053755342625326
HTML,induction,aligned,layer_12.head_12,layer_11.head_15,later_to_earlier,0.0061127103181342875,0.003892735418958889,0.008974603270770065
HTML,induction,aligned,layer_12.head_12,layer_12.head_02,within_layer,0.000496654574914919,0.00024139288926399845,0.000744960738153919
HTML,induction,aligned,layer_12.head_12,layer_12.head_03,within_layer,0.007660819475517722,0.005217861233577389,0.010615111467619157
HTML,induction,aligned,layer_12.head_12,layer_12.head_12,identity,0.020975298177840378,0.014682925320422592,0.028536012375247242
HTML,rescue,raw,layer_09.head_04,layer_09.head_04,identity,0.012759053893986537,0.011063490618499847,0.014593263545141911
HTML,rescue,raw,layer_09.head_04,layer_09.head_11,within_layer,0.00332097632743973,0.002381438355897797,0.004322750182945604
HTML,rescue,raw,layer_09.head_04,layer_09.head_13,within_layer,-0.0004415811997034739,-0.0011381507620751856,0.00017953933525953014
HTML,rescue,raw,layer_09.head_04,layer_10.head_02,earlier_to_later,0.0021924620198214254,0.0015139816970144674,0.002830533166232932
HTML,rescue,raw,layer_09.head_04,layer_10.head_12,earlier_to_later,0.00012036144959028141,-0.0005224666204663785,0.0007760742396453372
HTML,rescue,raw,layer_09.head_04,layer_11.head_08,earlier_to_later,0.0002472349683064897,-0.000206413385402025,0.0007452003139172301
HTML,rescue,raw,layer_09.head_04,layer_11.head_09,earlier_to_later,-0.0037742700166391373,-0.00472421678197869,-0.0028564997184764547
HTML,rescue,raw,layer_09.head_04,layer_11.head_14,earlier_to_later,-0.002045402962660149,-0.0026851832174666886,-0.001382527571082551
HTML,rescue,raw,layer_09.head_04,layer_11.head_15,earlier_to_later,0.0029033756455301356,0.0022375910072765025,0.0034991954336553157
HTML,rescue,raw,layer_09.head_04,layer_12.head_02,earlier_to_later,-0.009186955269584157,-0.010754645091998576,-0.007783405334915764
HTML,rescue,raw,layer_09.head_04,layer_12.head_03,earlier_to_later,0.00487283573247623,0.003975481320378236,0.005692219756127669
HTML,rescue,raw,layer_09.head_04,layer_12.head_12,earlier_to_later,-0.00527569371324255,-0.006246695639401797,-0.004286075990721744
HTML,rescue,raw,layer_09.head_11,layer_09.head_04,within_layer,0.03812842157881302,0.03332177117074006,0.042841370398232215
HTML,rescue,raw,layer_09.head_11,layer_09.head_11,identity,0.05804406628724194,0.05159979165922983,0.06428095057332146
HTML,rescue,raw,layer_09.head_11,layer_09.head_13,within_layer,0.018834306467285917,0.015708621666637685,0.0217597368485192
HTML,rescue,raw,layer_09.head_11,layer_10.head_02,earlier_to_later,0.01385543352856376,0.010565814646992586,0.01729835565106572
HTML,rescue,raw,layer_09.head_11,layer_10.head_12,earlier_to_later,-0.015100508534591826,-0.017462719023155687,-0.012895401702833724
HTML,rescue,raw,layer_09.head_11,layer_11.head_08,earlier_to_later,-0.009913064685225315,-0.012996829252799939,-0.006711401424377721
HTML,rescue,raw,layer_09.head_11,layer_11.head_09,earlier_to_later,-0.018630845070662146,-0.023557661073711263,-0.014927957945104346
HTML,rescue,raw,layer_09.head_11,layer_11.head_14,earlier_to_later,0.022027628635770766,0.018854900712668102,0.02522594866091293
HTML,rescue,raw,layer_09.head_11,layer_11.head_15,earlier_to_later,0.01773880703704435,0.015769752736028025,0.02010991051544534
HTML,rescue,raw,layer_09.head_11,layer_12.head_02,earlier_to_later,0.03441558693888682,0.030525445084258362,0.03834369852944307
HTML,rescue,raw,layer_09.head_11,layer_12.head_03,earlier_to_later,0.02409398479049331,0.021107068003773218,0.02699575141113754
HTML,rescue,raw,layer_09.head_11,layer_12.head_12,earlier_to_later,0.042222811811624746,0.038802506671995696,0.04556928802589508
HTML,rescue,raw,layer_09.head_13,layer_09.head_04,within_layer,-0.0005468161213418183,-0.0018229497611141363,0.0008209815928829504
HTML,rescue,raw,layer_09.head_13,layer_09.head_11,within_layer,0.00734869036034655,0.005576794152840543,0.00929923660967607
HTML,rescue,raw,layer_09.head_13,layer_09.head_13,identity,0.04820569054729185,0.0426765218283178,0.0538526430447539
HTML,rescue,raw,layer_09.head_13,layer_10.head_02,earlier_to_later,0.004870972873792079,0.002556096439476148,0.007132571337276914
HTML,rescue,raw,layer_09.head_13,layer_10.head_12,earlier_to_later,-0.004617761173750692,-0.007658949808070091,-0.0011744793818802245
HTML,rescue,raw,layer_09.head_13,layer_11.head_08,earlier_to_later,-0.0038554493866713824,-0.00534852893914613,-0.0022075737597200295
HTML,rescue,raw,layer_09.head_13,layer_11.head_09,earlier_to_later,-0.007286436826488836,-0.009019196264245796,-0.005461383502982778
HTML,rescue,raw,layer_09.head_13,layer_11.head_14,earlier_to_later,0.0010419151876111027,-0.0012753037797317939,0.0034104876480629616
HTML,rescue,raw,layer_09.head_13,layer_11.head_15,earlier_to_later,0.011090916610294028,0.008467907345112213,0.013843860145312668
HTML,rescue,raw,layer_09.head_13,layer_12.head_02,earlier_to_later,0.03613048760308742,0.0319538826592518,0.04036125965420851
HTML,rescue,raw,layer_09.head_13,layer_12.head_03,earlier_to_later,-0.002005310376649983,-0.00490086126818044,0.0006965603163521813
HTML,rescue,raw,layer_09.head_13,layer_12.head_12,earlier_to_later,-0.0015657161300124082,-0.003069992089660796,-8.838865889049694e-05
HTML,rescue,raw,layer_10.head_02,layer_09.head_04,later_to_earlier,-0.0014604739935844273,-0.005982170406202621,0.0032862401847750713
HTML,rescue,raw,layer_10.head_02,layer_09.head_11,later_to_earlier,0.019677946249063983,0.016246673500812554,0.023606122317479078
HTML,rescue,raw,layer_10.head_02,layer_09.head_13,later_to_earlier,0.030609687284481157,0.02796356788434566,0.03327620140522039
HTML,rescue,raw,layer_10.head_02,layer_10.head_02,identity,0.1884789869807375,0.17323980101098652,0.20545511563856111
HTML,rescue,raw,layer_10.head_02,layer_10.head_12,within_layer,0.032771262789868624,0.029759280410534335,0.036275656323239445
HTML,rescue,raw,layer_10.head_02,layer_11.head_08,earlier_to_later,0.07496265563558423,0.07047001010180115,0.07963351804266297
HTML,rescue,raw,layer_10.head_02,layer_11.head_09,earlier_to_later,0.013983939032695751,0.00983661821850369,0.017815673611469716
HTML,rescue,raw,layer_10.head_02,layer_11.head_14,earlier_to_later,-0.00014119487614470917,-0.0023492488625592063,0.002311640955581825
HTML,rescue,raw,layer_10.head_02,layer_11.head_15,earlier_to_later,0.06521963632730216,0.05983759765889106,0.07129278932008484
HTML,rescue,raw,layer_10.head_02,layer_12.head_02,earlier_to_later,0.024195620975060957,0.02110356612619112,0.027515131792830386
HTML,rescue,raw,layer_10.head_02,layer_12.head_03,earlier_to_later,0.022785705341333437,0.018962300708457825,0.02642092901394228
HTML,rescue,raw,layer_10.head_02,layer_12.head_12,earlier_to_later,-0.0059000024471123486,-0.00914154720806199,-0.002273044027486865
HTML,rescue,raw,layer_10.head_12,layer_09.head_04,later_to_earlier,-0.005785479205295943,-0.006855721325967319,-0.00482468255493284
HTML,rescue,raw,layer_10.head_12,layer_09.head_11,later_to_earlier,0.0013566574995886236,0.0005148666363957552,0.00222803603858986
HTML,rescue,raw,layer_10.head_12,layer_09.head_13,later_to_earlier,0.0025952492956493075,0.001713603648228567,0.0035683184725066267
HTML,rescue,raw,layer_10.head_12,layer_10.head_02,within_layer,-0.0014187494221584796,-0.0025803943067867867,-0.0002761116387457813
HTML,rescue,raw,layer_10.head_12,layer_10.head_12,identity,0.02223469021242316,0.02052205676777424,0.024272776249262672
HTML,rescue,raw,layer_10.head_12,layer_11.head_08,earlier_to_later,-0.0005395248549351468,-0.0016598879745543483,0.0006467416404852874
HTML,rescue,raw,layer_10.head_12,layer_11.head_09,earlier_to_later,-0.0011553114792862834,-0.0023596453812541546,-7.597502585838752e-05
HTML,rescue,raw,layer_10.head_12,layer_11.head_14,earlier_to_later,-0.0017200650106224285,-0.00263336436296537,-0.0007848286871661459
HTML,rescue,raw,layer_10.head_12,layer_11.head_15,earlier_to_later,-0.005940210469756699,-0.007434088895915975,-0.004489080951110576
HTML,rescue,raw,layer_10.head_12,layer_12.head_02,earlier_to_later,0.007494414681425069,0.0061221404617662345,0.008962117049071
HTML,rescue,raw,layer_10.head_12,layer_12.head_03,earlier_to_later,0.0035204017707408273,0.001752597822363087,0.005262451562632045
HTML,rescue,raw,layer_10.head_12,layer_12.head_12,earlier_to_later,0.009448309581209326,0.007600393796815769,0.010961833297564635
HTML,rescue,raw,layer_11.head_08,layer_09.head_04,later_to_earlier,0.08462270774896213,0.07705778114388204,0.0922715270490296
HTML,rescue,raw,layer_11.head_08,layer_09.head_11,later_to_earlier,0.0836606992424914,0.07825070933928797,0.08941526866327108
HTML,rescue,raw,layer_11.head_08,layer_09.head_13,later_to_earlier,0.05305762503419107,0.047061134264362536,0.058860062392219074
HTML,rescue,raw,layer_11.head_08,layer_10.head_02,later_to_earlier,0.12213601223590229,0.11379567451810259,0.13171287634946058
HTML,rescue,raw,layer_11.head_08,layer_10.head_12,later_to_earlier,0.016187546459547678,0.010351914321559848,0.022401196384745553
HTML,rescue,raw,layer_11.head_08,layer_11.head_08,identity,0.4251763077061259,0.40870009453702644,0.4417659065303311
HTML,rescue,raw,layer_11.head_08,layer_11.head_09,within_layer,0.2119803705948556,0.19726384745785833,0.22761763915855773
HTML,rescue,raw,layer_11.head_08,layer_11.head_14,within_layer,0.08463471893074902,0.0787493124120133,0.09010727169343942
HTML,rescue,raw,layer_11.head_08,layer_11.head_15,within_layer,-0.009117261844653259,-0.01512777386001338,-0.003119331541932657
HTML,rescue,raw,layer_11.head_08,layer_12.head_02,earlier_to_later,0.023596509172517755,0.021435523881541185,0.025805184817491705
HTML,rescue,raw,layer_11.head_08,layer_12.head_03,earlier_to_later,0.04240101134381519,0.03906954542312819,0.046332128998152956
HTML,rescue,raw,layer_11.head_08,layer_12.head_12,earlier_to_later,0.10061473052344415,0.09403929751155352,0.10773541844712659
HTML,rescue,raw,layer_11.head_09,layer_09.head_04,later_to_earlier,0.08029867653385155,0.07250182828688048,0.08857402061156597
HTML,rescue,raw,layer_11.head_09,layer_09.head_11,later_to_earlier,0.0785621286148255,0.07330817729548338,0.0841007383814921
HTML,rescue,raw,layer_11.head_09,layer_09.head_13,later_to_earlier,0.048516815363745615,0.04300278810901297,0.05377088849506336
HTML,rescue,raw,layer_11.head_09,layer_10.head_02,later_to_earlier,0.11310257326020409,0.10604145210440195,0.12117063225548713
HTML,rescue,raw,layer_11.head_09,layer_10.head_12,later_to_earlier,0.010502440850632991,0.005689727992621,0.015883166788989236
HTML,rescue,raw,layer_11.head_09,layer_11.head_08,within_layer,0.3786320721043652,0.35883510233341465,0.39897120302475947
HTML,rescue,raw,layer_11.head_09,layer_11.head_09,identity,0.1905923258455731,0.17232237948364146,0.20979544821160045
HTML,rescue,raw,layer_11.head_09,layer_11.head_14,within_layer,0.08360629684271614,0.07737483924036506,0.08946726605929127
HTML,rescue,raw,layer_11.head_09,layer_11.head_15,within_layer,-0.012119364671569594,-0.019798554755849178,-0.004391099645115974
HTML,rescue,raw,layer_11.head_09,layer_12.head_02,earlier_to_later,0.019423867331308287,0.01740744215281527,0.021255533461591963
HTML,rescue,raw,layer_11.head_09,layer_12.head_03,earlier_to_later,0.04538622579115035,0.04196062242545362,0.04948172953109206
HTML,rescue,raw,layer_11.head_09,layer_12.head_12,earlier_to_later,0.09607401031639018,0.0898991318757463,0.1028353984624883
HTML,rescue,raw,layer_11.head_14,layer_09.head_04,later_to_earlier,0.00845255750360856,0.002462877324346615,0.013596318718034822
HTML,rescue,raw,layer_11.head_14,layer_09.head_11,later_to_earlier,0.017310130210084762,0.013439248410148147,0.021543300310458667
HTML,rescue,raw,layer_11.head_14,layer_09.head_13,later_to_earlier,-0.024703364681647213,-0.028146464494758106,-0.021476523323475376
HTML,rescue,raw,layer_11.head_14,layer_10.head_02,later_to_earlier,0.04264473703844247,0.03607853148633845,0.04961253752840662
HTML,rescue,raw,layer_11.head_14,layer_10.head_12,later_to_earlier,0.011593979361364108,0.008653068375747282,0.01469967555398966
HTML,rescue,raw,layer_11.head_14,layer_11.head_08,within_layer,-0.021763728946361832,-0.02532431078803891,-0.018401074475398054
HTML,rescue,raw,layer_11.head_14,layer_11.head_09,within_layer,-0.05279813358125005,-0.05859633239229388,-0.04741616419133786
HTML,rescue,raw,layer_11.head_14,layer_11.head_14,identity,0.14641292224579797,0.13654871601447952,0.15759826899354287
HTML,rescue,raw,layer_11.head_14,layer_11.head_15,within_layer,-0.015303428821992857,-0.02232616648924395,-0.009130106160848023
HTML,rescue,raw,layer_11.head_14,layer_12.head_02,earlier_to_later,0.04226643820159888,0.03894887160261797,0.04549889198824029
HTML,rescue,raw,layer_11.head_14,layer_12.head_03,earlier_to_later,0.01756288016358941,0.012659163422167647,0.022374359538909816
HTML,rescue,raw,layer_11.head_14,layer_12.head_12,earlier_to_later,0.028331569839136986,0.025670349287322855,0.031238027388829227
HTML,rescue,raw,layer_11.head_15,layer_09.head_04,later_to_earlier,0.010440271008335061,0.005336223064180373,0.015336647069639362
HTML,rescue,raw,layer_11.head_15,layer_09.head_11,later_to_earlier,0.014741869999507764,0.01153428870604873,0.01861079055700517
HTML,rescue,raw,layer_11.head_15,layer_09.head_13,later_to_earlier,-0.024579307816805104,-0.02825801009007476,-0.021258560973428254
HTML,rescue,raw,layer_11.head_15,layer_10.head_02,later_to_earlier,0.04090126436432331,0.03346691099331546,0.04842266838640535
HTML,rescue,raw,layer_11.head_15,layer_10.head_12,later_to_earlier,0.014011884798873865,0.010905154226192777,0.017150144467707656
HTML,rescue,raw,layer_11.head_15,layer_11.head_08,within_layer,-0.027877134770217082,-0.03158084998689319,-0.024585000506150295
HTML,rescue,raw,layer_11.head_15,layer_11.head_09,within_layer,-0.050624314577849404,-0.055912848058389614,-0.04560945839380075
HTML,rescue,raw,layer_11.head_15,layer_11.head_14,within_layer,0.13502815158248208,0.125765153990019,0.14507266321259332
HTML,rescue,raw,layer_11.head_15,layer_11.head_15,identity,-0.02328008292863907,-0.030248318531188048,-0.017430217704293757
HTML,rescue,raw,layer_11.head_15,layer_12.head_02,earlier_to_later,0.03896439348216539,0.036069235612918374,0.041890381993643325
HTML,rescue,raw,layer_11.head_15,layer_12.head_03,earlier_to_later,0.02856008098537877,0.02474962252568563,0.03257970173410726
HTML,rescue,raw,layer_11.head_15,layer_12.head_12,earlier_to_later,0.029330528169252225,0.02724645046394682,0.03130514973106319
HTML,rescue,raw,layer_12.head_02,layer_09.head_04,later_to_earlier,8.018372906240451e-05,-0.0021060672643102517,0.0022330783506510966
HTML,rescue,raw,layer_12.head_02,layer_09.head_11,later_to_earlier,0.0063245336559467884,0.004406671880340878,0.008125255196485246
HTML,rescue,raw,layer_12.head_02,layer_09.head_13,later_to_earlier,0.015977979907933485,0.013662948711951743,0.018747266572099148
HTML,rescue,raw,layer_12.head_02,layer_10.head_02,later_to_earlier,-0.014944243405854344,-0.018316546551874785,-0.011831096674883503
HTML,rescue,raw,layer_12.head_02,layer_10.head_12,later_to_earlier,0.0018850427193249767,-0.00234590824252969,0.0057137178759483175
HTML,rescue,raw,layer_12.head_02,layer_11.head_08,later_to_earlier,0.03003878242350091,0.02541481669401519,0.034560259050578954
HTML,rescue,raw,layer_12.head_02,layer_11.head_09,later_to_earlier,0.02507111405308428,0.022180443998474762,0.02800553966554678
HTML,rescue,raw,layer_12.head_02,layer_11.head_14,later_to_earlier,0.016260081068637442,0.01335100047221946,0.019612200777342898
HTML,rescue,raw,layer_12.head_02,layer_11.head_15,later_to_earlier,0.0007045386375858774,-0.00365759097800379,0.005137230372416497
HTML,rescue,raw,layer_12.head_02,layer_12.head_02,identity,0.05774393392427838,0.05121645845687774,0.06489298627163949
HTML,rescue,raw,layer_12.head_02,layer_12.head_03,within_layer,0.05088828352923885,0.04493934452098565,0.056656718990288
HTML,rescue,raw,layer_12.head_02,layer_12.head_12,within_layer,-0.019667809469624667,-0.02153213805953942,-0.017915628855329036
HTML,rescue,raw,layer_12.head_03,layer_09.head_04,later_to_earlier,0.018850539743968095,0.015821592828596503,0.021578808626418738
HTML,rescue,raw,layer_12.head_03,layer_09.head_11,later_to_earlier,0.018549872043613507,0.01515632639359236,0.022089205963484872
HTML,rescue,raw,layer_12.head_03,layer_09.head_13,later_to_earlier,0.035347506886657394,0.03165700536529144,0.03978781458012661
HTML,rescue,raw,layer_12.head_03,layer_10.head_02,later_to_earlier,-0.007930791131884754,-0.011914384025017256,-0.002838120619847072
HTML,rescue,raw,layer_12.head_03,layer_10.head_12,later_to_earlier,0.03682165579251889,0.033100361447339736,0.04080894450341321
HTML,rescue,raw,layer_12.head_03,layer_11.head_08,later_to_earlier,0.05160214223207719,0.04711972339576054,0.05578126242230954
HTML,rescue,raw,layer_12.head_03,layer_11.head_09,later_to_earlier,0.03139033618090066,0.027772043528738712,0.035194151228306284
HTML,rescue,raw,layer_12.head_03,layer_11.head_14,later_to_earlier,0.036221783551148,0.03147102809422635,0.04192095500282158
HTML,rescue,raw,layer_12.head_03,layer_11.head_15,later_to_earlier,0.017675208666398386,0.010105445685690299,0.026030909863084352
HTML,rescue,raw,layer_12.head_03,layer_12.head_02,within_layer,0.091824049017604,0.08569417473555992,0.09886676262792286
HTML,rescue,raw,layer_12.head_03,layer_12.head_03,identity,0.08679483560567197,0.0795810487226757,0.0941111753827363
HTML,rescue,raw,layer_12.head_03,layer_12.head_12,within_layer,-0.030455622666582815,-0.033941939763089075,-0.027136882662799726
HTML,rescue,raw,layer_12.head_12,layer_09.head_04,later_to_earlier,-0.02084153309206336,-0.02532928376883803,-0.016839355575048544
HTML,rescue,raw,layer_12.head_12,layer_09.head_11,later_to_earlier,0.009687589522462584,0.007546440125121292,0.01203264267416999
HTML,rescue,raw,layer_12.head_12,layer_09.head_13,later_to_earlier,0.006977876146271889,0.0027101298117869787,0.01107288268467234
HTML,rescue,raw,layer_12.head_12,layer_10.head_02,later_to_earlier,-0.02355891001780597,-0.029810199078663665,-0.017290796893688266
HTML,rescue,raw,layer_12.head_12,layer_10.head_12,later_to_earlier,0.03216508049348163,0.02674276415113862,0.03886108981811395
HTML,rescue,raw,layer_12.head_12,layer_11.head_08,later_to_earlier,-0.004182821909386603,-0.009431746397846013,0.0010312340434900282
HTML,rescue,raw,layer_12.head_12,layer_11.head_09,later_to_earlier,0.018643817262428617,0.014033913280184761,0.023372774077251104
HTML,rescue,raw,layer_12.head_12,layer_11.head_14,later_to_earlier,0.025366579890110933,0.022288730025293114,0.028462968044953674
HTML,rescue,raw,layer_12.head_12,layer_11.head_15,later_to_earlier,0.04541548320608438,0.0416378420190237,0.04937378290836695
HTML,rescue,raw,layer_12.head_12,layer_12.head_02,within_layer,-0.011147199184248554,-0.014312713254465585,-0.008145093820629811
HTML,rescue,raw,layer_12.head_12,layer_12.head_03,within_layer,-0.008776993606941714,-0.012300587841177811,-0.0056070440826326545
HTML,rescue,raw,layer_12.head_12,layer_12.head_12,identity,0.10104397587582709,0.0930777414928562,0.11006989957999355
HTML,rescue,rms,layer_09.head_04,layer_09.head_04,identity,0.012759053893986537,0.011063490618499847,0.014593263545141911
HTML,rescue,rms,layer_09.head_04,layer_09.head_11,within_layer,0.013724076739567416,0.010343272857615327,0.017473569000850384
HTML,rescue,rms,layer_09.head_04,layer_09.head_13,within_layer,-0.0005525879530510378,-0.0025876595352537996,0.001430021859573406
HTML,rescue,rms,layer_09.head_04,layer_10.head_02,earlier_to_later,0.011427863158856917,0.00876200610163029,0.014034989153798805
HTML,rescue,rms,layer_09.head_04,layer_10.head_12,earlier_to_later,0.0004571608164445846,-0.0006725602187373605,0.0015751131734076259
HTML,rescue,rms,layer_09.head_04,layer_11.head_08,earlier_to_later,0.005001108920381923,0.0031975490314522,0.006989060951129535
HTML,rescue,rms,layer_09.head_04,layer_11.head_09,earlier_to_later,-0.010177544443721025,-0.01329830645431909,-0.007145785159350214
HTML,rescue,rms,layer_09.head_04,layer_11.head_14,earlier_to_later,-0.004386035117246875,-0.0065026549801593565,-0.0021681274632651174
HTML,rescue,rms,layer_09.head_04,layer_11.head_15,earlier_to_later,0.01632580203039447,0.013467929283509057,0.019027976031810605
HTML,rescue,rms,layer_09.head_04,layer_12.head_02,earlier_to_later,-0.03307291603048756,-0.038725739774282175,-0.028083614553754844
HTML,rescue,rms,layer_09.head_04,layer_12.head_03,earlier_to_later,0.020376939599335227,0.016863057288528892,0.0236497216024096
HTML,rescue,rms,layer_09.head_04,layer_12.head_12,earlier_to_later,-0.01927858022648174,-0.02268177026399826,-0.0157861023632569
HTML,rescue,rms,layer_09.head_11,layer_09.head_04,within_layer,0.009579412409610464,0.008368464070962573,0.010761544397639038
HTML,rescue,rms,layer_09.head_11,layer_09.head_11,identity,0.05804406628724194,0.05159979165922983,0.06428095057332146
HTML,rescue,rms,layer_09.head_11,layer_09.head_13,within_layer,0.012709071274342622,0.010653816927411465,0.01479607047268359
HTML,rescue,rms,layer_09.head_11,layer_10.head_02,earlier_to_later,0.02185234965042519,0.018327082162471423,0.02590568297720505
HTML,rescue,rms,layer_09.head_11,layer_10.head_12,earlier_to_later,-0.006435183998686308,-0.007242637195895774,-0.00569112812933795
HTML,rescue,rms,layer_09.head_11,layer_11.head_08,earlier_to_later,-0.0005822522821205714,-0.006695795110864697,0.005801422927447726
HTML,rescue,rms,layer_09.head_11,layer_11.head_09,earlier_to_later,-0.016675984832024524,-0.025069282798595265,-0.010258432980221811
HTML,rescue,rms,layer_09.head_11,layer_11.head_14,earlier_to_later,0.03882538324432262,0.0349673021299566,0.04310362840388419
HTML,rescue,rms,layer_09.head_11,layer_11.head_15,earlier_to_later,0.02986450773687274,0.02692728886067998,0.033401285640837414
HTML,rescue,rms,layer_09.head_11,layer_12.head_02,earlier_to_later,0.027311273047192768,0.02430397512518388,0.03061907294356223
HTML,rescue,rms,layer_09.head_11,layer_12.head_03,earlier_to_later,0.036236591185398,0.031727119415885,0.0404889720124194
HTML,rescue,rms,layer_09.head_11,layer_12.head_12,earlier_to_later,0.0459157047729956,0.04291602411757351,0.04934377874178766
HTML,rescue,rms,layer_09.head_13,layer_09.head_04,within_layer,-0.000523845674097052,-0.0008883590490007865,-0.00014931862926093176
HTML,rescue,rms,layer_09.head_13,layer_09.head_11,within_layer,0.011140684229206773,0.008615142993368727,0.013852448426417793
HTML,rescue,rms,layer_09.head_13,layer_09.head_13,identity,0.04820569054729185,0.0426765218283178,0.0538526430447539
HTML,rescue,rms,layer_09.head_13,layer_10.head_02,earlier_to_later,0.01353291800223185,0.009242001507721474,0.01768906497500118
HTML,rescue,rms,layer_09.head_13,layer_10.head_12,earlier_to_later,-0.0028383184444196684,-0.003977257882827159,-0.0016254125982602566
HTML,rescue,rms,layer_09.head_13,layer_11.head_08,earlier_to_later,0.008757526661544446,0.005147251323130091,0.012499170866493273
HTML,rescue,rms,layer_09.head_13,layer_11.head_09,earlier_to_later,0.001140405723897224,-0.0031345628298219395,0.0063916761041906255
HTML,rescue,rms,layer_09.head_13,layer_11.head_14,earlier_to_later,0.01621252839014311,0.01044288067276475,0.02214885306515504
HTML,rescue,rms,layer_09.head_13,layer_11.head_15,earlier_to_later,0.033142518549069036,0.027919359508823783,0.03873771998911347
HTML,rescue,rms,layer_09.head_13,layer_12.head_02,earlier_to_later,0.0407190187781047,0.036143300860674694,0.045340711576735
HTML,rescue,rms,layer_09.head_13,layer_12.head_03,earlier_to_later,-0.0011268563489598314,-0.006467893200687419,0.00382360215700779
HTML,rescue,rms,layer_09.head_13,layer_12.head_12,earlier_to_later,-0.0009388836627277527,-0.0031644498672561876,0.001232033397368026
HTML,rescue,rms,layer_10.head_02,layer_09.head_04,later_to_earlier,-0.0023550920359762485,-0.003826869609959594,-0.0008560852531334595
HTML,rescue,rms,layer_10.head_02,layer_09.head_11,later_to_earlier,0.012822326156140927,0.010251323085179759,0.01554119987368864
HTML,rescue,rms,layer_10.head_02,layer_09.head_13,later_to_earlier,0.017207987547284632,0.01551307543711498,0.01891931164754503
HTML,rescue,rms,layer_10.head_02,layer_10.head_02,identity,0.1884789869807375,0.17323980101098652,0.20545511563856111
HTML,rescue,rms,layer_10.head_02,layer_10.head_12,within_layer,0.0022222995038422354,0.0016972031581763605,0.002745429355124798
HTML,rescue,rms,layer_10.head_02,layer_11.head_08,earlier_to_later,0.11473593814376441,0.10945535206596155,0.12030932169050282
HTML,rescue,rms,layer_10.head_02,layer_11.head_09,earlier_to_later,0.026837223851167005,0.02059729010801114,0.03291982301753329
HTML,rescue,rms,layer_10.head_02,layer_11.head_14,earlier_to_later,0.0026251040951652455,-8.050487995291773e-05,0.005566324093834575
HTML,rescue,rms,layer_10.head_02,layer_11.head_15,earlier_to_later,0.07060947378442624,0.06561054578848831,0.07588080404433126
HTML,rescue,rms,layer_10.head_02,layer_12.head_02,earlier_to_later,0.013571325213382923,0.011556572975935117,0.01573913909797078
HTML,rescue,rms,layer_10.head_02,layer_12.head_03,earlier_to_later,0.02444740991858602,0.02055645795760063,0.028346196654341533
HTML,rescue,rms,layer_10.head_02,layer_12.head_12,earlier_to_later,-0.006074868746490717,-0.00876377147396684,-0.0029972118011767027
HTML,rescue,rms,layer_10.head_12,layer_09.head_04,later_to_earlier,-0.003670098554993217,-0.004484046402923354,-0.002910563191831494
HTML,rescue,rms,layer_10.head_12,layer_09.head_11,later_to_earlier,0.006886707178508912,0.0042505135817059655,0.009630047887264527
HTML,rescue,rms,layer_10.head_12,layer_09.head_13,later_to_earlier,0.007348859186424045,0.005325090640177567,0.009498593578632655
HTML,rescue,rms,layer_10.head_12,layer_10.head_02,within_layer,0.002613098685210069,-0.0014356550682766598,0.006710393080598135
HTML,rescue,rms,layer_10.head_12,layer_10.head_12,identity,0.02223469021242316,0.02052205676777424,0.024272776249262672
HTML,rescue,rms,layer_10.head_12,layer_11.head_08,earlier_to_later,0.009376334839795358,0.004756019500203067,0.014005779768402248
HTML,rescue,rms,layer_10.head_12,layer_11.head_09,earlier_to_later,0.005326954793610055,0.0002562868799728979,0.009781830681415173
HTML,rescue,rms,layer_10.head_12,layer_11.head_14,earlier_to_later,0.0030535038742027895,-0.00019713146732323322,0.0063521594677714245
HTML,rescue,rms,layer_10.head_12,layer_11.head_15,earlier_to_later,-0.011952529876014605,-0.018038579062737932,-0.00590561441443604
HTML,rescue,rms,layer_10.head_12,layer_12.head_02,earlier_to_later,0.023406673627601526,0.01949109077073401,0.027452804323451742
HTML,rescue,rms,layer_10.head_12,layer_12.head_03,earlier_to_later,0.016409757651478847,0.009622485540925919,0.023205360829793516
HTML,rescue,rms,layer_10.head_12,layer_12.head_12,earlier_to_later,0.038572898795076596,0.03144976345499469,0.04424845385136258
HTML,rescue,rms,layer_11.head_08,layer_09.head_04,later_to_earlier,0.020549980556935556,0.018404202883112827,0.022804611843284864
HTML,rescue,rms,layer_11.head_08,layer_09.head_11,later_to_earlier,0.040705154838339155,0.03753072594793346,0.0438799245652709
HTML,rescue,rms,layer_11.head_08,layer_09.head_13,later_to_earlier,0.016733769525181377,0.014328930510897946,0.01907478680191354
HTML,rescue,rms,layer_11.head_08,layer_10.head_02,later_to_earlier,0.08100163946138081,0.07555045628687108,0.08732108344237875
HTML,rescue,rms,layer_11.head_08,layer_10.head_12,later_to_earlier,-0.003228784302506294,-0.004518844759479732,-0.0018950935548589795
HTML,rescue,rms,layer_11.head_08,layer_11.head_08,identity,0.4251763077061259,0.40870009453702644,0.4417659065303311
HTML,rescue,rms,layer_11.head_08,layer_11.head_09,within_layer,0.19263003928543865,0.17773756457990855,0.20792803463441875
HTML,rescue,rms,layer_11.head_08,layer_11.head_14,within_layer,0.059127589166686874,0.054272542913963814,0.06356045033023588
HTML,rescue,rms,layer_11.head_08,layer_11.head_15,within_layer,-0.01754555456775626,-0.02240423881634863,-0.012879252644690798
HTML,rescue,rms,layer_11.head_08,layer_12.head_02,earlier_to_later,0.008959666308706803,0.007711986925050434,0.010169090325958597
HTML,rescue,rms,layer_11.head_08,layer_12.head_03,earlier_to_later,0.029255592478171426,0.02677608484352866,0.03208032615248863
HTML,rescue,rms,layer_11.head_08,layer_12.head_12,earlier_to_later,0.055742204969203964,0.05164958846038926,0.06026187402487525
HTML,rescue,rms,layer_11.head_09,layer_09.head_04,later_to_earlier,0.019197817871290487,0.016865229162240966,0.021690296664715083
HTML,rescue,rms,layer_11.head_09,layer_09.head_11,later_to_earlier,0.04073309483268556,0.03751921365231891,0.04384644737444491
HTML,rescue,rms,layer_11.head_09,layer_09.head_13,later_to_earlier,0.016251713355617,0.013901162678137693,0.018551101400144532
HTML,rescue,rms,layer_11.head_09,layer_10.head_02,later_to_earlier,0.08036765858052428,0.07499532784852346,0.08662166496342356
HTML,rescue,rms,layer_11.head_09,layer_10.head_12,later_to_earlier,-0.00420516034105921,-0.005563267302206228,-0.0030304305415683242
HTML,rescue,rms,layer_11.head_09,layer_11.head_08,within_layer,0.4108496805952745,0.39289528263992896,0.42964920542696416
HTML,rescue,rms,layer_11.head_09,layer_11.head_09,identity,0.1905923258455731,0.17232237948364146,0.20979544821160045
HTML,rescue,rms,layer_11.head_09,layer_11.head_14,within_layer,0.06476257074608077,0.05972368743109021,0.06940341039330777
HTML,rescue,rms,layer_11.head_09,layer_11.head_15,within_layer,-0.018040606016413944,-0.02393128624485298,-0.012215565009582596
HTML,rescue,rms,layer_11.head_09,layer_12.head_02,earlier_to_later,0.00751568532423147,0.006218247935565447,0.008772416365309765
HTML,rescue,rms,layer_11.head_09,layer_12.head_03,earlier_to_later,0.03386141317507367,0.031346703583727244,0.036853379638262906
HTML,rescue,rms,layer_11.head_09,layer_12.head_12,earlier_to_later,0.0562759002741128,0.05196404056088,0.06120251457748688
HTML,rescue,rms,layer_11.head_14,layer_09.head_04,later_to_earlier,-0.0001833335764957934,-0.0018053963392798034,0.0012010357198955158
HTML,rescue,rms,layer_11.head_14,layer_09.head_11,later_to_earlier,0.008026075415656404,0.005556523299860078,0.010880892063552746
HTML,rescue,rms,layer_11.head_14,layer_09.head_13,later_to_earlier,-0.013886917427579627,-0.015936286501531973,-0.012085566310046977
HTML,rescue,rms,layer_11.head_14,layer_10.head_02,later_to_earlier,0.03581801506392955,0.029925762064303113,0.0419714012589653
HTML,rescue,rms,layer_11.head_14,layer_10.head_12,later_to_earlier,-1.4097698949768613e-05,-0.000724565537039379,0.0007348724770667277
HTML,rescue,rms,layer_11.head_14,layer_11.head_08,within_layer,-0.019826650278262387,-0.024011190905902615,-0.015750517046384162
HTML,rescue,rms,layer_11.head_14,layer_11.head_09,within_layer,-0.055071037619602865,-0.061488546253389655,-0.049110257912455685
HTML,rescue,rms,layer_11.head_14,layer_11.head_14,identity,0.14641292224579797,0.13654871601447952,0.15759826899354287
HTML,rescue,rms,layer_11.head_14,layer_11.head_15,within_layer,-0.018864797611247795,-0.025202780540418895,-0.013400028636507511
HTML,rescue,rms,layer_11.head_14,layer_12.head_02,earlier_to_later,0.020054409643424042,0.017750992642079196,0.022491403624758523
HTML,rescue,rms,layer_11.head_14,layer_12.head_03,earlier_to_later,0.015966753695259052,0.011322329058876661,0.020639966177145745
HTML,rescue,rms,layer_11.head_14,layer_12.head_12,earlier_to_later,0.01997419849816102,0.017892332684514723,0.022303203394773395
HTML,rescue,rms,layer_11.head_15,layer_09.head_04,later_to_earlier,0.0007033121233476683,-0.0005220546900660925,0.001897269193887711
HTML,rescue,rms,layer_11.head_15,layer_09.head_11,later_to_earlier,0.007723699253115886,0.005408104654857917,0.010524206733252791
HTML,rescue,rms,layer_11.head_15,layer_09.head_13,later_to_earlier,-0.014351480618191284,-0.016496916444011692,-0.012419416040917966
HTML,rescue,rms,layer_11.head_15,layer_10.head_02,later_to_earlier,0.03780240976542325,0.031141516957892,0.04456033879092063
HTML,rescue,rms,layer_11.head_15,layer_10.head_12,later_to_earlier,0.0007306590619859503,9.026228940237131e-05,0.0014027330108779264
HTML,rescue,rms,layer_11.head_15,layer_11.head_08,within_layer,-0.02852397240620589,-0.03370099043107875,-0.024010464054485918
HTML,rescue,rms,layer_11.head_15,layer_11.head_09,within_layer,-0.05439476075598119,-0.06061551120587434,-0.048452706585571124
HTML,rescue,rms,layer_11.head_15,layer_11.head_14,within_layer,0.14914415301060063,0.14092038255303746,0.1583769453534512
HTML,rescue,rms,layer_11.head_15,layer_11.head_15,identity,-0.02328008292863907,-0.030248318531188048,-0.017430217704293757
HTML,rescue,rms,layer_11.head_15,layer_12.head_02,earlier_to_later,0.02053694198910443,0.018411704253039445,0.022730980454671274
HTML,rescue,rms,layer_11.head_15,layer_12.head_03,earlier_to_later,0.028437521910865203,0.024568854043363234,0.0326376630267989
HTML,rescue,rms,layer_11.head_15,layer_12.head_12,earlier_to_later,0.022341375306778447,0.020465095276583113,0.024202867796035997
HTML,rescue,rms,layer_12.head_02,layer_09.head_04,later_to_earlier,-0.0007348580695544075,-0.0012604731336656042,-0.00018024805250472177
HTML,rescue,rms,layer_12.head_02,layer_09.head_11,later_to_earlier,0.007950825159747455,0.005747816427213634,0.00999906021803778
HTML,rescue,rms,layer_12.head_02,layer_09.head_13,later_to_earlier,0.014007146125040596,0.012122252901319646,0.01621155599905015
HTML,rescue,rms,layer_12.head_02,layer_10.head_02,later_to_earlier,-0.016253013460709502,-0.02172529590878426,-0.011182056431888281
HTML,rescue,rms,layer_12.head_02,layer_10.head_12,later_to_earlier,-0.0010638091882420994,-0.0028057454387811383,0.00048696826577865164
HTML,rescue,rms,layer_12.head_02,layer_11.head_08,later_to_earlier,0.0939253969020637,0.08301107278441634,0.10440088844642768
HTML,rescue,rms,layer_12.head_02,layer_11.head_09,later_to_earlier,0.07662625914546915,0.0696291281521674,0.08342631809483968
HTML,rescue,rms,layer_12.head_02,layer_11.head_14,later_to_earlier,0.04011114677798483,0.03584338003376594,0.045134728096356
HTML,rescue,rms,layer_12.head_02,layer_11.head_15,later_to_earlier,0.012875126872616868,0.005616593232598433,0.020280882022930182
HTML,rescue,rms,layer_12.head_02,layer_12.head_02,identity,0.05774393392427838,0.05121645845687774,0.06489298627163949
HTML,rescue,rms,layer_12.head_02,layer_12.head_03,within_layer,0.09760361786722972,0.08708438696925666,0.10768336420263201
HTML,rescue,rms,layer_12.head_02,layer_12.head_12,within_layer,-0.024189808740529773,-0.02641633241421063,-0.02209462961905888
HTML,rescue,rms,layer_12.head_03,layer_09.head_04,later_to_earlier,0.0028495778451264283,0.002189760692037945,0.003476694473751458
HTML,rescue,rms,layer_12.head_03,layer_09.head_11,later_to_earlier,0.013530819941405548,0.010856669426328087,0.016189009262926195
HTML,rescue,rms,layer_12.head_03,layer_09.head_13,later_to_earlier,0.017087841098425517,0.015050502012953243,0.019380609969026893
HTML,rescue,rms,layer_12.head_03,layer_10.head_02,later_to_earlier,-0.008820091874314456,-0.012385435626237168,-0.004234692767939235
HTML,rescue,rms,layer_12.head_03,layer_10.head_12,later_to_earlier,0.005724974536446123,0.004713916554360173,0.006829085992958114
HTML,rescue,rms,layer_12.head_03,layer_11.head_08,later_to_earlier,0.08002622298984954,0.07415730892620441,0.08552158060665906
HTML,rescue,rms,layer_12.head_03,layer_11.head_09,later_to_earlier,0.04820235442856392,0.04284236014491834,0.053636038815381766
HTML,rescue,rms,layer_12.head_03,layer_11.head_14,later_to_earlier,0.040444985195172305,0.03584072216024506,0.04568583006533191
HTML,rescue,rms,layer_12.head_03,layer_11.head_15,later_to_earlier,0.0173274024164746,0.010718769522026647,0.024301738255250786
HTML,rescue,rms,layer_12.head_03,layer_12.head_02,within_layer,0.050860894744820674,0.04669878955998874,0.05560217281423099
HTML,rescue,rms,layer_12.head_03,layer_12.head_03,identity,0.08679483560567197,0.0795810487226757,0.0941111753827363
HTML,rescue,rms,layer_12.head_03,layer_12.head_12,within_layer,-0.02626877490457903,-0.029000190968208318,-0.023697848917385276
HTML,rescue,rms,layer_12.head_12,layer_09.head_04,later_to_earlier,-0.0067403580566478705,-0.008111112475637864,-0.005530984832421148
HTML,rescue,rms,layer_12.head_12,layer_09.head_11,later_to_earlier,0.008517636349087938,0.006738739371177862,0.01039632053915166
HTML,rescue,rms,layer_12.head_12,layer_09.head_13,later_to_earlier,0.004108186353554685,0.0011383745580712536,0.006915400165661533
HTML,rescue,rms,layer_12.head_12,layer_10.head_02,later_to_earlier,-0.02614097789278935,-0.03340568132044064,-0.01878077870558519
HTML,rescue,rms,layer_12.head_12,layer_10.head_12,later_to_earlier,0.007314574506071281,0.005854524239223384,0.009062410773825847
HTML,rescue,rms,layer_12.head_12,layer_11.head_08,later_to_earlier,0.005869898015874987,-0.0026293815165639115,0.014458444690276772
HTML,rescue,rms,layer_12.head_12,layer_11.head_09,later_to_earlier,0.04353720507352261,0.03624799754541081,0.05069138206624286
HTML,rescue,rms,layer_12.head_12,layer_11.head_14,later_to_earlier,0.03949265172160414,0.035339093859216145,0.043780204184917244
HTML,rescue,rms,layer_12.head_12,layer_11.head_15,later_to_earlier,0.06413105732327995,0.059273419164709275,0.06896829038860113
HTML,rescue,rms,layer_12.head_12,layer_12.head_02,within_layer,-0.009670621780195406,-0.012125598009349451,-0.00738435348297256
HTML,rescue,rms,layer_12.head_12,layer_12.head_03,within_layer,-0.008801798053712086,-0.013262360575245914,-0.004744031661962822
HTML,rescue,rms,layer_12.head_12,layer_12.head_12,identity,0.10104397587582709,0.0930777414928562,0.11006989957999355
HTML,rescue,aligned,layer_09.head_04,layer_09.head_04,identity,0.012759053893986537,0.011063490618499847,0.014593263545141911
HTML,rescue,aligned,layer_09.head_04,layer_09.head_11,within_layer,0.007617053118624637,0.006500300128938122,0.008781247211570383
HTML,rescue,aligned,layer_09.head_04,layer_09.head_13,within_layer,0.0033877737358105273,0.0029022682473840394,0.003932837432271679
HTML,rescue,aligned,layer_09.head_04,layer_10.head_02,earlier_to_later,0.005154361152967192,0.004483577035886524,0.005881532597211296
HTML,rescue,aligned,layer_09.head_04,layer_10.head_12,earlier_to_later,0.004076360473510049,0.003409223877328984,0.004767615393406581
HTML,rescue,aligned,layer_09.head_04,layer_11.head_08,earlier_to_later,0.0014784243902000998,0.0012416990281822896,0.0017375702940009476
HTML,rescue,aligned,layer_09.head_04,layer_11.head_09,earlier_to_later,0.00330742550954441,0.002848383056355781,0.00377833229305501
HTML,rescue,aligned,layer_09.head_04,layer_11.head_14,earlier_to_later,0.0012623443265020497,0.000973026494167595,0.0015547387128071175
HTML,rescue,aligned,layer_09.head_04,layer_11.head_15,earlier_to_later,0.0014026258102787749,0.0010832667533066604,0.001717780183588872
HTML,rescue,aligned,layer_09.head_04,layer_12.head_02,earlier_to_later,0.0018887568930298594,0.0015472184276352924,0.0022135983134831615
HTML,rescue,aligned,layer_09.head_04,layer_12.head_03,earlier_to_later,-0.0002067571125297334,-0.0004536338506187358,2.3457188972071243e-05
HTML,rescue,aligned,layer_09.head_04,layer_12.head_12,earlier_to_later,0.003433853154261081,0.003058563630771397,0.0038285068379233234
HTML,rescue,aligned,layer_09.head_11,layer_09.head_04,within_layer,0.023399835449984027,0.02049363447410497,0.026382889128736778
HTML,rescue,aligned,layer_09.head_11,layer_09.head_11,identity,0.058041128424901944,0.05159695826007651,0.06427016231868211
HTML,rescue,aligned,layer_09.head_11,layer_09.head_13,within_layer,0.012596063138349886,0.010646636867226564,0.014514400859399364
HTML,rescue,aligned,layer_09.head_11,layer_10.head_02,earlier_to_later,0.055053030947628034,0.05013846103218501,0.059897513155043186
HTML,rescue,aligned,layer_09.head_11,layer_10.head_12,earlier_to_later,0.03916366597192619,0.036098411410014554,0.04213611569628257
HTML,rescue,aligned,layer_09.head_11,layer_11.head_08,earlier_to_later,0.007225054839219214,0.0062134959058628815,0.008197737193332374
HTML,rescue,aligned,layer_09.head_11,layer_11.head_09,earlier_to_later,0.03074400502314433,0.027764291477392837,0.033791815379238914
HTML,rescue,aligned,layer_09.head_11,layer_11.head_14,earlier_to_later,-0.008047784717672707,-0.008903533873591747,-0.007115281635608813
HTML,rescue,aligned,layer_09.head_11,layer_11.head_15,earlier_to_later,0.0044397809711652,0.0028269181857157846,0.006236226280771324
HTML,rescue,aligned,layer_09.head_11,layer_12.head_02,earlier_to_later,-0.013121079051325982,-0.014697875245109234,-0.011679370443804175
HTML,rescue,aligned,layer_09.head_11,layer_12.head_03,earlier_to_later,0.004007281748656183,0.003169347213905986,0.004821964649084905
HTML,rescue,aligned,layer_09.head_11,layer_12.head_12,earlier_to_later,0.008078555795472482,0.006829022665313305,0.009384926860658662
HTML,rescue,aligned,layer_09.head_13,layer_09.head_04,within_layer,0.012861524108236164,0.011671248726571402,0.0140704587262917
HTML,rescue,aligned,layer_09.head_13,layer_09.head_11,within_layer,0.015407988439321221,0.01395649175612662,0.016852691738344222
HTML,rescue,aligned,layer_09.head_13,layer_09.head_13,identity,0.048232777753503216,0.04270604525112673,0.05387924808296123
HTML,rescue,aligned,layer_09.head_13,layer_10.head_02,earlier_to_later,0.02118988333712574,0.018734371621285086,0.02391008141046175
HTML,rescue,aligned,layer_09.head_13,layer_10.head_12,earlier_to_later,0.01336122188141977,0.01214838632497172,0.014556693283134574
HTML,rescue,aligned,layer_09.head_13,layer_11.head_08,earlier_to_later,-0.0003549561064535804,-0.0011515133437387318,0.000561930087925228
HTML,rescue,aligned,layer_09.head_13,layer_11.head_09,earlier_to_later,0.008111540370732745,0.006732747340621779,0.009518687277752983
HTML,rescue,aligned,layer_09.head_13,layer_11.head_14,earlier_to_later,0.010440087752678292,0.008984934108584117,0.011788165440668151
HTML,rescue,aligned,layer_09.head_13,layer_11.head_15,earlier_to_later,0.010404765585575796,0.009399639304900976,0.011333758877202327
HTML,rescue,aligned,layer_09.head_13,layer_12.head_02,earlier_to_later,0.011646534774992405,0.01062381776890756,0.012594057874633307
HTML,rescue,aligned,layer_09.head_13,layer_12.head_03,earlier_to_later,0.006006906871072585,0.005322938739094593,0.006673937028134712
HTML,rescue,aligned,layer_09.head_13,layer_12.head_12,earlier_to_later,0.0033242879158828947,0.0023847215480305786,0.004254083538891116
HTML,rescue,aligned,layer_10.head_02,layer_09.head_04,later_to_earlier,0.042133325332805005,0.03751760057997547,0.04702963886561668
HTML,rescue,aligned,layer_10.head_02,layer_09.head_11,later_to_earlier,0.07769157478178736,0.07128417035983668,0.08475031300409896
HTML,rescue,aligned,layer_10.head_02,layer_09.head_13,later_to_earlier,0.04929785674472135,0.04443504483812469,0.0544642474568735
HTML,rescue,aligned,layer_10.head_02,layer_10.head_02,identity,0.18848131591483216,0.17320501051216922,0.2054887984500034
HTML,rescue,aligned,layer_10.head_02,layer_10.head_12,within_layer,0.0602040877269417,0.056527659698887615,0.06420568847365891
HTML,rescue,aligned,layer_10.head_02,layer_11.head_08,earlier_to_later,0.03174566457049948,0.02887021640146306,0.03486006115488818
HTML,rescue,aligned,layer_10.head_02,layer_11.head_09,earlier_to_later,0.07322650020111443,0.06845270792655586,0.07851040244856221
HTML,rescue,aligned,layer_10.head_02,layer_11.head_14,earlier_to_later,0.017312386996283066,0.01554142063811378,0.019280038254894685
HTML,rescue,aligned,layer_10.head_02,layer_11.head_15,earlier_to_later,0.03157924534682756,0.029084106806059596,0.03456015373704924
HTML,rescue,aligned,layer_10.head_02,layer_12.head_02,earlier_to_later,0.017413946704080564,0.01466403526839033,0.020366970766577713
HTML,rescue,aligned,layer_10.head_02,layer_12.head_03,earlier_to_later,0.018748209496637417,0.01628692262113978,0.02108398484840521
HTML,rescue,aligned,layer_10.head_02,layer_12.head_12,earlier_to_later,0.039821651900861364,0.03643416632045514,0.043320495862406244
HTML,rescue,aligned,layer_10.head_12,layer_09.head_04,later_to_earlier,0.0015176685169490105,0.0011135493643950408,0.0019485275041350445
HTML,rescue,aligned,layer_10.head_12,layer_09.head_11,later_to_earlier,0.004183901241916227,0.0035983760169203466,0.004810629801276569
HTML,rescue,aligned,layer_10.head_12,layer_09.head_13,later_to_earlier,0.0008275219417300719,0.0005154984501198404,0.0011242811106277099
HTML,rescue,aligned,layer_10.head_12,layer_10.head_02,within_layer,0.003040781314157742,0.002458001403460239,0.003725929121526438
HTML,rescue,aligned,layer_10.head_12,layer_10.head_12,identity,0.02222395749135987,0.020503601665349244,0.024268611170194285
HTML,rescue,aligned,layer_10.head_12,layer_11.head_08,earlier_to_later,0.00435094815228653,0.0038876644886477693,0.0048456373415202226
HTML,rescue,aligned,layer_10.head_12,layer_11.head_09,earlier_to_later,0.008551505457557637,0.007639184571833263,0.009458797327054742
HTML,rescue,aligned,layer_10.head_12,layer_11.head_14,earlier_to_later,0.0019727760042630403,0.0015460891058547781,0.0024201330878020006
HTML,rescue,aligned,layer_10.head_12,layer_11.head_15,earlier_to_later,0.005007994715611023,0.004451205453733794,0.005526758029516641
HTML,rescue,aligned,layer_10.head_12,layer_12.head_02,earlier_to_later,0.0007194227486060273,0.00027115462929050074,0.00116710363634233
HTML,rescue,aligned,layer_10.head_12,layer_12.head_03,earlier_to_later,-0.0007557694158369097,-0.0011295513540689774,-0.00031774071223380774
HTML,rescue,aligned,layer_10.head_12,layer_12.head_12,earlier_to_later,0.00780385123710389,0.007052240614572393,0.008511929187904858
HTML,rescue,aligned,layer_11.head_08,layer_09.head_04,later_to_earlier,-0.005032955001837542,-0.006394738790041895,-0.003820431377585179
HTML,rescue,aligned,layer_11.head_08,layer_09.head_11,later_to_earlier,0.03497523817099201,0.032751022620965235,0.03737112850261581
HTML,rescue,aligned,layer_11.head_08,layer_09.head_13,later_to_earlier,0.01914491470480171,0.016897558028339532,0.021373714085187255
HTML,rescue,aligned,layer_11.head_08,layer_10.head_02,later_to_earlier,0.07583500739419981,0.07021692400396184,0.08202868805908496
HTML,rescue,aligned,layer_11.head_08,layer_10.head_12,later_to_earlier,0.1213170672360921,0.11371261689645686,0.12932293531144526
HTML,rescue,aligned,layer_11.head_08,layer_11.head_08,identity,0.42519861006385035,0.4087208310128646,0.44180807409677203
HTML,rescue,aligned,layer_11.head_08,layer_11.head_09,within_layer,0.14995495106995324,0.14193492424774234,0.1590023068707601
HTML,rescue,aligned,layer_11.head_08,layer_11.head_14,within_layer,0.07306009252110592,0.06915538939261506,0.07718346555131238
HTML,rescue,aligned,layer_11.head_08,layer_11.head_15,within_layer,0.06046198182545719,0.057538774197628366,0.06352221462119989
HTML,rescue,aligned,layer_11.head_08,layer_12.head_02,earlier_to_later,0.06830453030825553,0.06375880503762406,0.07326718632727894
HTML,rescue,aligned,layer_11.head_08,layer_12.head_03,earlier_to_later,0.10131469787031631,0.09608638436534832,0.10703775591080462
HTML,rescue,aligned,layer_11.head_08,layer_12.head_12,earlier_to_later,0.10677945081711021,0.10083885127862838,0.11321488910407111
HTML,rescue,aligned,layer_11.head_09,layer_09.head_04,later_to_earlier,0.015389332436279097,0.01223038628993205,0.01856430644082892
HTML,rescue,aligned,layer_11.head_09,layer_09.head_11,later_to_earlier,0.046855869782362794,0.043219189602369895,0.05081049501480208
HTML,rescue,aligned,layer_11.head_09,layer_09.head_13,later_to_earlier,0.022885252122822344,0.020429370172132953,0.025253560522596048
HTML,rescue,aligned,layer_11.head_09,layer_10.head_02,later_to_earlier,0.09343241321211584,0.08499406480156028,0.1028328502786802
HTML,rescue,aligned,layer_11.head_09,layer_10.head_12,later_to_earlier,0.08235262613631512,0.076704425863175,0.0885597704877861
HTML,rescue,aligned,layer_11.head_09,layer_11.head_08,within_layer,0.06607436668370949,0.06193535152724282,0.07004335057994468
HTML,rescue,aligned,layer_11.head_09,layer_11.head_09,identity,0.19058883100147317,0.17231396267624616,0.20980173389128234
HTML,rescue,aligned,layer_11.head_09,layer_11.head_14,within_layer,0.024460197411737796,0.02110679459812528,0.028046665831598934
HTML,rescue,aligned,layer_11.head_09,layer_11.head_15,within_layer,0.024257294439831892,0.020946643570587047,0.028298232930673645
HTML,rescue,aligned,layer_11.head_09,layer_12.head_02,earlier_to_later,-0.005674677351974056,-0.009423671496238033,-0.0022747182755831936
HTML,rescue,aligned,layer_11.head_09,layer_12.head_03,earlier_to_later,0.03685263609921813,0.035091327328650807,0.03857212940523828
HTML,rescue,aligned,layer_11.head_09,layer_12.head_12,earlier_to_later,0.06520192257578657,0.060942988725384555,0.06957994212374596
HTML,rescue,aligned,layer_11.head_14,layer_09.head_04,later_to_earlier,0.005857211529778123,0.004598064116223037,0.007120761362949456
HTML,rescue,aligned,layer_11.head_14,layer_09.head_11,later_to_earlier,0.016105009266105842,0.013261771689867011,0.019122318112674147
HTML,rescue,aligned,layer_11.head_14,layer_09.head_13,later_to_earlier,0.02064545098227983,0.017791935040469845,0.023576054327702992
HTML,rescue,aligned,layer_11.head_14,layer_10.head_02,later_to_earlier,0.03848407607690342,0.03481499006155481,0.04268345446578493
HTML,rescue,aligned,layer_11.head_14,layer_10.head_12,later_to_earlier,0.007872028113253191,0.005124109564426257,0.010819883806516821
HTML,rescue,aligned,layer_11.head_14,layer_11.head_08,within_layer,-0.017988118421808228,-0.020934034385198787,-0.01504843558665523
HTML,rescue,aligned,layer_11.head_14,layer_11.head_09,within_layer,0.037033594566965575,0.03306674803830876,0.04110890977359345
HTML,rescue,aligned,layer_11.head_14,layer_11.head_14,identity,0.14642413980072483,0.13654329234128065,0.15762133805198258
HTML,rescue,aligned,layer_11.head_14,layer_11.head_15,within_layer,0.11680924935569656,0.10897463153091651,0.12589250528903811
HTML,rescue,aligned,layer_11.head_14,layer_12.head_02,earlier_to_later,0.02203400795276738,0.019378976649671375,0.024874726059148988
HTML,rescue,aligned,layer_11.head_14,layer_12.head_03,earlier_to_later,0.008523766034363129,0.007089785987249809,0.009964035348196362
HTML,rescue,aligned,layer_11.head_14,layer_12.head_12,earlier_to_later,-0.026521721100361793,-0.02913455197090766,-0.023965268061451647
HTML,rescue,aligned,layer_11.head_15,layer_09.head_04,later_to_earlier,-0.015203026366453055,-0.018212037521512844,-0.012386716672930701
HTML,rescue,aligned,layer_11.head_15,layer_09.head_11,later_to_earlier,-0.010237660956888401,-0.013225759379601817,-0.007495687855131154
HTML,rescue,aligned,layer_11.head_15,layer_09.head_13,later_to_earlier,-0.01173611504607742,-0.013852918863320017,-0.009883013956804755
HTML,rescue,aligned,layer_11.head_15,layer_10.head_02,later_to_earlier,-0.017732560472177045,-0.021588121594520716,-0.014552797669989154
HTML,rescue,aligned,layer_11.head_15,layer_10.head_12,later_to_earlier,0.006608615997884935,0.0016017454067141848,0.011402946537623231
HTML,rescue,aligned,layer_11.head_15,layer_11.head_08,within_layer,0.03141687362014172,0.028059416797040937,0.03487588352364898
HTML,rescue,aligned,layer_11.head_15,layer_11.head_09,within_layer,0.004056084028715561,0.0013435840736520026,0.006847061801947115
HTML,rescue,aligned,layer_11.head_15,layer_11.head_14,within_layer,-0.03562564857080883,-0.040570860549228586,-0.031088515250885917
HTML,rescue,aligned,layer_11.head_15,layer_11.head_15,identity,-0.023254333344426312,-0.030245575123483717,-0.017404647809506603
HTML,rescue,aligned,layer_11.head_15,layer_12.head_02,earlier_to_later,-0.005202053798380473,-0.006604815147132226,-0.003787141959216226
HTML,rescue,aligned,layer_11.head_15,layer_12.head_03,earlier_to_later,0.026264431601217844,0.024372035050988786,0.028601951536072437
HTML,rescue,aligned,layer_11.head_15,layer_12.head_12,earlier_to_later,0.04006300970152994,0.03589144477788566,0.04413875393948935
HTML,rescue,aligned,layer_12.head_02,layer_09.head_04,later_to_earlier,0.007771879618308596,0.00648727288063821,0.009060763682721
HTML,rescue,aligned,layer_12.head_02,layer_09.head_11,later_to_earlier,0.005903290948228676,0.00486679506530373,0.007079136643767908
HTML,rescue,aligned,layer_12.head_02,layer_09.head_13,later_to_earlier,0.01595062864042142,0.01393833036297395,0.017950313026987037
HTML,rescue,aligned,layer_12.head_02,layer_10.head_02,later_to_earlier,0.01732070564873398,0.0146619745709206,0.020085716930640436
HTML,rescue,aligned,layer_12.head_02,layer_10.head_12,later_to_earlier,0.017096879786882156,0.015449700468455143,0.018759293480202357
HTML,rescue,aligned,layer_12.head_02,layer_11.head_08,later_to_earlier,0.040603808688314896,0.0362920953324172,0.04516750531221945
HTML,rescue,aligned,layer_12.head_02,layer_11.head_09,later_to_earlier,0.03391551399664211,0.030811590767786085,0.037135606099238966
HTML,rescue,aligned,layer_12.head_02,layer_11.head_14,later_to_earlier,0.03653434122482358,0.03274575394356512,0.04037872018730167
HTML,rescue,aligned,layer_12.head_02,layer_11.head_15,later_to_earlier,0.014225781667227903,0.011972409404227582,0.0164255388303579
HTML,rescue,aligned,layer_12.head_02,layer_12.head_02,identity,0.05774393392427838,0.05121645845687774,0.06489298627163949
HTML,rescue,aligned,layer_12.head_02,layer_12.head_03,within_layer,0.006543258661525588,0.005051519105779171,0.008224338302461357
HTML,rescue,aligned,layer_12.head_02,layer_12.head_12,within_layer,0.0046387244665185776,0.0034899267159139193,0.005828113007575282
HTML,rescue,aligned,layer_12.head_03,layer_09.head_04,later_to_earlier,0.0033481183660523345,0.002279000901057159,0.004559769034006668
HTML,rescue,aligned,layer_12.head_03,layer_09.head_11,later_to_earlier,0.021968451488214066,0.019153538675770097,0.025013296337415274
HTML,rescue,aligned,layer_12.head_03,layer_09.head_13,later_to_earlier,0.0012757898084686766,0.00046363260524221654,0.0021377489815229012
HTML,rescue,aligned,layer_12.head_03,layer_10.head_02,later_to_earlier,0.024834545429776426,0.02191268995998263,0.027993922379680857
HTML,rescue,aligned,layer_12.head_03,layer_10.head_12,later_to_earlier,0.0073796966402884774,0.005858201392970055,0.00903401652297547
HTML,rescue,aligned,layer_12.head_03,layer_11.head_08,later_to_earlier,0.02614162433794078,0.023758493940528206,0.02877437882410699
HTML,rescue,aligned,layer_12.head_03,layer_11.head_09,later_to_earlier,0.025820336768805005,0.021979365156116655,0.029719861014650434
HTML,rescue,aligned,layer_12.head_03,layer_11.head_14,later_to_earlier,0.0008206534619961006,-0.00046490845535133215,0.0022378775384147846
HTML,rescue,aligned,layer_12.head_03,layer_11.head_15,later_to_earlier,0.03421523078772261,0.03085425380110564,0.03762994071017603
HTML,rescue,aligned,layer_12.head_03,layer_12.head_02,within_layer,-0.012709546007500705,-0.01633189357253401,-0.009649410446231157
HTML,rescue,aligned,layer_12.head_03,layer_12.head_03,identity,0.08679227291239308,0.07957429222055248,0.09411060007501952
HTML,rescue,aligned,layer_12.head_03,layer_12.head_12,within_layer,0.024800826388931167,0.022329836403754497,0.027255326497644353
HTML,rescue,aligned,layer_12.head_12,layer_09.head_04,later_to_earlier,0.0043913336587559386,0.002791314480825096,0.005978983037046735
HTML,rescue,aligned,layer_12.head_12,layer_09.head_11,later_to_earlier,0.0059985636883369085,0.004621360869673934,0.007453272895186716
HTML,rescue,aligned,layer_12.head_12,layer_09.head_13,later_to_earlier,-0.0005298916678124594,-0.001158296800435425,0.0001458961132459836
HTML,rescue,aligned,layer_12.head_12,layer_10.head_02,later_to_earlier,0.016282260774938044,0.01381942794878605,0.01888034069573367
HTML,rescue,aligned,layer_12.head_12,layer_10.head_12,later_to_earlier,0.02598037378956446,0.02380382355247454,0.028205503825063354
HTML,rescue,aligned,layer_12.head_12,layer_11.head_08,later_to_earlier,0.01420081272325382,0.012343167684181231,0.015998418553943548
HTML,rescue,aligned,layer_12.head_12,layer_11.head_09,later_to_earlier,0.023805839079031874,0.020902073290202192,0.02730971211356132
HTML,rescue,aligned,layer_12.head_12,layer_11.head_14,later_to_earlier,0.002452801932023698,0.0008322169137673539,0.004190876730887334
HTML,rescue,aligned,layer_12.head_12,layer_11.head_15,later_to_earlier,0.02753168775650444,0.025156856261860355,0.03031667362033839
HTML,rescue,aligned,layer_12.head_12,layer_12.head_02,within_layer,0.0032426713295986764,0.0017542628815024079,0.004763893551314371
HTML,rescue,aligned,layer_12.head_12,layer_12.head_03,within_layer,0.03388763604948658,0.031717525804008016,0.03663204521106261
HTML,rescue,aligned,layer_12.head_12,layer_12.head_12,identity,0.10104397587582709,0.0930777414928562,0.11006989957999355
biology-focused,induction,raw,layer_09.head_04,layer_09.head_04,identity,0.0005732635582335792,0.0001862424397919875,0.0008947783031247655
biology-focused,induction,raw,layer_09.head_04,layer_09.head_11,within_layer,0.0007397586017624143,0.0003552412473362347,0.0013030115191798193
biology-focused,induction,raw,layer_09.head_04,layer_09.head_13,within_layer,0.0003527237558710405,0.00017389575509138715,0.0005132590266008092
biology-focused,induction,raw,layer_09.head_04,layer_10.head_02,earlier_to_later,0.0002499390394120841,5.762636248878116e-05,0.0004599229529381705
biology-focused,induction,raw,layer_09.head_04,layer_10.head_12,earlier_to_later,0.00032277822493011,-7.960176309602415e-05,0.0007030321504862729
biology-focused,induction,raw,layer_09.head_04,layer_11.head_08,earlier_to_later,-0.00023121649350294412,-0.0005877889613693406,9.94759954281626e-05
biology-focused,induction,raw,layer_09.head_04,layer_11.head_09,earlier_to_later,-0.0006091224809461706,-0.0012386122127730158,-0.00013753018644717014
biology-focused,induction,raw,layer_09.head_04,layer_11.head_14,earlier_to_later,1.5828146695134184e-05,-0.00015082871055607086,0.00015066839756253827
biology-focused,induction,raw,layer_09.head_04,layer_11.head_15,earlier_to_later,0.0005178722328781279,0.00025572910292987334,0.000844771680891816
biology-focused,induction,raw,layer_09.head_04,layer_12.head_02,earlier_to_later,-4.171480986410629e-05,-0.00018464810537438975,0.00011531941309836003
biology-focused,induction,raw,layer_09.head_04,layer_12.head_03,earlier_to_later,0.0005143932033593063,0.0002674990410799219,0.000770338124005962
biology-focused,induction,raw,layer_09.head_04,layer_12.head_12,earlier_to_later,0.0013327318685509698,0.000939754327900223,0.0017995330061874198
biology-focused,induction,raw,layer_09.head_11,layer_09.head_04,within_layer,0.00033082407969884455,-0.0028587951023466437,0.0023672693972811363
biology-focused,induction,raw,layer_09.head_11,layer_09.head_11,identity,0.03007535241296137,0.020767339937967484,0.043642721929416185
biology-focused,induction,raw,layer_09.head_11,layer_09.head_13,within_layer,0.002105215391228029,0.0011155878262808963,0.0032785566498011367
biology-focused,induction,raw,layer_09.head_11,layer_10.head_02,earlier_to_later,0.010251842214716455,0.006654693001905667,0.015805746007333258
biology-focused,induction,raw,layer_09.head_11,layer_10.head_12,earlier_to_later,0.013570975345170853,0.010115284117120739,0.017627335954527295
biology-focused,induction,raw,layer_09.head_11,layer_11.head_08,earlier_to_later,0.008943928381810082,0.006646081350682089,0.011819700447716965
biology-focused,induction,raw,layer_09.head_11,layer_11.head_09,earlier_to_later,-0.00013100031674383387,-0.002697626402460661,0.0018251501228213048
biology-focused,induction,raw,layer_09.head_11,layer_11.head_14,earlier_to_later,-0.004905565798985324,-0.007850224708731953,-0.0026102591853597664
biology-focused,induction,raw,layer_09.head_11,layer_11.head_15,earlier_to_later,0.02382597552194365,0.015570805866369155,0.03587697306996703
biology-focused,induction,raw,layer_09.head_11,layer_12.head_02,earlier_to_later,-0.007513438659011234,-0.01241580826275551,-0.004292398886047635
biology-focused,induction,raw,layer_09.head_11,layer_12.head_03,earlier_to_later,-0.0016153287401541952,-0.0026650376090771016,-0.0007447679317734051
biology-focused,induction,raw,layer_09.head_11,layer_12.head_12,earlier_to_later,-0.009069096771660795,-0.01534451715532025,-0.00507804527384766
biology-focused,induction,raw,layer_09.head_13,layer_09.head_04,within_layer,0.00029120339641838154,-0.00029072701197838303,0.0009549491532596388
biology-focused,induction,raw,layer_09.head_13,layer_09.head_11,within_layer,0.0021792717578724744,0.0015430958329702021,0.003035463202900919
biology-focused,induction,raw,layer_09.head_13,layer_09.head_13,identity,0.0024362215688906686,0.0013358023997336562,0.003992142996368169
biology-focused,induction,raw,layer_09.head_13,layer_10.head_02,earlier_to_later,0.005074495204766998,0.0028769478006459804,0.007913103194229939
biology-focused,induction,raw,layer_09.head_13,layer_10.head_12,earlier_to_later,0.002558663281336134,0.001283445392305079,0.004583103534134951
biology-focused,induction,raw,layer_09.head_13,layer_11.head_08,earlier_to_later,0.004510906798872951,0.002618848399767171,0.007859027697890425
biology-focused,induction,raw,layer_09.head_13,layer_11.head_09,earlier_to_later,0.0024382677749575235,0.0013645601670649577,0.004100891895730357
biology-focused,induction,raw,layer_09.head_13,layer_11.head_14,earlier_to_later,0.0027440773448929407,0.001992141053627584,0.003584545576347706
biology-focused,induction,raw,layer_09.head_13,layer_11.head_15,earlier_to_later,0.002215145056740102,0.0010033881610465218,0.004016074539365474
biology-focused,induction,raw,layer_09.head_13,layer_12.head_02,earlier_to_later,0.00046506861542923786,0.00011810603026492195,0.0008672154494711804
biology-focused,induction,raw,layer_09.head_13,layer_12.head_03,earlier_to_later,-6.364323834637515e-05,-0.0006010496095920445,0.00042048922477807486
biology-focused,induction,raw,layer_09.head_13,layer_12.head_12,earlier_to_later,0.0030932789427800503,0.0019067188069327606,0.0048414065484347945
biology-focused,induction,raw,layer_10.head_02,layer_09.head_04,later_to_earlier,-0.0035989937405490184,-0.006479461964785555,-0.0013971342077361503
biology-focused,induction,raw,layer_10.head_02,layer_09.head_11,later_to_earlier,0.018533322164498486,0.012122872856097394,0.028396070999421964
biology-focused,induction,raw,layer_10.head_02,layer_09.head_13,later_to_earlier,0.0025432376669820207,0.001709686400510112,0.0034388074813181267
biology-focused,induction,raw,layer_10.head_02,layer_10.head_02,identity,0.03693426869342132,0.02633413495167873,0.0519923863432993
biology-focused,induction,raw,layer_10.head_02,layer_10.head_12,within_layer,0.006110028820249386,0.00474842511739041,0.00762970140171695
biology-focused,induction,raw,layer_10.head_02,layer_11.head_08,earlier_to_later,-0.005719184293273352,-0.007349597119312294,-0.004282161957815988
biology-focused,induction,raw,layer_10.head_02,layer_11.head_09,earlier_to_later,0.005537436149250841,0.003379883136762656,0.008497366302243287
biology-focused,induction,raw,layer_10.head_02,layer_11.head_14,earlier_to_later,0.0005711885998566513,-0.0005951834697706389,0.001396083390817538
biology-focused,induction,raw,layer_10.head_02,layer_11.head_15,earlier_to_later,0.011481803742963505,0.008050040557084989,0.015790426621932085
biology-focused,induction,raw,layer_10.head_02,layer_12.head_02,earlier_to_later,-0.005211523922522784,-0.009246826213037124,-0.002750414567764503
biology-focused,induction,raw,layer_10.head_02,layer_12.head_03,earlier_to_later,0.005097089728432622,0.003324824373512162,0.0073370983432989615
biology-focused,induction,raw,layer_10.head_02,layer_12.head_12,earlier_to_later,0.005736761538831255,0.0033144833838003062,0.009477520372596101
biology-focused,induction,raw,layer_10.head_12,layer_09.head_04,later_to_earlier,0.00017122959058750673,-0.0006127362412177664,0.000810945931058448
biology-focused,induction,raw,layer_10.head_12,layer_09.head_11,later_to_earlier,0.001819144282157661,0.000601997281769161,0.003657818370683897
biology-focused,induction,raw,layer_10.head_12,layer_09.head_13,later_to_earlier,-0.0005933949673362916,-0.0009948270776817395,-0.00024631312855262873
biology-focused,induction,raw,layer_10.head_12,layer_10.head_02,within_layer,0.004259870379626418,0.0024248803751136284,0.006571056533853122
biology-focused,induction,raw,layer_10.head_12,layer_10.head_12,identity,0.008095409375145225,0.0056302140749001596,0.011868352748011905
biology-focused,induction,raw,layer_10.head_12,layer_11.head_08,earlier_to_later,0.003198162577874329,0.0019372391308234125,0.004790124401455138
biology-focused,induction,raw,layer_10.head_12,layer_11.head_09,earlier_to_later,0.0013737805832317205,0.0006641705378853833,0.002046755530896526
biology-focused,induction,raw,layer_10.head_12,layer_11.head_14,earlier_to_later,-0.002530260791035783,-0.004644492068101275,-0.0013295475357284106
biology-focused,induction,raw,layer_10.head_12,layer_11.head_15,earlier_to_later,0.0016412776999949919,0.0009470390647294826,0.0027071843549632386
biology-focused,induction,raw,layer_10.head_12,layer_12.head_02,earlier_to_later,0.002583141081311534,0.00145852064514516,0.004301820963895812
biology-focused,induction,raw,layer_10.head_12,layer_12.head_03,earlier_to_later,0.0005924605172589222,8.117853742545544e-05,0.0014202740638577095
biology-focused,induction,raw,layer_10.head_12,layer_12.head_12,earlier_to_later,-0.0006595540328140459,-0.0012040752299922889,-0.00024087750101721775
biology-focused,induction,raw,layer_11.head_08,layer_09.head_04,later_to_earlier,0.0065735112665729345,0.004280637732809986,0.009988275815578889
biology-focused,induction,raw,layer_11.head_08,layer_09.head_11,later_to_earlier,0.009405441294893636,0.007141856163150588,0.011961676599874009
biology-focused,induction,raw,layer_11.head_08,layer_09.head_13,later_to_earlier,0.003152479949220162,0.001299297243883682,0.005029158039771433
biology-focused,induction,raw,layer_11.head_08,layer_10.head_02,later_to_earlier,0.003250156338589499,0.0019978571490706417,0.004462070063068055
biology-focused,induction,raw,layer_11.head_08,layer_10.head_12,later_to_earlier,0.017555791542536506,0.01411860035723467,0.0216553383041774
biology-focused,induction,raw,layer_11.head_08,layer_11.head_08,identity,0.11836491760817694,0.09073538045257064,0.1529196732490171
biology-focused,induction,raw,layer_11.head_08,layer_11.head_09,within_layer,0.09756123157544333,0.07532016171919463,0.1279181050517462
biology-focused,induction,raw,layer_11.head_08,layer_11.head_14,within_layer,0.024715988904095387,0.016811082905427273,0.035552915163313784
biology-focused,induction,raw,layer_11.head_08,layer_11.head_15,within_layer,0.00047957894791269726,-0.0019794068345381412,0.0021264072862773676
biology-focused,induction,raw,layer_11.head_08,layer_12.head_02,earlier_to_later,0.005599799909798971,0.003554286684774453,0.008294505979982908
biology-focused,induction,raw,layer_11.head_08,layer_12.head_03,earlier_to_later,-0.002071551228184336,-0.0037690617446390607,-0.000670992463995569
biology-focused,induction,raw,layer_11.head_08,layer_12.head_12,earlier_to_later,-0.001166993969187388,-0.0028552235582879914,0.00018901107493291542
biology-focused,induction,raw,layer_11.head_09,layer_09.head_04,later_to_earlier,0.004858057398641527,0.003011751344058086,0.0074994302737919575
biology-focused,induction,raw,layer_11.head_09,layer_09.head_11,later_to_earlier,0.007924208536867792,0.005898141113011971,0.010253700187753977
biology-focused,induction,raw,layer_11.head_09,layer_09.head_13,later_to_earlier,0.0016610880416352235,0.0004889480370104571,0.0028923590171116118
biology-focused,induction,raw,layer_11.head_09,layer_10.head_02,later_to_earlier,0.0021431876087309788,0.0010743081025595728,0.0032135941127711316
biology-focused,induction,raw,layer_11.head_09,layer_10.head_12,later_to_earlier,0.013380548795558004,0.009778746080373452,0.017706059549862815
biology-focused,induction,raw,layer_11.head_09,layer_11.head_08,within_layer,0.07544114498628017,0.05061571067667823,0.10855602433389652
biology-focused,induction,raw,layer_11.head_09,layer_11.head_09,identity,0.07067678657411457,0.04902882360511607,0.10129786863894433
biology-focused,induction,raw,layer_11.head_09,layer_11.head_14,within_layer,0.021185042297385576,0.013647741175945461,0.03171886052631948
biology-focused,induction,raw,layer_11.head_09,layer_11.head_15,within_layer,-1.9537194694538926e-05,-0.002028116919785149,0.001362001462763744
biology-focused,induction,raw,layer_11.head_09,layer_12.head_02,earlier_to_later,0.004701299804124049,0.0026671297329633006,0.007474993731867774
biology-focused,induction,raw,layer_11.head_09,layer_12.head_03,earlier_to_later,-0.0018435454093061996,-0.0030042711319007093,-0.0008183527435365582
biology-focused,induction,raw,layer_11.head_09,layer_12.head_12,earlier_to_later,-0.0018082998692084968,-0.003119927481403176,-0.0009562179047199127
biology-focused,induction,raw,layer_11.head_14,layer_09.head_04,later_to_earlier,-0.002227264155435832,-0.005473005287205578,-0.00014663845522479182
biology-focused,induction,raw,layer_11.head_14,layer_09.head_11,later_to_earlier,0.004199466568214924,0.002926124651033657,0.005683286833149859
biology-focused,induction,raw,layer_11.head_14,layer_09.head_13,later_to_earlier,0.001871837682417938,0.0010353671764645768,0.0029916618086153536
biology-focused,induction,raw,layer_11.head_14,layer_10.head_02,later_to_earlier,0.0007243138192015856,-0.0002772961190295726,0.001737407006336104
biology-focused,induction,raw,layer_11.head_14,layer_10.head_12,later_to_earlier,0.008409283968056092,0.005322958305336122,0.012104494638328994
biology-focused,induction,raw,layer_11.head_14,layer_11.head_08,within_layer,-0.0007074553813955055,-0.0018235860128495793,0.00031415683110396154
biology-focused,induction,raw,layer_11.head_14,layer_11.head_09,within_layer,0.003987935823008561,0.002493055387825782,0.005784053043329552
biology-focused,induction,raw,layer_11.head_14,layer_11.head_14,identity,0.0014399779851229054,0.000914524692251869,0.001995661558340471
biology-focused,induction,raw,layer_11.head_14,layer_11.head_15,within_layer,0.010571658951709056,0.007062048180518113,0.015299423699783531
biology-focused,induction,raw,layer_11.head_14,layer_12.head_02,earlier_to_later,-0.010527356433938389,-0.016798412085307097,-0.00646233092883363
biology-focused,induction,raw,layer_11.head_14,layer_12.head_03,earlier_to_later,0.005470232416507104,0.004070284530603916,0.0072931782328206195
biology-focused,induction,raw,layer_11.head_14,layer_12.head_12,earlier_to_later,0.0024707530932882274,0.001597110910400326,0.0035256090491973925
biology-focused,induction,raw,layer_11.head_15,layer_09.head_04,later_to_earlier,-0.002385430613146882,-0.0052394082643947544,-0.0005713894890325285
biology-focused,induction,raw,layer_11.head_15,layer_09.head_11,later_to_earlier,0.0027685599369200193,0.0018179212973788643,0.0038930063029091327
biology-focused,induction,raw,layer_11.head_15,layer_09.head_13,later_to_earlier,0.001072073009533371,0.00047864837200757094,0.0017931900358351834
biology-focused,induction,raw,layer_11.head_15,layer_10.head_02,later_to_earlier,-0.00024039806451955844,-0.0012239128974862647,0.0006064137932250135
biology-focused,induction,raw,layer_11.head_15,layer_10.head_12,later_to_earlier,0.005827781768418714,0.003430311963772978,0.008706303981514752
biology-focused,induction,raw,layer_11.head_15,layer_11.head_08,within_layer,-0.0010230886572724987,-0.0019385756884577141,-0.00027396169978574804
biology-focused,induction,raw,layer_11.head_15,layer_11.head_09,within_layer,0.002346145373483936,0.0013319221885324229,0.003585646942076481
biology-focused,induction,raw,layer_11.head_15,layer_11.head_14,within_layer,0.0009071162145934365,0.00032053959428554255,0.0014887335030453971
biology-focused,induction,raw,layer_11.head_15,layer_11.head_15,identity,0.007882330797246605,0.005119050499977308,0.011863230160359171
biology-focused,induction,raw,layer_11.head_15,layer_12.head_02,earlier_to_later,-0.008399388381339334,-0.013224799141684732,-0.005221791193969587
biology-focused,induction,raw,layer_11.head_15,layer_12.head_03,earlier_to_later,0.004169813352426401,0.003009716308174054,0.0055928525486309685
biology-focused,induction,raw,layer_11.head_15,layer_12.head_12,earlier_to_later,0.0016677633696238162,0.000980569452111224,0.0024726406967908337
biology-focused,induction,raw,layer_12.head_02,layer_09.head_04,later_to_earlier,0.00744841530978136,0.005475285726592498,0.009911365731878279
biology-focused,induction,raw,layer_12.head_02,layer_09.head_11,later_to_earlier,-0.003022179272021435,-0.004256042492336975,-0.0020784487953173208
biology-focused,induction,raw,layer_12.head_02,layer_09.head_13,later_to_earlier,0.008813335389458948,0.00613270722585088,0.012986653487273885
biology-focused,induction,raw,layer_12.head_02,layer_10.head_02,later_to_earlier,0.010206260219147544,0.006020055483729461,0.01666089517498703
biology-focused,induction,raw,layer_12.head_02,layer_10.head_12,later_to_earlier,0.006354457000230829,0.005143797430072679,0.00761443541239905
biology-focused,induction,raw,layer_12.head_02,layer_11.head_08,later_to_earlier,-0.003883234285878078,-0.005445299094382163,-0.0026607796644045802
biology-focused,induction,raw,layer_12.head_02,layer_11.head_09,later_to_earlier,-0.0029712349706239264,-0.006044015914849386,-0.0011521263898260127
biology-focused,induction,raw,layer_12.head_02,layer_11.head_14,later_to_earlier,-0.002430849678958714,-0.003567523292866017,-0.0016157261777441226
biology-focused,induction,raw,layer_12.head_02,layer_11.head_15,later_to_earlier,0.005962438420593486,0.003991870910830297,0.008517109595163915
biology-focused,induction,raw,layer_12.head_02,layer_12.head_02,identity,0.006088407083074561,0.004096207056550248,0.008784943191214827
biology-focused,induction,raw,layer_12.head_02,layer_12.head_03,within_layer,0.010693003284320072,0.00834507957935938,0.013325706926559431
biology-focused,induction,raw,layer_12.head_02,layer_12.head_12,within_layer,-0.0013647236055587555,-0.0034693025857034,9.067794744623901e-06
biology-focused,induction,raw,layer_12.head_03,layer_09.head_04,later_to_earlier,0.007342113227390152,0.005279068827341419,0.010030698926872458
biology-focused,induction,raw,layer_12.head_03,layer_09.head_11,later_to_earlier,-0.003387956576665575,-0.004878154066824144,-0.0023020296459385445
biology-focused,induction,raw,layer_12.head_03,layer_09.head_13,later_to_earlier,0.010049881196712693,0.006497072132641251,0.015675430425726833
biology-focused,induction,raw,layer_12.head_03,layer_10.head_02,later_to_earlier,0.011457972869964746,0.006099956183175392,0.020046932581783094
biology-focused,induction,raw,layer_12.head_03,layer_10.head_12,later_to_earlier,0.005176656954507708,0.004329547384278485,0.0060389910404093985
biology-focused,induction,raw,layer_12.head_03,layer_11.head_08,later_to_earlier,-0.0030772926583795155,-0.004614521894730019,-0.0018152849950395474
biology-focused,induction,raw,layer_12.head_03,layer_11.head_09,later_to_earlier,-0.003328367414039479,-0.006573792707313936,-0.0013008489246390557
biology-focused,induction,raw,layer_12.head_03,layer_11.head_14,later_to_earlier,-0.0016607190536559544,-0.0031332617338669317,-0.0006105022639956715
biology-focused,induction,raw,layer_12.head_03,layer_11.head_15,later_to_earlier,0.008497936924114217,0.005388814533595902,0.01267554554463743
biology-focused,induction,raw,layer_12.head_03,layer_12.head_02,within_layer,0.006509067755596197,0.0044789704194641905,0.009153348073082143
biology-focused,induction,raw,layer_12.head_03,layer_12.head_03,identity,0.012555755236754973,0.009432536059387469,0.01631859631835538
biology-focused,induction,raw,layer_12.head_03,layer_12.head_12,within_layer,-0.002640386930666688,-0.005040321972158267,-0.0011231925942760312
biology-focused,induction,raw,layer_12.head_12,layer_09.head_04,later_to_earlier,-0.0006272795647572101,-0.0024267646427117585,0.0005841394142155949
biology-focused,induction,raw,layer_12.head_12,layer_09.head_11,later_to_earlier,0.001238678270250819,0.00045021877492906347,0.002161919511141528
biology-focused,induction,raw,layer_12.head_12,layer_09.head_13,later_to_earlier,0.0011892290889771013,0.0005132578804373084,0.0019119347269653986
biology-focused,induction,raw,layer_12.head_12,layer_10.head_02,later_to_earlier,0.0016903962297028713,0.0009274339320814028,0.0024685507972362795
biology-focused,induction,raw,layer_12.head_12,layer_10.head_12,later_to_earlier,0.0012461107424046648,-2.427050462869127e-06,0.002438744177260136
biology-focused,induction,raw,layer_12.head_12,layer_11.head_08,later_to_earlier,0.0028111660683963857,0.0017817779339657884,0.004094130005456249
biology-focused,induction,raw,layer_12.head_12,layer_11.head_09,later_to_earlier,0.003931336900630048,0.0024379209968268156,0.0061143493675785915
biology-focused,induction,raw,layer_12.head_12,layer_11.head_14,later_to_earlier,0.005718029408818757,0.0037389249451766967,0.00886661659284746
biology-focused,induction,raw,layer_12.head_12,layer_11.head_15,later_to_earlier,0.005776885387537994,0.003708354312880243,0.008070334663704883
biology-focused,induction,raw,layer_12.head_12,layer_12.head_02,within_layer,0.007286836911274992,0.004551695434182036,0.01123745918788617
biology-focused,induction,raw,layer_12.head_12,layer_12.head_03,within_layer,0.0028771717882204177,0.0015809058522020267,0.004577689479763514
biology-focused,induction,raw,layer_12.head_12,layer_12.head_12,identity,0.005965059672861798,0.004334770692146524,0.007856608153687494
biology-focused,induction,rms,layer_09.head_04,layer_09.head_04,identity,0.0005732635582335792,0.0001862424397919875,0.0008947783031247655
biology-focused,induction,rms,layer_09.head_04,layer_09.head_11,within_layer,0.004373456380569429,0.0026703437034429982,0.006771978434040353
biology-focused,induction,rms,layer_09.head_04,layer_09.head_13,within_layer,0.0026836351970680157,0.0022584490833939697,0.0031606679892810215
biology-focused,induction,rms,layer_09.head_04,layer_10.head_02,earlier_to_later,0.002742265949358348,0.0017710210476893327,0.003962446616987597
biology-focused,induction,rms,layer_09.head_04,layer_10.head_12,earlier_to_later,0.0031098881938988318,0.0017541232674156482,0.004535007679919063
biology-focused,induction,rms,layer_09.head_04,layer_11.head_08,earlier_to_later,0.00030888606711321806,-0.0007760364356755013,0.001332429171824592
biology-focused,induction,rms,layer_09.head_04,layer_11.head_09,earlier_to_later,-0.0002094318265710398,-0.0021586232902033446,0.0012307456730298795
biology-focused,induction,rms,layer_09.head_04,layer_11.head_14,earlier_to_later,0.001254377031550625,0.0007028598269947884,0.0017973360625594124
biology-focused,induction,rms,layer_09.head_04,layer_11.head_15,earlier_to_later,0.0038294099614216,0.002405518810976552,0.005561496632633407
biology-focused,induction,rms,layer_09.head_04,layer_12.head_02,earlier_to_later,0.0002508782815411323,-0.0003022585033041685,0.0009153982780262763
biology-focused,induction,rms,layer_09.head_04,layer_12.head_03,earlier_to_later,0.002230402949285457,0.0013337375223994505,0.003218743371456272
biology-focused,induction,rms,layer_09.head_04,layer_12.head_12,earlier_to_later,0.005136978766607099,0.0036550760188717372,0.00683804307058167
biology-focused,induction,rms,layer_09.head_11,layer_09.head_04,within_layer,-0.0006579439034499632,-0.0017808316094936039,5.569040815132667e-05
biology-focused,induction,rms,layer_09.head_11,layer_09.head_11,identity,0.03007535241296137,0.020767339937967484,0.043642721929416185
biology-focused,induction,rms,layer_09.head_11,layer_09.head_13,within_layer,-2.0802296337746746e-05,-0.0006984344869426528,0.000560943057764954
biology-focused,induction,rms,layer_09.head_11,layer_10.head_02,earlier_to_later,0.009933860833516842,0.006458957923141633,0.015311036187129479
biology-focused,induction,rms,layer_09.head_11,layer_10.head_12,earlier_to_later,0.004060243090790239,0.002912857818137955,0.005444642452850937
biology-focused,induction,rms,layer_09.head_11,layer_11.head_08,earlier_to_later,0.012443247447439696,0.009438935181268942,0.016285309175877557
biology-focused,induction,rms,layer_09.head_11,layer_11.head_09,earlier_to_later,0.0006886513706078258,-0.0018188641652299305,0.002756811564135953
biology-focused,induction,rms,layer_09.head_11,layer_11.head_14,earlier_to_later,-0.00459159536504088,-0.007240168894961419,-0.002553979635906223
biology-focused,induction,rms,layer_09.head_11,layer_11.head_15,earlier_to_later,0.013030657142229144,0.008440080803150141,0.01984822807711315
biology-focused,induction,rms,layer_09.head_11,layer_12.head_02,earlier_to_later,-0.006576923207368253,-0.010798949138772756,-0.0038216503570761766
biology-focused,induction,rms,layer_09.head_11,layer_12.head_03,earlier_to_later,-0.001561609840834651,-0.0025681102660798194,-0.000720593499333061
biology-focused,induction,rms,layer_09.head_11,layer_12.head_12,earlier_to_later,-0.0063951463110356686,-0.01086236554443357,-0.0035565273403761195
biology-focused,induction,rms,layer_09.head_13,layer_09.head_04,within_layer,-0.00012643349149392077,-0.0002880467789197948,6.878359757580985e-05
biology-focused,induction,rms,layer_09.head_13,layer_09.head_11,within_layer,0.006516682325713838,0.004580342331008303,0.009101737041336868
biology-focused,induction,rms,layer_09.head_13,layer_09.head_13,identity,0.0024362215688906686,0.0013358023997336562,0.003992142996368169
biology-focused,induction,rms,layer_09.head_13,layer_10.head_02,earlier_to_later,0.012586860444202177,0.007397238116550257,0.01919145001880462
biology-focused,induction,rms,layer_09.head_13,layer_10.head_12,earlier_to_later,0.002507076845013664,0.0013361717197243785,0.004291425133823165
biology-focused,induction,rms,layer_09.head_13,layer_11.head_08,earlier_to_later,0.015115391304581907,0.009517008203394373,0.024475145761851596
biology-focused,induction,rms,layer_09.head_13,layer_11.head_09,earlier_to_later,0.009814260807716914,0.006200388121857282,0.014917988587638842
biology-focused,induction,rms,layer_09.head_13,layer_11.head_14,earlier_to_later,0.005060833065430689,0.003633651658258286,0.00668111734132295
biology-focused,induction,rms,layer_09.head_13,layer_11.head_15,earlier_to_later,0.003488987402210084,0.001681852151128978,0.0060484733457168705
biology-focused,induction,rms,layer_09.head_13,layer_12.head_02,earlier_to_later,0.0009136238207732707,0.00029928161287669605,0.0016384786477057175
biology-focused,induction,rms,layer_09.head_13,layer_12.head_03,earlier_to_later,0.00013324299692952043,-0.0010057405918053332,0.0011692225433709716
biology-focused,induction,rms,layer_09.head_13,layer_12.head_12,earlier_to_later,0.004504456697313263,0.0026936136547490845,0.007070818299577687
biology-focused,induction,rms,layer_10.head_02,layer_09.head_04,later_to_earlier,-0.0020624319538395464,-0.003263725013679914,-0.0011596868634393112
biology-focused,induction,rms,layer_10.head_02,layer_09.head_11,later_to_earlier,0.01900743817349733,0.012466918797084121,0.029078866825653023
biology-focused,induction,rms,layer_10.head_02,layer_09.head_13,later_to_earlier,8.656362152615922e-05,-0.00019988280627381583,0.0003699282127688396
biology-focused,induction,rms,layer_10.head_02,layer_10.head_02,identity,0.03693426869342132,0.02633413495167873,0.0519923863432993
biology-focused,induction,rms,layer_10.head_02,layer_10.head_12,within_layer,0.0034548009055334,0.0023983718435834855,0.004780172214156953
biology-focused,induction,rms,layer_10.head_02,layer_11.head_08,earlier_to_later,-0.005408338277023497,-0.0069598304427912665,-0.004052021474359187
biology-focused,induction,rms,layer_10.head_02,layer_11.head_09,earlier_to_later,0.007037822737836919,0.004401978955400016,0.010669193122260267
biology-focused,induction,rms,layer_10.head_02,layer_11.head_14,earlier_to_later,-0.0005933805911812551,-0.001816036851159534,0.0001828624895327158
biology-focused,induction,rms,layer_10.head_02,layer_11.head_15,earlier_to_later,0.005773344061347347,0.004110145573283891,0.007828439252439688
biology-focused,induction,rms,layer_10.head_02,layer_12.head_02,earlier_to_later,-0.004632581783049806,-0.008163809329467135,-0.002494064312059606
biology-focused,induction,rms,layer_10.head_02,layer_12.head_03,earlier_to_later,0.0050429635047203785,0.003308115354324976,0.007240509065815672
biology-focused,induction,rms,layer_10.head_02,layer_12.head_12,earlier_to_later,0.0037086502591153992,0.002054035669844996,0.006300997291832426
biology-focused,induction,rms,layer_10.head_12,layer_09.head_04,later_to_earlier,-0.0001656085139682538,-0.00048460136692082644,8.371392096414172e-05
biology-focused,induction,rms,layer_10.head_12,layer_09.head_11,later_to_earlier,0.00561755446126899,0.0024144475498523612,0.010680257307866581
biology-focused,induction,rms,layer_10.head_12,layer_09.head_13,later_to_earlier,-0.000570014547195341,-0.0009373498489193055,-0.00026115985610619566
biology-focused,induction,rms,layer_10.head_12,layer_10.head_02,within_layer,0.011069184133158926,0.006491776056893449,0.01697722811704087
biology-focused,induction,rms,layer_10.head_12,layer_10.head_12,identity,0.008095409375145225,0.0056302140749001596,0.011868352748011905
biology-focused,induction,rms,layer_10.head_12,layer_11.head_08,earlier_to_later,0.011632144780283047,0.007324738599997997,0.017270908335282557
biology-focused,induction,rms,layer_10.head_12,layer_11.head_09,earlier_to_later,0.0073680957315927,0.005223504320505837,0.009754978231916468
biology-focused,induction,rms,layer_10.head_12,layer_11.head_14,earlier_to_later,-0.003206045502885984,-0.006160347740726769,-0.0015366790821867264
biology-focused,induction,rms,layer_10.head_12,layer_11.head_15,earlier_to_later,0.002753656656198897,0.001638105701358887,0.004509447091230013
biology-focused,induction,rms,layer_10.head_12,layer_12.head_02,earlier_to_later,0.004829698036806285,0.0027346951078629092,0.008129752974262423
biology-focused,induction,rms,layer_10.head_12,layer_12.head_03,earlier_to_later,0.0012861579182845426,0.0002860320504261045,0.0028981472317245877
biology-focused,induction,rms,layer_10.head_12,layer_12.head_12,earlier_to_later,-0.0009595843884248092,-0.0018275220777930615,-0.0003235774003178579
biology-focused,induction,rms,layer_11.head_08,layer_09.head_04,later_to_earlier,0.00044395004368068914,0.00012190899889374846,0.0008701330374575715
biology-focused,induction,rms,layer_11.head_08,layer_09.head_11,later_to_earlier,0.006744141850700589,0.004880686011972545,0.0088619864570748
biology-focused,induction,rms,layer_11.head_08,layer_09.head_13,later_to_earlier,-0.00035505748503862465,-0.0013888045545044385,0.0004549144124797086
biology-focused,induction,rms,layer_11.head_08,layer_10.head_02,later_to_earlier,0.0016479865723453364,0.0006668605967338127,0.002585221251395042
biology-focused,induction,rms,layer_11.head_08,layer_10.head_12,later_to_earlier,0.0034429453696800056,0.0027495036189296653,0.004286468863834344
biology-focused,induction,rms,layer_11.head_08,layer_11.head_08,identity,0.11836491760817694,0.09073538045257064,0.1529196732490171
biology-focused,induction,rms,layer_11.head_08,layer_11.head_09,within_layer,0.08110616471942785,0.060368183213915655,0.10972792534360068
biology-focused,induction,rms,layer_11.head_08,layer_11.head_14,within_layer,0.011692069386526659,0.007532410751376134,0.01737472747276862
biology-focused,induction,rms,layer_11.head_08,layer_11.head_15,within_layer,-0.0014860056414979475,-0.0034928229383485664,-0.0002893447353138374
biology-focused,induction,rms,layer_11.head_08,layer_12.head_02,earlier_to_later,0.0038647369663978425,0.0023048825537962366,0.006010096846841447
biology-focused,induction,rms,layer_11.head_08,layer_12.head_03,earlier_to_later,-0.001750637111357286,-0.0031264162262321354,-0.0005987416130896286
biology-focused,induction,rms,layer_11.head_08,layer_12.head_12,earlier_to_later,-0.0008283109247352828,-0.0017749244133251952,-8.940058996910695e-05
biology-focused,induction,rms,layer_11.head_09,layer_09.head_04,later_to_earlier,0.0003081816355164319,9.323070474680055e-05,0.000562147470039622
biology-focused,induction,rms,layer_11.head_09,layer_09.head_11,later_to_earlier,0.006776171924121805,0.0049843482426969584,0.00885380587801588
biology-focused,induction,rms,layer_11.head_09,layer_09.head_13,later_to_earlier,-0.0003498724851221441,-0.0011767311524239668,0.0002880149598679135
biology-focused,induction,rms,layer_11.head_09,layer_10.head_02,later_to_earlier,0.0015157211539582947,0.0005401051489046109,0.0024512556936284687
biology-focused,induction,rms,layer_11.head_09,layer_10.head_12,later_to_earlier,0.0034312096351185816,0.0025319557691432983,0.004465590587166799
biology-focused,induction,rms,layer_11.head_09,layer_11.head_08,within_layer,0.08974865867448527,0.06298790058595753,0.12475732773497278
biology-focused,induction,rms,layer_11.head_09,layer_11.head_09,identity,0.07067678657411457,0.04902882360511607,0.10129786863894433
biology-focused,induction,rms,layer_11.head_09,layer_11.head_14,within_layer,0.011648456924197742,0.007362477115380939,0.017614491607284007
biology-focused,induction,rms,layer_11.head_09,layer_11.head_15,within_layer,-0.0013385110828756238,-0.0031028412202446904,-0.00028625634070960927
biology-focused,induction,rms,layer_11.head_09,layer_12.head_02,earlier_to_later,0.003549170779244353,0.001948895804764452,0.005817968928029603
biology-focused,induction,rms,layer_11.head_09,layer_12.head_03,earlier_to_later,-0.0016595833374080749,-0.00268027769208013,-0.0007512350450507919
biology-focused,induction,rms,layer_11.head_09,layer_12.head_12,earlier_to_later,-0.00120945633911339,-0.0020176743099147927,-0.0006939897024070521
biology-focused,induction,rms,layer_11.head_14,layer_09.head_04,later_to_earlier,-0.001186166967954337,-0.0022428206889244517,-0.0005129573268901532
biology-focused,induction,rms,layer_11.head_14,layer_09.head_11,later_to_earlier,0.007455157726493456,0.005347155326578983,0.009811315377022786
biology-focused,induction,rms,layer_11.head_14,layer_09.head_13,later_to_earlier,0.0007359728809361485,0.0002181281771241582,0.001405681189224221
biology-focused,induction,rms,layer_11.head_14,layer_10.head_02,later_to_earlier,0.0024489348819945714,0.0011801488806603851,0.003947643582380601
biology-focused,induction,rms,layer_11.head_14,layer_10.head_12,later_to_earlier,0.004737719396883062,0.0028123272108172928,0.006984547492386833
biology-focused,induction,rms,layer_11.head_14,layer_11.head_08,within_layer,0.0015569663427578769,0.00024094166840464304,0.0033250715165176834
biology-focused,induction,rms,layer_11.head_14,layer_11.head_09,within_layer,0.009502758280387063,0.0063518232983897725,0.013228473037960752
biology-focused,induction,rms,layer_11.head_14,layer_11.head_14,identity,0.0014399779851229054,0.000914524692251869,0.001995661558340471
biology-focused,induction,rms,layer_11.head_14,layer_11.head_15,within_layer,0.00873328895821598,0.005815074757683706,0.01269084727364071
biology-focused,induction,rms,layer_11.head_14,layer_12.head_02,earlier_to_later,-0.012098641427112573,-0.019576959751397338,-0.007338653740754458
biology-focused,induction,rms,layer_11.head_14,layer_12.head_03,earlier_to_later,0.007487159047604599,0.005642506007622201,0.009836290671711647
biology-focused,induction,rms,layer_11.head_14,layer_12.head_12,earlier_to_later,0.002202201725155616,0.0013896754181371028,0.0031926053459921675
biology-focused,induction,rms,layer_11.head_15,layer_09.head_04,later_to_earlier,-0.0010366405794201945,-0.0018938914955837919,-0.00048105368410766977
biology-focused,induction,rms,layer_11.head_15,layer_09.head_11,later_to_earlier,0.006043802666048128,0.0042613938797425085,0.008082587937087214
biology-focused,induction,rms,layer_11.head_15,layer_09.head_13,later_to_earlier,0.0005348696401828934,0.00011486314054011806,0.0010321482501165931
biology-focused,induction,rms,layer_11.head_15,layer_10.head_02,later_to_earlier,0.0013345049276721323,0.00017888870149523526,0.002629877048093211
biology-focused,induction,rms,layer_11.head_15,layer_10.head_12,later_to_earlier,0.0038702334496734463,0.0021031876621724456,0.0059434969459202
biology-focused,induction,rms,layer_11.head_15,layer_11.head_08,within_layer,0.0009806406635015333,-0.00016908860886294446,0.002421742350815455
biology-focused,induction,rms,layer_11.head_15,layer_11.head_09,within_layer,0.00758307675400781,0.004841989113091362,0.010922865489897498
biology-focused,induction,rms,layer_11.head_15,layer_11.head_14,within_layer,0.0013727311239140594,0.0007455116059269876,0.0020065063199574654
biology-focused,induction,rms,layer_11.head_15,layer_11.head_15,identity,0.007882330797246605,0.005119050499977308,0.011863230160359171
biology-focused,induction,rms,layer_11.head_15,layer_12.head_02,earlier_to_later,-0.010721400982568746,-0.017242255965799952,-0.006548304301453829
biology-focused,induction,rms,layer_11.head_15,layer_12.head_03,earlier_to_later,0.006479452876221105,0.004680671762021789,0.008701389058696161
biology-focused,induction,rms,layer_11.head_15,layer_12.head_12,earlier_to_later,0.0017488400919777295,0.0010057084315942297,0.00260693934670106
biology-focused,induction,rms,layer_12.head_02,layer_09.head_04,later_to_earlier,0.0009302905765121979,0.0006610554174084206,0.0012651855178054513
biology-focused,induction,rms,layer_12.head_02,layer_09.head_11,later_to_earlier,-0.0026424283446818643,-0.003746307055310155,-0.0017485490828009456
biology-focused,induction,rms,layer_12.head_02,layer_09.head_13,later_to_earlier,0.003597345274771505,0.00239272800887881,0.005454315153009721
biology-focused,induction,rms,layer_12.head_02,layer_10.head_02,later_to_earlier,0.012755722761260349,0.007595602272699656,0.020573336624590467
biology-focused,induction,rms,layer_12.head_02,layer_10.head_12,later_to_earlier,0.0020694618936523716,0.001571446545033749,0.0025795487620165628
biology-focused,induction,rms,layer_12.head_02,layer_11.head_08,later_to_earlier,-0.0035207730809956803,-0.004977505589519322,-0.0023278829999259652
biology-focused,induction,rms,layer_12.head_02,layer_11.head_09,later_to_earlier,-0.0024267380986182888,-0.005885611060272281,-0.0003487994680159981
biology-focused,induction,rms,layer_12.head_02,layer_11.head_14,later_to_earlier,-0.0025254687393569657,-0.0037001591288214637,-0.0017169058229748796
biology-focused,induction,rms,layer_12.head_02,layer_11.head_15,later_to_earlier,0.0036948251900220104,0.00240411212266836,0.0052820773507421745
biology-focused,induction,rms,layer_12.head_02,layer_12.head_02,identity,0.006088407083074561,0.004096207056550248,0.008784943191214827
biology-focused,induction,rms,layer_12.head_02,layer_12.head_03,within_layer,0.012387582975138553,0.009645199089745505,0.015473706411372246
biology-focused,induction,rms,layer_12.head_02,layer_12.head_12,within_layer,-0.0012302634275028154,-0.002941325104217839,-0.00011365372846470107
biology-focused,induction,rms,layer_12.head_03,layer_09.head_04,later_to_earlier,0.0009148457939513691,0.000574110938862757,0.0013153961061804866
biology-focused,induction,rms,layer_12.head_03,layer_09.head_11,later_to_earlier,-0.0033120840224348572,-0.004745772889563754,-0.00224352925992645
biology-focused,induction,rms,layer_12.head_03,layer_09.head_13,later_to_earlier,0.0035435976231418882,0.0021812121850989736,0.00579532677543124
biology-focused,induction,rms,layer_12.head_03,layer_10.head_02,later_to_earlier,0.011608414540369543,0.006073561725649198,0.02045927692603015
biology-focused,induction,rms,layer_12.head_03,layer_10.head_12,later_to_earlier,0.001027861540744601,0.0005350703971539624,0.001382753150461915
biology-focused,induction,rms,layer_12.head_03,layer_11.head_08,later_to_earlier,-0.0025561666224114704,-0.003909628430244227,-0.0013374254149562282
biology-focused,induction,rms,layer_12.head_03,layer_11.head_09,later_to_earlier,-0.003007189734370094,-0.006313509316360321,-0.0008855353309554901
biology-focused,induction,rms,layer_12.head_03,layer_11.head_14,later_to_earlier,-0.0020673581829653708,-0.0035064141312224923,-0.001184500801511945
biology-focused,induction,rms,layer_12.head_03,layer_11.head_15,later_to_earlier,0.0042281374134092884,0.002647345333801908,0.006329504260556582
biology-focused,induction,rms,layer_12.head_03,layer_12.head_02,within_layer,0.005536041662212305,0.0038234547547371664,0.007842191205573936
biology-focused,induction,rms,layer_12.head_03,layer_12.head_03,identity,0.012555755236754973,0.009432536059387469,0.01631859631835538
biology-focused,induction,rms,layer_12.head_03,layer_12.head_12,within_layer,-0.0020307660763459203,-0.00376352901476559,-0.0009256602157521469
biology-focused,induction,rms,layer_12.head_12,layer_09.head_04,later_to_earlier,-0.0006224779289750349,-0.0012925921488092173,-0.00019948911444403296
biology-focused,induction,rms,layer_12.head_12,layer_09.head_11,later_to_earlier,0.0034067510033498967,0.0020512688825262623,0.005193076500956979
biology-focused,induction,rms,layer_12.head_12,layer_09.head_13,later_to_earlier,0.0005602627220289474,5.767229526865473e-05,0.0010572625634657849
biology-focused,induction,rms,layer_12.head_12,layer_10.head_02,later_to_earlier,0.004303957255071539,0.0028597860919491232,0.005860006378790681
biology-focused,induction,rms,layer_12.head_12,layer_10.head_12,later_to_earlier,0.0005610677867109887,-0.0003506260442960744,0.0014227119859869064
biology-focused,induction,rms,layer_12.head_12,layer_11.head_08,later_to_earlier,0.008129097498447313,0.0056134874416357665,0.011459245949850828
biology-focused,induction,rms,layer_12.head_12,layer_11.head_09,later_to_earlier,0.00958714151839936,0.00642866665662204,0.01404342085226544
biology-focused,induction,rms,layer_12.head_12,layer_11.head_14,later_to_earlier,0.006462187114022326,0.004406112392547319,0.009648940541139194
biology-focused,induction,rms,layer_12.head_12,layer_11.head_15,later_to_earlier,0.005488466173145004,0.0036465863942505105,0.007494410869125986
biology-focused,induction,rms,layer_12.head_12,layer_12.head_02,within_layer,0.009402489391059485,0.0060383435352818204,0.014304570657734335
biology-focused,induction,rms,layer_12.head_12,layer_12.head_03,within_layer,0.004345020345907326,0.0024900655889119076,0.006758571097110154
biology-focused,induction,rms,layer_12.head_12,layer_12.head_12,identity,0.005965059672861798,0.004334770692146524,0.007856608153687494
biology-focused,induction,aligned,layer_09.head_04,layer_09.head_04,identity,0.0005694011645804523,0.0001816827947395343,0.0008919550721468856
biology-focused,induction,aligned,layer_09.head_04,layer_09.head_11,within_layer,0.0007672601863471479,0.0004747324282113963,0.0010465185108293376
biology-focused,induction,aligned,layer_09.head_04,layer_09.head_13,within_layer,5.388182907662391e-05,-9.287902400998801e-05,0.00022606252118787895
biology-focused,induction,aligned,layer_09.head_04,layer_10.head_02,earlier_to_later,0.000870605572852526,0.0007040594641619042,0.00110497820529894
biology-focused,induction,aligned,layer_09.head_04,layer_10.head_12,earlier_to_later,0.0012484157192621762,0.0010521765825635937,0.0014550993877030566
biology-focused,induction,aligned,layer_09.head_04,layer_11.head_08,earlier_to_later,0.0002485924728903364,0.000148645734626638,0.00036370918105836886
biology-focused,induction,aligned,layer_09.head_04,layer_11.head_09,earlier_to_later,0.00023352147036045533,4.692144748873152e-05,0.00038968563233453377
biology-focused,induction,aligned,layer_09.head_04,layer_11.head_14,earlier_to_later,0.00013924264563139994,1.1228139440904632e-05,0.00022905713395307645
biology-focused,induction,aligned,layer_09.head_04,layer_11.head_15,earlier_to_later,-0.0005107464520317263,-0.0009281509920175403,-0.0002118030426230255
biology-focused,induction,aligned,layer_09.head_04,layer_12.head_02,earlier_to_later,0.00015349420732420317,0.00010144331237106865,0.00020558769533177544
biology-focused,induction,aligned,layer_09.head_04,layer_12.head_03,earlier_to_later,0.0003744173738210473,0.00029915161272958614,0.00044924469531172823
biology-focused,induction,aligned,layer_09.head_04,layer_12.head_12,earlier_to_later,-0.00010984820063353344,-0.00023811737561564648,-6.484501893550924e-06
biology-focused,induction,aligned,layer_09.head_11,layer_09.head_04,within_layer,0.016422686962821714,0.010365259261153998,0.02609107127342732
biology-focused,induction,aligned,layer_09.head_11,layer_09.head_11,identity,0.030066343355805193,0.020761623342083778,0.04363536192277559
biology-focused,induction,aligned,layer_09.head_11,layer_09.head_13,within_layer,0.004563408517066075,0.0026112614098785397,0.007522538736284087
biology-focused,induction,aligned,layer_09.head_11,layer_10.head_02,earlier_to_later,0.025153373836976096,0.017061782001911795,0.03712397981957041
biology-focused,induction,aligned,layer_09.head_11,layer_10.head_12,earlier_to_later,0.015546311759747891,0.009242993912438989,0.025451405375942884
biology-focused,induction,aligned,layer_09.head_11,layer_11.head_08,earlier_to_later,0.013037864387954085,0.009127167791657008,0.018214518258082832
biology-focused,induction,aligned,layer_09.head_11,layer_11.head_09,earlier_to_later,0.017919704739077585,0.011840833992835594,0.02651666246693202
biology-focused,induction,aligned,layer_09.head_11,layer_11.head_14,earlier_to_later,0.007718945795257323,0.004924990694128816,0.011659523600043475
biology-focused,induction,aligned,layer_09.head_11,layer_11.head_15,earlier_to_later,0.006916162129815101,0.004342618937556248,0.010496410447374193
biology-focused,induction,aligned,layer_09.head_11,layer_12.head_02,earlier_to_later,-0.002007745060080881,-0.003884555894810759,-0.0009102212340036884
biology-focused,induction,aligned,layer_09.head_11,layer_12.head_03,earlier_to_later,0.0013001027886699015,0.0009306100751452892,0.001739111165444562
biology-focused,induction,aligned,layer_09.head_11,layer_12.head_12,earlier_to_later,-0.0017747794677151684,-0.0037275836391089294,-0.0005670503892817834
biology-focused,induction,aligned,layer_09.head_13,layer_09.head_04,within_layer,0.0015166699801907005,0.0010190835350109475,0.0023015320565810903
biology-focused,induction,aligned,layer_09.head_13,layer_09.head_11,within_layer,0.001215628501675707,0.0008702666919819077,0.0016901843517285865
biology-focused,induction,aligned,layer_09.head_13,layer_09.head_13,identity,0.00243889074167577,0.0013347290072932227,0.0040023793568587035
biology-focused,induction,aligned,layer_09.head_13,layer_10.head_02,earlier_to_later,0.0011867324300524373,0.0008539872785213368,0.0015859939151836107
biology-focused,induction,aligned,layer_09.head_13,layer_10.head_12,earlier_to_later,0.0015031228500946836,0.0008852490673638282,0.0025047474521788815
biology-focused,induction,aligned,layer_09.head_13,layer_11.head_08,earlier_to_later,0.0010684693866709004,0.0007431705733859017,0.0015680809125167383
biology-focused,induction,aligned,layer_09.head_13,layer_11.head_09,earlier_to_later,-8.059751718603144e-05,-0.000262431492412715,6.938233930705171e-05
biology-focused,induction,aligned,layer_09.head_13,layer_11.head_14,earlier_to_later,-0.0002133517248443125,-0.00036462643436022303,-6.51959803435619e-05
biology-focused,induction,aligned,layer_09.head_13,layer_11.head_15,earlier_to_later,-0.0008809803647371659,-0.0014716876299604206,-0.0004392981921956798
biology-focused,induction,aligned,layer_09.head_13,layer_12.head_02,earlier_to_later,0.0010447103944473232,0.000666424064199806,0.0015157458927145561
biology-focused,induction,aligned,layer_09.head_13,layer_12.head_03,earlier_to_later,-0.0009134177625510814,-0.0014566448007952216,-0.0005722164458078846
biology-focused,induction,aligned,layer_09.head_13,layer_12.head_12,earlier_to_later,-0.00013314236384426528,-0.0002706854856282386,5.403324562433083e-05
biology-focused,induction,aligned,layer_10.head_02,layer_09.head_04,later_to_earlier,0.010394242822404197,0.006355462718005891,0.016818568635792914
biology-focused,induction,aligned,layer_10.head_02,layer_09.head_11,later_to_earlier,0.012628982578458983,0.008109561113108588,0.020077896605031637
biology-focused,induction,aligned,layer_10.head_02,layer_09.head_13,later_to_earlier,0.0038623505246617915,0.0020563608544254468,0.00684551652006448
biology-focused,induction,aligned,layer_10.head_02,layer_10.head_02,identity,0.036938854686877944,0.026329647816462968,0.052005003661286686
biology-focused,induction,aligned,layer_10.head_02,layer_10.head_12,within_layer,0.013773137629345128,0.008798153789264053,0.021390023311990226
biology-focused,induction,aligned,layer_10.head_02,layer_11.head_08,earlier_to_later,0.017376568809748732,0.011091743150930164,0.026053187908901536
biology-focused,induction,aligned,layer_10.head_02,layer_11.head_09,earlier_to_later,0.01069719153748736,0.006921361650797335,0.01571171307170491
biology-focused,induction,aligned,layer_10.head_02,layer_11.head_14,earlier_to_later,0.00412045522013458,0.002259228776551511,0.007044432673794539
biology-focused,induction,aligned,layer_10.head_02,layer_11.head_15,earlier_to_later,0.0018250960103427523,0.0012167988336079713,0.0025301876130360006
biology-focused,induction,aligned,layer_10.head_02,layer_12.head_02,earlier_to_later,0.007497591344109386,0.0053074504748636215,0.010469031756987645
biology-focused,induction,aligned,layer_10.head_02,layer_12.head_03,earlier_to_later,0.0011913184235090657,0.00037599850968801624,0.0019723770807890074
biology-focused,induction,aligned,layer_10.head_02,layer_12.head_12,earlier_to_later,-0.0025518537759005346,-0.004114384598676883,-0.00149035592479068
biology-focused,induction,aligned,layer_10.head_12,layer_09.head_04,later_to_earlier,0.00427497971856973,0.0026729854052797986,0.006805862462694102
biology-focused,induction,aligned,layer_10.head_12,layer_09.head_11,later_to_earlier,0.004217503850733992,0.0026125998332054983,0.006846261547312188
biology-focused,induction,aligned,layer_10.head_12,layer_09.head_13,later_to_earlier,0.0005671872367048387,0.00023942924702702222,0.0010822761324561806
biology-focused,induction,aligned,layer_10.head_12,layer_10.head_02,within_layer,0.0031245039515192252,0.002093917539796154,0.0047830356807946044
biology-focused,induction,aligned,layer_10.head_12,layer_10.head_12,identity,0.008104701163350452,0.005637665966503681,0.011882603961175799
biology-focused,induction,aligned,layer_10.head_12,layer_11.head_08,earlier_to_later,0.0043111069961763344,0.003002795259756445,0.006345278950871597
biology-focused,induction,aligned,layer_10.head_12,layer_11.head_09,earlier_to_later,0.0031249256520669614,0.001990650146329574,0.004902343689414523
biology-focused,induction,aligned,layer_10.head_12,layer_11.head_14,earlier_to_later,0.0007620991466890614,0.00039093860381277784,0.001349950445335995
biology-focused,induction,aligned,layer_10.head_12,layer_11.head_15,earlier_to_later,0.000883338054163144,0.0006104079383414204,0.0012476578702125538
biology-focused,induction,aligned,layer_10.head_12,layer_12.head_02,earlier_to_later,0.0009519746103588471,0.0007516237244822136,0.0011679554343160144
biology-focused,induction,aligned,layer_10.head_12,layer_12.head_03,earlier_to_later,0.00010420316375588642,-0.00029656197559600793,0.00034373088143599943
biology-focused,induction,aligned,layer_10.head_12,layer_12.head_12,earlier_to_later,0.0006039518571847264,0.0002830695524960771,0.000995514945423843
biology-focused,induction,aligned,layer_11.head_08,layer_09.head_04,later_to_earlier,0.005034376148111938,0.003954898128878334,0.006313845938104216
biology-focused,induction,aligned,layer_11.head_08,layer_09.head_11,later_to_earlier,0.005168060013795909,0.004138466363553161,0.006292542574218302
biology-focused,induction,aligned,layer_11.head_08,layer_09.head_13,later_to_earlier,0.0017363903417161616,0.0010826259193536553,0.0025039288756364252
biology-focused,induction,aligned,layer_11.head_08,layer_10.head_02,later_to_earlier,0.015401318652101911,0.011042214269907591,0.021924591021723075
biology-focused,induction,aligned,layer_11.head_08,layer_10.head_12,later_to_earlier,0.015386525588569401,0.011101061481969671,0.021435687577591008
biology-focused,induction,aligned,layer_11.head_08,layer_11.head_08,identity,0.11836674337986657,0.0907342740734426,0.1529218937727119
biology-focused,induction,aligned,layer_11.head_08,layer_11.head_09,within_layer,0.026366956132584947,0.018234267267359893,0.0374892719743576
biology-focused,induction,aligned,layer_11.head_08,layer_11.head_14,within_layer,0.01360291916166185,0.008608055383346351,0.020921863242601497
biology-focused,induction,aligned,layer_11.head_08,layer_11.head_15,within_layer,0.0045042698072977885,0.00242484318064317,0.007607436842590744
biology-focused,induction,aligned,layer_11.head_08,layer_12.head_02,earlier_to_later,0.020056820818331503,0.014890272849219843,0.026976095323719876
biology-focused,induction,aligned,layer_11.head_08,layer_12.head_03,earlier_to_later,0.01724430339136169,0.011618382813814119,0.025208590189113027
biology-focused,induction,aligned,layer_11.head_08,layer_12.head_12,earlier_to_later,0.015365407016820853,0.010366495379826642,0.022051526130342617
biology-focused,induction,aligned,layer_11.head_09,layer_09.head_04,later_to_earlier,0.007396512598048088,0.004056816840465507,0.01306062064311805
biology-focused,induction,aligned,layer_11.head_09,layer_09.head_11,later_to_earlier,0.014184132733630589,0.008531431713469253,0.02290759362160393
biology-focused,induction,aligned,layer_11.head_09,layer_09.head_13,later_to_earlier,0.0020100644130934286,0.000977985095794428,0.0036297028769300375
biology-focused,induction,aligned,layer_11.head_09,layer_10.head_02,later_to_earlier,0.017295698145617006,0.01063044756469639,0.027702658215803148
biology-focused,induction,aligned,layer_11.head_09,layer_10.head_12,later_to_earlier,0.013311131134938654,0.007903511961159657,0.022125116817941118
biology-focused,induction,aligned,layer_11.head_09,layer_11.head_08,within_layer,0.00905707830605032,0.006015617349176085,0.013285123393812399
biology-focused,induction,aligned,layer_11.head_09,layer_11.head_09,identity,0.07068304978565877,0.04902918672958502,0.10130477333009758
biology-focused,induction,aligned,layer_11.head_09,layer_11.head_14,within_layer,0.008439742248526656,0.005193759082518258,0.012936081612877834
biology-focused,induction,aligned,layer_11.head_09,layer_11.head_15,within_layer,0.006698123778428905,0.0041863743203105165,0.010105295572656726
biology-focused,induction,aligned,layer_11.head_09,layer_12.head_02,earlier_to_later,0.001871578911627282,0.001123520225339939,0.002556358196366126
biology-focused,induction,aligned,layer_11.head_09,layer_12.head_03,earlier_to_later,0.00741700820307839,0.00489001953280529,0.011018953052134422
biology-focused,induction,aligned,layer_11.head_09,layer_12.head_12,earlier_to_later,0.003414835194532062,0.0024507934036211913,0.0044855327658715844
biology-focused,induction,aligned,layer_11.head_14,layer_09.head_04,later_to_earlier,0.002254483008971515,0.0011284965896050541,0.004045156740902146
biology-focused,induction,aligned,layer_11.head_14,layer_09.head_11,later_to_earlier,0.00150419147761906,0.000940616918130357,0.0022291075318788566
biology-focused,induction,aligned,layer_11.head_14,layer_09.head_13,later_to_earlier,0.002061051842956047,0.0011378218341036458,0.003616246759319513
biology-focused,induction,aligned,layer_11.head_14,layer_10.head_02,later_to_earlier,0.0005479375651110288,-0.00023411860410609133,0.0017040922566046142
biology-focused,induction,aligned,layer_11.head_14,layer_10.head_12,later_to_earlier,0.0010924631894267396,2.5680792985855292e-05,0.0027235423394027874
biology-focused,induction,aligned,layer_11.head_14,layer_11.head_08,within_layer,0.0038323187367906423,0.002753520539247755,0.005135252432458796
biology-focused,induction,aligned,layer_11.head_14,layer_11.head_09,within_layer,0.00676525083834578,0.004588367206612823,0.009859943272520513
biology-focused,induction,aligned,layer_11.head_14,layer_11.head_14,identity,0.0014331924399457,0.0009086446460327204,0.0019852181190372414
biology-focused,induction,aligned,layer_11.head_14,layer_11.head_15,within_layer,0.0012931495216839373,0.0008617390711721134,0.0018082091234549295
biology-focused,induction,aligned,layer_11.head_14,layer_12.head_02,earlier_to_later,0.000973821573962576,0.0006560456375473864,0.0012851295062810907
biology-focused,induction,aligned,layer_11.head_14,layer_12.head_03,earlier_to_later,0.002269630684328257,0.0015767803406366266,0.0032171063805045783
biology-focused,induction,aligned,layer_11.head_14,layer_12.head_12,earlier_to_later,4.154708805534768e-06,-0.0006520991853160045,0.0004415112526338879
biology-focused,induction,aligned,layer_11.head_15,layer_09.head_04,later_to_earlier,-0.0012731091615631226,-0.00306977354393346,-0.00022090443348285254
biology-focused,induction,aligned,layer_11.head_15,layer_09.head_11,later_to_earlier,-0.002488689742722041,-0.004446406818852537,-0.0012840825988745229
biology-focused,induction,aligned,layer_11.head_15,layer_09.head_13,later_to_earlier,-0.00030444383520695427,-0.001481426913241464,0.0004324179449696933
biology-focused,induction,aligned,layer_11.head_15,layer_10.head_02,later_to_earlier,0.0006615043978473246,0.00021039556550411215,0.0010853899258286453
biology-focused,induction,aligned,layer_11.head_15,layer_10.head_12,later_to_earlier,-0.0014943342273157324,-0.0030512443385333253,-0.00041618701214805566
biology-focused,induction,aligned,layer_11.head_15,layer_11.head_08,within_layer,0.0036035030611787856,0.00206882044163622,0.006095155953411259
biology-focused,induction,aligned,layer_11.head_15,layer_11.head_09,within_layer,-0.00454187303682147,-0.007071042368453571,-0.0027526432776412884
biology-focused,induction,aligned,layer_11.head_15,layer_11.head_14,within_layer,0.006780954391697265,0.004573717326560731,0.009826978562347809
biology-focused,induction,aligned,layer_11.head_15,layer_11.head_15,identity,0.007881473019996097,0.005120724023235685,0.011860478660830707
biology-focused,induction,aligned,layer_11.head_15,layer_12.head_02,earlier_to_later,0.0006949145821520402,0.00037462362039576106,0.0010963963662340246
biology-focused,induction,aligned,layer_11.head_15,layer_12.head_03,earlier_to_later,-0.0006850908762104643,-0.0011537128929725536,-0.00033653829562380207
biology-focused,induction,aligned,layer_11.head_15,layer_12.head_12,earlier_to_later,-0.00016804766827277192,-0.0005698919211739753,0.00034315339551994374
biology-focused,induction,aligned,layer_12.head_02,layer_09.head_04,later_to_earlier,0.0021997769470061346,0.0013196565862660388,0.003280616933040372
biology-focused,induction,aligned,layer_12.head_02,layer_09.head_11,later_to_earlier,-0.0017949300450245962,-0.0028581427939953223,-0.0010206544782212024
biology-focused,induction,aligned,layer_12.head_02,layer_09.head_13,later_to_earlier,0.0021265016847853363,0.0012196459341271679,0.00346893943534285
biology-focused,induction,aligned,layer_12.head_02,layer_10.head_02,later_to_earlier,0.006061782443947051,0.004176469344680242,0.008486810145868624
biology-focused,induction,aligned,layer_12.head_02,layer_10.head_12,later_to_earlier,0.001340370398927005,0.0009816978816473657,0.0017538266577454644
biology-focused,induction,aligned,layer_12.head_02,layer_11.head_08,later_to_earlier,0.009900647123330959,0.006306289660860454,0.015473026362359798
biology-focused,induction,aligned,layer_12.head_02,layer_11.head_09,later_to_earlier,-0.00130379746051427,-0.0021466902716967572,-0.0007037575486962157
biology-focused,induction,aligned,layer_12.head_02,layer_11.head_14,later_to_earlier,0.0019785087527884153,0.0012998283480768807,0.003046178813092977
biology-focused,induction,aligned,layer_12.head_02,layer_11.head_15,later_to_earlier,0.0010874219510606236,0.0005402138987796652,0.001475507073616842
biology-focused,induction,aligned,layer_12.head_02,layer_12.head_02,identity,0.006088407083074561,0.004096207056550248,0.008784943191214827
biology-focused,induction,aligned,layer_12.head_02,layer_12.head_03,within_layer,0.0011195670337221313,0.00040485125056946575,0.002375600817573
biology-focused,induction,aligned,layer_12.head_02,layer_12.head_12,within_layer,0.00046407666073172265,0.00010711660845237678,0.000892978251911849
biology-focused,induction,aligned,layer_12.head_03,layer_09.head_04,later_to_earlier,0.00523208661627659,0.0027561052176170407,0.009017465525478848
biology-focused,induction,aligned,layer_12.head_03,layer_09.head_11,later_to_earlier,0.0073011076411745104,0.004207356880650778,0.01217258611533072
biology-focused,induction,aligned,layer_12.head_03,layer_09.head_13,later_to_earlier,0.000247289034833698,2.6182524032547445e-05,0.00045931198348254075
biology-focused,induction,aligned,layer_12.head_03,layer_10.head_02,later_to_earlier,0.009998845846333286,0.006138759719329966,0.015652367382274563
biology-focused,induction,aligned,layer_12.head_03,layer_10.head_12,later_to_earlier,0.005137956345149578,0.003385474877398308,0.007697689741806907
biology-focused,induction,aligned,layer_12.head_03,layer_11.head_08,later_to_earlier,0.014542338596622196,0.008766616047285137,0.023211521084701085
biology-focused,induction,aligned,layer_12.head_03,layer_11.head_09,later_to_earlier,0.011344545006727135,0.006715608209201484,0.018390851289726774
biology-focused,induction,aligned,layer_12.head_03,layer_11.head_14,later_to_earlier,0.0023385355954179737,0.0013274168145840232,0.003997816342776103
biology-focused,induction,aligned,layer_12.head_03,layer_11.head_15,later_to_earlier,0.0014788175639797213,0.0009304532036695569,0.0022401305270712954
biology-focused,induction,aligned,layer_12.head_03,layer_12.head_02,within_layer,0.005453455443579564,0.0036892873153493893,0.007800682785235804
biology-focused,induction,aligned,layer_12.head_03,layer_12.head_03,identity,0.012555755236754973,0.009432536059387469,0.01631859631835538
biology-focused,induction,aligned,layer_12.head_03,layer_12.head_12,within_layer,0.003533749956941918,0.0027985613900341237,0.00435952318513466
biology-focused,induction,aligned,layer_12.head_12,layer_09.head_04,later_to_earlier,0.0011672862843397959,0.0005422331558453275,0.0022341877988302393
biology-focused,induction,aligned,layer_12.head_12,layer_09.head_11,later_to_earlier,0.0024018242219401163,0.0014692897271767376,0.003962577187599523
biology-focused,induction,aligned,layer_12.head_12,layer_09.head_13,later_to_earlier,-0.0003214412425117199,-0.0007759905895723314,-2.9225219156731915e-05
biology-focused,induction,aligned,layer_12.head_12,layer_10.head_02,later_to_earlier,0.0013384775385138722,0.0007352893411365057,0.00235557851822333
biology-focused,induction,aligned,layer_12.head_12,layer_10.head_12,later_to_earlier,0.004668459873969113,0.002948603542525261,0.007412707862422433
biology-focused,induction,aligned,layer_12.head_12,layer_11.head_08,later_to_earlier,0.003367077607500967,0.002100574446760366,0.0052093691097041175
biology-focused,induction,aligned,layer_12.head_12,layer_11.head_09,later_to_earlier,0.0014328090758113944,0.0006575568414132658,0.0027431437560696543
biology-focused,induction,aligned,layer_12.head_12,layer_11.head_14,later_to_earlier,0.0005538845012444413,0.0003548556121587402,0.0008050379848322838
biology-focused,induction,aligned,layer_12.head_12,layer_11.head_15,later_to_earlier,0.0007102443554725773,0.00047356689936872134,0.0010119140134547868
biology-focused,induction,aligned,layer_12.head_12,layer_12.head_02,within_layer,0.0005619639003749276,0.0002771568578886903,0.0009369526478843948
biology-focused,induction,aligned,layer_12.head_12,layer_12.head_03,within_layer,0.0007770120115135415,0.00046917922605770724,0.0011564788714110554
biology-focused,induction,aligned,layer_12.head_12,layer_12.head_12,identity,0.0059644319140918734,0.004334770692146524,0.007855234213201466
biology-focused,rescue,raw,layer_09.head_04,layer_09.head_04,identity,0.0003149707747323966,-0.0002096477996542691,0.0008640529340320708
biology-focused,rescue,raw,layer_09.head_04,layer_09.head_11,within_layer,0.0018742277181927483,0.001506565987715509,0.0022228009914157876
biology-focused,rescue,raw,layer_09.head_04,layer_09.head_13,within_layer,0.0017684875038608812,0.001407194625348352,0.0021294473624887626
biology-focused,rescue,raw,layer_09.head_04,layer_10.head_02,earlier_to_later,-0.002833146011434202,-0.003453172724368319,-0.002272028595942448
biology-focused,rescue,raw,layer_09.head_04,layer_10.head_12,earlier_to_later,-0.0006624687982476866,-0.001580990790880109,0.0002642302588606654
biology-focused,rescue,raw,layer_09.head_04,layer_11.head_08,earlier_to_later,-0.001602191330476717,-0.002206514756693309,-0.0010667030665611498
biology-focused,rescue,raw,layer_09.head_04,layer_11.head_09,earlier_to_later,-0.0020834163481410883,-0.00258905935029061,-0.0015789429962836637
biology-focused,rescue,raw,layer_09.head_04,layer_11.head_14,earlier_to_later,-0.00023214854755447412,-0.0006184854314620627,0.00018250648639431114
biology-focused,rescue,raw,layer_09.head_04,layer_11.head_15,earlier_to_later,0.0023647313459202297,0.001790441853617487,0.002996865842264882
biology-focused,rescue,raw,layer_09.head_04,layer_12.head_02,earlier_to_later,-0.0006231032917191206,-0.0012537706498501112,9.901701774336666e-05
biology-focused,rescue,raw,layer_09.head_04,layer_12.head_03,earlier_to_later,0.0036357032524346,0.00292107244677362,0.0044908676919689335
biology-focused,rescue,raw,layer_09.head_04,layer_12.head_12,earlier_to_later,0.002801958141095538,0.0022263927079528914,0.0033339998761466997
biology-focused,rescue,raw,layer_09.head_11,layer_09.head_04,within_layer,0.006664476387566088,0.0047592770770774635,0.00869790744482158
biology-focused,rescue,raw,layer_09.head_11,layer_09.head_11,identity,0.1059755292275684,0.09174040261005234,0.11946204015946763
biology-focused,rescue,raw,layer_09.head_11,layer_09.head_13,within_layer,0.030304691620219138,0.027528615461882535,0.03312409072618529
biology-focused,rescue,raw,layer_09.head_11,layer_10.head_02,earlier_to_later,-0.025239615193026855,-0.028881940644250256,-0.021775690926975573
biology-focused,rescue,raw,layer_09.head_11,layer_10.head_12,earlier_to_later,-0.04750054197804984,-0.051089256595281164,-0.04387362912133112
biology-focused,rescue,raw,layer_09.head_11,layer_11.head_08,earlier_to_later,0.034277803231359275,0.029308178783352692,0.03886192587125742
biology-focused,rescue,raw,layer_09.head_11,layer_11.head_09,earlier_to_later,-0.020870810696624637,-0.02305086448635077,-0.018748526991076514
biology-focused,rescue,raw,layer_09.head_11,layer_11.head_14,earlier_to_later,-0.02205110979729826,-0.025566399797390272,-0.01843753565348903
biology-focused,rescue,raw,layer_09.head_11,layer_11.head_15,earlier_to_later,0.0738911462866633,0.06813077358971152,0.07968077538687866
biology-focused,rescue,raw,layer_09.head_11,layer_12.head_02,earlier_to_later,-0.017922457772767065,-0.019947673580001983,-0.01616272552099379
biology-focused,rescue,raw,layer_09.head_11,layer_12.head_03,earlier_to_later,0.005609956663332225,0.0035008437749033507,0.007746218780909906
biology-focused,rescue,raw,layer_09.head_11,layer_12.head_12,earlier_to_later,-0.046872369294660994,-0.05002761255910914,-0.04369244164040644
biology-focused,rescue,raw,layer_09.head_13,layer_09.head_04,within_layer,-0.0034260102590470643,-0.004823673505785772,-0.00203474753473888
biology-focused,rescue,raw,layer_09.head_13,layer_09.head_11,within_layer,0.0002125011356713224,-0.0008029903816946663,0.0012984523123405
biology-focused,rescue,raw,layer_09.head_13,layer_09.head_13,identity,0.0019695727744203405,-0.00012296904321474277,0.004091417125961643
biology-focused,rescue,raw,layer_09.head_13,layer_10.head_02,earlier_to_later,0.003928029186958744,0.0018312363081060441,0.0059946550202104425
biology-focused,rescue,raw,layer_09.head_13,layer_10.head_12,earlier_to_later,-0.0012978996429105652,-0.003205796207477434,0.000656792584996914
biology-focused,rescue,raw,layer_09.head_13,layer_11.head_08,earlier_to_later,0.008782975346047798,0.006847680851134336,0.010859424118012457
biology-focused,rescue,raw,layer_09.head_13,layer_11.head_09,earlier_to_later,0.01976111888339963,0.018110856261987274,0.021543203764769696
biology-focused,rescue,raw,layer_09.head_13,layer_11.head_14,earlier_to_later,0.011220013959749706,0.009407065684730096,0.013043095823782522
biology-focused,rescue,raw,layer_09.head_13,layer_11.head_15,earlier_to_later,0.009747229588833615,0.007809810930519072,0.01176824435623201
biology-focused,rescue,raw,layer_09.head_13,layer_12.head_02,earlier_to_later,0.01032906732553352,0.0079542103531332,0.012715732275524519
biology-focused,rescue,raw,layer_09.head_13,layer_12.head_03,earlier_to_later,-0.003543068101431379,-0.005553521468026734,-0.001397768970521206
biology-focused,rescue,raw,layer_09.head_13,layer_12.head_12,earlier_to_later,0.015993980435531345,0.014032941607408646,0.018153449684332666
biology-focused,rescue,raw,layer_10.head_02,layer_09.head_04,later_to_earlier,0.033488400172217235,0.03105184162619288,0.03585625441878522
biology-focused,rescue,raw,layer_10.head_02,layer_09.head_11,later_to_earlier,0.03297983050966061,0.029661902200460562,0.0361565118278505
biology-focused,rescue,raw,layer_10.head_02,layer_09.head_13,later_to_earlier,0.0019750668616701048,-0.00023899999839823062,0.004421994675875455
biology-focused,rescue,raw,layer_10.head_02,layer_10.head_02,identity,-0.006149448237359338,-0.011917918562891979,-0.001130944693380935
biology-focused,rescue,raw,layer_10.head_02,layer_10.head_12,within_layer,0.016638970225280544,0.013963983523656135,0.019095111727911958
biology-focused,rescue,raw,layer_10.head_02,layer_11.head_08,earlier_to_later,0.001405214046218924,-0.001128997731892745,0.004069264391022758
biology-focused,rescue,raw,layer_10.head_02,layer_11.head_09,earlier_to_later,0.0025627233471210123,0.001042822879651253,0.0042828615068457344
biology-focused,rescue,raw,layer_10.head_02,layer_11.head_14,earlier_to_later,-0.004446656167976286,-0.006705795489855484,-0.0017773841924438878
biology-focused,rescue,raw,layer_10.head_02,layer_11.head_15,earlier_to_later,0.04214813473120212,0.03798346215337259,0.046765262928316065
biology-focused,rescue,raw,layer_10.head_02,layer_12.head_02,earlier_to_later,-0.024022302285186044,-0.02737074104850681,-0.02061106001176678
biology-focused,rescue,raw,layer_10.head_02,layer_12.head_03,earlier_to_later,0.02287568172371115,0.020552756937111935,0.025213593956502797
biology-focused,rescue,raw,layer_10.head_02,layer_12.head_12,earlier_to_later,0.01903431319732506,0.01668751112538911,0.021718349437583332
biology-focused,rescue,raw,layer_10.head_12,layer_09.head_04,later_to_earlier,-0.0008233355770797505,-0.001779696250956102,0.0001650882002106855
biology-focused,rescue,raw,layer_10.head_12,layer_09.head_11,later_to_earlier,0.003599598737073469,0.0030232454111526466,0.004205547797350898
biology-focused,rescue,raw,layer_10.head_12,layer_09.head_13,later_to_earlier,0.004085420530310746,0.0034191206187716623,0.004691440113219574
biology-focused,rescue,raw,layer_10.head_12,layer_10.head_02,within_layer,0.0038849103059527446,0.0027796071706084283,0.005068478625667781
biology-focused,rescue,raw,layer_10.head_12,layer_10.head_12,identity,0.009164178265046051,0.005733656248867754,0.012357344781723451
biology-focused,rescue,raw,layer_10.head_12,layer_11.head_08,earlier_to_later,-0.0012968417975024664,-0.0028595979342898544,0.00015592540462214266
biology-focused,rescue,raw,layer_10.head_12,layer_11.head_09,earlier_to_later,-0.003804307996715034,-0.004874148997265985,-0.0026968904989890176
biology-focused,rescue,raw,layer_10.head_12,layer_11.head_14,earlier_to_later,-0.028995675615426635,-0.03164191326208327,-0.026370510321400326
biology-focused,rescue,raw,layer_10.head_12,layer_11.head_15,earlier_to_later,0.006908717677532058,0.005001164235772093,0.008693856080167242
biology-focused,rescue,raw,layer_10.head_12,layer_12.head_02,earlier_to_later,0.020929455825070005,0.01924681668058471,0.02268891142448897
biology-focused,rescue,raw,layer_10.head_12,layer_12.head_03,earlier_to_later,0.0003531346743024991,-0.0008141026234142913,0.0014598882461040604
biology-focused,rescue,raw,layer_10.head_12,layer_12.head_12,earlier_to_later,-0.0027858292931575578,-0.003772255960128334,-0.0016502859521512424
biology-focused,rescue,raw,layer_11.head_08,layer_09.head_04,later_to_earlier,0.0008764243216035302,-0.0028030026609645064,0.004659140487806254
biology-focused,rescue,raw,layer_11.head_08,layer_09.head_11,later_to_earlier,0.027734601691654863,0.02540952949894341,0.030263076508886686
biology-focused,rescue,raw,layer_11.head_08,layer_09.head_13,later_to_earlier,0.00896301751967265,0.005598013200614104,0.012389122852829676
biology-focused,rescue,raw,layer_11.head_08,layer_10.head_02,later_to_earlier,0.005830639029232209,0.0026866219938963525,0.009175085258278202
biology-focused,rescue,raw,layer_11.head_08,layer_10.head_12,later_to_earlier,-0.00884707981936826,-0.01284554018160589,-0.0049378572207630575
biology-focused,rescue,raw,layer_11.head_08,layer_11.head_08,identity,0.2571788818705578,0.24070198094713782,0.27288070711414486
biology-focused,rescue,raw,layer_11.head_08,layer_11.head_09,within_layer,0.1958091210279961,0.18018974477161284,0.21104286288030277
biology-focused,rescue,raw,layer_11.head_08,layer_11.head_14,within_layer,0.048227099076443576,0.043728705460180574,0.05226321503427104
biology-focused,rescue,raw,layer_11.head_08,layer_11.head_15,within_layer,0.008529542900961857,0.003502777042072284,0.013491216716085344
biology-focused,rescue,raw,layer_11.head_08,layer_12.head_02,earlier_to_later,0.04814520770530426,0.043737494764456715,0.05273254232402634
biology-focused,rescue,raw,layer_11.head_08,layer_12.head_03,earlier_to_later,-0.019947590792364536,-0.02571742438411708,-0.014292022119774216
biology-focused,rescue,raw,layer_11.head_08,layer_12.head_12,earlier_to_later,-0.016345453465914213,-0.020374902944003733,-0.012155136654740044
biology-focused,rescue,raw,layer_11.head_09,layer_09.head_04,later_to_earlier,0.00823528217557239,0.0055475616943793885,0.011124375248679536
biology-focused,rescue,raw,layer_11.head_09,layer_09.head_11,later_to_earlier,0.02142343249225171,0.019461630543935675,0.023404386511233995
biology-focused,rescue,raw,layer_11.head_09,layer_09.head_13,later_to_earlier,0.005214155956907374,0.0022093114997965317,0.008158031239020362
biology-focused,rescue,raw,layer_11.head_09,layer_10.head_02,later_to_earlier,0.009400639659111462,0.007010950771224529,0.012037251241197266
biology-focused,rescue,raw,layer_11.head_09,layer_10.head_12,later_to_earlier,-0.006709448594558871,-0.010058720947399217,-0.0034939459277071893
biology-focused,rescue,raw,layer_11.head_09,layer_11.head_08,within_layer,0.1803428748676979,0.16885819655933576,0.1920754055285344
biology-focused,rescue,raw,layer_11.head_09,layer_11.head_09,identity,0.16233038043395046,0.1486308154985985,0.17608974423798285
biology-focused,rescue,raw,layer_11.head_09,layer_11.head_14,within_layer,0.040069256456000873,0.036635321979150294,0.043472162772884175
biology-focused,rescue,raw,layer_11.head_09,layer_11.head_15,within_layer,0.007243761158734101,0.0041219151967360704,0.010569933692881511
biology-focused,rescue,raw,layer_11.head_09,layer_12.head_02,earlier_to_later,0.03898098750980602,0.03546024511126429,0.04274562128633717
biology-focused,rescue,raw,layer_11.head_09,layer_12.head_03,earlier_to_later,-0.01839239870674074,-0.023318654439019593,-0.0134441161566574
biology-focused,rescue,raw,layer_11.head_09,layer_12.head_12,earlier_to_later,-0.015271492388019387,-0.017940355973603155,-0.012537320877244273
biology-focused,rescue,raw,layer_11.head_14,layer_09.head_04,later_to_earlier,-0.012130711034960138,-0.013583869988088772,-0.010680392392899958
biology-focused,rescue,raw,layer_11.head_14,layer_09.head_11,later_to_earlier,0.012017429329298732,0.009018263969890068,0.015001265436437749
biology-focused,rescue,raw,layer_11.head_14,layer_09.head_13,later_to_earlier,-0.0012996906722255233,-0.0027351104178059546,0.00023156058214046627
biology-focused,rescue,raw,layer_11.head_14,layer_10.head_02,later_to_earlier,-0.005893586222072236,-0.008041868770961396,-0.003936386909490125
biology-focused,rescue,raw,layer_11.head_14,layer_10.head_12,later_to_earlier,0.005254066559314406,0.0018237930741947885,0.008757260273961408
biology-focused,rescue,raw,layer_11.head_14,layer_11.head_08,within_layer,-0.008022719941242162,-0.010010653457536193,-0.005983888039870272
biology-focused,rescue,raw,layer_11.head_14,layer_11.head_09,within_layer,0.016679725426795966,0.014204965881757797,0.01914980743372065
biology-focused,rescue,raw,layer_11.head_14,layer_11.head_14,identity,-0.04014314569984302,-0.04231891663436077,-0.03812274592435947
biology-focused,rescue,raw,layer_11.head_14,layer_11.head_15,within_layer,0.023123463141854844,0.020586237172282498,0.025724673422443424
biology-focused,rescue,raw,layer_11.head_14,layer_12.head_02,earlier_to_later,-0.05210360711878397,-0.055560960836998345,-0.04880220788594248
biology-focused,rescue,raw,layer_11.head_14,layer_12.head_03,earlier_to_later,0.04154153526546485,0.038359805999195244,0.04465841380828387
biology-focused,rescue,raw,layer_11.head_14,layer_12.head_12,earlier_to_later,-0.002653293123850663,-0.004789837398212614,-0.00047133375494922043
biology-focused,rescue,raw,layer_11.head_15,layer_09.head_04,later_to_earlier,-0.011354275267660975,-0.0126115922295944,-0.01005393285673182
biology-focused,rescue,raw,layer_11.head_15,layer_09.head_11,later_to_earlier,0.010972948953331993,0.00869955031327201,0.013399928977835004
biology-focused,rescue,raw,layer_11.head_15,layer_09.head_13,later_to_earlier,-0.0010844832253685886,-0.0022812919247522786,3.795679973822323e-05
biology-focused,rescue,raw,layer_11.head_15,layer_10.head_02,later_to_earlier,-0.0034236813219311593,-0.005198022971661509,-0.0018617080242408059
biology-focused,rescue,raw,layer_11.head_15,layer_10.head_12,later_to_earlier,0.004674557759730408,0.0020870949436284044,0.007108114559658468
biology-focused,rescue,raw,layer_11.head_15,layer_11.head_08,within_layer,-0.007542236493575089,-0.009297583391086972,-0.005798317213134125
biology-focused,rescue,raw,layer_11.head_15,layer_11.head_09,within_layer,0.013903398772117503,0.011506787284250152,0.016602783369071943
biology-focused,rescue,raw,layer_11.head_15,layer_11.head_14,within_layer,-0.03442322642564343,-0.03638432118647979,-0.0326820971319422
biology-focused,rescue,raw,layer_11.head_15,layer_11.head_15,identity,0.019760856518570215,0.017362249447633312,0.02238750272131401
biology-focused,rescue,raw,layer_11.head_15,layer_12.head_02,earlier_to_later,-0.04560127459182235,-0.049526904908834594,-0.04168624078320736
biology-focused,rescue,raw,layer_11.head_15,layer_12.head_03,earlier_to_later,0.03376933300387499,0.030847261385763797,0.0367424989242606
biology-focused,rescue,raw,layer_11.head_15,layer_12.head_12,earlier_to_later,-0.0030058623360550616,-0.004864298530708985,-0.0012380398719948225
biology-focused,rescue,raw,layer_12.head_02,layer_09.head_04,later_to_earlier,0.02559600966048387,0.02283066153218801,0.028399353961626603
biology-focused,rescue,raw,layer_12.head_02,layer_09.head_11,later_to_earlier,-0.015982911994166196,-0.017688806314804517,-0.014294872555118887
biology-focused,rescue,raw,layer_12.head_02,layer_09.head_13,later_to_earlier,0.003144287936875223,0.0012017128721858116,0.005126919392095067
biology-focused,rescue,raw,layer_12.head_02,layer_10.head_02,later_to_earlier,-0.007863026017058489,-0.010221391622221005,-0.00528295675357205
biology-focused,rescue,raw,layer_12.head_02,layer_10.head_12,later_to_earlier,0.012634089707535682,0.010485132281910807,0.014710790207315094
biology-focused,rescue,raw,layer_12.head_02,layer_11.head_08,later_to_earlier,-0.024341539183925506,-0.027151565138063823,-0.02196834199416431
biology-focused,rescue,raw,layer_12.head_02,layer_11.head_09,later_to_earlier,-0.04771823949476038,-0.051053652999543585,-0.04449411113626034
biology-focused,rescue,raw,layer_12.head_02,layer_11.head_14,later_to_earlier,0.00010179755381312004,-0.0025875833681364823,0.002937125893559259
biology-focused,rescue,raw,layer_12.head_02,layer_11.head_15,later_to_earlier,-0.01601057411248217,-0.017867780706817157,-0.014183781277082017
biology-focused,rescue,raw,layer_12.head_02,layer_12.head_02,identity,-0.002072908576822361,-0.00437208557910059,0.00011651926305296872
biology-focused,rescue,raw,layer_12.head_02,layer_12.head_03,within_layer,0.026242770113328394,0.021689451837936635,0.03094714323046861
biology-focused,rescue,raw,layer_12.head_02,layer_12.head_12,within_layer,-0.023425778108103486,-0.02599046392012293,-0.020988493325088987
biology-focused,rescue,raw,layer_12.head_03,layer_09.head_04,later_to_earlier,0.02626344661830957,0.02321767646375359,0.02927212726108408
biology-focused,rescue,raw,layer_12.head_03,layer_09.head_11,later_to_earlier,-0.019801010317599947,-0.022165764485694572,-0.017153681439369357
biology-focused,rescue,raw,layer_12.head_03,layer_09.head_13,later_to_earlier,0.006002517942822195,0.0031593779315695274,0.008641036479286962
biology-focused,rescue,raw,layer_12.head_03,layer_10.head_02,later_to_earlier,-0.0035783340077487165,-0.0072300426837787,0.00035234833886721575
biology-focused,rescue,raw,layer_12.head_03,layer_10.head_12,later_to_earlier,0.007293249874434169,0.004941898278972277,0.009762248282144108
biology-focused,rescue,raw,layer_12.head_03,layer_11.head_08,later_to_earlier,-0.014302049551278331,-0.01712003064887614,-0.01158378286696494
biology-focused,rescue,raw,layer_12.head_03,layer_11.head_09,later_to_earlier,-0.04478199488748226,-0.04842870116485629,-0.041310724110857636
biology-focused,rescue,raw,layer_12.head_03,layer_11.head_14,later_to_earlier,0.00589579775392201,0.0028574337400283562,0.00921690025084242
biology-focused,rescue,raw,layer_12.head_03,layer_11.head_15,later_to_earlier,-0.015544834609817896,-0.01810200504557723,-0.012950834244511591
biology-focused,rescue,raw,layer_12.head_03,layer_12.head_02,within_layer,0.0035503556140219403,0.0007384192388842138,0.005949580895126467
biology-focused,rescue,raw,layer_12.head_03,layer_12.head_03,identity,0.03988899025396004,0.033711605728650985,0.045662613054352603
biology-focused,rescue,raw,layer_12.head_03,layer_12.head_12,within_layer,-0.027266577578352713,-0.02881036292329859,-0.025614443220831475
biology-focused,rescue,raw,layer_12.head_12,layer_09.head_04,later_to_earlier,-0.014356464496104223,-0.015811558275009036,-0.013044086180120455
biology-focused,rescue,raw,layer_12.head_12,layer_09.head_11,later_to_earlier,0.0017709853607984648,4.5837752003125e-05,0.003261695750962702
biology-focused,rescue,raw,layer_12.head_12,layer_09.head_13,later_to_earlier,0.007824721949976781,0.006786764644151476,0.008875797698235146
biology-focused,rescue,raw,layer_12.head_12,layer_10.head_02,later_to_earlier,0.0007454851035186012,-0.0012049058448662083,0.0028386844560704576
biology-focused,rescue,raw,layer_12.head_12,layer_10.head_12,later_to_earlier,-0.007552221931260824,-0.008614185907644097,-0.006517553735701816
biology-focused,rescue,raw,layer_12.head_12,layer_11.head_08,later_to_earlier,0.00395001272403532,0.0020686370970782538,0.006171101952197898
biology-focused,rescue,raw,layer_12.head_12,layer_11.head_09,later_to_earlier,-0.007502602632152509,-0.010443847003408946,-0.00416604081393178
biology-focused,rescue,raw,layer_12.head_12,layer_11.head_14,later_to_earlier,0.01998865747723908,0.01794751760169579,0.022016755699490437
biology-focused,rescue,raw,layer_12.head_12,layer_11.head_15,later_to_earlier,0.011259166219978564,0.009874275838040934,0.012738517310102757
biology-focused,rescue,raw,layer_12.head_12,layer_12.head_02,within_layer,0.027578939080945993,0.024830256090327393,0.0303944463696946
biology-focused,rescue,raw,layer_12.head_12,layer_12.head_03,within_layer,0.005629300977946692,0.004427222912148434,0.006702148750556689
biology-focused,rescue,raw,layer_12.head_12,layer_12.head_12,identity,0.006776888335847789,0.0044796289467469,0.009003655425943023
biology-focused,rescue,rms,layer_09.head_04,layer_09.head_04,identity,0.0003149707747323966,-0.0002096477996542691,0.0008640529340320708
biology-focused,rescue,rms,layer_09.head_04,layer_09.head_11,within_layer,0.007441961614182912,0.0060475934691759554,0.008847730434119325
biology-focused,rescue,rms,layer_09.head_04,layer_09.head_13,within_layer,0.006043572647567544,0.004638414723719726,0.007351615838515562
biology-focused,rescue,rms,layer_09.head_04,layer_10.head_02,earlier_to_later,-0.014149845603868649,-0.016418174451613952,-0.01203244500798985
biology-focused,rescue,rms,layer_09.head_04,layer_10.head_12,earlier_to_later,-0.005407903398333645,-0.008091578769481396,-0.0027957580540740683
biology-focused,rescue,rms,layer_09.head_04,layer_11.head_08,earlier_to_later,-0.003856451509045167,-0.006021565121784751,-0.001934380818528779
biology-focused,rescue,rms,layer_09.head_04,layer_11.head_09,earlier_to_later,-0.007346744745337729,-0.009161300931758943,-0.005498324379076796
biology-focused,rescue,rms,layer_09.head_04,layer_11.head_14,earlier_to_later,-0.00027822771848506347,-0.0016732909482443474,0.0012468795714078483
biology-focused,rescue,rms,layer_09.head_04,layer_11.head_15,earlier_to_later,0.010377322087926293,0.008171606015064769,0.012843625146193758
biology-focused,rescue,rms,layer_09.head_04,layer_12.head_02,earlier_to_later,-0.0012196861714347455,-0.0034998812529217654,0.001408121760825694
biology-focused,rescue,rms,layer_09.head_04,layer_12.head_03,earlier_to_later,0.0159690318164785,0.013301504846454985,0.019231918551315293
biology-focused,rescue,rms,layer_09.head_04,layer_12.head_12,earlier_to_later,0.011254067476992303,0.00906643837700895,0.013299010235266666
biology-focused,rescue,rms,layer_09.head_11,layer_09.head_04,within_layer,0.0008611748151486131,0.0003383219151679893,0.0014213519320618229
biology-focused,rescue,rms,layer_09.head_11,layer_09.head_11,identity,0.1059755292275684,0.09174040261005234,0.11946204015946763
biology-focused,rescue,rms,layer_09.head_11,layer_09.head_13,within_layer,0.013016398392458823,0.01164195266486975,0.014354616882403795
biology-focused,rescue,rms,layer_09.head_11,layer_10.head_02,earlier_to_later,-0.024637347742007234,-0.028240092566093986,-0.021216073149199533
biology-focused,rescue,rms,layer_09.head_11,layer_10.head_12,earlier_to_later,-0.021918493361125748,-0.02379281432525131,-0.019888609190372743
biology-focused,rescue,rms,layer_09.head_11,layer_11.head_08,earlier_to_later,0.048402522910262966,0.041577964977230854,0.05459593121321317
biology-focused,rescue,rms,layer_09.head_11,layer_11.head_09,earlier_to_later,-0.02104258538309061,-0.023407688938941844,-0.01873641525209058
biology-focused,rescue,rms,layer_09.head_11,layer_11.head_14,earlier_to_later,-0.01880854766260677,-0.021347393035704536,-0.016242982186791457
biology-focused,rescue,rms,layer_09.head_11,layer_11.head_15,earlier_to_later,0.04211921350130754,0.03890300752701042,0.04531034386228791
biology-focused,rescue,rms,layer_09.head_11,layer_12.head_02,earlier_to_later,-0.015953848200734165,-0.01758818547202842,-0.014480545052796256
biology-focused,rescue,rms,layer_09.head_11,layer_12.head_03,earlier_to_later,0.00540950034955561,0.0033448053262817652,0.0074779115426754725
biology-focused,rescue,rms,layer_09.head_11,layer_12.head_12,earlier_to_later,-0.032231302453325957,-0.034409097866423155,-0.030146209595107658
biology-focused,rescue,rms,layer_09.head_13,layer_09.head_04,within_layer,-0.0012355011399877629,-0.0016425392418404601,-0.0008334987268046705
biology-focused,rescue,rms,layer_09.head_13,layer_09.head_11,within_layer,0.0010319383787103548,-0.0011999055796720246,0.0034262805733944785
biology-focused,rescue,rms,layer_09.head_13,layer_09.head_13,identity,0.0019695727744203405,-0.00012296904321474277,0.004091417125961643
biology-focused,rescue,rms,layer_09.head_13,layer_10.head_02,earlier_to_later,0.0029435920205146677,-0.001025822036995918,0.006790544353959664
biology-focused,rescue,rms,layer_09.head_13,layer_10.head_12,earlier_to_later,-0.0014956879819149982,-0.003503170951738443,0.0005271765712745964
biology-focused,rescue,rms,layer_09.head_13,layer_11.head_08,earlier_to_later,0.03752696761525126,0.032442779299430305,0.04296618141169526
biology-focused,rescue,rms,layer_09.head_13,layer_11.head_09,earlier_to_later,0.052355826575788716,0.048256757573154896,0.056556137280044
biology-focused,rescue,rms,layer_09.head_13,layer_11.head_14,earlier_to_later,0.018869877538005196,0.01593382551733262,0.021784365512420654
biology-focused,rescue,rms,layer_09.head_13,layer_11.head_15,earlier_to_later,0.014267047207803328,0.011716390706228407,0.016854061443546623
biology-focused,rescue,rms,layer_09.head_13,layer_12.head_02,earlier_to_later,0.018915926758612794,0.01488392221988771,0.022851108226324388
biology-focused,rescue,rms,layer_09.head_13,layer_12.head_03,earlier_to_later,-0.005237399803575479,-0.00941042528769885,-0.0008869869273367809
biology-focused,rescue,rms,layer_09.head_13,layer_12.head_12,earlier_to_later,0.021889084539972844,0.019099437751104426,0.02499785953889852
biology-focused,rescue,rms,layer_10.head_02,layer_09.head_04,later_to_earlier,0.009499542813710576,0.008802466526024615,0.010170689279330769
biology-focused,rescue,rms,layer_10.head_02,layer_09.head_11,later_to_earlier,0.033722326570944545,0.030335405630750024,0.0369984916894923
biology-focused,rescue,rms,layer_10.head_02,layer_09.head_13,later_to_earlier,0.0004410592385054425,-0.0005939049557725724,0.0015556014768364098
biology-focused,rescue,rms,layer_10.head_02,layer_10.head_02,identity,-0.006149448237359338,-0.011917918562891979,-0.001130944693380935
biology-focused,rescue,rms,layer_10.head_02,layer_10.head_12,within_layer,0.010726222984570556,0.009089123501820118,0.012217032951586848
biology-focused,rescue,rms,layer_10.head_02,layer_11.head_08,earlier_to_later,0.006737146653262436,0.0034641870392258275,0.010162043829285558
biology-focused,rescue,rms,layer_10.head_02,layer_11.head_09,earlier_to_later,0.004338466017223624,0.002543639994620145,0.006254691697185844
biology-focused,rescue,rms,layer_10.head_02,layer_11.head_14,earlier_to_later,-0.006099360515199418,-0.007819331766255504,-0.004132306532549549
biology-focused,rescue,rms,layer_10.head_02,layer_11.head_15,earlier_to_later,0.02406567035287934,0.021186777786475496,0.027372773420100773
biology-focused,rescue,rms,layer_10.head_02,layer_12.head_02,earlier_to_later,-0.02166030121070982,-0.024792688610724846,-0.01850592845225892
biology-focused,rescue,rms,layer_10.head_02,layer_12.head_03,earlier_to_later,0.02282448943363926,0.020517824956366063,0.02513135099347469
biology-focused,rescue,rms,layer_10.head_02,layer_12.head_12,earlier_to_later,0.011630030287479769,0.010108412770200513,0.01331598372887644
biology-focused,rescue,rms,layer_10.head_12,layer_09.head_04,later_to_earlier,-0.00044207754948719124,-0.0007199780734037466,-0.00014535662173374833
biology-focused,rescue,rms,layer_10.head_12,layer_09.head_11,later_to_earlier,0.008765502327613911,0.007562232206677625,0.010001369089616399
biology-focused,rescue,rms,layer_10.head_12,layer_09.head_13,later_to_earlier,0.004088493433449788,0.003399456264361694,0.004718297685846933
biology-focused,rescue,rms,layer_10.head_12,layer_10.head_02,within_layer,0.0027366101303644237,0.0006885702552210975,0.004877031046209986
biology-focused,rescue,rms,layer_10.head_12,layer_10.head_12,identity,0.009164178265046051,0.005733656248867754,0.012357344781723451
biology-focused,rescue,rms,layer_10.head_12,layer_11.head_08,earlier_to_later,0.014429690639795314,0.009376676862004258,0.019383866092545814
biology-focused,rescue,rms,layer_10.head_12,layer_11.head_09,earlier_to_later,0.00176922188578066,-0.0006309300854207984,0.004284350611053621
biology-focused,rescue,rms,layer_10.head_12,layer_11.head_14,earlier_to_later,-0.03980757569196277,-0.04332125993302739,-0.036392837240550466
biology-focused,rescue,rms,layer_10.head_12,layer_11.head_15,earlier_to_later,0.01083594659186044,0.008083133765587301,0.013429089326095097
biology-focused,rescue,rms,layer_10.head_12,layer_12.head_02,earlier_to_later,0.0377652727512001,0.03435790561669941,0.04105038435696142
biology-focused,rescue,rms,layer_10.head_12,layer_12.head_03,earlier_to_later,0.0029711223574094745,0.0006207651855525988,0.005212541049056605
biology-focused,rescue,rms,layer_10.head_12,layer_12.head_12,earlier_to_later,-0.003070501123137711,-0.004381150392756187,-0.0015919541112976144
biology-focused,rescue,rms,layer_11.head_08,layer_09.head_04,later_to_earlier,-0.0007385318365326371,-0.0017761649214886642,0.00033768719187695305
biology-focused,rescue,rms,layer_11.head_08,layer_09.head_11,later_to_earlier,0.022530175995681325,0.020659948992377997,0.02458589165028878
biology-focused,rescue,rms,layer_11.head_08,layer_09.head_13,later_to_earlier,0.0035167920840635026,0.0022482374730981467,0.004814595705101967
biology-focused,rescue,rms,layer_11.head_08,layer_10.head_02,later_to_earlier,0.008114298444850204,0.005614680406984373,0.010768665492223705
biology-focused,rescue,rms,layer_11.head_08,layer_10.head_12,later_to_earlier,-0.004726431719153607,-0.006331327751981357,-0.00317545875961055
biology-focused,rescue,rms,layer_11.head_08,layer_11.head_08,identity,0.2571788818705578,0.24070198094713782,0.27288070711414486
biology-focused,rescue,rms,layer_11.head_08,layer_11.head_09,within_layer,0.16473484148232684,0.15228725934984044,0.17723235117954259
biology-focused,rescue,rms,layer_11.head_08,layer_11.head_14,within_layer,0.022912771005692275,0.02074188677644737,0.024789658778843572
biology-focused,rescue,rms,layer_11.head_08,layer_11.head_15,within_layer,0.0007463464748078686,-0.0016762644601558056,0.003120980072373389
biology-focused,rescue,rms,layer_11.head_08,layer_12.head_02,earlier_to_later,0.03206303195465012,0.02870555026103847,0.03558226481147493
biology-focused,rescue,rms,layer_11.head_08,layer_12.head_03,earlier_to_later,-0.017381082922430176,-0.02217335206703413,-0.012724339456939402
biology-focused,rescue,rms,layer_11.head_08,layer_12.head_12,earlier_to_later,-0.010558199276556178,-0.01272138717884649,-0.00824115721101573
biology-focused,rescue,rms,layer_11.head_09,layer_09.head_04,later_to_earlier,0.0014285177935330134,0.0006654307883749383,0.002210011179234807
biology-focused,rescue,rms,layer_11.head_09,layer_09.head_11,later_to_earlier,0.019305629579276347,0.01746447074937205,0.0211783141038201
biology-focused,rescue,rms,layer_11.head_09,layer_09.head_13,later_to_earlier,0.002158869597849909,0.0009279845757039769,0.0033699267741312314
biology-focused,rescue,rms,layer_11.head_09,layer_10.head_02,later_to_earlier,0.009923809505120522,0.00780892589075522,0.012267613475843717
biology-focused,rescue,rms,layer_11.head_09,layer_10.head_12,later_to_earlier,-0.0033919196034039568,-0.0047322040883693425,-0.0020642660967453326
biology-focused,rescue,rms,layer_11.head_09,layer_11.head_08,within_layer,0.22118420272993145,0.20638724457347013,0.2358217548366406
biology-focused,rescue,rms,layer_11.head_09,layer_11.head_09,identity,0.16233038043395046,0.1486308154985985,0.17608974423798285
biology-focused,rescue,rms,layer_11.head_09,layer_11.head_14,within_layer,0.021615332597755797,0.019836688111342347,0.02340539668551059
biology-focused,rescue,rms,layer_11.head_09,layer_11.head_15,within_layer,0.0008350341732406637,-0.0008788298895379447,0.002559547685256998
biology-focused,rescue,rms,layer_11.head_09,layer_12.head_02,earlier_to_later,0.029323154843053666,0.02634096752965489,0.032397103130815036
biology-focused,rescue,rms,layer_11.head_09,layer_12.head_03,earlier_to_later,-0.017038168496345676,-0.021480687221453923,-0.012598011153730014
biology-focused,rescue,rms,layer_11.head_09,layer_12.head_12,earlier_to_later,-0.01017231452306772,-0.011733562095867617,-0.008555946756712143
biology-focused,rescue,rms,layer_11.head_14,layer_09.head_04,later_to_earlier,-0.0034560468389698926,-0.003863840845416571,-0.003042927932679826
biology-focused,rescue,rms,layer_11.head_14,layer_09.head_11,later_to_earlier,0.017046872060207326,0.012774013897228794,0.021327523139475082
biology-focused,rescue,rms,layer_11.head_14,layer_09.head_13,later_to_earlier,-0.0007258089393253766,-0.0016625416957473575,0.00023359569144980043
biology-focused,rescue,rms,layer_11.head_14,layer_10.head_02,later_to_earlier,-0.012339343786913736,-0.015224277309634897,-0.009743565232530662
biology-focused,rescue,rms,layer_11.head_14,layer_10.head_12,later_to_earlier,0.0045039259775898335,0.0022293334674173956,0.006848736592785685
biology-focused,rescue,rms,layer_11.head_14,layer_11.head_08,within_layer,-0.0032549555783458347,-0.006538328988184439,2.9441315093537618e-05
biology-focused,rescue,rms,layer_11.head_14,layer_11.head_09,within_layer,0.03057161369078095,0.026823041145365708,0.03439612439645753
biology-focused,rescue,rms,layer_11.head_14,layer_11.head_14,identity,-0.04014314569984302,-0.04231891663436077,-0.03812274592435947
biology-focused,rescue,rms,layer_11.head_14,layer_11.head_15,within_layer,0.019229365274820887,0.016983998810625615,0.021593690592709814
biology-focused,rescue,rms,layer_11.head_14,layer_12.head_02,earlier_to_later,-0.06022902911359363,-0.06523736592855844,-0.0555795409016152
biology-focused,rescue,rms,layer_11.head_14,layer_12.head_03,earlier_to_later,0.06018985349211284,0.05543783342154729,0.064891409410042
biology-focused,rescue,rms,layer_11.head_14,layer_12.head_12,earlier_to_later,-0.0026180463857400408,-0.004586153672311247,-0.0006106919067742906
biology-focused,rescue,rms,layer_11.head_15,layer_09.head_04,later_to_earlier,-0.0031677438318301154,-0.0035611061616366304,-0.002776738785981951
biology-focused,rescue,rms,layer_11.head_15,layer_09.head_11,later_to_earlier,0.01743630173392519,0.013886562102124314,0.02113886760416383
biology-focused,rescue,rms,layer_11.head_15,layer_09.head_13,later_to_earlier,-0.0006623777492657891,-0.0014920668717332327,0.00012035707745453892
biology-focused,rescue,rms,layer_11.head_15,layer_10.head_02,later_to_earlier,-0.010201868303783907,-0.012805761905729646,-0.007875082256595065
biology-focused,rescue,rms,layer_11.head_15,layer_10.head_12,later_to_earlier,0.004108597288255347,0.002236593336075261,0.005890656820398454
biology-focused,rescue,rms,layer_11.head_15,layer_11.head_08,within_layer,-0.0025070409046260727,-0.006032688270814441,0.0010824038965623784
biology-focused,rescue,rms,layer_11.head_15,layer_11.head_09,within_layer,0.030693896067508095,0.026523410092240685,0.0351595828524537
biology-focused,rescue,rms,layer_11.head_15,layer_11.head_14,within_layer,-0.03767307068186735,-0.03971605050823209,-0.03587526721741701
biology-focused,rescue,rms,layer_11.head_15,layer_11.head_15,identity,0.019760856518570215,0.017362249447633312,0.02238750272131401
biology-focused,rescue,rms,layer_11.head_15,layer_12.head_02,earlier_to_later,-0.057928278845663136,-0.06340744338974408,-0.05270885076510176
biology-focused,rescue,rms,layer_11.head_15,layer_12.head_03,earlier_to_later,0.055679884737356015,0.0512203451919069,0.06004531655145301
biology-focused,rescue,rms,layer_11.head_15,layer_12.head_12,earlier_to_later,-0.0030593883552945335,-0.004895632027512259,-0.0013082694675388582
biology-focused,rescue,rms,layer_12.head_02,layer_09.head_04,later_to_earlier,0.0066864587266297435,0.005999863520763708,0.007393295072257175
biology-focused,rescue,rms,layer_12.head_02,layer_09.head_11,later_to_earlier,-0.01846352353577067,-0.020149292422288485,-0.016761279189225622
biology-focused,rescue,rms,layer_12.head_02,layer_09.head_13,later_to_earlier,0.0015118228199175767,0.00045634268835589457,0.002607267111514811
biology-focused,rescue,rms,layer_12.head_02,layer_10.head_02,later_to_earlier,-0.010471563774254837,-0.013207633933051887,-0.007533211613724303
biology-focused,rescue,rms,layer_12.head_02,layer_10.head_12,later_to_earlier,0.01287870238150676,0.01173493305735946,0.014037923387683674
biology-focused,rescue,rms,layer_12.head_02,layer_11.head_08,later_to_earlier,-0.02501035146058303,-0.02832693019472803,-0.02209022077980879
biology-focused,rescue,rms,layer_12.head_02,layer_11.head_09,later_to_earlier,-0.056503099315130874,-0.05993155604216792,-0.05310302737087102
biology-focused,rescue,rms,layer_12.head_02,layer_11.head_14,later_to_earlier,-0.0010966897790074565,-0.003223610089319471,0.001114434748346327
biology-focused,rescue,rms,layer_12.head_02,layer_11.head_15,later_to_earlier,-0.013921258748724456,-0.015269052415975813,-0.012578148187633474
biology-focused,rescue,rms,layer_12.head_02,layer_12.head_02,identity,-0.002072908576822361,-0.00437208557910059,0.00011651926305296872
biology-focused,rescue,rms,layer_12.head_02,layer_12.head_03,within_layer,0.031222349150493052,0.02631049102636395,0.036255366465367055
biology-focused,rescue,rms,layer_12.head_02,layer_12.head_12,within_layer,-0.01837448961160408,-0.020231203260619324,-0.01664737253668473
biology-focused,rescue,rms,layer_12.head_03,layer_09.head_04,later_to_earlier,0.006723023278952041,0.005907998155080773,0.007539988802194124
biology-focused,rescue,rms,layer_12.head_03,layer_09.head_11,later_to_earlier,-0.02016515473063453,-0.022517811834305637,-0.01748799242656667
biology-focused,rescue,rms,layer_12.head_03,layer_09.head_13,later_to_earlier,0.002542341553318082,0.001200169009755045,0.0037437689438821085
biology-focused,rescue,rms,layer_12.head_03,layer_10.head_02,later_to_earlier,-0.003598431872489677,-0.007221253790334353,0.00030010879426164733
biology-focused,rescue,rms,layer_12.head_03,layer_10.head_12,later_to_earlier,0.00959804583199451,0.008388165171216499,0.010922804387192713
biology-focused,rescue,rms,layer_12.head_03,layer_11.head_08,later_to_earlier,-0.011521646058634113,-0.014823524310877332,-0.008222770139273866
biology-focused,rescue,rms,layer_12.head_03,layer_11.head_09,later_to_earlier,-0.048107785974737916,-0.05195862262923544,-0.044331908880647426
biology-focused,rescue,rms,layer_12.head_03,layer_11.head_14,later_to_earlier,0.0021022503092517604,-2.9383740637373076e-05,0.004419887239117312
biology-focused,rescue,rms,layer_12.head_03,layer_11.head_15,later_to_earlier,-0.013346498872354166,-0.015059278090625265,-0.011572985154952777
biology-focused,rescue,rms,layer_12.head_03,layer_12.head_02,within_layer,0.002316796452977018,-0.00012625657949314086,0.004364258152927316
biology-focused,rescue,rms,layer_12.head_03,layer_12.head_03,identity,0.03988899025396004,0.033711605728650985,0.045662613054352603
biology-focused,rescue,rms,layer_12.head_03,layer_12.head_12,within_layer,-0.01913829353067788,-0.020229787647994674,-0.017984133928724017
biology-focused,rescue,rms,layer_12.head_12,layer_09.head_04,later_to_earlier,-0.003680324441641909,-0.004079014031746676,-0.0033085134185870555
biology-focused,rescue,rms,layer_12.head_12,layer_09.head_11,later_to_earlier,0.0035223880024114417,0.0007586131182026409,0.0058738988372610025
biology-focused,rescue,rms,layer_12.head_12,layer_09.head_13,later_to_earlier,0.005756458069244114,0.004878025079010166,0.006669381302498058
biology-focused,rescue,rms,layer_12.head_12,layer_10.head_02,later_to_earlier,-0.0020019718358208257,-0.005045948931422896,0.0012671227770032
biology-focused,rescue,rms,layer_12.head_12,layer_10.head_12,later_to_earlier,-0.004587155529160456,-0.0052764509334452155,-0.003888269659199633
biology-focused,rescue,rms,layer_12.head_12,layer_11.head_08,later_to_earlier,0.021468306462185078,0.018064388277893258,0.025182058843142875
biology-focused,rescue,rms,layer_12.head_12,layer_11.head_09,later_to_earlier,-0.006104171735084951,-0.0108312334671068,-0.0006714986002959042
biology-focused,rescue,rms,layer_12.head_12,layer_11.head_14,later_to_earlier,0.02304000237379072,0.02048367691411756,0.025555813103748912
biology-focused,rescue,rms,layer_12.head_12,layer_11.head_15,later_to_earlier,0.01103277292649035,0.009654174524657253,0.012620577509655723
biology-focused,rescue,rms,layer_12.head_12,layer_12.head_02,within_layer,0.03714263189246798,0.03343913379692054,0.040947354290787205
biology-focused,rescue,rms,layer_12.head_12,layer_12.head_03,within_layer,0.01027541311891164,0.008453715791433163,0.01197437941704491
biology-focused,rescue,rms,layer_12.head_12,layer_12.head_12,identity,0.006776888335847789,0.0044796289467469,0.009003655425943023
biology-focused,rescue,aligned,layer_09.head_04,layer_09.head_04,identity,0.0003092778173379614,-0.00021649549608782615,0.0008606746991393915
biology-focused,rescue,aligned,layer_09.head_04,layer_09.head_11,within_layer,0.0025001127959114224,0.0022052770386458078,0.0028024854240407348
biology-focused,rescue,aligned,layer_09.head_04,layer_09.head_13,within_layer,-8.444074263244307e-05,-0.0002660489284936218,9.9704033209782e-05
biology-focused,rescue,aligned,layer_09.head_04,layer_10.head_02,earlier_to_later,0.0003976396562565969,0.0001686883760019804,0.0006516326111468677
biology-focused,rescue,aligned,layer_09.head_04,layer_10.head_12,earlier_to_later,0.0014559355172133676,0.0009754186943148814,0.0018635264197701931
biology-focused,rescue,aligned,layer_09.head_04,layer_11.head_08,earlier_to_later,0.0005332523227412926,0.0003902993987030324,0.0006672086854754569
biology-focused,rescue,aligned,layer_09.head_04,layer_11.head_09,earlier_to_later,-0.0014748078147374707,-0.0017131347544022003,-0.0012440678811698005
biology-focused,rescue,aligned,layer_09.head_04,layer_11.head_14,earlier_to_later,-0.001480414515201687,-0.0016534423092778837,-0.0013119679830893359
biology-focused,rescue,aligned,layer_09.head_04,layer_11.head_15,earlier_to_later,-0.0025680580986524562,-0.0028870080155369454,-0.0022558131657428016
biology-focused,rescue,aligned,layer_09.head_04,layer_12.head_02,earlier_to_later,0.0004698882214052086,0.00030525798915568853,0.000643385404834312
biology-focused,rescue,aligned,layer_09.head_04,layer_12.head_03,earlier_to_later,0.0009042505676895036,0.0006262283664776321,0.0011541239565344933
biology-focused,rescue,aligned,layer_09.head_04,layer_12.head_12,earlier_to_later,-4.442351707555788e-05,-0.0002493148443030404,0.00017157909421380038
biology-focused,rescue,aligned,layer_09.head_11,layer_09.head_04,within_layer,0.04209222945830412,0.036086906187106735,0.047992277074575804
biology-focused,rescue,aligned,layer_09.head_11,layer_09.head_11,identity,0.10596609367781279,0.09173874971859239,0.11945817640546715
biology-focused,rescue,aligned,layer_09.head_11,layer_09.head_13,within_layer,0.0144607036002477,0.011172266309157264,0.017760695641557314
biology-focused,rescue,aligned,layer_09.head_11,layer_10.head_02,earlier_to_later,0.04298937820540561,0.03723103939895156,0.048623660600740144
biology-focused,rescue,aligned,layer_09.head_11,layer_10.head_12,earlier_to_later,0.016970420865736392,0.012451762008361948,0.021279262264669967
biology-focused,rescue,aligned,layer_09.head_11,layer_11.head_08,earlier_to_later,0.024282701175400066,0.02198670124212477,0.02652511604417602
biology-focused,rescue,aligned,layer_09.head_11,layer_11.head_09,earlier_to_later,0.007709464721010782,0.005136133282955278,0.010378030753604172
biology-focused,rescue,aligned,layer_09.head_11,layer_11.head_14,earlier_to_later,0.007529772367158484,0.0065153756223482505,0.008473630868638945
biology-focused,rescue,aligned,layer_09.head_11,layer_11.head_15,earlier_to_later,0.006936841030822118,0.005783947217401931,0.008101547560285536
biology-focused,rescue,aligned,layer_09.head_11,layer_12.head_02,earlier_to_later,-0.005293973567682678,-0.005959998261294933,-0.004644131713500098
biology-focused,rescue,aligned,layer_09.head_11,layer_12.head_03,earlier_to_later,-0.008620728456332235,-0.010234614723817311,-0.007417357421959906
biology-focused,rescue,aligned,layer_09.head_11,layer_12.head_12,earlier_to_later,-0.01747435421829376,-0.019263927107248478,-0.016066985598238177
biology-focused,rescue,aligned,layer_09.head_13,layer_09.head_04,within_layer,0.0006820131810197438,0.00012326599824758922,0.0012343823080484526
biology-focused,rescue,aligned,layer_09.head_13,layer_09.head_11,within_layer,0.004117831571840428,0.0035423213867598214,0.004681643670150709
biology-focused,rescue,aligned,layer_09.head_13,layer_09.head_13,identity,0.001978121794615351,-0.00011489006549591836,0.004098570608276101
biology-focused,rescue,aligned,layer_09.head_13,layer_10.head_02,earlier_to_later,-0.005261169577915333,-0.006576953044527995,-0.004009051656811206
biology-focused,rescue,aligned,layer_09.head_13,layer_10.head_12,earlier_to_later,0.0036326926459673827,0.0029788782457319226,0.004275790774614836
biology-focused,rescue,aligned,layer_09.head_13,layer_11.head_08,earlier_to_later,0.000290180293384954,-0.00021183399997372075,0.0007814664933949593
biology-focused,rescue,aligned,layer_09.head_13,layer_11.head_09,earlier_to_later,-0.003671697550607118,-0.004408458691470118,-0.0029227097480404272
biology-focused,rescue,aligned,layer_09.head_13,layer_11.head_14,earlier_to_later,-0.007594884369344417,-0.008313911512461651,-0.006856595344676415
biology-focused,rescue,aligned,layer_09.head_13,layer_11.head_15,earlier_to_later,-0.005466517378443101,-0.006305315574543009,-0.004661994546847887
biology-focused,rescue,aligned,layer_09.head_13,layer_12.head_02,earlier_to_later,0.00021298273686504355,-0.0007957176676294692,0.0012170040768963622
biology-focused,rescue,aligned,layer_09.head_13,layer_12.head_03,earlier_to_later,-0.004067295792848538,-0.004742515972938652,-0.003377736108817448
biology-focused,rescue,aligned,layer_09.head_13,layer_12.head_12,earlier_to_later,0.00039681182932908116,-0.00014929697415397563,0.0009067997476861452
biology-focused,rescue,aligned,layer_10.head_02,layer_09.head_04,later_to_earlier,0.006285836018203083,0.0035978736089918883,0.0087445998957114
biology-focused,rescue,aligned,layer_10.head_02,layer_09.head_11,later_to_earlier,0.04105311258617889,0.0366766804027087,0.045299839510296105
biology-focused,rescue,aligned,layer_10.head_02,layer_09.head_13,later_to_earlier,-0.005618468545126725,-0.0074983393392147445,-0.003957977927120555
biology-focused,rescue,aligned,layer_10.head_02,layer_10.head_02,identity,-0.006124287570019707,-0.01189604651832175,-0.001103178609436455
biology-focused,rescue,aligned,layer_10.head_02,layer_10.head_12,within_layer,0.024048718470065525,0.02048663666322878,0.027468263097668276
biology-focused,rescue,aligned,layer_10.head_02,layer_11.head_08,earlier_to_later,0.0362836662131433,0.03444887102348632,0.03823140061307336
biology-focused,rescue,aligned,layer_10.head_02,layer_11.head_09,earlier_to_later,-0.02070356090495639,-0.022629954679310157,-0.01874596079940304
biology-focused,rescue,aligned,layer_10.head_02,layer_11.head_14,earlier_to_later,-0.015303875875251916,-0.016602223522361757,-0.013977436773945268
biology-focused,rescue,aligned,layer_10.head_02,layer_11.head_15,earlier_to_later,-0.007556440134751104,-0.00856753952628291,-0.006553211340947114
biology-focused,rescue,aligned,layer_10.head_02,layer_12.head_02,earlier_to_later,0.014328466934170732,0.012183635639752251,0.016399915722325444
biology-focused,rescue,aligned,layer_10.head_02,layer_12.head_03,earlier_to_later,-0.007183890463071875,-0.008801097901287868,-0.005682520898218634
biology-focused,rescue,aligned,layer_10.head_02,layer_12.head_12,earlier_to_later,-0.020946398123780467,-0.022183555353389225,-0.019771905212617517
biology-focused,rescue,aligned,layer_10.head_12,layer_09.head_04,later_to_earlier,0.013145855668562077,0.011209819710028351,0.014958188696586822
biology-focused,rescue,aligned,layer_10.head_12,layer_09.head_11,later_to_earlier,0.014900204223944608,0.013084358595736012,0.016650935029891633
biology-focused,rescue,aligned,layer_10.head_12,layer_09.head_13,later_to_earlier,0.0010749146961789098,0.0006290028104218168,0.0015122170866902925
biology-focused,rescue,aligned,layer_10.head_12,layer_10.head_02,within_layer,0.009155741858065494,0.007849048304119807,0.010430743368802255
biology-focused,rescue,aligned,layer_10.head_12,layer_10.head_12,identity,0.009134023081844174,0.00570975035524786,0.012305958659826987
biology-focused,rescue,aligned,layer_10.head_12,layer_11.head_08,earlier_to_later,0.010083804130547042,0.009097943587761297,0.011013765573064778
biology-focused,rescue,aligned,layer_10.head_12,layer_11.head_09,earlier_to_later,0.0060019860250858465,0.004916449634593202,0.007090279063052333
biology-focused,rescue,aligned,layer_10.head_12,layer_11.head_14,earlier_to_later,-0.009454114163795387,-0.010478807162420025,-0.008448759200530245
biology-focused,rescue,aligned,layer_10.head_12,layer_11.head_15,earlier_to_later,0.0007584967218395104,0.0003212724037891713,0.0012032619165760236
biology-focused,rescue,aligned,layer_10.head_12,layer_12.head_02,earlier_to_later,0.0037288990734842425,0.0032368674706850444,0.00417512797126037
biology-focused,rescue,aligned,layer_10.head_12,layer_12.head_03,earlier_to_later,-0.003363854952746962,-0.00376242415032884,-0.002968978427293242
biology-focused,rescue,aligned,layer_10.head_12,layer_12.head_12,earlier_to_later,-0.0037834685619767766,-0.005027789789567451,-0.002480847008838872
biology-focused,rescue,aligned,layer_11.head_08,layer_09.head_04,later_to_earlier,0.015843138628811367,0.01473386219052267,0.016884754014261153
biology-focused,rescue,aligned,layer_11.head_08,layer_09.head_11,later_to_earlier,0.021642931221387027,0.01918916893429564,0.02379788976128366
biology-focused,rescue,aligned,layer_11.head_08,layer_09.head_13,later_to_earlier,0.0024397113805257674,0.0013173338264940515,0.003497829688015754
biology-focused,rescue,aligned,layer_11.head_08,layer_10.head_02,later_to_earlier,0.043587490947619704,0.03947456369959247,0.04765832372372608
biology-focused,rescue,aligned,layer_11.head_08,layer_10.head_12,later_to_earlier,0.022562111426081884,0.01816633708031545,0.026741335561405812
biology-focused,rescue,aligned,layer_11.head_08,layer_11.head_08,identity,0.25719219419012157,0.24071099304303267,0.27289631834759964
biology-focused,rescue,aligned,layer_11.head_08,layer_11.head_09,within_layer,0.0655211451622443,0.05978967184147919,0.0711935561428928
biology-focused,rescue,aligned,layer_11.head_08,layer_11.head_14,within_layer,0.02983180477247591,0.02720044168991563,0.032474439373330645
biology-focused,rescue,aligned,layer_11.head_08,layer_11.head_15,within_layer,0.03373439655111057,0.03184791394420619,0.035712543934173
biology-focused,rescue,aligned,layer_11.head_08,layer_12.head_02,earlier_to_later,0.05423746879594151,0.049418429833729856,0.05897782938076561
biology-focused,rescue,aligned,layer_11.head_08,layer_12.head_03,earlier_to_later,0.04857180453184303,0.04469928709351311,0.052615718806068836
biology-focused,rescue,aligned,layer_11.head_08,layer_12.head_12,earlier_to_later,0.06004587629942277,0.057295844805485156,0.06277198685347016
biology-focused,rescue,aligned,layer_11.head_09,layer_09.head_04,later_to_earlier,0.030857078605313948,0.027374027031370624,0.034317017490952666
biology-focused,rescue,aligned,layer_11.head_09,layer_09.head_11,later_to_earlier,0.06151036682689574,0.05611059692094386,0.06674133237207323
biology-focused,rescue,aligned,layer_11.head_09,layer_09.head_13,later_to_earlier,0.005367490828513257,0.0037836593756264605,0.006989624107643166
biology-focused,rescue,aligned,layer_11.head_09,layer_10.head_02,later_to_earlier,0.03294801008850034,0.02830788831063522,0.037179134763927
biology-focused,rescue,aligned,layer_11.head_09,layer_10.head_12,later_to_earlier,0.03121827590656606,0.027358571707328926,0.034995408994264454
biology-focused,rescue,aligned,layer_11.head_09,layer_11.head_08,within_layer,0.04855525757739607,0.04550194551342107,0.05180759442920027
biology-focused,rescue,aligned,layer_11.head_09,layer_11.head_09,identity,0.162323702709936,0.14864133852975178,0.1760810470330115
biology-focused,rescue,aligned,layer_11.head_09,layer_11.head_14,within_layer,0.03271030515702428,0.029094450405427606,0.03636611148217767
biology-focused,rescue,aligned,layer_11.head_09,layer_11.head_15,within_layer,0.043156995787040214,0.037886863256392206,0.048246553783908255
biology-focused,rescue,aligned,layer_11.head_09,layer_12.head_02,earlier_to_later,-0.0013160004201143787,-0.0029485508469665337,0.0002757426443120231
biology-focused,rescue,aligned,layer_11.head_09,layer_12.head_03,earlier_to_later,0.028611223685390142,0.02534674197217287,0.03168714053729732
biology-focused,rescue,aligned,layer_11.head_09,layer_12.head_12,earlier_to_later,0.014289513544086543,0.012595920518825295,0.016009368655651335
biology-focused,rescue,aligned,layer_11.head_14,layer_09.head_04,later_to_earlier,-0.0056378823444905345,-0.006389270004644646,-0.004884546282828825
biology-focused,rescue,aligned,layer_11.head_14,layer_09.head_11,later_to_earlier,-0.0013662378938892618,-0.0019222986233890249,-0.0007881046988086957
biology-focused,rescue,aligned,layer_11.head_14,layer_09.head_13,later_to_earlier,-0.01015371177845055,-0.011079268106797163,-0.009307112687569556
biology-focused,rescue,aligned,layer_11.head_14,layer_10.head_02,later_to_earlier,-0.017593153971463327,-0.018888271222401047,-0.016321388492714743
biology-focused,rescue,aligned,layer_11.head_14,layer_10.head_12,later_to_earlier,-0.007975503856050774,-0.009349217028188141,-0.006769520787485357
biology-focused,rescue,aligned,layer_11.head_14,layer_11.head_08,within_layer,-0.009555773946122741,-0.010752959884508088,-0.00841965650557285
biology-focused,rescue,aligned,layer_11.head_14,layer_11.head_09,within_layer,-0.0187443940707566,-0.01974777804205357,-0.01773322913024138
biology-focused,rescue,aligned,layer_11.head_14,layer_11.head_14,identity,-0.040135417318498005,-0.04231110302171844,-0.038119111715951524
biology-focused,rescue,aligned,layer_11.head_14,layer_11.head_15,within_layer,-0.02164405974955739,-0.023287680632314556,-0.0200644822982585
biology-focused,rescue,aligned,layer_11.head_14,layer_12.head_02,earlier_to_later,-0.0038859957056579966,-0.0051966264468472564,-0.002662773331197301
biology-focused,rescue,aligned,layer_11.head_14,layer_12.head_03,earlier_to_later,0.007232229086369027,0.006368631642498315,0.00809324017442887
biology-focused,rescue,aligned,layer_11.head_14,layer_12.head_12,earlier_to_later,-0.008179606921154969,-0.009457770239302339,-0.007057059446597327
biology-focused,rescue,aligned,layer_11.head_15,layer_09.head_04,later_to_earlier,-0.0021602628868755253,-0.0028160920450349407,-0.0015418949484969546
biology-focused,rescue,aligned,layer_11.head_15,layer_09.head_11,later_to_earlier,-0.006867726467471453,-0.007908519953832958,-0.005933662207801954
biology-focused,rescue,aligned,layer_11.head_15,layer_09.head_13,later_to_earlier,0.006415960587502613,0.005886047605149143,0.007010399891541112
biology-focused,rescue,aligned,layer_11.head_15,layer_10.head_02,later_to_earlier,0.008832098667807356,0.007931197474926295,0.009727261305535738
biology-focused,rescue,aligned,layer_11.head_15,layer_10.head_12,later_to_earlier,-0.002270113483534898,-0.0034618850650046168,-0.0011277923804567209
biology-focused,rescue,aligned,layer_11.head_15,layer_11.head_08,within_layer,0.013094160213063914,0.011831484654333719,0.01450141397568705
biology-focused,rescue,aligned,layer_11.head_15,layer_11.head_09,within_layer,-0.005018598317959431,-0.005985638937779308,-0.004199533863128189
biology-focused,rescue,aligned,layer_11.head_15,layer_11.head_14,within_layer,0.03198673769987167,0.029657730070313873,0.03472703082051694
biology-focused,rescue,aligned,layer_11.head_15,layer_11.head_15,identity,0.01975787945646475,0.017359500928305842,0.022385421023868365
biology-focused,rescue,aligned,layer_11.head_15,layer_12.head_02,earlier_to_later,0.00535471402072461,0.004418008572248722,0.006287225673664766
biology-focused,rescue,aligned,layer_11.head_15,layer_12.head_03,earlier_to_later,-0.005796508839162751,-0.006507190196193608,-0.0051503885607322
biology-focused,rescue,aligned,layer_11.head_15,layer_12.head_12,earlier_to_later,0.0026537855071606616,0.0014939170354256789,0.003961148014627454
biology-focused,rescue,aligned,layer_12.head_02,layer_09.head_04,later_to_earlier,-0.012893723067494015,-0.01426480423205836,-0.011494847116906692
biology-focused,rescue,aligned,layer_12.head_02,layer_09.head_11,later_to_earlier,-0.021584453814750416,-0.02327867779912023,-0.019926348909947367
biology-focused,rescue,aligned,layer_12.head_02,layer_09.head_13,later_to_earlier,-0.015669910752673794,-0.016742034028594133,-0.01462711412581481
biology-focused,rescue,aligned,layer_12.head_02,layer_10.head_02,later_to_earlier,-0.015983400783437435,-0.017829303223363117,-0.014225553620769698
biology-focused,rescue,aligned,layer_12.head_02,layer_10.head_12,later_to_earlier,0.0008226443236250811,0.00015238000382227578,0.001506207084979966
biology-focused,rescue,aligned,layer_12.head_02,layer_11.head_08,later_to_earlier,0.00523670495608205,0.004320379968249633,0.00629823543246819
biology-focused,rescue,aligned,layer_12.head_02,layer_11.head_09,later_to_earlier,-0.02265785422259882,-0.024761968819223146,-0.020600699096066863
biology-focused,rescue,aligned,layer_12.head_02,layer_11.head_14,later_to_earlier,-0.019463115565649006,-0.020910939602521012,-0.018009587754312835
biology-focused,rescue,aligned,layer_12.head_02,layer_11.head_15,later_to_earlier,-0.008806459993312764,-0.009961987003291602,-0.007774564338640861
biology-focused,rescue,aligned,layer_12.head_02,layer_12.head_02,identity,-0.002073545919695644,-0.00437023044508318,0.00011598253951623648
biology-focused,rescue,aligned,layer_12.head_02,layer_12.head_03,within_layer,-0.0037176449401165397,-0.005401761373936263,-0.0021610027786065013
biology-focused,rescue,aligned,layer_12.head_02,layer_12.head_12,within_layer,-0.006131916516292384,-0.006974322830058214,-0.005250161167731074
biology-focused,rescue,aligned,layer_12.head_03,layer_09.head_04,later_to_earlier,0.003519012002003715,0.0022309076382439692,0.004772368859520667
biology-focused,rescue,aligned,layer_12.head_03,layer_09.head_11,later_to_earlier,0.023217322662062004,0.02060860067185956,0.02567202819951559
biology-focused,rescue,aligned,layer_12.head_03,layer_09.head_13,later_to_earlier,0.004673402875275813,0.004042428285053036,0.005234333275569381
biology-focused,rescue,aligned,layer_12.head_03,layer_10.head_02,later_to_earlier,0.02430720413364678,0.021387925226225343,0.027126933131438484
biology-focused,rescue,aligned,layer_12.head_03,layer_10.head_12,later_to_earlier,0.007395914789601155,0.005144838833861968,0.00957975824099952
biology-focused,rescue,aligned,layer_12.head_03,layer_11.head_08,later_to_earlier,0.028647899652913974,0.027127557971257425,0.030089335569873036
biology-focused,rescue,aligned,layer_12.head_03,layer_11.head_09,later_to_earlier,-0.002578894125511182,-0.004561393031544082,-0.00036828882809528124
biology-focused,rescue,aligned,layer_12.head_03,layer_11.head_14,later_to_earlier,-0.0014026646747257931,-0.00245989978609465,-0.00033908618184518566
biology-focused,rescue,aligned,layer_12.head_03,layer_11.head_15,later_to_earlier,0.0019522243493301015,0.0009549284887883481,0.002805594852853136
biology-focused,rescue,aligned,layer_12.head_03,layer_12.head_02,within_layer,0.007026175656231553,0.005115014009731967,0.008906541311969735
biology-focused,rescue,aligned,layer_12.head_03,layer_12.head_03,identity,0.03988961561670412,0.03371223573335992,0.045663839623257485
biology-focused,rescue,aligned,layer_12.head_03,layer_12.head_12,within_layer,0.0028645746823697266,0.0008872244408555605,0.004683033158491671
biology-focused,rescue,aligned,layer_12.head_12,layer_09.head_04,later_to_earlier,0.0033495686486794875,0.002338160410689191,0.004279348521385191
biology-focused,rescue,aligned,layer_12.head_12,layer_09.head_11,later_to_earlier,0.008691200368320925,0.007528295550085915,0.009776500000565673
biology-focused,rescue,aligned,layer_12.head_12,layer_09.head_13,later_to_earlier,-0.0028978554812791137,-0.0032335073603086376,-0.0025896328973847547
biology-focused,rescue,aligned,layer_12.head_12,layer_10.head_02,later_to_earlier,0.010807794486260307,0.010090701397486393,0.011525357480972541
biology-focused,rescue,aligned,layer_12.head_12,layer_10.head_12,later_to_earlier,0.012680279095654886,0.01130525901158094,0.014041118535178474
biology-focused,rescue,aligned,layer_12.head_12,layer_11.head_08,later_to_earlier,0.00321521988582508,0.002662065076372056,0.0037464974023604827
biology-focused,rescue,aligned,layer_12.head_12,layer_11.head_09,later_to_earlier,0.005288273422210725,0.004430866158321819,0.006162419640563758
biology-focused,rescue,aligned,layer_12.head_12,layer_11.head_14,later_to_earlier,0.002083645168608752,0.001746416117472948,0.00246414328867112
biology-focused,rescue,aligned,layer_12.head_12,layer_11.head_15,later_to_earlier,0.0017469879640038665,0.0012811855211240417,0.0021903001215965064
biology-focused,rescue,aligned,layer_12.head_12,layer_12.head_02,within_layer,-0.003349399728857809,-0.003946418515566511,-0.002620522146831559
biology-focused,rescue,aligned,layer_12.head_12,layer_12.head_03,within_layer,-0.0033999882204181655,-0.004301284190822902,-0.00244255398423731
biology-focused,rescue,aligned,layer_12.head_12,layer_12.head_12,identity,0.0067779210229845736,0.004484207003157657,0.009005131490334032
comforting,induction,raw,layer_09.head_04,layer_09.head_04,identity,0.09341863815242028,0.051730316555053724,0.14793089481073096
comforting,induction,raw,layer_09.head_04,layer_09.head_11,within_layer,0.021371637449091506,0.012138364723915095,0.032836136940640505
comforting,induction,raw,layer_09.head_04,layer_09.head_13,within_layer,-9.254490832196258e-05,-0.002770485941700638,0.0019692913159950398
comforting,induction,raw,layer_09.head_04,layer_10.head_02,earlier_to_later,-0.0008259668957493383,-0.0028060659752205674,0.0007611138230357709
comforting,induction,raw,layer_09.head_04,layer_10.head_12,earlier_to_later,0.00727040788415286,0.003109246389399557,0.012019082926172174
comforting,induction,raw,layer_09.head_04,layer_11.head_08,earlier_to_later,0.00535104894832168,0.002922942693803234,0.008397615429503562
comforting,induction,raw,layer_09.head_04,layer_11.head_09,earlier_to_later,0.011459342238881964,0.006783549358025556,0.017040540191472938
comforting,induction,raw,layer_09.head_04,layer_11.head_14,earlier_to_later,0.004303055341229971,0.0024567450905042415,0.006499947885186595
comforting,induction,raw,layer_09.head_04,layer_11.head_15,earlier_to_later,0.005037342905179201,0.0028644707434782157,0.0077916408064820555
comforting,induction,raw,layer_09.head_04,layer_12.head_02,earlier_to_later,-0.003594798407803822,-0.005560434404048207,-0.001922765858759243
comforting,induction,raw,layer_09.head_04,layer_12.head_03,earlier_to_later,-0.005940557227598413,-0.010484420856013432,-0.0027523602206508176
comforting,induction,raw,layer_09.head_04,layer_12.head_12,earlier_to_later,0.009939208306552465,0.005441678600354883,0.015841716825474916
comforting,induction,raw,layer_09.head_11,layer_09.head_04,within_layer,0.005503348192923066,0.00190537559633384,0.010612369972980772
comforting,induction,raw,layer_09.head_11,layer_09.head_11,identity,0.009198979932036168,0.0053805417676053655,0.01365877570103365
comforting,induction,raw,layer_09.head_11,layer_09.head_13,within_layer,-0.00238852252229869,-0.00576209338499305,5.7002159133610214e-05
comforting,induction,raw,layer_09.head_11,layer_10.head_02,earlier_to_later,0.005159688979799932,0.0026342313796525545,0.008299233012693306
comforting,induction,raw,layer_09.head_11,layer_10.head_12,earlier_to_later,-0.0032797834440673195,-0.008981773875562685,0.0006039332587159959
comforting,induction,raw,layer_09.head_11,layer_11.head_08,earlier_to_later,0.0050508881221650965,0.0028277100569141828,0.007965110735743904
comforting,induction,raw,layer_09.head_11,layer_11.head_09,earlier_to_later,-0.0017303423574051846,-0.003996281388409908,-0.00021187309906966885
comforting,induction,raw,layer_09.head_11,layer_11.head_14,earlier_to_later,-0.0005858686355604488,-0.0014913714304027326,0.00015142979775683218
comforting,induction,raw,layer_09.head_11,layer_11.head_15,earlier_to_later,0.001850606826048969,0.0007619068439850813,0.0032165002071134104
comforting,induction,raw,layer_09.head_11,layer_12.head_02,earlier_to_later,-0.012482631025342602,-0.020996044942463533,-0.006232038383734348
comforting,induction,raw,layer_09.head_11,layer_12.head_03,earlier_to_later,-0.0006115445908257949,-0.0014661019524129131,3.2792841445138366e-05
comforting,induction,raw,layer_09.head_11,layer_12.head_12,earlier_to_later,0.0008342933196571269,-0.00020064470087679013,0.0019786117995001552
comforting,induction,raw,layer_09.head_13,layer_09.head_04,within_layer,0.0020498414297573423,0.0006525101520710166,0.0038863286071708753
comforting,induction,raw,layer_09.head_13,layer_09.head_11,within_layer,0.0018567376412183952,0.000582314124553002,0.0035141397038870523
comforting,induction,raw,layer_09.head_13,layer_09.head_13,identity,0.002172740628887161,0.0007612972707108719,0.004285739266779734
comforting,induction,raw,layer_09.head_13,layer_10.head_02,earlier_to_later,-0.00048817671367682586,-0.0010924644125871175,0.00010085791410857143
comforting,induction,raw,layer_09.head_13,layer_10.head_12,earlier_to_later,0.0021383075726153474,0.00039310807585782797,0.004616834953435253
comforting,induction,raw,layer_09.head_13,layer_11.head_08,earlier_to_later,-0.0012054736438507306,-0.0024319561366625605,-0.00028298539805846925
comforting,induction,raw,layer_09.head_13,layer_11.head_09,earlier_to_later,-0.001236832847888837,-0.004504154479612147,0.0006432741105251571
comforting,induction,raw,layer_09.head_13,layer_11.head_14,earlier_to_later,-0.0006708175821125779,-0.002672410916642581,0.0005381358214126868
comforting,induction,raw,layer_09.head_13,layer_11.head_15,earlier_to_later,0.0013308935707051688,0.000607547827714229,0.002363698722556064
comforting,induction,raw,layer_09.head_13,layer_12.head_02,earlier_to_later,0.0011898637101858756,0.0004090834018052838,0.00218196610308981
comforting,induction,raw,layer_09.head_13,layer_12.head_03,earlier_to_later,0.0012436899028717217,0.0005734540856102329,0.0020038143248349003
comforting,induction,raw,layer_09.head_13,layer_12.head_12,earlier_to_later,0.00022288384321523125,-9.044730456626223e-05,0.000551700672629902
comforting,induction,raw,layer_10.head_02,layer_09.head_04,later_to_earlier,-0.0025159142746931573,-0.005284764833856415,-0.0007780876387855006
comforting,induction,raw,layer_10.head_02,layer_09.head_11,later_to_earlier,0.0009127272195106161,-0.0005024007538533212,0.0029350713941498153
comforting,induction,raw,layer_10.head_02,layer_09.head_13,later_to_earlier,0.0008705588647605732,-0.0003990352201002385,0.002294768606089051
comforting,induction,raw,layer_10.head_02,layer_10.head_02,identity,0.008245764842925255,0.004787543773042319,0.01227774489457519
comforting,induction,raw,layer_10.head_02,layer_10.head_12,within_layer,-0.003327487266232733,-0.006910605457301516,-0.001121643507505401
comforting,induction,raw,layer_10.head_02,layer_11.head_08,earlier_to_later,-0.0013245094160659315,-0.002244794662461125,-0.0005672206988840272
comforting,induction,raw,layer_10.head_02,layer_11.head_09,earlier_to_later,-0.0004560490465802927,-0.0014572223188274319,0.00035397754897934473
comforting,induction,raw,layer_10.head_02,layer_11.head_14,earlier_to_later,0.0027984637853733785,0.0013794287610498265,0.004730097808801506
comforting,induction,raw,layer_10.head_02,layer_11.head_15,earlier_to_later,-0.000866336540263723,-0.0019206043596634505,-0.0001748234433351001
comforting,induction,raw,layer_10.head_02,layer_12.head_02,earlier_to_later,0.0010069906139027968,0.0004801725219443962,0.0016797470595816732
comforting,induction,raw,layer_10.head_02,layer_12.head_03,earlier_to_later,-0.0013229556006510905,-0.0024059359788837966,-0.0005686048155049726
comforting,induction,raw,layer_10.head_02,layer_12.head_12,earlier_to_later,0.0014053880418030968,0.0005420293250129469,0.0026299474882318474
comforting,induction,raw,layer_10.head_12,layer_09.head_04,later_to_earlier,-0.0006783502090149586,-0.003293681352908722,0.0012339501078410865
comforting,induction,raw,layer_10.head_12,layer_09.head_11,later_to_earlier,0.013840087239457457,0.0071024634192018874,0.022979825504750005
comforting,induction,raw,layer_10.head_12,layer_09.head_13,later_to_earlier,0.0036688368678560903,0.0020188546902816834,0.005738706970241628
comforting,induction,raw,layer_10.head_12,layer_10.head_02,within_layer,-0.004865823639468152,-0.010048326771585687,-0.000887091198194352
comforting,induction,raw,layer_10.head_12,layer_10.head_12,identity,0.6038750674546819,0.5463178988355278,0.6619130909642454
comforting,induction,raw,layer_10.head_12,layer_11.head_08,earlier_to_later,0.007690807845006246,0.004357194124200295,0.01190682539537843
comforting,induction,raw,layer_10.head_12,layer_11.head_09,earlier_to_later,0.00788167802388636,0.004286531711505071,0.012831028844102857
comforting,induction,raw,layer_10.head_12,layer_11.head_14,earlier_to_later,-0.002165887796228773,-0.00490288995799443,-7.44346418831391e-05
comforting,induction,raw,layer_10.head_12,layer_11.head_15,earlier_to_later,0.006669330435754757,0.003869578194083349,0.010374572901747753
comforting,induction,raw,layer_10.head_12,layer_12.head_02,earlier_to_later,0.006864574942813607,0.003731360368125463,0.011338462548897513
comforting,induction,raw,layer_10.head_12,layer_12.head_03,earlier_to_later,-0.010270230102456528,-0.016010672652704467,-0.00554828125330233
comforting,induction,raw,layer_10.head_12,layer_12.head_12,earlier_to_later,-0.007708174265661792,-0.01264102238570987,-0.0038597924584166683
comforting,induction,raw,layer_11.head_08,layer_09.head_04,later_to_earlier,-0.006308494806578436,-0.01247109696491107,-0.0021958818325238344
comforting,induction,raw,layer_11.head_08,layer_09.head_11,later_to_earlier,0.008805843520458942,0.004671732068447872,0.013492713147983823
comforting,induction,raw,layer_11.head_08,layer_09.head_13,later_to_earlier,0.0030364846619098176,0.0010370197431055848,0.005499772758351766
comforting,induction,raw,layer_11.head_08,layer_10.head_02,later_to_earlier,0.0029179175677137674,0.000288742400405304,0.005858443328405349
comforting,induction,raw,layer_11.head_08,layer_10.head_12,later_to_earlier,-0.015783960991317347,-0.024946393420869042,-0.008154985281136246
comforting,induction,raw,layer_11.head_08,layer_11.head_08,identity,0.039225381908764824,0.026318603256495002,0.053460049059646804
comforting,induction,raw,layer_11.head_08,layer_11.head_09,within_layer,0.04111009244977485,0.02744291137638823,0.0563026558822942
comforting,induction,raw,layer_11.head_08,layer_11.head_14,within_layer,0.010500992803182882,0.0064068917274988195,0.015426579329456666
comforting,induction,raw,layer_11.head_08,layer_11.head_15,within_layer,-0.0006155473544488089,-0.002597237151935711,0.0007061149167012267
comforting,induction,raw,layer_11.head_08,layer_12.head_02,earlier_to_later,-0.004474181930762812,-0.006931427406973368,-0.0023695907376284067
comforting,induction,raw,layer_11.head_08,layer_12.head_03,earlier_to_later,0.0073717563390507555,0.003354036910355402,0.013680679089602688
comforting,induction,raw,layer_11.head_08,layer_12.head_12,earlier_to_later,-0.004471606312819734,-0.006919542133254365,-0.002452881748790354
comforting,induction,raw,layer_11.head_09,layer_09.head_04,later_to_earlier,-0.00410387140541556,-0.008063290497871588,-0.0015586369140885069
comforting,induction,raw,layer_11.head_09,layer_09.head_11,later_to_earlier,0.004986248556442817,0.0021655487592067957,0.008644236815586338
comforting,induction,raw,layer_11.head_09,layer_09.head_13,later_to_earlier,0.0014401631063591552,0.0003963603195201776,0.002727712029964222
comforting,induction,raw,layer_11.head_09,layer_10.head_02,later_to_earlier,0.0018399159004229442,0.0006481342741171601,0.003392848341221166
comforting,induction,raw,layer_11.head_09,layer_10.head_12,later_to_earlier,-0.010965456942485397,-0.018179821227971422,-0.005372659499115101
comforting,induction,raw,layer_11.head_09,layer_11.head_08,within_layer,0.018347921096460162,0.010212532854731839,0.028681057350868448
comforting,induction,raw,layer_11.head_09,layer_11.head_09,identity,0.021233001646561927,0.011632812355959915,0.03388665473354532
comforting,induction,raw,layer_11.head_09,layer_11.head_14,within_layer,0.006231247379908562,0.003109163806120234,0.01037691938149711
comforting,induction,raw,layer_11.head_09,layer_11.head_15,within_layer,-0.0014563388315065881,-0.003607706141984098,-0.0002194914247707605
comforting,induction,raw,layer_11.head_09,layer_12.head_02,earlier_to_later,-0.002157080027328343,-0.0033781509882113963,-0.0011101052319322274
comforting,induction,raw,layer_11.head_09,layer_12.head_03,earlier_to_later,0.005242526764103636,0.0023168604965933563,0.009755109625130895
comforting,induction,raw,layer_11.head_09,layer_12.head_12,earlier_to_later,-0.002781034029850381,-0.0044136882268957225,-0.0014412002532044478
comforting,induction,raw,layer_11.head_14,layer_09.head_04,later_to_earlier,-0.0018253911041537796,-0.0031906152596772276,-0.0007427439830781597
comforting,induction,raw,layer_11.head_14,layer_09.head_11,later_to_earlier,0.005911456967166122,0.002673567193048842,0.010124946107139609
comforting,induction,raw,layer_11.head_14,layer_09.head_13,later_to_earlier,0.002001896935095608,0.0008548348492326161,0.003689345804451591
comforting,induction,raw,layer_11.head_14,layer_10.head_02,later_to_earlier,0.0025442080711465505,0.0011847849580154828,0.00436874022727492
comforting,induction,raw,layer_11.head_14,layer_10.head_12,later_to_earlier,-0.00257717175849346,-0.004889179520319562,-0.0008514151555670528
comforting,induction,raw,layer_11.head_14,layer_11.head_08,within_layer,0.0052619283451666625,0.0025449175113762532,0.008982134479319599
comforting,induction,raw,layer_11.head_14,layer_11.head_09,within_layer,0.005412737109220661,0.002835354853164258,0.008674845854964744
comforting,induction,raw,layer_11.head_14,layer_11.head_14,identity,0.0021781789828391037,0.0009522331062253302,0.003590419613473315
comforting,induction,raw,layer_11.head_14,layer_11.head_15,within_layer,0.002833053067651575,0.0011072326865575958,0.0052124951433398965
comforting,induction,raw,layer_11.head_14,layer_12.head_02,earlier_to_later,-0.0012850475713183694,-0.002444448622749264,-0.0003940792551147803
comforting,induction,raw,layer_11.head_14,layer_12.head_03,earlier_to_later,0.002585941526473418,0.0008348203871079394,0.005379944970748652
comforting,induction,raw,layer_11.head_14,layer_12.head_12,earlier_to_later,-8.201865335131504e-05,-0.0007790624923839563,0.000516644717289647
comforting,induction,raw,layer_11.head_15,layer_09.head_04,later_to_earlier,-0.0008066286495537644,-0.0018232755772996045,0.00013101832894491606
comforting,induction,raw,layer_11.head_15,layer_09.head_11,later_to_earlier,0.0060796152625776775,0.002754745663302939,0.010496178818196101
comforting,induction,raw,layer_11.head_15,layer_09.head_13,later_to_earlier,0.0017816267107439272,0.0008324356930148234,0.0031762447957955045
comforting,induction,raw,layer_11.head_15,layer_10.head_02,later_to_earlier,0.0018247155322342835,0.0009167660381171063,0.0029904346264852544
comforting,induction,raw,layer_11.head_15,layer_10.head_12,later_to_earlier,-0.0032309480389367505,-0.00577500729869174,-0.001441730064833086
comforting,induction,raw,layer_11.head_15,layer_11.head_08,within_layer,0.004386083130136033,0.002107900967741316,0.007557421554200897
comforting,induction,raw,layer_11.head_15,layer_11.head_09,within_layer,0.005259673623885345,0.0028182629808399186,0.008248435082406046
comforting,induction,raw,layer_11.head_15,layer_11.head_14,within_layer,0.002544018066544192,0.0014196243031636816,0.0038604616672150015
comforting,induction,raw,layer_11.head_15,layer_11.head_15,identity,0.0014322040246825924,0.00031747177789815734,0.003058969144240884
comforting,induction,raw,layer_11.head_15,layer_12.head_02,earlier_to_later,-0.0010282204614729595,-0.0017067554693406808,-0.0004456616022887923
comforting,induction,raw,layer_11.head_15,layer_12.head_03,earlier_to_later,0.0022564228780902348,0.000988088426603233,0.0040737606643067295
comforting,induction,raw,layer_11.head_15,layer_12.head_12,earlier_to_later,-0.00010072777319685825,-0.0006562564896143265,0.00033319504275488286
comforting,induction,raw,layer_12.head_02,layer_09.head_04,later_to_earlier,-0.0003475099730642616,-0.0032461793007957495,0.0017282045519766225
comforting,induction,raw,layer_12.head_02,layer_09.head_11,later_to_earlier,1.666551478906772e-05,-0.0012035837945880612,0.0014265541190971467
comforting,induction,raw,layer_12.head_02,layer_09.head_13,later_to_earlier,-0.00026220212892990024,-0.0012705646187315747,0.00048815592201576776
comforting,induction,raw,layer_12.head_02,layer_10.head_02,later_to_earlier,0.00035498348742368644,-0.000926322972344595,0.0018630447855437625
comforting,induction,raw,layer_12.head_02,layer_10.head_12,later_to_earlier,0.00270839315920657,0.0011720667530124903,0.004623443664468669
comforting,induction,raw,layer_12.head_02,layer_11.head_08,later_to_earlier,0.0023071034390259276,0.0011552853564771657,0.003528486776345356
comforting,induction,raw,layer_12.head_02,layer_11.head_09,later_to_earlier,0.005874435625977739,0.0034841173722130517,0.008499239704351465
comforting,induction,raw,layer_12.head_02,layer_11.head_14,later_to_earlier,0.0010333252517896513,0.00017388992736031697,0.0018708236476563383
comforting,induction,raw,layer_12.head_02,layer_11.head_15,later_to_earlier,0.0008534457835748393,8.364734060902409e-05,0.0020807402561259553
comforting,induction,raw,layer_12.head_02,layer_12.head_02,identity,0.0037879697535347185,0.0016048104630442784,0.007291305116838216
comforting,induction,raw,layer_12.head_02,layer_12.head_03,within_layer,0.005022201649533496,0.0032226670637667326,0.007040806579004557
comforting,induction,raw,layer_12.head_02,layer_12.head_12,within_layer,-0.0007528700140598677,-0.0019044905420773374,7.912279719997981e-05
comforting,induction,raw,layer_12.head_03,layer_09.head_04,later_to_earlier,0.00029494203307847667,-0.0011941526797922526,0.0017578523295352884
comforting,induction,raw,layer_12.head_03,layer_09.head_11,later_to_earlier,-0.001350903166495742,-0.003009913533683669,6.8333300354705066e-06
comforting,induction,raw,layer_12.head_03,layer_09.head_13,later_to_earlier,-0.0015364278825628426,-0.0033394283244378093,-0.0003289942066211925
comforting,induction,raw,layer_12.head_03,layer_10.head_02,later_to_earlier,-0.0006024708154820637,-0.001758748421283064,0.0002511197938906107
comforting,induction,raw,layer_12.head_03,layer_10.head_12,later_to_earlier,0.0069189542600085405,0.0038080807178497065,0.01098543438171478
comforting,induction,raw,layer_12.head_03,layer_11.head_08,later_to_earlier,0.002632805106063958,0.0015656485363649462,0.0038480108408886523
comforting,induction,raw,layer_12.head_03,layer_11.head_09,later_to_earlier,0.00541302000496195,0.0030690880447604416,0.008396262884999795
comforting,induction,raw,layer_12.head_03,layer_11.head_14,later_to_earlier,0.0008656947469402018,0.00010860000493119106,0.0017092880966085243
comforting,induction,raw,layer_12.head_03,layer_11.head_15,later_to_earlier,0.0009282484843610374,0.0002963552457920115,0.001802192667136759
comforting,induction,raw,layer_12.head_03,layer_12.head_02,within_layer,0.001604707092001407,0.0003872810850276256,0.0037734882514467395
comforting,induction,raw,layer_12.head_03,layer_12.head_03,identity,0.003732171735308843,0.0020928957246053033,0.0060540558373684645
comforting,induction,raw,layer_12.head_03,layer_12.head_12,within_layer,-0.000947426282225731,-0.0016081151573069915,-0.000408241112206996
comforting,induction,raw,layer_12.head_12,layer_09.head_04,later_to_earlier,0.0017431064443591629,-0.00023643686168581997,0.004187976224106169
comforting,induction,raw,layer_12.head_12,layer_09.head_11,later_to_earlier,0.0002688691793104267,-0.0008722741911197049,0.0016321409384706654
comforting,induction,raw,layer_12.head_12,layer_09.head_13,later_to_earlier,0.0013066447611197582,0.00036928948951081694,0.0024058157730506495
comforting,induction,raw,layer_12.head_12,layer_10.head_02,later_to_earlier,0.0006758168143168485,-0.0002452770043655318,0.0016750203969749867
comforting,induction,raw,layer_12.head_12,layer_10.head_12,later_to_earlier,0.004120034463589503,0.0020913471171421527,0.0068072519013609905
comforting,induction,raw,layer_12.head_12,layer_11.head_08,later_to_earlier,-0.0024451861170464197,-0.0069996472724009355,3.753404329272372e-05
comforting,induction,raw,layer_12.head_12,layer_11.head_09,later_to_earlier,-0.00030708966065591466,-0.0017030645057150861,0.0009948922443052787
comforting,induction,raw,layer_12.head_12,layer_11.head_14,later_to_earlier,-0.001451069370534519,-0.006619833605898725,0.0015284404964767122
comforting,induction,raw,layer_12.head_12,layer_11.head_15,later_to_earlier,0.001232775194047364,0.00044452902148232426,0.002280950625276046
comforting,induction,raw,layer_12.head_12,layer_12.head_02,within_layer,0.0037074753593267663,0.001668680545364939,0.006997676424102694
comforting,induction,raw,layer_12.head_12,layer_12.head_03,within_layer,-0.0004233851442726596,-0.0014871381913772767,0.0002952275278448487
comforting,induction,raw,layer_12.head_12,layer_12.head_12,identity,0.018029258044358384,0.009351722524872414,0.03140608461986233
comforting,induction,rms,layer_09.head_04,layer_09.head_04,identity,0.09341863815242028,0.051730316555053724,0.14793089481073096
comforting,induction,rms,layer_09.head_04,layer_09.head_11,within_layer,0.01408575474565769,0.00777589884160744,0.021911046702482943
comforting,induction,rms,layer_09.head_04,layer_09.head_13,within_layer,-0.0008030101174599638,-0.0020749768987481884,3.1626419560982357e-05
comforting,induction,rms,layer_09.head_04,layer_10.head_02,earlier_to_later,-0.0008392587732654227,-0.0017197547670509108,-0.00015772140006030876
comforting,induction,rms,layer_09.head_04,layer_10.head_12,earlier_to_later,0.008609670102010787,0.003927630579596507,0.013990308565750606
comforting,induction,rms,layer_09.head_04,layer_11.head_08,earlier_to_later,0.003949017654493579,0.0020698917786431494,0.006304995721386001
comforting,induction,rms,layer_09.head_04,layer_11.head_09,earlier_to_later,0.004956540281282978,0.002557650171163103,0.008031843025398428
comforting,induction,rms,layer_09.head_04,layer_11.head_14,earlier_to_later,0.0008307887903247413,0.0003460626471036162,0.0014066555805531153
comforting,induction,rms,layer_09.head_04,layer_11.head_15,earlier_to_later,0.0008675947929637843,0.00041883795479779066,0.0014371063355123107
comforting,induction,rms,layer_09.head_04,layer_12.head_02,earlier_to_later,-0.0014133513458041563,-0.002360222282449843,-0.0006956724258237003
comforting,induction,rms,layer_09.head_04,layer_12.head_03,earlier_to_later,-0.0024306824323997393,-0.004386400579320864,-0.0010850018253496265
comforting,induction,rms,layer_09.head_04,layer_12.head_12,earlier_to_later,0.006289236784548302,0.003399257081424907,0.010044721743066755
comforting,induction,rms,layer_09.head_11,layer_09.head_04,within_layer,0.009281104143499905,0.0037745912385829875,0.01719700569923291
comforting,induction,rms,layer_09.head_11,layer_09.head_11,identity,0.009198979932036168,0.0053805417676053655,0.01365877570103365
comforting,induction,rms,layer_09.head_11,layer_09.head_13,within_layer,-0.0016375525542624049,-0.0032391087336955757,-0.00047305845660430883
comforting,induction,rms,layer_09.head_11,layer_10.head_02,earlier_to_later,0.001984792298558868,0.0009368616945922111,0.0032441764553764988
comforting,induction,rms,layer_09.head_11,layer_10.head_12,earlier_to_later,-0.0029681716738752784,-0.010944217224601998,0.002769903193655307
comforting,induction,rms,layer_09.head_11,layer_11.head_08,earlier_to_later,0.006152484138744319,0.0034784102518154165,0.00963461924928967
comforting,induction,rms,layer_09.head_11,layer_11.head_09,earlier_to_later,-0.0015902034073547267,-0.0034463990830952535,-0.00034663145184601576
comforting,induction,rms,layer_09.head_11,layer_11.head_14,earlier_to_later,-0.0008095842767015596,-0.0015332046733079613,-0.00023197194080382263
comforting,induction,rms,layer_09.head_11,layer_11.head_15,earlier_to_later,0.00033617725411471566,-0.00012121572754119566,0.0009163785001350017
comforting,induction,rms,layer_09.head_11,layer_12.head_02,earlier_to_later,-0.0066887024605463054,-0.01152724545790386,-0.003291700010716509
comforting,induction,rms,layer_09.head_11,layer_12.head_03,earlier_to_later,-0.00028810186739357935,-0.0007719037839857777,0.00012335999554386815
comforting,induction,rms,layer_09.head_11,layer_12.head_12,earlier_to_later,0.0007431713346906029,-0.00018640544749759955,0.0017464412102941593
comforting,induction,rms,layer_09.head_13,layer_09.head_04,within_layer,0.007384017969389608,0.0031669569689307727,0.012726298750138228
comforting,induction,rms,layer_09.head_13,layer_09.head_11,within_layer,0.004213795401366557,0.001332081426890386,0.008129624324267965
comforting,induction,rms,layer_09.head_13,layer_09.head_13,identity,0.002172740628887161,0.0007612972707108719,0.004285739266779734
comforting,induction,rms,layer_09.head_13,layer_10.head_02,earlier_to_later,-0.000439299085301288,-0.0009807970300597852,9.498611276395471e-05
comforting,induction,rms,layer_09.head_13,layer_10.head_12,earlier_to_later,0.009168156963209162,0.0036913187933905107,0.017154475285371038
comforting,induction,rms,layer_09.head_13,layer_11.head_08,earlier_to_later,-0.0015702529241071095,-0.004357435833047457,0.0004858295857099016
comforting,induction,rms,layer_09.head_13,layer_11.head_09,earlier_to_later,-0.001263729054933773,-0.0068489942203546995,0.002743266777789831
comforting,induction,rms,layer_09.head_13,layer_11.head_14,earlier_to_later,-0.0006245789065475714,-0.0027633256927799108,0.0007475899814103734
comforting,induction,rms,layer_09.head_13,layer_11.head_15,earlier_to_later,0.0011853500452987426,0.0004674992946746548,0.002196430123010244
comforting,induction,rms,layer_09.head_13,layer_12.head_02,earlier_to_later,0.0012021253405247285,0.00040883709984478197,0.0022376356237959368
comforting,induction,rms,layer_09.head_13,layer_12.head_03,earlier_to_later,0.0013891954273576763,0.0006302830316351338,0.0022548716798159152
comforting,induction,rms,layer_09.head_13,layer_12.head_12,earlier_to_later,0.0005642841127325506,5.352013050131132e-05,0.0012427997855897824
comforting,induction,rms,layer_10.head_02,layer_09.head_04,later_to_earlier,-0.006062649962749333,-0.013442720135734075,-0.0015473212555729694
comforting,induction,rms,layer_10.head_02,layer_09.head_11,later_to_earlier,0.003232894530529798,-0.0003862309092341196,0.008830385317590792
comforting,induction,rms,layer_10.head_02,layer_09.head_13,later_to_earlier,0.0010484622851108594,-0.0002373427873886794,0.002485006033383843
comforting,induction,rms,layer_10.head_02,layer_10.head_02,identity,0.008245764842925255,0.004787543773042319,0.01227774489457519
comforting,induction,rms,layer_10.head_02,layer_10.head_12,within_layer,-0.006992486041121186,-0.016316711956961938,-0.0016477967773531384
comforting,induction,rms,layer_10.head_02,layer_11.head_08,earlier_to_later,-0.0018184158240849829,-0.0036664683776620457,-1.013339991166493e-05
comforting,induction,rms,layer_10.head_02,layer_11.head_09,earlier_to_later,0.0005350951834858252,-0.00175508990593299,0.0037940693450959715
comforting,induction,rms,layer_10.head_02,layer_11.head_14,earlier_to_later,0.0033756302101458193,0.0017115299324552435,0.005610827088939177
comforting,induction,rms,layer_10.head_02,layer_11.head_15,earlier_to_later,-0.0007392361282595384,-0.0017030588322587109,-0.00012771778582687456
comforting,induction,rms,layer_10.head_02,layer_12.head_02,earlier_to_later,0.0011412140873331676,0.0005252861372257406,0.001949283174263938
comforting,induction,rms,layer_10.head_02,layer_12.head_03,earlier_to_later,-0.0017051857480529513,-0.0031093318813785855,-0.0007348266420130253
comforting,induction,rms,layer_10.head_02,layer_12.head_12,earlier_to_later,0.0030535766314730675,0.0012093556098354522,0.00572400758737491
comforting,induction,rms,layer_10.head_12,layer_09.head_04,later_to_earlier,-0.0007653596499215506,-0.003113040828798723,0.0009200520894996158
comforting,induction,rms,layer_10.head_12,layer_09.head_11,later_to_earlier,0.007204716959630865,0.003413694421498346,0.01233459373418484
comforting,induction,rms,layer_10.head_12,layer_09.head_13,later_to_earlier,0.0005317299908618356,0.00016608705142223456,0.0009885592007450748
comforting,induction,rms,layer_10.head_12,layer_10.head_02,within_layer,-0.0027087478344643054,-0.004531021591989068,-0.0012482983443802796
comforting,induction,rms,layer_10.head_12,layer_10.head_12,identity,0.6038750674546819,0.5463178988355278,0.6619130909642454
comforting,induction,rms,layer_10.head_12,layer_11.head_08,earlier_to_later,0.004566878842766661,0.0023581088223594165,0.007406114484181233
comforting,induction,rms,layer_10.head_12,layer_11.head_09,earlier_to_later,0.002464055685222843,0.00090110818663666,0.0051129952794535
comforting,induction,rms,layer_10.head_12,layer_11.head_14,earlier_to_later,-0.0018274009306142802,-0.0028758931619171993,-0.000962482268324959
comforting,induction,rms,layer_10.head_12,layer_11.head_15,earlier_to_later,0.0006551823145007416,0.00010346907788391924,0.0013130487114181354
comforting,induction,rms,layer_10.head_12,layer_12.head_02,earlier_to_later,0.002232735637662905,0.001221982800477099,0.003603047580616797
comforting,induction,rms,layer_10.head_12,layer_12.head_03,earlier_to_later,-0.004193418463344758,-0.006463503045578997,-0.002303051231253118
comforting,induction,rms,layer_10.head_12,layer_12.head_12,earlier_to_later,-0.004393641090985395,-0.007212575968071229,-0.00220944383234151
comforting,induction,rms,layer_11.head_08,layer_09.head_04,later_to_earlier,-0.0072305998087965565,-0.015099625852260264,-0.0021609087721597905
comforting,induction,rms,layer_11.head_08,layer_09.head_11,later_to_earlier,0.007264234845738465,0.003848240759366957,0.011097626714644331
comforting,induction,rms,layer_11.head_08,layer_09.head_13,later_to_earlier,0.0008917253774632832,7.465093087149376e-05,0.0019022551226678004
comforting,induction,rms,layer_11.head_08,layer_10.head_02,later_to_earlier,0.00047792068747397673,-0.0006589715065405444,0.0015907531885570518
comforting,induction,rms,layer_11.head_08,layer_10.head_12,later_to_earlier,-0.019465029933240813,-0.03182629152436807,-0.009615863611843706
comforting,induction,rms,layer_11.head_08,layer_11.head_08,identity,0.039225381908764824,0.026318603256495002,0.053460049059646804
comforting,induction,rms,layer_11.head_08,layer_11.head_09,within_layer,0.023626396731329984,0.013762363080891193,0.03543550508171747
comforting,induction,rms,layer_11.head_08,layer_11.head_14,within_layer,0.004110846685484356,0.002401058156795609,0.0062189365822333574
comforting,induction,rms,layer_11.head_08,layer_11.head_15,within_layer,-0.0009213956517026495,-0.0018083635372022266,-0.0003402087978703649
comforting,induction,rms,layer_11.head_08,layer_12.head_02,earlier_to_later,-0.0020801323856977456,-0.0032876907624450964,-0.0010764737854370703
comforting,induction,rms,layer_11.head_08,layer_12.head_03,earlier_to_later,0.003992511819135632,0.0017285107696515761,0.007657133017663568
comforting,induction,rms,layer_11.head_08,layer_12.head_12,earlier_to_later,-0.0035157902718187615,-0.005578153647731677,-0.0018619788060659104
comforting,induction,rms,layer_11.head_09,layer_09.head_04,later_to_earlier,-0.006436156787740702,-0.013139689393774827,-0.002097649489284312
comforting,induction,rms,layer_11.head_09,layer_09.head_11,later_to_earlier,0.006646593218339218,0.0032685692680444987,0.010896599308890273
comforting,induction,rms,layer_11.head_09,layer_09.head_13,later_to_earlier,0.0007422762018972705,7.468401732944584e-05,0.0015400729942408977
comforting,induction,rms,layer_11.head_09,layer_10.head_02,later_to_earlier,0.0008662183151778112,0.00011655973508099143,0.0018514418962310693
comforting,induction,rms,layer_11.head_09,layer_10.head_12,later_to_earlier,-0.019128844234477103,-0.03239148557019878,-0.008885265243958324
comforting,induction,rms,layer_11.head_09,layer_11.head_08,within_layer,0.030734506906472916,0.019889208799830353,0.043345075440502964
comforting,induction,rms,layer_11.head_09,layer_11.head_09,identity,0.021233001646561927,0.011632812355959915,0.03388665473354532
comforting,induction,rms,layer_11.head_09,layer_11.head_14,within_layer,0.004042457695608874,0.0022359174040425763,0.0064116266612601475
comforting,induction,rms,layer_11.head_09,layer_11.head_15,within_layer,-0.0010338065967822924,-0.0023042611747221844,-0.0002561911973464197
comforting,induction,rms,layer_11.head_09,layer_12.head_02,earlier_to_later,-0.0015336918162888837,-0.0023425883295688484,-0.0008043284947117399
comforting,induction,rms,layer_11.head_09,layer_12.head_03,earlier_to_later,0.0041681774075025884,0.0018680890753458939,0.007677817725776759
comforting,induction,rms,layer_11.head_09,layer_12.head_12,earlier_to_later,-0.0033021322076291475,-0.005153215684483468,-0.0017519230442287347
comforting,induction,rms,layer_11.head_14,layer_09.head_04,later_to_earlier,-0.002520871283652459,-0.00536805413994535,-0.0001641103050909789
comforting,induction,rms,layer_11.head_14,layer_09.head_11,later_to_earlier,0.011673848990295445,0.005463878056326908,0.019629029547922554
comforting,induction,rms,layer_11.head_14,layer_09.head_13,later_to_earlier,0.0018818266933786792,0.0008168191994493885,0.0034399096229290513
comforting,induction,rms,layer_11.head_14,layer_10.head_02,later_to_earlier,0.002228065746769389,0.0009198736068342358,0.004010240201409211
comforting,induction,rms,layer_11.head_14,layer_10.head_12,later_to_earlier,-0.002576652412580347,-0.008183992866723023,0.0015967959359447733
comforting,induction,rms,layer_11.head_14,layer_11.head_08,within_layer,0.012131139400277812,0.006298724161852845,0.019987817776142676
comforting,induction,rms,layer_11.head_14,layer_11.head_09,within_layer,0.008282646847405241,0.004007050219254689,0.013923770130835464
comforting,induction,rms,layer_11.head_14,layer_11.head_14,identity,0.0021781789828391037,0.0009522331062253302,0.003590419613473315
comforting,induction,rms,layer_11.head_14,layer_11.head_15,within_layer,0.002176456274444389,0.0007745084462027265,0.004136123733632377
comforting,induction,rms,layer_11.head_14,layer_12.head_02,earlier_to_later,-0.0012064743347564842,-0.002211784824332685,-0.00039826272575055056
comforting,induction,rms,layer_11.head_14,layer_12.head_03,earlier_to_later,0.0029641773549012583,0.0009343360064933814,0.006297184544647251
comforting,induction,rms,layer_11.head_14,layer_12.head_12,earlier_to_later,-0.0003254821061641941,-0.0014893710179885355,0.0005845338547396235
comforting,induction,rms,layer_11.head_15,layer_09.head_04,later_to_earlier,-0.00022612658842881218,-0.0033258089575271747,0.0030300322749723897
comforting,induction,rms,layer_11.head_15,layer_09.head_11,later_to_earlier,0.014760114858023126,0.007111354038727118,0.024731694836930797
comforting,induction,rms,layer_11.head_15,layer_09.head_13,later_to_earlier,0.0021676189492724814,0.0010458351070944329,0.0037375180599767744
comforting,induction,rms,layer_11.head_15,layer_10.head_02,later_to_earlier,0.0019279513661822707,0.0010071145430046336,0.0031448924029904915
comforting,induction,rms,layer_11.head_15,layer_10.head_12,later_to_earlier,-0.005854692036630468,-0.01306941000932796,-0.0009435431984879198
comforting,induction,rms,layer_11.head_15,layer_11.head_08,within_layer,0.012852502428942182,0.006794774161161733,0.020881882829584874
comforting,induction,rms,layer_11.head_15,layer_11.head_09,within_layer,0.010076568967083997,0.005079621481065015,0.016679832652844662
comforting,induction,rms,layer_11.head_15,layer_11.head_14,within_layer,0.0034759779741379607,0.0018897409860945394,0.0054061980501221955
comforting,induction,rms,layer_11.head_15,layer_11.head_15,identity,0.0014322040246825924,0.00031747177789815734,0.003058969144240884
comforting,induction,rms,layer_11.head_15,layer_12.head_02,earlier_to_later,-0.0011700567859711513,-0.0019410622453918547,-0.0004985084122240168
comforting,induction,rms,layer_11.head_15,layer_12.head_03,earlier_to_later,0.0030356739756064225,0.0013403732391424298,0.005498359986714338
comforting,induction,rms,layer_11.head_15,layer_12.head_12,earlier_to_later,-0.00024717909837010724,-0.0013733471224598788,0.0006504286156090954
comforting,induction,rms,layer_12.head_02,layer_09.head_04,later_to_earlier,0.001418430802173867,-0.0051093597421617955,0.006565493165882543
comforting,induction,rms,layer_12.head_02,layer_09.head_11,later_to_earlier,0.0008277107157665375,-0.0017771392697237811,0.004069532675926673
comforting,induction,rms,layer_12.head_02,layer_09.head_13,later_to_earlier,-0.0002534830288439046,-0.0011797226732811112,0.0004889334274152803
comforting,induction,rms,layer_12.head_02,layer_10.head_02,later_to_earlier,0.0004178243429103079,-0.0007544769861060997,0.0018332249911979677
comforting,induction,rms,layer_12.head_02,layer_10.head_12,later_to_earlier,0.01121461208872003,0.006313319370929045,0.01721077224264859
comforting,induction,rms,layer_12.head_02,layer_11.head_08,later_to_earlier,0.005695700407701574,0.0031220540825600373,0.008376033767321281
comforting,induction,rms,layer_12.head_02,layer_11.head_09,later_to_earlier,0.008542539364835365,0.005129221863752235,0.012299032209809282
comforting,induction,rms,layer_12.head_02,layer_11.head_14,later_to_earlier,0.0010655415877006183,0.00018489502220650966,0.0019120312280330746
comforting,induction,rms,layer_12.head_02,layer_11.head_15,later_to_earlier,0.000618304532345252,1.5026681510579237e-05,0.001555697896275591
comforting,induction,rms,layer_12.head_02,layer_12.head_02,identity,0.0037879697535347185,0.0016048104630442784,0.007291305116838216
comforting,induction,rms,layer_12.head_02,layer_12.head_03,within_layer,0.005828070280677828,0.003646603736071519,0.008378781544530202
comforting,induction,rms,layer_12.head_02,layer_12.head_12,within_layer,-0.0012100675329033037,-0.002984397305918537,0.00013006079175872695
comforting,induction,rms,layer_12.head_03,layer_09.head_04,later_to_earlier,0.0023453830329143717,-0.0005819923927833104,0.005442356810486101
comforting,induction,rms,layer_12.head_03,layer_09.head_11,later_to_earlier,-0.0018674032328974389,-0.0043427968097135075,0.00021475571689414936
comforting,induction,rms,layer_12.head_03,layer_09.head_13,later_to_earlier,-0.001373509491851878,-0.0028226636940168527,-0.0003916211204276777
comforting,induction,rms,layer_12.head_03,layer_10.head_02,later_to_earlier,-0.0002414536263523784,-0.0011076194097707917,0.000638105286258436
comforting,induction,rms,layer_12.head_03,layer_10.head_12,later_to_earlier,0.02130317245737508,0.013216398492483824,0.03140302559737294
comforting,induction,rms,layer_12.head_03,layer_11.head_08,later_to_earlier,0.005820005640888843,0.003753621025352673,0.008096156378403876
comforting,induction,rms,layer_12.head_03,layer_11.head_09,later_to_earlier,0.007214601421277991,0.004046734363770681,0.011316406418208812
comforting,induction,rms,layer_12.head_03,layer_11.head_14,later_to_earlier,0.0006445631683911633,1.11653436504464e-05,0.0013333445924830652
comforting,induction,rms,layer_12.head_03,layer_11.head_15,later_to_earlier,0.000601647462205178,0.0001287100625528289,0.001257996828902743
comforting,induction,rms,layer_12.head_03,layer_12.head_02,within_layer,0.0014321660237621209,0.0003240326978215618,0.003469114723110295
comforting,induction,rms,layer_12.head_03,layer_12.head_03,identity,0.003732171735308843,0.0020928957246053033,0.0060540558373684645
comforting,induction,rms,layer_12.head_03,layer_12.head_12,within_layer,-0.0013106939703122376,-0.002318766763611484,-0.0004926403534674102
comforting,induction,rms,layer_12.head_12,layer_09.head_04,later_to_earlier,0.003690125827969209,0.0004539152483761762,0.007716517426963357
comforting,induction,rms,layer_12.head_12,layer_09.head_11,later_to_earlier,0.00039327574828562086,-0.0008143240314120079,0.001855073975719958
comforting,induction,rms,layer_12.head_12,layer_09.head_13,later_to_earlier,0.0006442760503253776,0.00013465421336974874,0.0012324394775082269
comforting,induction,rms,layer_12.head_12,layer_10.head_02,later_to_earlier,-7.642407339298853e-07,-0.0004587188663172242,0.00046892121288067063
comforting,induction,rms,layer_12.head_12,layer_10.head_12,later_to_earlier,0.008210225537635268,0.004626520781230661,0.012826508791173958
comforting,induction,rms,layer_12.head_12,layer_11.head_08,later_to_earlier,-0.0022517994327661836,-0.007508935972074963,0.0006709770724084193
comforting,induction,rms,layer_12.head_12,layer_11.head_09,later_to_earlier,-0.0002513043094035299,-0.0014672160707324545,0.0009580851966278055
comforting,induction,rms,layer_12.head_12,layer_11.head_14,later_to_earlier,-0.0011372915478755938,-0.004106096350774928,0.0004754832221326044
comforting,induction,rms,layer_12.head_12,layer_11.head_15,later_to_earlier,0.0003151289664979175,4.1013495806392655e-05,0.0007358219027161655
comforting,induction,rms,layer_12.head_12,layer_12.head_02,within_layer,0.002130935394043847,0.0009656451379556795,0.004040804677489665
comforting,induction,rms,layer_12.head_12,layer_12.head_03,within_layer,-0.0003341969839256929,-0.0010896753576215875,0.0001496075210830033
comforting,induction,rms,layer_12.head_12,layer_12.head_12,identity,0.018029258044358384,0.009351722524872414,0.03140608461986233
comforting,induction,aligned,layer_09.head_04,layer_09.head_04,identity,0.09340757143991403,0.05170951459653142,0.14791867475106127
comforting,induction,aligned,layer_09.head_04,layer_09.head_11,within_layer,0.024210812887263514,0.01246360682125926,0.03928452667067471
comforting,induction,aligned,layer_09.head_04,layer_09.head_13,within_layer,0.004485463981818396,0.0017786468141659667,0.00863544981774557
comforting,induction,aligned,layer_09.head_04,layer_10.head_02,earlier_to_later,0.01280196964936388,0.007271183257284756,0.019210804122781252
comforting,induction,aligned,layer_09.head_04,layer_10.head_12,earlier_to_later,0.04600957223780739,0.025854701113100967,0.07294108620878022
comforting,induction,aligned,layer_09.head_04,layer_11.head_08,earlier_to_later,0.002767193250149706,0.00158340779663682,0.004201100716130698
comforting,induction,aligned,layer_09.head_04,layer_11.head_09,earlier_to_later,0.013019609365554023,0.007678150498510729,0.01937477075481644
comforting,induction,aligned,layer_09.head_04,layer_11.head_14,earlier_to_later,0.005803141676848424,0.003287734394059713,0.008877098520936173
comforting,induction,aligned,layer_09.head_04,layer_11.head_15,earlier_to_later,0.008902522084463321,0.0051641672675474285,0.013433453541225682
comforting,induction,aligned,layer_09.head_04,layer_12.head_02,earlier_to_later,0.0016309868396698027,0.000665990168850403,0.002986285598621271
comforting,induction,aligned,layer_09.head_04,layer_12.head_03,earlier_to_later,0.0008520270825438977,0.0004698204889489885,0.0013009433915578531
comforting,induction,aligned,layer_09.head_04,layer_12.head_12,earlier_to_later,0.011995995460107127,0.006352800904091198,0.019597479275432123
comforting,induction,aligned,layer_09.head_11,layer_09.head_04,within_layer,0.007522147092979566,0.004051767598438834,0.011821048926499463
comforting,induction,aligned,layer_09.head_11,layer_09.head_11,identity,0.009198979932036168,0.0053805417676053655,0.01365877570103365
comforting,induction,aligned,layer_09.head_11,layer_09.head_13,within_layer,-0.0004302295322820538,-0.001980027383353142,0.0007950722059710469
comforting,induction,aligned,layer_09.head_11,layer_10.head_02,earlier_to_later,0.008484186840288895,0.005098107014949381,0.012330614012330642
comforting,induction,aligned,layer_09.head_11,layer_10.head_12,earlier_to_later,0.007005765251663781,0.003695940797431134,0.011161357981580742
comforting,induction,aligned,layer_09.head_11,layer_11.head_08,earlier_to_later,-2.0655611438591156e-05,-0.0005709542297375088,0.00046843076215199666
comforting,induction,aligned,layer_09.head_11,layer_11.head_09,earlier_to_later,0.0023499304763974793,0.0011547350524236685,0.0037664549207024425
comforting,induction,aligned,layer_09.head_11,layer_11.head_14,earlier_to_later,0.0025074231801299916,0.0013187347295044586,0.004020233525011786
comforting,induction,aligned,layer_09.head_11,layer_11.head_15,earlier_to_later,0.000302909559404033,-0.00017958987700411803,0.0007905788013876421
comforting,induction,aligned,layer_09.head_11,layer_12.head_02,earlier_to_later,0.0017730722813133087,0.0008549744853830391,0.0030137121795354043
comforting,induction,aligned,layer_09.head_11,layer_12.head_03,earlier_to_later,0.0014352736545918026,0.0008179637593564563,0.00218353121904267
comforting,induction,aligned,layer_09.head_11,layer_12.head_12,earlier_to_later,0.00409137754722938,0.0022172667427803575,0.006407074486755921
comforting,induction,aligned,layer_09.head_13,layer_09.head_04,within_layer,0.00015723514193820442,-0.00010205866407893899,0.00042714844792357895
comforting,induction,aligned,layer_09.head_13,layer_09.head_11,within_layer,0.0012472239884755854,0.0005250901492176095,0.0021782748987366506
comforting,induction,aligned,layer_09.head_13,layer_09.head_13,identity,0.002172740628887161,0.0007612972707108719,0.004285739266779734
comforting,induction,aligned,layer_09.head_13,layer_10.head_02,earlier_to_later,0.002079410368208784,0.0010867595670689578,0.0033073937310815612
comforting,induction,aligned,layer_09.head_13,layer_10.head_12,earlier_to_later,0.000932234358686064,0.0005437192573167778,0.0013983083375926366
comforting,induction,aligned,layer_09.head_13,layer_11.head_08,earlier_to_later,-0.000492909939437795,-0.0010473475679078055,-7.621420593183539e-05
comforting,induction,aligned,layer_09.head_13,layer_11.head_09,earlier_to_later,0.0011017184639896308,0.0003888690139196661,0.0018498063224200766
comforting,induction,aligned,layer_09.head_13,layer_11.head_14,earlier_to_later,-0.00039150659432144066,-0.0006896245697342887,-0.00016783783347025597
comforting,induction,aligned,layer_09.head_13,layer_11.head_15,earlier_to_later,9.661100681242931e-05,-0.0002001885417668445,0.0003487306870144058
comforting,induction,aligned,layer_09.head_13,layer_12.head_02,earlier_to_later,0.0005618056082528995,-3.290989835011271e-05,0.001116337238310418
comforting,induction,aligned,layer_09.head_13,layer_12.head_03,earlier_to_later,-0.00017203438929966434,-0.0004820871378583529,8.9889859198338e-06
comforting,induction,aligned,layer_09.head_13,layer_12.head_12,earlier_to_later,0.00010458275546248248,-0.0002685231357571766,0.00044085350127971343
comforting,induction,aligned,layer_10.head_02,layer_09.head_04,later_to_earlier,0.002269355858024087,0.001213964087111677,0.003519953975175231
comforting,induction,aligned,layer_10.head_02,layer_09.head_11,later_to_earlier,0.0035090936651667568,0.0018120321240478255,0.005669391418495638
comforting,induction,aligned,layer_10.head_02,layer_09.head_13,later_to_earlier,0.0010896595052266266,0.0005104558080666493,0.0017615784094556126
comforting,induction,aligned,layer_10.head_02,layer_10.head_02,identity,0.008243822573656703,0.004784067068768138,0.012275704007530905
comforting,induction,aligned,layer_10.head_02,layer_10.head_12,within_layer,-0.00017178527215435017,-0.0005732717832814453,0.0001241005045288358
comforting,induction,aligned,layer_10.head_02,layer_11.head_08,earlier_to_later,0.0008376458453076259,0.00019415904827345471,0.0015421612249935093
comforting,induction,aligned,layer_10.head_02,layer_11.head_09,earlier_to_later,0.00452114262381678,0.002615703707369352,0.006803891727712995
comforting,induction,aligned,layer_10.head_02,layer_11.head_14,earlier_to_later,0.001338134857217267,0.0005818710151167855,0.0024571502885943736
comforting,induction,aligned,layer_10.head_02,layer_11.head_15,earlier_to_later,0.0011530914861428072,0.0005877606214000013,0.0018693765301320958
comforting,induction,aligned,layer_10.head_02,layer_12.head_02,earlier_to_later,0.0012329694209742192,0.0006589023209234269,0.0018981407739576757
comforting,induction,aligned,layer_10.head_02,layer_12.head_03,earlier_to_later,0.0016366827554160537,0.0008536128007299023,0.0026325857029404296
comforting,induction,aligned,layer_10.head_02,layer_12.head_12,earlier_to_later,0.00046024603713016183,0.00022804363200274944,0.0007131519934122625
comforting,induction,aligned,layer_10.head_12,layer_09.head_04,later_to_earlier,0.032053278183547626,0.017565157553515776,0.05224710339035019
comforting,induction,aligned,layer_10.head_12,layer_09.head_11,later_to_earlier,0.010569073563370094,0.005892380777168765,0.01661749955167099
comforting,induction,aligned,layer_10.head_12,layer_09.head_13,later_to_earlier,0.009037429574462182,0.005245050145751459,0.013706315178723024
comforting,induction,aligned,layer_10.head_12,layer_10.head_02,within_layer,0.0035547032143817326,0.0016636443923065335,0.006038997928226184
comforting,induction,aligned,layer_10.head_12,layer_10.head_12,identity,0.603883168775915,0.5463097446946834,0.6619281237897744
comforting,induction,aligned,layer_10.head_12,layer_11.head_08,earlier_to_later,0.01810587212235373,0.010620116139076997,0.027778996979574887
comforting,induction,aligned,layer_10.head_12,layer_11.head_09,earlier_to_later,0.013724779779772973,0.008409171602187874,0.020193304446457214
comforting,induction,aligned,layer_10.head_12,layer_11.head_14,earlier_to_later,0.011058246745628176,0.005968850769844863,0.018368383308054743
comforting,induction,aligned,layer_10.head_12,layer_11.head_15,earlier_to_later,0.0127634704946016,0.007622318457389587,0.019280208041601188
comforting,induction,aligned,layer_10.head_12,layer_12.head_02,earlier_to_later,0.009757770800598316,0.004906089577893944,0.01681899559986295
comforting,induction,aligned,layer_10.head_12,layer_12.head_03,earlier_to_later,0.0062105579898739955,0.0029328527478022443,0.011457658484810741
comforting,induction,aligned,layer_10.head_12,layer_12.head_12,earlier_to_later,0.019996869704539566,0.010670716767219004,0.03333795342376128
comforting,induction,aligned,layer_11.head_08,layer_09.head_04,later_to_earlier,0.004652651142595676,0.0025595189103651606,0.007390593999529272
comforting,induction,aligned,layer_11.head_08,layer_09.head_11,later_to_earlier,0.0034531563102324857,0.0014400714643138053,0.0065624825287644885
comforting,induction,aligned,layer_11.head_08,layer_09.head_13,later_to_earlier,0.00042150198754706443,-6.149321060140019e-05,0.0010209723264748686
comforting,induction,aligned,layer_11.head_08,layer_10.head_02,later_to_earlier,0.006821139890714509,0.003972995081897247,0.01017950117274115
comforting,induction,aligned,layer_11.head_08,layer_10.head_12,later_to_earlier,0.010535653864977524,0.005812207454221237,0.016889371267475275
comforting,induction,aligned,layer_11.head_08,layer_11.head_08,identity,0.03922927066962642,0.026326948862650218,0.053460049059646804
comforting,induction,aligned,layer_11.head_08,layer_11.head_09,within_layer,0.015379508750088566,0.009364060107151736,0.022205014516790907
comforting,induction,aligned,layer_11.head_08,layer_11.head_14,within_layer,0.006071039721524575,0.003103380304010571,0.010116930912446287
comforting,induction,aligned,layer_11.head_08,layer_11.head_15,within_layer,0.004797844215068864,0.0023296046023356487,0.008064780913117109
comforting,induction,aligned,layer_11.head_08,layer_12.head_02,earlier_to_later,0.00948494530323434,0.005778290011267508,0.013746739630803275
comforting,induction,aligned,layer_11.head_08,layer_12.head_03,earlier_to_later,0.0048588568040483495,0.0028322736436268963,0.007211667555714487
comforting,induction,aligned,layer_11.head_08,layer_12.head_12,earlier_to_later,0.010751351311899117,0.006210662707949499,0.016296989525301297
comforting,induction,aligned,layer_11.head_09,layer_09.head_04,later_to_earlier,0.007195600961042165,0.003513626647609329,0.011950554873995337
comforting,induction,aligned,layer_11.head_09,layer_09.head_11,later_to_earlier,0.005710056310990864,0.002822999675906498,0.009377966810657537
comforting,induction,aligned,layer_11.head_09,layer_09.head_13,later_to_earlier,0.001713258832490929,0.0008047705204576327,0.0027995251708106267
comforting,induction,aligned,layer_11.head_09,layer_10.head_02,later_to_earlier,0.008001832712093225,0.00408750937422,0.01323981003655
comforting,induction,aligned,layer_11.head_09,layer_10.head_12,later_to_earlier,0.008507244954366194,0.004351616358735424,0.013808753390836034
comforting,induction,aligned,layer_11.head_09,layer_11.head_08,within_layer,0.0043742268429488775,0.002324806387684705,0.006851528924017597
comforting,induction,aligned,layer_11.head_09,layer_11.head_09,identity,0.021240905838020033,0.011633666605004065,0.0338948260045977
comforting,induction,aligned,layer_11.head_09,layer_11.head_14,within_layer,0.0015139735608885932,0.0006776306914658937,0.002565922564067301
comforting,induction,aligned,layer_11.head_09,layer_11.head_15,within_layer,0.0010752656010168643,0.00046895675214479797,0.0017833606474940715
comforting,induction,aligned,layer_11.head_09,layer_12.head_02,earlier_to_later,0.0007521099956504346,0.0002427704811153048,0.001519497584842448
comforting,induction,aligned,layer_11.head_09,layer_12.head_03,earlier_to_later,0.004192683778882307,0.002177433011541503,0.006767944511289827
comforting,induction,aligned,layer_11.head_09,layer_12.head_12,earlier_to_later,0.004967248096206991,0.0026288655629975767,0.007914269801466272
comforting,induction,aligned,layer_11.head_14,layer_09.head_04,later_to_earlier,-0.0002744384253217721,-0.0005643702735134667,-5.700577669370855e-05
comforting,induction,aligned,layer_11.head_14,layer_09.head_11,later_to_earlier,-0.0006783713206374429,-0.0014100983210779529,-6.946881628764697e-05
comforting,induction,aligned,layer_11.head_14,layer_09.head_13,later_to_earlier,-0.00023145093961934028,-0.0006651187641627274,0.00010671207957926992
comforting,induction,aligned,layer_11.head_14,layer_10.head_02,later_to_earlier,0.0004563192753480911,-7.407117393341238e-05,0.0012722637692388304
comforting,induction,aligned,layer_11.head_14,layer_10.head_12,later_to_earlier,0.0008207143240752567,0.0002985785931581535,0.0015787198592755948
comforting,induction,aligned,layer_11.head_14,layer_11.head_08,within_layer,0.0008214574531867023,0.00026934684288265024,0.0015375993714985613
comforting,induction,aligned,layer_11.head_14,layer_11.head_09,within_layer,0.0013469426261176964,0.0006173941980030431,0.0021765966593039203
comforting,induction,aligned,layer_11.head_14,layer_11.head_14,identity,0.0021781789828391037,0.0009522331062253302,0.003590419613473315
comforting,induction,aligned,layer_11.head_14,layer_11.head_15,within_layer,0.0014155934001119838,0.0005910439978237328,0.0023980189900521336
comforting,induction,aligned,layer_11.head_14,layer_12.head_02,earlier_to_later,0.0011536783892478694,0.0006540766153276258,0.001720902817567056
comforting,induction,aligned,layer_11.head_14,layer_12.head_03,earlier_to_later,0.0013724581330521622,0.000725755418961025,0.00217674331581057
comforting,induction,aligned,layer_11.head_14,layer_12.head_12,earlier_to_later,0.00043826039347506286,0.00011160159918149029,0.0007778407254837968
comforting,induction,aligned,layer_11.head_15,layer_09.head_04,later_to_earlier,-0.00025718600742764223,-0.0007969982493415404,0.00014590934223721963
comforting,induction,aligned,layer_11.head_15,layer_09.head_11,later_to_earlier,-0.00012053469741158251,-0.0008338164749100867,0.0003959874440196385
comforting,induction,aligned,layer_11.head_15,layer_09.head_13,later_to_earlier,0.0004617956302205058,0.00019726055934289803,0.0008239902963800894
comforting,induction,aligned,layer_11.head_15,layer_10.head_02,later_to_earlier,8.45816043209031e-05,-0.00040381853238911274,0.0005024333782017071
comforting,induction,aligned,layer_11.head_15,layer_10.head_12,later_to_earlier,0.00025127897545654883,-0.0006323888342629106,0.0009711136746783474
comforting,induction,aligned,layer_11.head_15,layer_11.head_08,within_layer,0.0012287977643713312,0.00047047586924696264,0.002403179239732894
comforting,induction,aligned,layer_11.head_15,layer_11.head_09,within_layer,6.478312475517255e-05,-0.00047585129990176044,0.0008134051711494042
comforting,induction,aligned,layer_11.head_15,layer_11.head_14,within_layer,0.00037264969311850765,-0.000293910162871036,0.00118966882907476
comforting,induction,aligned,layer_11.head_15,layer_11.head_15,identity,0.001433284939753786,0.0003183574763202492,0.003061390223087021
comforting,induction,aligned,layer_11.head_15,layer_12.head_02,earlier_to_later,-0.00015772493157983902,-0.0003640448907603852,-9.079752667076037e-06
comforting,induction,aligned,layer_11.head_15,layer_12.head_03,earlier_to_later,-0.000797901104818775,-0.0013204085036127393,-0.00039936386778959
comforting,induction,aligned,layer_11.head_15,layer_12.head_12,earlier_to_later,0.0004714394193713117,0.00024423594628749745,0.0007720721703405059
comforting,induction,aligned,layer_12.head_02,layer_09.head_04,later_to_earlier,0.00010281360149830225,-9.319324264617373e-05,0.00036979304930072153
comforting,induction,aligned,layer_12.head_02,layer_09.head_11,later_to_earlier,-2.4987716372359453e-05,-0.00038068272364100137,0.0004764241965818498
comforting,induction,aligned,layer_12.head_02,layer_09.head_13,later_to_earlier,0.0004405868942728273,0.00014310622060999893,0.0007617092504374494
comforting,induction,aligned,layer_12.head_02,layer_10.head_02,later_to_earlier,5.793873674577838e-05,-0.0011078429646580927,0.0018555314639400588
comforting,induction,aligned,layer_12.head_02,layer_10.head_12,later_to_earlier,0.0002963902903808963,-0.00014665115681477056,0.0007254698336030868
comforting,induction,aligned,layer_12.head_02,layer_11.head_08,later_to_earlier,0.0020185413382621917,0.0010996899547582816,0.003083209562629106
comforting,induction,aligned,layer_12.head_02,layer_11.head_09,later_to_earlier,0.0010527057212301938,0.000136968892267056,0.0023418074983928266
comforting,induction,aligned,layer_12.head_02,layer_11.head_14,later_to_earlier,0.0004979049493175686,-0.00010502452504049596,0.001557925831006168
comforting,induction,aligned,layer_12.head_02,layer_11.head_15,later_to_earlier,0.0005318904391927159,-0.00011460976082108162,0.001445457717968646
comforting,induction,aligned,layer_12.head_02,layer_12.head_02,identity,0.0037879697535347185,0.0016048104630442784,0.007291305116838216
comforting,induction,aligned,layer_12.head_02,layer_12.head_03,within_layer,0.00047044295079005504,0.0001070475171654139,0.0009172993542799852
comforting,induction,aligned,layer_12.head_02,layer_12.head_12,within_layer,0.00033333985205283236,0.00015979708061055826,0.0005321924712446035
comforting,induction,aligned,layer_12.head_03,layer_09.head_04,later_to_earlier,0.0007026032409248661,0.00033338452494793326,0.0011483321015348137
comforting,induction,aligned,layer_12.head_03,layer_09.head_11,later_to_earlier,0.0007238626447665069,0.00036071747157109905,0.0011393148045272987
comforting,induction,aligned,layer_12.head_03,layer_09.head_13,later_to_earlier,-0.0003167714507271922,-0.000628982892699622,-0.00010053057906532256
comforting,induction,aligned,layer_12.head_03,layer_10.head_02,later_to_earlier,0.002245474390669902,0.0013525833904401894,0.0032728286746531473
comforting,induction,aligned,layer_12.head_03,layer_10.head_12,later_to_earlier,3.475817525807081e-05,-0.0002505840227355151,0.00028671343896474885
comforting,induction,aligned,layer_12.head_03,layer_11.head_08,later_to_earlier,0.001941327690188292,0.0010934410294643454,0.002921991019064653
comforting,induction,aligned,layer_12.head_03,layer_11.head_09,later_to_earlier,0.0033526860988299352,0.002012484290621345,0.004970989040270032
comforting,induction,aligned,layer_12.head_03,layer_11.head_14,later_to_earlier,0.0005042511030363345,-0.00010473637312147302,0.0011684573209639825
comforting,induction,aligned,layer_12.head_03,layer_11.head_15,later_to_earlier,0.00030760900656902725,6.884604252382521e-05,0.0006293863540568006
comforting,induction,aligned,layer_12.head_03,layer_12.head_02,within_layer,0.0013161829921581427,0.000621173696353454,0.0022584794995614806
comforting,induction,aligned,layer_12.head_03,layer_12.head_03,identity,0.0037301956874443176,0.0020907845358510485,0.006052032899381006
comforting,induction,aligned,layer_12.head_03,layer_12.head_12,within_layer,0.0008065779816598022,0.00025906840090396887,0.0014370928029752339
comforting,induction,aligned,layer_12.head_12,layer_09.head_04,later_to_earlier,0.0019411841311553991,0.0006163565953588386,0.0041096058932655515
comforting,induction,aligned,layer_12.head_12,layer_09.head_11,later_to_earlier,0.0023032104558398316,0.0010608732505740588,0.004030209389946109
comforting,induction,aligned,layer_12.head_12,layer_09.head_13,later_to_earlier,0.0004350725384799409,0.00016432052773402166,0.0007851550967560155
comforting,induction,aligned,layer_12.head_12,layer_10.head_02,later_to_earlier,0.0019657496150780737,0.001221002557890635,0.0028344501741329954
comforting,induction,aligned,layer_12.head_12,layer_10.head_12,later_to_earlier,0.006655603658815497,0.003169043070199741,0.01174993130917067
comforting,induction,aligned,layer_12.head_12,layer_11.head_08,later_to_earlier,0.004148425373506323,0.002036985114430423,0.007306652645238947
comforting,induction,aligned,layer_12.head_12,layer_11.head_09,later_to_earlier,0.005171933720840798,0.002627280982099178,0.008733429513635342
comforting,induction,aligned,layer_12.head_12,layer_11.head_14,later_to_earlier,0.001780583796593205,0.0008318918347156068,0.0032821945296811392
comforting,induction,aligned,layer_12.head_12,layer_11.head_15,later_to_earlier,0.001703809270266978,0.0008799720380747325,0.0029333148813931653
comforting,induction,aligned,layer_12.head_12,layer_12.head_02,within_layer,0.0010643297805700224,0.0004978933232679475,0.0018199041652282725
comforting,induction,aligned,layer_12.head_12,layer_12.head_03,within_layer,0.004125460150567955,0.001878988294891596,0.007696830142285763
comforting,induction,aligned,layer_12.head_12,layer_12.head_12,identity,0.018029258044358384,0.009351722524872414,0.03140608461986233
comforting,rescue,raw,layer_09.head_04,layer_09.head_04,identity,0.0758288128555499,0.050996533654677205,0.10371928313565192
comforting,rescue,raw,layer_09.head_04,layer_09.head_11,within_layer,0.0023761566221408826,0.0012251644423034332,0.003800186603605134
comforting,rescue,raw,layer_09.head_04,layer_09.head_13,within_layer,0.003108542777294805,0.0015427465557350589,0.0049741260131304435
comforting,rescue,raw,layer_09.head_04,layer_10.head_02,earlier_to_later,0.00756110855851421,0.003694709803016716,0.012350258364375047
comforting,rescue,raw,layer_09.head_04,layer_10.head_12,earlier_to_later,0.00377121792669132,0.0018566028936725179,0.006044109044947027
comforting,rescue,raw,layer_09.head_04,layer_11.head_08,earlier_to_later,0.002334757681400035,0.0011379033188903488,0.00376998728881509
comforting,rescue,raw,layer_09.head_04,layer_11.head_09,earlier_to_later,0.00452525377546831,0.0020841958915631988,0.007585641084098414
comforting,rescue,raw,layer_09.head_04,layer_11.head_14,earlier_to_later,0.002437973659805225,0.0011503563913387188,0.0039537286486343555
comforting,rescue,raw,layer_09.head_04,layer_11.head_15,earlier_to_later,0.0027592029533208802,0.0011769203784265203,0.004774281186278199
comforting,rescue,raw,layer_09.head_04,layer_12.head_02,earlier_to_later,0.0005016553177210742,0.00019714373468555463,0.0008682446460534895
comforting,rescue,raw,layer_09.head_04,layer_12.head_03,earlier_to_later,-0.0003594237834953511,-0.0006917293295556801,-7.928662320745428e-05
comforting,rescue,raw,layer_09.head_04,layer_12.head_12,earlier_to_later,0.0025830027553789894,0.0012899024746199266,0.00420205363116209
comforting,rescue,raw,layer_09.head_11,layer_09.head_04,within_layer,0.004668248093592003,0.002244197601328468,0.007636487513128142
comforting,rescue,raw,layer_09.head_11,layer_09.head_11,identity,0.005465456300889866,0.0025184906053395406,0.00906072178289576
comforting,rescue,raw,layer_09.head_11,layer_09.head_13,within_layer,5.59651639303533e-06,-0.00037826714090576536,0.0003233264619522816
comforting,rescue,raw,layer_09.head_11,layer_10.head_02,earlier_to_later,0.003215897645477293,0.001500657784153619,0.00525426909761797
comforting,rescue,raw,layer_09.head_11,layer_10.head_12,earlier_to_later,0.003998524403549522,0.0017888832805015617,0.0068162362144472185
comforting,rescue,raw,layer_09.head_11,layer_11.head_08,earlier_to_later,0.0014441086474860797,0.0005756932626716868,0.0024808756275257146
comforting,rescue,raw,layer_09.head_11,layer_11.head_09,earlier_to_later,0.0007086348948653346,0.00035750760630670104,0.0011019891894223852
comforting,rescue,raw,layer_09.head_11,layer_11.head_14,earlier_to_later,0.0013037982647213777,0.0005835676699369997,0.002204555228518926
comforting,rescue,raw,layer_09.head_11,layer_11.head_15,earlier_to_later,0.0018575538293776062,0.0008896424277036807,0.0030139100081657587
comforting,rescue,raw,layer_09.head_11,layer_12.head_02,earlier_to_later,-0.001484477992798881,-0.0024241645044958643,-0.0007055837933487302
comforting,rescue,raw,layer_09.head_11,layer_12.head_03,earlier_to_later,0.0005258960205156098,0.0001736295435010686,0.0009192045672478525
comforting,rescue,raw,layer_09.head_11,layer_12.head_12,earlier_to_later,0.0005651677887596577,0.00023025938434626794,0.000971991445554896
comforting,rescue,raw,layer_09.head_13,layer_09.head_04,within_layer,0.00014940674357575347,-0.00015932754140925073,0.0005292594066389194
comforting,rescue,raw,layer_09.head_13,layer_09.head_11,within_layer,0.0006260986320524731,0.0001877870669330109,0.001238324384897768
comforting,rescue,raw,layer_09.head_13,layer_09.head_13,identity,0.0017552124380749408,0.0007800081968645238,0.002975780059876741
comforting,rescue,raw,layer_09.head_13,layer_10.head_02,earlier_to_later,0.00015128875503706254,-7.891205683454502e-05,0.0004500544984295672
comforting,rescue,raw,layer_09.head_13,layer_10.head_12,earlier_to_later,0.0017031152145962681,0.0006665713260137756,0.0030362498101090736
comforting,rescue,raw,layer_09.head_13,layer_11.head_08,earlier_to_later,0.00042898359143077856,0.00013495450915779192,0.0007762029228547831
comforting,rescue,raw,layer_09.head_13,layer_11.head_09,earlier_to_later,6.151468789280375e-05,-0.0001118813358350622,0.0002660202218618007
comforting,rescue,raw,layer_09.head_13,layer_11.head_14,earlier_to_later,0.0002759058763671041,5.345337263742161e-05,0.0006067571349860436
comforting,rescue,raw,layer_09.head_13,layer_11.head_15,earlier_to_later,0.0005750347544589026,0.00018116929769834865,0.0011655776883041646
comforting,rescue,raw,layer_09.head_13,layer_12.head_02,earlier_to_later,0.0002997490330331142,8.650304406605615e-05,0.0005727204352697638
comforting,rescue,raw,layer_09.head_13,layer_12.head_03,earlier_to_later,-0.00011822468104902564,-0.00032012137793851385,-9.52904241851675e-06
comforting,rescue,raw,layer_09.head_13,layer_12.head_12,earlier_to_later,-2.1203720906497577e-05,-0.00017008409810925133,9.870551264732632e-05
comforting,rescue,raw,layer_10.head_02,layer_09.head_04,later_to_earlier,0.0005463985208914328,0.00019242238826361135,0.0009884691773016912
comforting,rescue,raw,layer_10.head_02,layer_09.head_11,later_to_earlier,-0.000214038278016257,-0.0005344285564761875,7.840432187387653e-05
comforting,rescue,raw,layer_10.head_02,layer_09.head_13,later_to_earlier,-6.054897548188109e-05,-0.00017976755152966992,5.350003604152314e-05
comforting,rescue,raw,layer_10.head_02,layer_10.head_02,identity,0.0015650182617481271,0.0006139048743182157,0.002978753798586855
comforting,rescue,raw,layer_10.head_02,layer_10.head_12,within_layer,0.0010589537785786942,0.0004318337563128626,0.0018860151686500297
comforting,rescue,raw,layer_10.head_02,layer_11.head_08,earlier_to_later,-0.00010688168178047924,-0.0002592559697825949,3.215923547511083e-05
comforting,rescue,raw,layer_10.head_02,layer_11.head_09,earlier_to_later,0.0005231947376498335,0.00020320847258875673,0.0008924866268622451
comforting,rescue,raw,layer_10.head_02,layer_11.head_14,earlier_to_later,0.0003972213803842585,0.00020782979592948774,0.0006232728019914577
comforting,rescue,raw,layer_10.head_02,layer_11.head_15,earlier_to_later,0.0003282596655900247,8.321521321668049e-05,0.0006158505181742676
comforting,rescue,raw,layer_10.head_02,layer_12.head_02,earlier_to_later,0.0004810134360529844,0.00025096227723077867,0.0007432780070392164
comforting,rescue,raw,layer_10.head_02,layer_12.head_03,earlier_to_later,-6.233481412212181e-05,-0.00020706084299307147,5.959253200029103e-05
comforting,rescue,raw,layer_10.head_02,layer_12.head_12,earlier_to_later,0.0005228192767730616,0.0002564353340026666,0.0008390159452555479
comforting,rescue,raw,layer_10.head_12,layer_09.head_04,later_to_earlier,0.0011214641245540643,0.0003049941404134141,0.0019472754036692827
comforting,rescue,raw,layer_10.head_12,layer_09.head_11,later_to_earlier,0.004504262884559721,0.0018478097025467206,0.007626758831212757
comforting,rescue,raw,layer_10.head_12,layer_09.head_13,later_to_earlier,0.005114065665508152,0.002451227030852439,0.008242177971876099
comforting,rescue,raw,layer_10.head_12,layer_10.head_02,within_layer,0.00959693366769777,0.0044647497191775305,0.01612904403659317
comforting,rescue,raw,layer_10.head_12,layer_10.head_12,identity,0.5956356021212114,0.5421532597938662,0.6542610090268369
comforting,rescue,raw,layer_10.head_12,layer_11.head_08,earlier_to_later,0.0042648914646491376,0.0020335669224363947,0.007050705192841443
comforting,rescue,raw,layer_10.head_12,layer_11.head_09,earlier_to_later,0.0015614824479394248,0.0006289547860806357,0.0026720034242158778
comforting,rescue,raw,layer_10.head_12,layer_11.head_14,earlier_to_later,0.0015774359034207374,0.0007082313258883624,0.0026351822427670623
comforting,rescue,raw,layer_10.head_12,layer_11.head_15,earlier_to_later,0.0030739804076964916,0.001494878402856357,0.005040133329402209
comforting,rescue,raw,layer_10.head_12,layer_12.head_02,earlier_to_later,0.00246099254368423,0.001253271351444449,0.0038844440629152875
comforting,rescue,raw,layer_10.head_12,layer_12.head_03,earlier_to_later,-0.0012583891645891806,-0.0020378843556783576,-0.0005754164551060409
comforting,rescue,raw,layer_10.head_12,layer_12.head_12,earlier_to_later,-0.0005441183004708728,-0.0008876006463533462,-0.0002620840254144913
comforting,rescue,raw,layer_11.head_08,layer_09.head_04,later_to_earlier,0.0017240952600273112,0.0009619097333992281,0.0025326858987448743
comforting,rescue,raw,layer_11.head_08,layer_09.head_11,later_to_earlier,0.0024895973260368608,0.0011602934735424222,0.004336108356707264
comforting,rescue,raw,layer_11.head_08,layer_09.head_13,later_to_earlier,0.0007290829439032294,0.00023896030967010076,0.0013847627217405962
comforting,rescue,raw,layer_11.head_08,layer_10.head_02,later_to_earlier,0.003923251673053989,0.001751679945846054,0.006769474349220204
comforting,rescue,raw,layer_11.head_08,layer_10.head_12,later_to_earlier,0.0017010528000428414,0.000583288443853553,0.002980200794587519
comforting,rescue,raw,layer_11.head_08,layer_11.head_08,identity,0.013473828310988013,0.006589206380005466,0.0221380731798721
comforting,rescue,raw,layer_11.head_08,layer_11.head_09,within_layer,0.011303920867507864,0.005306198878652007,0.018897169011073786
comforting,rescue,raw,layer_11.head_08,layer_11.head_14,within_layer,0.00378712589245043,0.00177190663090047,0.006291626068659298
comforting,rescue,raw,layer_11.head_08,layer_11.head_15,within_layer,0.0012759687165058986,0.0006176991882379144,0.0020646923728998897
comforting,rescue,raw,layer_11.head_08,layer_12.head_02,earlier_to_later,-0.0007696099339172601,-0.0013070784071167877,-0.00032826229460401014
comforting,rescue,raw,layer_11.head_08,layer_12.head_03,earlier_to_later,0.0012548396684286603,0.0005579242368861795,0.0021577428166363296
comforting,rescue,raw,layer_11.head_08,layer_12.head_12,earlier_to_later,-0.0005835059112697063,-0.0010874028901792525,-0.00015008347951078063
comforting,rescue,raw,layer_11.head_09,layer_09.head_04,later_to_earlier,0.0005370930042572994,0.00017653509041470908,0.0010095969391642394
comforting,rescue,raw,layer_11.head_09,layer_09.head_11,later_to_earlier,0.0011983697601894222,0.0004146248392297246,0.002284552896619186
comforting,rescue,raw,layer_11.head_09,layer_09.head_13,later_to_earlier,0.00013842209038953556,-0.00011266776979795235,0.0004482226466431863
comforting,rescue,raw,layer_11.head_09,layer_10.head_02,later_to_earlier,0.0014541028207614912,0.0004518763983261717,0.0028240832530454377
comforting,rescue,raw,layer_11.head_09,layer_10.head_12,later_to_earlier,0.00026759339535618155,-0.0003551565884536526,0.0009984144636752791
comforting,rescue,raw,layer_11.head_09,layer_11.head_08,within_layer,0.0070106789846318025,0.002835890922917669,0.012471382597241143
comforting,rescue,raw,layer_11.head_09,layer_11.head_09,identity,0.006212616638765463,0.0024936875891021135,0.011094524401750468
comforting,rescue,raw,layer_11.head_09,layer_11.head_14,within_layer,0.0020440049719919243,0.0008644235965414667,0.0035371283179870434
comforting,rescue,raw,layer_11.head_09,layer_11.head_15,within_layer,0.0005547372406699729,0.00022012126375534573,0.0009822486123489977
comforting,rescue,raw,layer_11.head_09,layer_12.head_02,earlier_to_later,-0.0004582253311743633,-0.0008167632334288033,-0.00018026542873807936
comforting,rescue,raw,layer_11.head_09,layer_12.head_03,earlier_to_later,0.0008156355797589263,0.00036509418632652734,0.001372696859600039
comforting,rescue,raw,layer_11.head_09,layer_12.head_12,earlier_to_later,-0.0004557410369765637,-0.0008301542849197264,-0.00016021271176399086
comforting,rescue,raw,layer_11.head_14,layer_09.head_04,later_to_earlier,-0.0017137947839630597,-0.0027605399952938432,-0.0007976516025271252
comforting,rescue,raw,layer_11.head_14,layer_09.head_11,later_to_earlier,0.0012722874649566873,0.0005341867349631104,0.0021832243568040235
comforting,rescue,raw,layer_11.head_14,layer_09.head_13,later_to_earlier,0.00041949278087967986,0.00020331756254434783,0.0006912685657825867
comforting,rescue,raw,layer_11.head_14,layer_10.head_02,later_to_earlier,0.0005392201700536328,0.00015318738098328067,0.001162297985416013
comforting,rescue,raw,layer_11.head_14,layer_10.head_12,later_to_earlier,0.0010477212468025536,0.00031788155900735034,0.0020208044384810186
comforting,rescue,raw,layer_11.head_14,layer_11.head_08,within_layer,0.0009381957945764022,0.00047016469609993905,0.0015044824284933878
comforting,rescue,raw,layer_11.head_14,layer_11.head_09,within_layer,0.00018971293879934092,-7.448953096637772e-05,0.0004907017392671997
comforting,rescue,raw,layer_11.head_14,layer_11.head_14,identity,0.0007509106923627502,0.0003431055919905275,0.0012760348358629128
comforting,rescue,raw,layer_11.head_14,layer_11.head_15,within_layer,0.0003444535142097625,1.43808467875989e-05,0.0007587140408966269
comforting,rescue,raw,layer_11.head_14,layer_12.head_02,earlier_to_later,-0.0003629458788728023,-0.0007334869230085843,-0.0001119264406932874
comforting,rescue,raw,layer_11.head_14,layer_12.head_03,earlier_to_later,0.00037844037561878257,0.00014495426312164983,0.0006453296393612826
comforting,rescue,raw,layer_11.head_14,layer_12.head_12,earlier_to_later,-0.00021192413483353897,-0.0005670785368468676,5.043927094501124e-05
comforting,rescue,raw,layer_11.head_15,layer_09.head_04,later_to_earlier,-0.0013128556025331641,-0.002197076495872127,-0.0006259055019578889
comforting,rescue,raw,layer_11.head_15,layer_09.head_11,later_to_earlier,0.0011617018304477806,0.0005461446630177036,0.0019467517195447973
comforting,rescue,raw,layer_11.head_15,layer_09.head_13,later_to_earlier,0.0007012008029560399,0.0003166591231050692,0.001202953116252781
comforting,rescue,raw,layer_11.head_15,layer_10.head_02,later_to_earlier,0.000351926893529024,0.00013060310832012468,0.0006505080709369641
comforting,rescue,raw,layer_11.head_15,layer_10.head_12,later_to_earlier,0.000603948608954563,0.0002586253775164368,0.0009987249115254863
comforting,rescue,raw,layer_11.head_15,layer_11.head_08,within_layer,0.0010784346952222694,0.000572707775127178,0.0016537011420821282
comforting,rescue,raw,layer_11.head_15,layer_11.head_09,within_layer,0.0003870255369949729,0.0001433426360757272,0.0006821962584592856
comforting,rescue,raw,layer_11.head_15,layer_11.head_14,within_layer,0.0007855093233374465,0.00035133240583648507,0.0013133504011822064
comforting,rescue,raw,layer_11.head_15,layer_11.head_15,identity,0.0005124074381887569,0.00010082107540134531,0.0010123611806844362
comforting,rescue,raw,layer_11.head_15,layer_12.head_02,earlier_to_later,-0.000298945381703725,-0.0005448638361065318,-0.00010159146811911061
comforting,rescue,raw,layer_11.head_15,layer_12.head_03,earlier_to_later,0.0006500446207720344,0.00033172464939554806,0.0009970476185779539
comforting,rescue,raw,layer_11.head_15,layer_12.head_12,earlier_to_later,0.00012107202866431366,-4.747088312413629e-05,0.00029874537629160443
comforting,rescue,raw,layer_12.head_02,layer_09.head_04,later_to_earlier,-0.0007644350938352219,-0.0014584236121409984,-0.00018860352691955063
comforting,rescue,raw,layer_12.head_02,layer_09.head_11,later_to_earlier,0.0008117962322578635,0.00034267727182471297,0.0013947827775712038
comforting,rescue,raw,layer_12.head_02,layer_09.head_13,later_to_earlier,-6.16252991875208e-05,-0.00041673874196549343,0.00023270384139701146
comforting,rescue,raw,layer_12.head_02,layer_10.head_02,later_to_earlier,0.0007965722575539296,0.00024203458627389225,0.0014961807740160155
comforting,rescue,raw,layer_12.head_02,layer_10.head_12,later_to_earlier,0.0007232142009726509,0.00024224322398050908,0.0012870189802849875
comforting,rescue,raw,layer_12.head_02,layer_11.head_08,later_to_earlier,0.00040593128897699826,0.00015188621216652567,0.0007337094147055421
comforting,rescue,raw,layer_12.head_02,layer_11.head_09,later_to_earlier,0.0005210729809336309,0.0002334452830031589,0.0008942504849879247
comforting,rescue,raw,layer_12.head_02,layer_11.head_14,later_to_earlier,-2.1413913497856402e-05,-0.00012106459925520063,7.390372106595591e-05
comforting,rescue,raw,layer_12.head_02,layer_11.head_15,later_to_earlier,0.000306474120274074,0.00010267025103514451,0.0005625172613791999
comforting,rescue,raw,layer_12.head_02,layer_12.head_02,identity,0.0006936311296918994,0.0002303736884629546,0.0014076359330428185
comforting,rescue,raw,layer_12.head_02,layer_12.head_03,within_layer,0.001936197699418521,0.0008410317516902196,0.003280527078332984
comforting,rescue,raw,layer_12.head_02,layer_12.head_12,within_layer,-0.00013918442149062112,-0.000256845798824255,-4.5085312363729425e-05
comforting,rescue,raw,layer_12.head_03,layer_09.head_04,later_to_earlier,0.00042340900540564536,-1.4455293906325551e-05,0.000933524488143524
comforting,rescue,raw,layer_12.head_03,layer_09.head_11,later_to_earlier,0.0015460727422419664,0.000675114903725222,0.002599923156120007
comforting,rescue,raw,layer_12.head_03,layer_09.head_13,later_to_earlier,8.66055313969339e-05,-0.00026345597788760976,0.000423611738301853
comforting,rescue,raw,layer_12.head_03,layer_10.head_02,later_to_earlier,0.0017337632507463238,0.0007383250330086923,0.002886976810474886
comforting,rescue,raw,layer_12.head_03,layer_10.head_12,later_to_earlier,0.0002566410330047495,-0.0002425800949149175,0.0008120331572955371
comforting,rescue,raw,layer_12.head_03,layer_11.head_08,later_to_earlier,0.001088960584502093,0.00048531331195088344,0.00180125290768663
comforting,rescue,raw,layer_12.head_03,layer_11.head_09,later_to_earlier,0.0015357879243939078,0.0008190323125781772,0.0023047011547818823
comforting,rescue,raw,layer_12.head_03,layer_11.head_14,later_to_earlier,0.00034449427443372465,0.00012469350218206584,0.0006148690139548222
comforting,rescue,raw,layer_12.head_03,layer_11.head_15,later_to_earlier,0.0005520495919642006,0.00017141039855555337,0.001027639652215158
comforting,rescue,raw,layer_12.head_03,layer_12.head_02,within_layer,-0.0002111134743011673,-0.0006976549337674752,0.00019433885614992665
comforting,rescue,raw,layer_12.head_03,layer_12.head_03,identity,-0.00022704196049548185,-0.0018723624481265702,0.0011698278318108101
comforting,rescue,raw,layer_12.head_03,layer_12.head_12,within_layer,-8.45366215147339e-06,-0.00022895350013467944,0.00018216576021899924
comforting,rescue,raw,layer_12.head_12,layer_09.head_04,later_to_earlier,0.0058277216041412415,0.0024911310467448985,0.010015099101144741
comforting,rescue,raw,layer_12.head_12,layer_09.head_11,later_to_earlier,-0.0023539043836900146,-0.003704036368003733,-0.001181586637932431
comforting,rescue,raw,layer_12.head_12,layer_09.head_13,later_to_earlier,0.002648153516670477,0.0013069480532682202,0.004191055855090008
comforting,rescue,raw,layer_12.head_12,layer_10.head_02,later_to_earlier,0.006070078192008483,0.0026284142847408888,0.010439183474063807
comforting,rescue,raw,layer_12.head_12,layer_10.head_12,later_to_earlier,0.010712885547363486,0.004800041019523251,0.018242874606554355
comforting,rescue,raw,layer_12.head_12,layer_11.head_08,later_to_earlier,0.0013070276123529508,0.0005170266676363568,0.002282682137216539
comforting,rescue,raw,layer_12.head_12,layer_11.head_09,later_to_earlier,0.0008975893174482046,0.00036107045158117703,0.0015497176652707158
comforting,rescue,raw,layer_12.head_12,layer_11.head_14,later_to_earlier,-0.0008887455098330358,-0.0015753723016301434,-0.00033226214539631624
comforting,rescue,raw,layer_12.head_12,layer_11.head_15,later_to_earlier,0.00143950264321763,0.0005206871237065046,0.002583362046467706
comforting,rescue,raw,layer_12.head_12,layer_12.head_02,within_layer,0.0028923592857767193,0.0013817150988554797,0.004765889910486321
comforting,rescue,raw,layer_12.head_12,layer_12.head_03,within_layer,0.0009492150317030806,0.000436389783696063,0.001570616306458356
comforting,rescue,raw,layer_12.head_12,layer_12.head_12,identity,0.014120392499365513,0.006770030670699857,0.023368883867611597
comforting,rescue,rms,layer_09.head_04,layer_09.head_04,identity,0.0758288128555499,0.050996533654677205,0.10371928313565192
comforting,rescue,rms,layer_09.head_04,layer_09.head_11,within_layer,0.0008577122973880439,0.00039342448011056835,0.00140225710909931
comforting,rescue,rms,layer_09.head_04,layer_09.head_13,within_layer,0.00039829372195134075,0.00013728553375683174,0.000686293013253179
comforting,rescue,rms,layer_09.head_04,layer_10.head_02,earlier_to_later,0.0006103886106903636,0.0003101988336858952,0.0009419981814003846
comforting,rescue,rms,layer_09.head_04,layer_10.head_12,earlier_to_later,0.005697871140959464,0.002781260972339938,0.009231822312491273
comforting,rescue,rms,layer_09.head_04,layer_11.head_08,earlier_to_later,0.0017346115106866202,0.0008216514203016862,0.0028398996451751138
comforting,rescue,rms,layer_09.head_04,layer_11.head_09,earlier_to_later,0.0020670399457517656,0.0008616264830951475,0.00364129472074568
comforting,rescue,rms,layer_09.head_04,layer_11.head_14,earlier_to_later,0.0005279401618670851,0.00023396667766242347,0.0008575568417957682
comforting,rescue,rms,layer_09.head_04,layer_11.head_15,earlier_to_later,0.0004694089869158086,0.0001622436093066651,0.0008526541426690247
comforting,rescue,rms,layer_09.head_04,layer_12.head_02,earlier_to_later,-1.4486039999993052e-05,-8.016388984333735e-05,5.619246820507103e-05
comforting,rescue,rms,layer_09.head_04,layer_12.head_03,earlier_to_later,-0.0003806831863061509,-0.0006238290810056279,-0.00016778893054193025
comforting,rescue,rms,layer_09.head_04,layer_12.head_12,earlier_to_later,0.001488193492492116,0.0007467288557671619,0.00240069463315167
comforting,rescue,rms,layer_09.head_11,layer_09.head_04,within_layer,0.008245241167737899,0.0039674506123255305,0.01353494369557756
comforting,rescue,rms,layer_09.head_11,layer_09.head_11,identity,0.005465456300889866,0.0025184906053395406,0.00906072178289576
comforting,rescue,rms,layer_09.head_11,layer_09.head_13,within_layer,-0.000379328239437215,-0.00070676638521605,-0.00012551721028915082
comforting,rescue,rms,layer_09.head_11,layer_10.head_02,earlier_to_later,0.0005304920717570578,0.00022092756341404442,0.0008848202179322425
comforting,rescue,rms,layer_09.head_11,layer_10.head_12,earlier_to_later,0.014063819209376792,0.006623549158894679,0.02347972337311079
comforting,rescue,rms,layer_09.head_11,layer_11.head_08,earlier_to_later,0.0019609296574528,0.000774848299358915,0.0034115248027282146
comforting,rescue,rms,layer_09.head_11,layer_11.head_09,earlier_to_later,0.0003074837189341142,0.00012864271733306517,0.0005218821438768396
comforting,rescue,rms,layer_09.head_11,layer_11.head_14,earlier_to_later,0.0004514185740135428,0.00018419946146299232,0.0007610039292468813
comforting,rescue,rms,layer_09.head_11,layer_11.head_15,earlier_to_later,0.0005353983620534814,0.0002513421838320846,0.0008564688305972802
comforting,rescue,rms,layer_09.head_11,layer_12.head_02,earlier_to_later,-0.0009342529039992488,-0.001558826453717055,-0.0004373690581472944
comforting,rescue,rms,layer_09.head_11,layer_12.head_03,earlier_to_later,0.00018785857964629066,3.8190762423727395e-05,0.0003472056181254537
comforting,rescue,rms,layer_09.head_11,layer_12.head_12,earlier_to_later,0.0004570312877525834,0.00018012012606819698,0.0007945404891012722
comforting,rescue,rms,layer_09.head_13,layer_09.head_04,within_layer,0.0022681167024255996,0.0006112059505431587,0.00478300802986416
comforting,rescue,rms,layer_09.head_13,layer_09.head_11,within_layer,0.0017794955550777293,0.0005823427871779221,0.0035418826764998072
comforting,rescue,rms,layer_09.head_13,layer_09.head_13,identity,0.0017552124380749408,0.0007800081968645238,0.002975780059876741
comforting,rescue,rms,layer_09.head_13,layer_10.head_02,earlier_to_later,3.450909625387148e-06,-0.00013903243761431808,0.00017050911303819616
comforting,rescue,rms,layer_09.head_13,layer_10.head_12,earlier_to_later,0.014936487686001015,0.007196313934910346,0.02411820440760641
comforting,rescue,rms,layer_09.head_13,layer_11.head_08,earlier_to_later,0.0016601893997262992,0.0005650613347898768,0.00307371680514881
comforting,rescue,rms,layer_09.head_13,layer_11.head_09,earlier_to_later,0.0002583801134730093,-0.00010344441967245214,0.0007114302729641812
comforting,rescue,rms,layer_09.head_13,layer_11.head_14,earlier_to_later,0.0003220017260848374,6.522408775292253e-05,0.0007027968632641186
comforting,rescue,rms,layer_09.head_13,layer_11.head_15,earlier_to_later,0.00045269387682277844,0.00014231640713011708,0.000927075825306705
comforting,rescue,rms,layer_09.head_13,layer_12.head_02,earlier_to_later,0.00031562094203776877,9.071657122314163e-05,0.0006137268827690352
comforting,rescue,rms,layer_09.head_13,layer_12.head_03,earlier_to_later,-9.760776016349608e-05,-0.0003177541811115152,2.836326812127274e-05
comforting,rescue,rms,layer_09.head_13,layer_12.head_12,earlier_to_later,0.00011433742547291161,-0.00012097125974764538,0.00032306473759025116
comforting,rescue,rms,layer_10.head_02,layer_09.head_04,later_to_earlier,0.0041174432291792885,0.0016616855669219091,0.007249831640435897
comforting,rescue,rms,layer_10.head_02,layer_09.head_11,later_to_earlier,0.00022087980080325395,-0.00020139915376513835,0.0007348868623523101
comforting,rescue,rms,layer_10.head_02,layer_09.head_13,later_to_earlier,-1.295066916441024e-05,-0.000160317409989754,0.0001371764346538264
comforting,rescue,rms,layer_10.head_02,layer_10.head_02,identity,0.0015650182617481271,0.0006139048743182157,0.002978753798586855
comforting,rescue,rms,layer_10.head_02,layer_10.head_12,within_layer,0.010557644686804384,0.004370606897875173,0.018890846601196474
comforting,rescue,rms,layer_10.head_02,layer_11.head_08,earlier_to_later,0.0006934820948319246,0.00016152342714484394,0.0013644698684331647
comforting,rescue,rms,layer_10.head_02,layer_11.head_09,earlier_to_later,0.0011712124344335096,0.00040723455261241733,0.0021191622748837373
comforting,rescue,rms,layer_10.head_02,layer_11.head_14,earlier_to_later,0.0005350516984915442,0.00024769062168811403,0.0008998898403682028
comforting,rescue,rms,layer_10.head_02,layer_11.head_15,earlier_to_later,0.00032584326360748066,8.207662052527762e-05,0.0006186955790211633
comforting,rescue,rms,layer_10.head_02,layer_12.head_02,earlier_to_later,0.0006219776637026559,0.0003097835120743884,0.000978952123000506
comforting,rescue,rms,layer_10.head_02,layer_12.head_03,earlier_to_later,-6.888886603802068e-05,-0.0002573131151755362,0.0001077245145140836
comforting,rescue,rms,layer_10.head_02,layer_12.head_12,earlier_to_later,0.0012163958517852284,0.0005876739044738985,0.0019806730923638354
comforting,rescue,rms,layer_10.head_12,layer_09.head_04,later_to_earlier,0.0003193452845423111,-0.00027766893930247896,0.0008528832319928486
comforting,rescue,rms,layer_10.head_12,layer_09.head_11,later_to_earlier,0.0015746869049894556,0.0005126198955803989,0.0026958262911072747
comforting,rescue,rms,layer_10.head_12,layer_09.head_13,later_to_earlier,0.0007054208902703365,0.0003279584330873674,0.0011280853496508497
comforting,rescue,rms,layer_10.head_12,layer_10.head_02,within_layer,0.000503096730755062,0.0002378378152203246,0.0008164216277774655
comforting,rescue,rms,layer_10.head_12,layer_10.head_12,identity,0.5956356021212114,0.5421532597938662,0.6542610090268369
comforting,rescue,rms,layer_10.head_12,layer_11.head_08,earlier_to_later,0.002638010871631955,0.0012413946882362276,0.004375786231760399
comforting,rescue,rms,layer_10.head_12,layer_11.head_09,earlier_to_later,1.811789339357191e-05,-0.0002747865887905537,0.0002741867921326055
comforting,rescue,rms,layer_10.head_12,layer_11.head_14,earlier_to_later,7.527971392749208e-05,-5.37587352265268e-05,0.00022010840430782512
comforting,rescue,rms,layer_10.head_12,layer_11.head_15,earlier_to_later,0.00032377120012513005,0.000147577224915225,0.0005240459418559666
comforting,rescue,rms,layer_10.head_12,layer_12.head_02,earlier_to_later,0.0005716737369984366,0.00029236009429818235,0.0008898568658657831
comforting,rescue,rms,layer_10.head_12,layer_12.head_03,earlier_to_later,-0.0007857890348110669,-0.0012510631637367231,-0.0003775584357428145
comforting,rescue,rms,layer_10.head_12,layer_12.head_12,earlier_to_later,-0.000554983666805009,-0.0008751235143863513,-0.0002797629073079553
comforting,rescue,rms,layer_11.head_08,layer_09.head_04,later_to_earlier,0.0027281131889418313,0.001569220203797195,0.003962736952338789
comforting,rescue,rms,layer_11.head_08,layer_09.head_11,later_to_earlier,0.0016859831929967833,0.0008354338371099137,0.00276172645698481
comforting,rescue,rms,layer_11.head_08,layer_09.head_13,later_to_earlier,-0.00010756240996636522,-0.00029715151612385313,8.294542153441798e-05
comforting,rescue,rms,layer_11.head_08,layer_10.head_02,later_to_earlier,0.00039667945029237656,0.0001526857746666478,0.000713341641602339
comforting,rescue,rms,layer_11.head_08,layer_10.head_12,later_to_earlier,0.005324574454440304,0.002599047219930258,0.00839936097186375
comforting,rescue,rms,layer_11.head_08,layer_11.head_08,identity,0.013473828310988013,0.006589206380005466,0.0221380731798721
comforting,rescue,rms,layer_11.head_08,layer_11.head_09,within_layer,0.00670134434568773,0.0028777612107148,0.011643253742886259
comforting,rescue,rms,layer_11.head_08,layer_11.head_14,within_layer,0.0014423953303100531,0.0006777180564802854,0.002350169589821117
comforting,rescue,rms,layer_11.head_08,layer_11.head_15,within_layer,0.00017426401785078157,3.7754126585594855e-05,0.0003385825511027455
comforting,rescue,rms,layer_11.head_08,layer_12.head_02,earlier_to_later,-0.0005041997777235619,-0.0008453835035946586,-0.00022431702256642982
comforting,rescue,rms,layer_11.head_08,layer_12.head_03,earlier_to_later,0.0004507532094810506,0.0002064428215381823,0.0007546338198859102
comforting,rescue,rms,layer_11.head_08,layer_12.head_12,earlier_to_later,-0.0005214692622203211,-0.0009698923290851283,-0.0001385994863952501
comforting,rescue,rms,layer_11.head_09,layer_09.head_04,later_to_earlier,0.002567961637941745,0.0012775221728335612,0.004127829832713839
comforting,rescue,rms,layer_11.head_09,layer_09.head_11,later_to_earlier,0.0017828669881550692,0.0007631277415499249,0.0030237325542065148
comforting,rescue,rms,layer_11.head_09,layer_09.head_13,later_to_earlier,-3.219530881743995e-05,-0.00014257305768180668,8.612591689180627e-05
comforting,rescue,rms,layer_11.head_09,layer_10.head_02,later_to_earlier,0.00033958670924476655,0.00011321926868072792,0.0006288650893216084
comforting,rescue,rms,layer_11.head_09,layer_10.head_12,later_to_earlier,0.005654410748212918,0.0022072932047633898,0.010459477509696063
comforting,rescue,rms,layer_11.head_09,layer_11.head_08,within_layer,0.012597952571726261,0.005661758216794885,0.021637177181740384
comforting,rescue,rms,layer_11.head_09,layer_11.head_09,identity,0.006212616638765463,0.0024936875891021135,0.011094524401750468
comforting,rescue,rms,layer_11.head_09,layer_11.head_14,within_layer,0.0013210591896303783,0.0005809545309865209,0.0022656981425910805
comforting,rescue,rms,layer_11.head_09,layer_11.head_15,within_layer,0.00021868460852463226,7.758609456512401e-05,0.000428727356391912
comforting,rescue,rms,layer_11.head_09,layer_12.head_02,earlier_to_later,-0.0003916936321635689,-0.0006987446224458999,-0.00015808786773222248
comforting,rescue,rms,layer_11.head_09,layer_12.head_03,earlier_to_later,0.0006028171223730352,0.00028909064083639267,0.0010019625317340705
comforting,rescue,rms,layer_11.head_09,layer_12.head_12,earlier_to_later,-0.0005006756206642274,-0.0008930266035497361,-0.00018949787895219106
comforting,rescue,rms,layer_11.head_14,layer_09.head_04,later_to_earlier,-0.0026740321763697268,-0.004302412036249281,-0.0012424600676495966
comforting,rescue,rms,layer_11.head_14,layer_09.head_11,later_to_earlier,0.0031873012353570798,0.0014261409491784888,0.005329481375066335
comforting,rescue,rms,layer_11.head_14,layer_09.head_13,later_to_earlier,0.0003958126398539152,0.00018139471202583497,0.0006671026357120801
comforting,rescue,rms,layer_11.head_14,layer_10.head_02,later_to_earlier,0.0002475300966182039,4.1326821769076103e-05,0.0005970181399709526
comforting,rescue,rms,layer_11.head_14,layer_10.head_12,later_to_earlier,0.012728339113946737,0.005810065565960576,0.021637289484691
comforting,rescue,rms,layer_11.head_14,layer_11.head_08,within_layer,0.0027911867670794314,0.0014005193827371306,0.0044779435487170985
comforting,rescue,rms,layer_11.head_14,layer_11.head_09,within_layer,0.0004479078428843421,1.661202831525801e-05,0.0009831213175622649
comforting,rescue,rms,layer_11.head_14,layer_11.head_14,identity,0.0007509106923627502,0.0003431055919905275,0.0012760348358629128
comforting,rescue,rms,layer_11.head_14,layer_11.head_15,within_layer,0.00023819748432992024,-3.857895467980177e-05,0.0005816890530980634
comforting,rescue,rms,layer_11.head_14,layer_12.head_02,earlier_to_later,-0.00035808581406130313,-0.0007180670970998698,-0.00011217411043102595
comforting,rescue,rms,layer_11.head_14,layer_12.head_03,earlier_to_later,0.0004359176543553656,0.0001912753260746381,0.0007164694090111782
comforting,rescue,rms,layer_11.head_14,layer_12.head_12,earlier_to_later,-0.0002180802128219216,-0.0006968249077721124,0.00015850095403834076
comforting,rescue,rms,layer_11.head_15,layer_09.head_04,later_to_earlier,-0.0017818977430522395,-0.0033464172202869896,-0.0007444580458785834
comforting,rescue,rms,layer_11.head_15,layer_09.head_11,later_to_earlier,0.0038356039552800377,0.0018338376091695328,0.006334872149619072
comforting,rescue,rms,layer_11.head_15,layer_09.head_13,later_to_earlier,0.0008392888650587698,0.00037384146718676283,0.0014462525606054478
comforting,rescue,rms,layer_11.head_15,layer_10.head_02,later_to_earlier,0.00031343070294987156,9.836850040616725e-05,0.0005991933864839113
comforting,rescue,rms,layer_11.head_15,layer_10.head_12,later_to_earlier,0.012869778592515113,0.00576859284392345,0.021814389996471426
comforting,rescue,rms,layer_11.head_15,layer_11.head_08,within_layer,0.004062867428031258,0.002087970983461632,0.006458854246227573
comforting,rescue,rms,layer_11.head_15,layer_11.head_09,within_layer,0.00101221474544843,0.0003887363406982985,0.0018391445550754223
comforting,rescue,rms,layer_11.head_15,layer_11.head_14,within_layer,0.0010249628569449153,0.000442120243638179,0.001738804260368857
comforting,rescue,rms,layer_11.head_15,layer_11.head_15,identity,0.0005124074381887569,0.00010082107540134531,0.0010123611806844362
comforting,rescue,rms,layer_11.head_15,layer_12.head_02,earlier_to_later,-0.00032761769212704886,-0.0006096439319735178,-0.00010530086957544924
comforting,rescue,rms,layer_11.head_15,layer_12.head_03,earlier_to_later,0.0009337518877266293,0.0004939323774538934,0.0014062361158996358
comforting,rescue,rms,layer_11.head_15,layer_12.head_12,earlier_to_later,0.0004297369637509508,0.00012016019206607565,0.0007983260658414383
comforting,rescue,rms,layer_12.head_02,layer_09.head_04,later_to_earlier,0.0007226488888311107,-0.0005006202458719656,0.0021624026408711043
comforting,rescue,rms,layer_12.head_02,layer_09.head_11,later_to_earlier,0.0026438769086050617,0.0012228405919471658,0.004335741178432241
comforting,rescue,rms,layer_12.head_02,layer_09.head_13,later_to_earlier,-6.123534700650195e-05,-0.00041650291892780935,0.0002115075327936574
comforting,rescue,rms,layer_12.head_02,layer_10.head_02,later_to_earlier,0.00042585608469919136,0.00010068680330163526,0.0008307688174397674
comforting,rescue,rms,layer_12.head_02,layer_10.head_12,later_to_earlier,0.012809449457264963,0.005796867956746358,0.020903186969063493
comforting,rescue,rms,layer_12.head_02,layer_11.head_08,later_to_earlier,0.0017274989488908449,0.000770657420603225,0.002915682830397114
comforting,rescue,rms,layer_12.head_02,layer_11.head_09,later_to_earlier,0.000968982538106459,0.00047396932516643585,0.0015562951134615783
comforting,rescue,rms,layer_12.head_02,layer_11.head_14,later_to_earlier,-4.890288758655069e-05,-0.0001870477177190048,6.377867075609841e-05
comforting,rescue,rms,layer_12.head_02,layer_11.head_15,later_to_earlier,0.00021826647650250274,5.934652721289314e-05,0.00042742779190784526
comforting,rescue,rms,layer_12.head_02,layer_12.head_02,identity,0.0006936311296918994,0.0002303736884629546,0.0014076359330428185
comforting,rescue,rms,layer_12.head_02,layer_12.head_03,within_layer,0.002239673086384565,0.0010672678264249582,0.003642385517261711
comforting,rescue,rms,layer_12.head_02,layer_12.head_12,within_layer,-0.00010201145880463111,-0.00028259128317136706,7.127071874183955e-05
comforting,rescue,rms,layer_12.head_03,layer_09.head_04,later_to_earlier,0.003789571013146187,0.001759121676044604,0.006135056097173412
comforting,rescue,rms,layer_12.head_03,layer_09.head_11,later_to_earlier,0.003433175937494056,0.001428592149045106,0.005929405382564315
comforting,rescue,rms,layer_12.head_03,layer_09.head_13,later_to_earlier,-4.02475097064916e-05,-0.0003498265341327018,0.0002145386439858189
comforting,rescue,rms,layer_12.head_03,layer_10.head_02,later_to_earlier,0.0008969236861856188,0.00036629793054764823,0.0015191935752174922
comforting,rescue,rms,layer_12.head_03,layer_10.head_12,later_to_earlier,0.012536567423429545,0.005085432708331424,0.022019269335478566
comforting,rescue,rms,layer_12.head_03,layer_11.head_08,later_to_earlier,0.0029898956429384228,0.0012674435278138192,0.005097776353640164
comforting,rescue,rms,layer_12.head_03,layer_11.head_09,later_to_earlier,0.0020622653533746505,0.0010112540002330831,0.0032755959864323495
comforting,rescue,rms,layer_12.head_03,layer_11.head_14,later_to_earlier,0.00025253151291671963,6.940033752105671e-05,0.00048606287105442634
comforting,rescue,rms,layer_12.head_03,layer_11.head_15,later_to_earlier,0.0003478172100527049,8.852331673700433e-05,0.0006872820041134353
comforting,rescue,rms,layer_12.head_03,layer_12.head_02,within_layer,-0.00017826661086961973,-0.000572463188582671,0.00017822873863116844
comforting,rescue,rms,layer_12.head_03,layer_12.head_03,identity,-0.00022704196049548185,-0.0018723624481265702,0.0011698278318108101
comforting,rescue,rms,layer_12.head_03,layer_12.head_12,within_layer,0.00012555740109096298,-0.00013501217307943422,0.0003848725659956706
comforting,rescue,rms,layer_12.head_12,layer_09.head_04,later_to_earlier,0.013172028505461357,0.005937451723397378,0.022363908596537158
comforting,rescue,rms,layer_12.head_12,layer_09.head_11,later_to_earlier,-0.0023255874255292143,-0.0036517617571328364,-0.0011717753274978232
comforting,rescue,rms,layer_12.head_12,layer_09.head_13,later_to_earlier,0.0008621080948910718,0.0004291922858922553,0.0013481647084028702
comforting,rescue,rms,layer_12.head_12,layer_10.head_02,later_to_earlier,0.0013545513265044659,0.0006106839133627053,0.0022421083255959413
comforting,rescue,rms,layer_12.head_12,layer_10.head_12,later_to_earlier,0.0356713986988974,0.02046032365763092,0.055142236637621855
comforting,rescue,rms,layer_12.head_12,layer_11.head_08,later_to_earlier,0.002052662357692427,0.0008747921768916655,0.003452126237543225
comforting,rescue,rms,layer_12.head_12,layer_11.head_09,later_to_earlier,0.0005903786097793004,0.00018928625121076838,0.0010681108117359024
comforting,rescue,rms,layer_12.head_12,layer_11.head_14,later_to_earlier,-0.0010268425959173687,-0.0017201844213436317,-0.0004642514803917235
comforting,rescue,rms,layer_12.head_12,layer_11.head_15,later_to_earlier,0.0003306830334802316,1.4165774641133552e-05,0.0007007321036364071
comforting,rescue,rms,layer_12.head_12,layer_12.head_02,within_layer,0.0015882868475169697,0.0007339483793995462,0.00264496425117267
comforting,rescue,rms,layer_12.head_12,layer_12.head_03,within_layer,0.0004937361581947882,0.00023980834480651772,0.0007988396598771112
comforting,rescue,rms,layer_12.head_12,layer_12.head_12,identity,0.014120392499365513,0.006770030670699857,0.023368883867611597
comforting,rescue,aligned,layer_09.head_04,layer_09.head_04,identity,0.07582299469031471,0.050966931683856506,0.10371500633124002
comforting,rescue,aligned,layer_09.head_04,layer_09.head_11,within_layer,0.01629824708377618,0.008051164564219108,0.02625764026150246
comforting,rescue,aligned,layer_09.head_04,layer_09.head_13,within_layer,0.003442247320771382,0.0017491495340057515,0.0054689396696857165
comforting,rescue,aligned,layer_09.head_04,layer_10.head_02,earlier_to_later,0.004403194995702586,0.002097117540657944,0.007400489122477883
comforting,rescue,aligned,layer_09.head_04,layer_10.head_12,earlier_to_later,0.0375548931692187,0.021054331384268262,0.05743624276826218
comforting,rescue,aligned,layer_09.head_04,layer_11.head_08,earlier_to_later,0.001364512018066094,0.000668541187287872,0.002192325964164914
comforting,rescue,aligned,layer_09.head_04,layer_11.head_09,earlier_to_later,0.0044612747262335745,0.0020788260871503626,0.007384021141072564
comforting,rescue,aligned,layer_09.head_04,layer_11.head_14,earlier_to_later,0.0033296853678022025,0.0016256491563998476,0.0054112698531548495
comforting,rescue,aligned,layer_09.head_04,layer_11.head_15,earlier_to_later,0.0049422337251226935,0.002389918303791195,0.008023725809976668
comforting,rescue,aligned,layer_09.head_04,layer_12.head_02,earlier_to_later,0.0008474928000648019,0.0004118429696369986,0.0013701650079256322
comforting,rescue,aligned,layer_09.head_04,layer_12.head_03,earlier_to_later,0.0005010310556517368,0.00022891376042542512,0.0008353779154053222
comforting,rescue,aligned,layer_09.head_04,layer_12.head_12,earlier_to_later,0.004744037250916812,0.0023726650413812885,0.007678553649225921
comforting,rescue,aligned,layer_09.head_11,layer_09.head_04,within_layer,0.004590363073502314,0.002112876727624509,0.007560879437944944
comforting,rescue,aligned,layer_09.head_11,layer_09.head_11,identity,0.0054680149676845004,0.0025187322021999045,0.009064251399512729
comforting,rescue,aligned,layer_09.head_11,layer_09.head_13,within_layer,0.002001249302058153,0.0009770065797005182,0.0031551565298754023
comforting,rescue,aligned,layer_09.head_11,layer_10.head_02,earlier_to_later,0.002565358905016249,0.001234508181617529,0.004141529056864298
comforting,rescue,aligned,layer_09.head_11,layer_10.head_12,earlier_to_later,0.0011440798308204791,0.0003053674503253155,0.0024066667746234713
comforting,rescue,aligned,layer_09.head_11,layer_11.head_08,earlier_to_later,0.0009090447250249395,0.0004054080488691855,0.0015171842485527348
comforting,rescue,aligned,layer_09.head_11,layer_11.head_09,earlier_to_later,0.0016827216648304052,0.000741538194868474,0.0028010849190104915
comforting,rescue,aligned,layer_09.head_11,layer_11.head_14,earlier_to_later,0.001298216629032755,0.0006184402136460703,0.0020870400930492524
comforting,rescue,aligned,layer_09.head_11,layer_11.head_15,earlier_to_later,0.0009442750514630032,0.00045035428109821353,0.001535631982505936
comforting,rescue,aligned,layer_09.head_11,layer_12.head_02,earlier_to_later,0.0006796846967837264,0.0003438369327647476,0.0010580723460490659
comforting,rescue,aligned,layer_09.head_11,layer_12.head_03,earlier_to_later,0.0008066901157643003,0.0003953184288113876,0.0012739457442299627
comforting,rescue,aligned,layer_09.head_11,layer_12.head_12,earlier_to_later,0.0016865059703216805,0.0008465447219021134,0.0026595477393336034
comforting,rescue,aligned,layer_09.head_13,layer_09.head_04,within_layer,0.00053065717485021,0.00025237937591307373,0.0008566639188195288
comforting,rescue,aligned,layer_09.head_13,layer_09.head_11,within_layer,0.000701365371815874,0.0003414629985751527,0.0011265027765809427
comforting,rescue,aligned,layer_09.head_13,layer_09.head_13,identity,0.0017510525248120596,0.0007777863931952765,0.0029702503193429035
comforting,rescue,aligned,layer_09.head_13,layer_10.head_02,earlier_to_later,0.0005824233465952959,0.00024767343565916354,0.00100064075866644
comforting,rescue,aligned,layer_09.head_13,layer_10.head_12,earlier_to_later,-0.00013588223876147742,-0.00022518110123220954,-5.484364356036998e-05
comforting,rescue,aligned,layer_09.head_13,layer_11.head_08,earlier_to_later,0.00017793686598463677,5.2294345808911337e-05,0.0003336916704728934
comforting,rescue,aligned,layer_09.head_13,layer_11.head_09,earlier_to_later,0.0005601233490258927,0.0002179708696157733,0.0009952576167007031
comforting,rescue,aligned,layer_09.head_13,layer_11.head_14,earlier_to_later,0.0002918424770836008,0.00011523258712161752,0.0005168286098976117
comforting,rescue,aligned,layer_09.head_13,layer_11.head_15,earlier_to_later,0.00044475778753799803,0.00017915579432968367,0.0007823149898671114
comforting,rescue,aligned,layer_09.head_13,layer_12.head_02,earlier_to_later,0.00031433988894005054,0.00015016409753059652,0.00050896365345193
comforting,rescue,aligned,layer_09.head_13,layer_12.head_03,earlier_to_later,2.0888714469877345e-05,-1.5363733383412954e-05,6.644677270261372e-05
comforting,rescue,aligned,layer_09.head_13,layer_12.head_12,earlier_to_later,6.857945990252601e-05,2.838427229693555e-05,0.00011415488063687768
comforting,rescue,aligned,layer_10.head_02,layer_09.head_04,later_to_earlier,0.0005808086530646763,0.00027817109410227476,0.0009737800754028854
comforting,rescue,aligned,layer_10.head_02,layer_09.head_11,later_to_earlier,0.0006761047426236145,0.0003019746678583679,0.0011669501667136751
comforting,rescue,aligned,layer_10.head_02,layer_09.head_13,later_to_earlier,0.0005140436719139821,0.0002420422913642504,0.000839754606471061
comforting,rescue,aligned,layer_10.head_02,layer_10.head_02,identity,0.0015650182617481271,0.0006139048743182157,0.002978753798586855
comforting,rescue,aligned,layer_10.head_02,layer_10.head_12,within_layer,8.122462698379769e-05,-1.271634913550403e-05,0.00020768113062870274
comforting,rescue,aligned,layer_10.head_02,layer_11.head_08,earlier_to_later,0.0002320594914150173,8.436129152194229e-05,0.0004300553263246715
comforting,rescue,aligned,layer_10.head_02,layer_11.head_09,earlier_to_later,0.0008659342355157008,0.0003753438496145088,0.0015004306139357595
comforting,rescue,aligned,layer_10.head_02,layer_11.head_14,earlier_to_later,0.000292373919657453,9.324303529566822e-05,0.0005453666134885188
comforting,rescue,aligned,layer_10.head_02,layer_11.head_15,earlier_to_later,0.000288443270058771,0.00011788463915106179,0.0005018204790283921
comforting,rescue,aligned,layer_10.head_02,layer_12.head_02,earlier_to_later,0.0002961865882218161,0.00014034248963374078,0.00048562650213968336
comforting,rescue,aligned,layer_10.head_02,layer_12.head_03,earlier_to_later,0.0002923515272150988,0.00013300460235630496,0.0004910702061631132
comforting,rescue,aligned,layer_10.head_02,layer_12.head_12,earlier_to_later,0.00022135821408425692,9.026837752128037e-05,0.0003827224620154539
comforting,rescue,aligned,layer_10.head_12,layer_09.head_04,later_to_earlier,0.04868396306654806,0.028815435242725077,0.07118358509689611
comforting,rescue,aligned,layer_10.head_12,layer_09.head_11,later_to_earlier,0.027378225217172047,0.01431168857426905,0.04267547578836273
comforting,rescue,aligned,layer_10.head_12,layer_09.head_13,later_to_earlier,0.004361086429211737,0.002119995421874007,0.007090301086511869
comforting,rescue,aligned,layer_10.head_12,layer_10.head_02,within_layer,0.007719502815117439,0.003538269027605348,0.013022711125689103
comforting,rescue,aligned,layer_10.head_12,layer_10.head_12,identity,0.595660990958411,0.5421822414486434,0.6542909710427629
comforting,rescue,aligned,layer_10.head_12,layer_11.head_08,earlier_to_later,0.010953011643350323,0.004929989224160176,0.01859555064349686
comforting,rescue,aligned,layer_10.head_12,layer_11.head_09,earlier_to_later,0.00817518267477664,0.0035642469373632774,0.014042920481262228
comforting,rescue,aligned,layer_10.head_12,layer_11.head_14,earlier_to_later,0.00434602634816682,0.0019951011937179713,0.007276893151074137
comforting,rescue,aligned,layer_10.head_12,layer_11.head_15,earlier_to_later,0.00899777352984734,0.003992652554045031,0.015345874304270727
comforting,rescue,aligned,layer_10.head_12,layer_12.head_02,earlier_to_later,0.002731180674701883,0.0012941994795319814,0.004539358109531146
comforting,rescue,aligned,layer_10.head_12,layer_12.head_03,earlier_to_later,0.0016409298353004065,0.0007801010466541756,0.002702733189592151
comforting,rescue,aligned,layer_10.head_12,layer_12.head_12,earlier_to_later,0.01120229269134336,0.005568630271870071,0.018290410832375474
comforting,rescue,aligned,layer_11.head_08,layer_09.head_04,later_to_earlier,0.0019280386827910995,0.0008942909932505977,0.0032488897446613994
comforting,rescue,aligned,layer_11.head_08,layer_09.head_11,later_to_earlier,0.00225630483597859,0.0011110172588324088,0.00365853092017696
comforting,rescue,aligned,layer_11.head_08,layer_09.head_13,later_to_earlier,0.00034641525013636527,0.00011672963205569966,0.0006395088018028493
comforting,rescue,aligned,layer_11.head_08,layer_10.head_02,later_to_earlier,0.0019422294858220505,0.0008308463257750695,0.003390996537781351
comforting,rescue,aligned,layer_11.head_08,layer_10.head_12,later_to_earlier,0.002774422121213503,0.0012939791180156916,0.004677363617844198
comforting,rescue,aligned,layer_11.head_08,layer_11.head_08,identity,0.013473830958187551,0.006589210243272128,0.02213807472408188
comforting,rescue,aligned,layer_11.head_08,layer_11.head_09,within_layer,0.004378755179537422,0.0019335885440638603,0.007573596046430434
comforting,rescue,aligned,layer_11.head_08,layer_11.head_14,within_layer,0.0019770515984741045,0.000968363833336843,0.003177942421367035
comforting,rescue,aligned,layer_11.head_08,layer_11.head_15,within_layer,0.0015258222963927207,0.0007519518477027112,0.0024330133792202844
comforting,rescue,aligned,layer_11.head_08,layer_12.head_02,earlier_to_later,0.002600805208609615,0.0011753218966317036,0.004539852418078537
comforting,rescue,aligned,layer_11.head_08,layer_12.head_03,earlier_to_later,0.001555789912836042,0.0007323953971624541,0.002598268107176984
comforting,rescue,aligned,layer_11.head_08,layer_12.head_12,earlier_to_later,0.0033423465871386168,0.0016599763662965227,0.005464427128593167
comforting,rescue,aligned,layer_11.head_09,layer_09.head_04,later_to_earlier,0.0015052569345631473,0.0006979270790759941,0.0025392503144583576
comforting,rescue,aligned,layer_11.head_09,layer_09.head_11,later_to_earlier,0.001234436587249741,0.0005576184428489355,0.002106457571426171
comforting,rescue,aligned,layer_11.head_09,layer_09.head_13,later_to_earlier,0.0005437547300866522,0.00024493705822818744,0.0009052640782919905
comforting,rescue,aligned,layer_11.head_09,layer_10.head_02,later_to_earlier,0.0018991235910285988,0.0007326611038761437,0.003547787442586256
comforting,rescue,aligned,layer_11.head_09,layer_10.head_12,later_to_earlier,0.001591185806761102,0.0006904242655732203,0.0027744456515962014
comforting,rescue,aligned,layer_11.head_09,layer_11.head_08,within_layer,0.0013568961437995014,0.0005980503730739958,0.0023358569267241266
comforting,rescue,aligned,layer_11.head_09,layer_11.head_09,identity,0.006213963032489396,0.002493720519801321,0.01109712488298814
comforting,rescue,aligned,layer_11.head_09,layer_11.head_14,within_layer,0.0007931202377128483,0.000348613705545897,0.0013518244141870368
comforting,rescue,aligned,layer_11.head_09,layer_11.head_15,within_layer,0.0006855612375106078,0.00026453754427896263,0.0012105371322859286
comforting,rescue,aligned,layer_11.head_09,layer_12.head_02,earlier_to_later,0.00033451345003308647,0.00013453487513537173,0.0006080745565957115
comforting,rescue,aligned,layer_11.head_09,layer_12.head_03,earlier_to_later,0.0007997943990919003,0.0003356132429642338,0.0014107971528206742
comforting,rescue,aligned,layer_11.head_09,layer_12.head_12,earlier_to_later,0.001420023312007423,0.000666913643777268,0.0023647182798385005
comforting,rescue,aligned,layer_11.head_14,layer_09.head_04,later_to_earlier,0.00013509369002501358,1.0014457238914289e-05,0.00027787138486824167
comforting,rescue,aligned,layer_11.head_14,layer_09.head_11,later_to_earlier,1.745980376331494e-05,-0.0001255219889728043,0.00016996489287779762
comforting,rescue,aligned,layer_11.head_14,layer_09.head_13,later_to_earlier,0.0002609956352689378,0.0001338368474943239,0.0004132780625577066
comforting,rescue,aligned,layer_11.head_14,layer_10.head_02,later_to_earlier,0.00021538856548413682,4.591550857129711e-05,0.00042332499754075414
comforting,rescue,aligned,layer_11.head_14,layer_10.head_12,later_to_earlier,7.532730141101051e-05,-1.600589529114009e-05,0.00018989265925086534
comforting,rescue,aligned,layer_11.head_14,layer_11.head_08,within_layer,-0.0001082826549243275,-0.0002308700500955441,-1.2687469742319341e-05
comforting,rescue,aligned,layer_11.head_14,layer_11.head_09,within_layer,0.0005770393468245221,0.00020422285798420134,0.0010432677777260483
comforting,rescue,aligned,layer_11.head_14,layer_11.head_14,identity,0.0007509112201533123,0.00034310660533340973,0.0012760348621650979
comforting,rescue,aligned,layer_11.head_14,layer_11.head_15,within_layer,0.0005664318590105731,0.00023471376033480025,0.0010484042750346333
comforting,rescue,aligned,layer_11.head_14,layer_12.head_02,earlier_to_later,0.0004431826914427585,0.0001822892635063705,0.000780267692018102
comforting,rescue,aligned,layer_11.head_14,layer_12.head_03,earlier_to_later,0.00028940670224953085,0.00012279153619788793,0.0005253281794318063
comforting,rescue,aligned,layer_11.head_14,layer_12.head_12,earlier_to_later,0.00029876999545675977,0.00014170981927039467,0.0005035028494823735
comforting,rescue,aligned,layer_11.head_15,layer_09.head_04,later_to_earlier,0.00021175855703813322,8.233333833446355e-05,0.00036696508462612476
comforting,rescue,aligned,layer_11.head_15,layer_09.head_11,later_to_earlier,0.00015487014361234469,-1.2776440677732614e-05,0.0003748839508070473
comforting,rescue,aligned,layer_11.head_15,layer_09.head_13,later_to_earlier,0.0003222892783923699,0.0001322218846909397,0.000543783333614093
comforting,rescue,aligned,layer_11.head_15,layer_10.head_02,later_to_earlier,-9.869797780105709e-05,-0.00024062690298124953,7.731564103241589e-06
comforting,rescue,aligned,layer_11.head_15,layer_10.head_12,later_to_earlier,-0.00015528706955057251,-0.00034171839306607494,-6.254376871297179e-06
comforting,rescue,aligned,layer_11.head_15,layer_11.head_08,within_layer,0.00040063066954891774,0.00018253290681179146,0.0006410181970669768
comforting,rescue,aligned,layer_11.head_15,layer_11.head_09,within_layer,-0.00015010396212418244,-0.0003951033991909596,6.205017275838033e-05
comforting,rescue,aligned,layer_11.head_15,layer_11.head_14,within_layer,1.6682196888025856e-06,-0.0001465613535186945,0.00018669287090730132
comforting,rescue,aligned,layer_11.head_15,layer_11.head_15,identity,0.0005123873574072142,0.00010081955141501833,0.001012340332521274
comforting,rescue,aligned,layer_11.head_15,layer_12.head_02,earlier_to_later,-7.15655401534183e-05,-0.00013752827590050022,-9.913757010642299e-06
comforting,rescue,aligned,layer_11.head_15,layer_12.head_03,earlier_to_later,-0.00014676212835592982,-0.00028689932835780743,-2.9444642184469675e-05
comforting,rescue,aligned,layer_11.head_15,layer_12.head_12,earlier_to_later,7.841919593829804e-05,2.612073224179226e-07,0.0001624376227208059
comforting,rescue,aligned,layer_12.head_02,layer_09.head_04,later_to_earlier,-0.00011387616821998967,-0.0002486376970992073,4.281610356628889e-06
comforting,rescue,aligned,layer_12.head_02,layer_09.head_11,later_to_earlier,-0.0002696339870068745,-0.0005065798662932205,-7.28665007230861e-05
comforting,rescue,aligned,layer_12.head_02,layer_09.head_13,later_to_earlier,0.00032945731283173644,0.00012160541877521985,0.0006051033649455866
comforting,rescue,aligned,layer_12.head_02,layer_10.head_02,later_to_earlier,0.00014477615297771572,-4.32996057819754e-05,0.0003893215165820496
comforting,rescue,aligned,layer_12.head_02,layer_10.head_12,later_to_earlier,-0.00014214740806960867,-0.000267411336196648,-4.285731063515599e-05
comforting,rescue,aligned,layer_12.head_02,layer_11.head_08,later_to_earlier,0.0007547382882770786,0.0003356132280896017,0.0012893258311990879
comforting,rescue,aligned,layer_12.head_02,layer_11.head_09,later_to_earlier,0.00016657946226019272,-4.716038957956667e-05,0.000430656904452641
comforting,rescue,aligned,layer_12.head_02,layer_11.head_14,later_to_earlier,0.0003232081231044616,0.00010339611295085807,0.0006077105655554799
comforting,rescue,aligned,layer_12.head_02,layer_11.head_15,later_to_earlier,0.0001676220349448528,5.1206244045892196e-05,0.0003139384691608935
comforting,rescue,aligned,layer_12.head_02,layer_12.head_02,identity,0.0006936311296918994,0.0002303736884629546,0.0014076359330428185
comforting,rescue,aligned,layer_12.head_02,layer_12.head_03,within_layer,0.00019508273435506982,7.100469005474143e-05,0.0003557844263646203
comforting,rescue,aligned,layer_12.head_02,layer_12.head_12,within_layer,7.224218981711879e-05,1.5195203232194555e-05,0.00015218619797084803
comforting,rescue,aligned,layer_12.head_03,layer_09.head_04,later_to_earlier,0.0002897983754195017,0.00011915951481465238,0.000520514311216032
comforting,rescue,aligned,layer_12.head_03,layer_09.head_11,later_to_earlier,0.0003671497982200605,0.0001696587019366926,0.0006217517075664063
comforting,rescue,aligned,layer_12.head_03,layer_09.head_13,later_to_earlier,-0.0001460603156071343,-0.0002688223021864565,-4.82038050556286e-05
comforting,rescue,aligned,layer_12.head_03,layer_10.head_02,later_to_earlier,0.0007535270535209154,0.0002891114375376863,0.0013762610832246107
comforting,rescue,aligned,layer_12.head_03,layer_10.head_12,later_to_earlier,4.155019757847193e-05,-8.187091958697784e-05,0.00019691726025377454
comforting,rescue,aligned,layer_12.head_03,layer_11.head_08,later_to_earlier,0.00041208353069081664,2.4333979385576682e-05,0.0008727570375369223
comforting,rescue,aligned,layer_12.head_03,layer_11.head_09,later_to_earlier,0.0007766051839521981,0.0001225069875586731,0.0016279515953062876
comforting,rescue,aligned,layer_12.head_03,layer_11.head_14,later_to_earlier,4.7150304648217136e-05,-4.7806188864829316e-05,0.0001709073568373544
comforting,rescue,aligned,layer_12.head_03,layer_11.head_15,later_to_earlier,6.625954978632175e-05,-0.00010116256634172237,0.0002501881138669708
comforting,rescue,aligned,layer_12.head_03,layer_12.head_02,within_layer,0.00025894060694856783,-4.262290419890407e-05,0.0006091255139802602
comforting,rescue,aligned,layer_12.head_03,layer_12.head_03,identity,-0.00022704196049548185,-0.0018723624481265702,0.0011698278318108101
comforting,rescue,aligned,layer_12.head_03,layer_12.head_12,within_layer,0.00033248463367846964,-6.962911803432607e-05,0.0008245270138131068
comforting,rescue,aligned,layer_12.head_12,layer_09.head_04,later_to_earlier,0.0034009818770249964,0.0015977806363380654,0.005673912448089261
comforting,rescue,aligned,layer_12.head_12,layer_09.head_11,later_to_earlier,0.003135234811859481,0.0015091680555108231,0.005120076357403441
comforting,rescue,aligned,layer_12.head_12,layer_09.head_13,later_to_earlier,0.0011311769877792653,0.0005479398672391111,0.0018208650610643082
comforting,rescue,aligned,layer_12.head_12,layer_10.head_02,later_to_earlier,0.0011871590062167243,0.0005796563055485266,0.00194185444326217
comforting,rescue,aligned,layer_12.head_12,layer_10.head_12,later_to_earlier,0.004739702485897994,0.0021908378457971673,0.007965594122429018
comforting,rescue,aligned,layer_12.head_12,layer_11.head_08,later_to_earlier,0.004043062577353088,0.001873992495255932,0.00668870257882368
comforting,rescue,aligned,layer_12.head_12,layer_11.head_09,later_to_earlier,0.003550350409388726,0.0016765800540617759,0.005866339577746289
comforting,rescue,aligned,layer_12.head_12,layer_11.head_14,later_to_earlier,0.001232159121236177,0.0006041994036200829,0.001951860909856106
comforting,rescue,aligned,layer_12.head_12,layer_11.head_15,later_to_earlier,0.0016197969736271047,0.0007546120151365033,0.0026740388639348144
comforting,rescue,aligned,layer_12.head_12,layer_12.head_02,within_layer,0.0014091901553293486,0.0006935586930918716,0.002254290161021882
comforting,rescue,aligned,layer_12.head_12,layer_12.head_03,within_layer,0.002967655878436079,0.0014335172509876224,0.004848601156305525
comforting,rescue,aligned,layer_12.head_12,layer_12.head_12,identity,0.014120392377726282,0.006770030429018305,0.02336888374193913
german,induction,raw,layer_09.head_04,layer_09.head_04,identity,0.009129137609412469,0.0065977295272443585,0.011807458008582782
german,induction,raw,layer_09.head_04,layer_09.head_11,within_layer,-0.0014361399720092933,-0.0021053715192582622,-0.0008084376976490139
german,induction,raw,layer_09.head_04,layer_09.head_13,within_layer,0.002348068075735319,0.0014144112189409597,0.0035648125682665203
german,induction,raw,layer_09.head_04,layer_10.head_02,earlier_to_later,-0.0026421821165016016,-0.0047560869472660595,-0.0010568620122371418
german,induction,raw,layer_09.head_04,layer_10.head_12,earlier_to_later,0.004394917029403217,0.0019296208484280955,0.007347325697965444
german,induction,raw,layer_09.head_04,layer_11.head_08,earlier_to_later,0.005437005559941227,0.0034531305213761046,0.0077840726708629645
german,induction,raw,layer_09.head_04,layer_11.head_09,earlier_to_later,-0.00032576296262465816,-0.0011083568256795105,0.0006197795786640142
german,induction,raw,layer_09.head_04,layer_11.head_14,earlier_to_later,0.0010672775482603253,-0.0005791264604979605,0.003256503625784804
german,induction,raw,layer_09.head_04,layer_11.head_15,earlier_to_later,0.0002558452758947884,-0.001426443209228909,0.0017931100878764458
german,induction,raw,layer_09.head_04,layer_12.head_02,earlier_to_later,-0.0030741336501786194,-0.004992123339865901,-0.0016607768591306979
german,induction,raw,layer_09.head_04,layer_12.head_03,earlier_to_later,0.0010787985690653013,0.00016826842884114205,0.002291939511646169
german,induction,raw,layer_09.head_04,layer_12.head_12,earlier_to_later,-0.0007031726283967062,-0.0016749215944579139,0.00024517640199445107
german,induction,raw,layer_09.head_11,layer_09.head_04,within_layer,0.0020261924410716814,0.0012946498256672513,0.002911592200109193
german,induction,raw,layer_09.head_11,layer_09.head_11,identity,0.012933693135312882,0.009336500619561173,0.016776622856366417
german,induction,raw,layer_09.head_11,layer_09.head_13,within_layer,-0.0003174325868755542,-0.0009461029800676726,0.00024319064401871345
german,induction,raw,layer_09.head_11,layer_10.head_02,earlier_to_later,-0.000396892389660369,-0.0020435822712203595,0.0010745310343144828
german,induction,raw,layer_09.head_11,layer_10.head_12,earlier_to_later,-0.0008250677393417793,-0.002758362997671922,0.0009511741183226609
german,induction,raw,layer_09.head_11,layer_11.head_08,earlier_to_later,-0.0014128268475568709,-0.002812798919426304,-0.00020735519587180006
german,induction,raw,layer_09.head_11,layer_11.head_09,earlier_to_later,-0.0052897018541714375,-0.007810840966973624,-0.003339651189008255
german,induction,raw,layer_09.head_11,layer_11.head_14,earlier_to_later,0.0012896034306836945,0.00028455147847294775,0.0023858594922284964
german,induction,raw,layer_09.head_11,layer_11.head_15,earlier_to_later,0.011372399636592026,0.008021793618894555,0.01504400125706558
german,induction,raw,layer_09.head_11,layer_12.head_02,earlier_to_later,-0.00020069618242268573,-0.0014689078745465584,0.0011762071671986129
german,induction,raw,layer_09.head_11,layer_12.head_03,earlier_to_later,0.004641762354928,0.002827002702953239,0.006930401414075482
german,induction,raw,layer_09.head_11,layer_12.head_12,earlier_to_later,-0.0025135451752642986,-0.003788427485683483,-0.00145586879480756
german,induction,raw,layer_09.head_13,layer_09.head_04,within_layer,-0.00468459073320984,-0.007369379722203585,-0.002491205669400375
german,induction,raw,layer_09.head_13,layer_09.head_11,within_layer,0.003810467842694684,0.002264577050950591,0.005743801792372042
german,induction,raw,layer_09.head_13,layer_09.head_13,identity,0.003297370370952688,0.0022442224242546723,0.0043120227876530595
german,induction,raw,layer_09.head_13,layer_10.head_02,earlier_to_later,0.0005421711065969068,-0.0007033376334588596,0.001924702321784699
german,induction,raw,layer_09.head_13,layer_10.head_12,earlier_to_later,-0.0010165118643509629,-0.0029074337729120673,0.0009381337646805827
german,induction,raw,layer_09.head_13,layer_11.head_08,earlier_to_later,0.0003921701265445411,-0.0008554468589624976,0.001438524282355523
german,induction,raw,layer_09.head_13,layer_11.head_09,earlier_to_later,-0.005143422841546186,-0.007333533795422982,-0.003433225131931717
german,induction,raw,layer_09.head_13,layer_11.head_14,earlier_to_later,0.0024614566070836827,0.001092930399588951,0.0042408512126329385
german,induction,raw,layer_09.head_13,layer_11.head_15,earlier_to_later,0.0022598224780260505,0.0011492897219543402,0.0034526271001182425
german,induction,raw,layer_09.head_13,layer_12.head_02,earlier_to_later,-0.002855188170800851,-0.004882685546017176,-0.0013043895668695751
german,induction,raw,layer_09.head_13,layer_12.head_03,earlier_to_later,-0.0009531652257225667,-0.001922488630955436,-0.00019467829960891788
german,induction,raw,layer_09.head_13,layer_12.head_12,earlier_to_later,0.0018361769226423145,0.001091728634991297,0.0024903428671358874
german,induction,raw,layer_10.head_02,layer_09.head_04,later_to_earlier,-0.004303456389182254,-0.006990394592411657,-0.0021362807176142124
german,induction,raw,layer_10.head_02,layer_09.head_11,later_to_earlier,0.002026195151900106,0.0007963575783620967,0.0035596522401659812
german,induction,raw,layer_10.head_02,layer_09.head_13,later_to_earlier,-0.0018548436871748007,-0.0030336637821026177,-0.0009506123764160039
german,induction,raw,layer_10.head_02,layer_10.head_02,identity,0.018598497740266947,0.012745658231956962,0.02565696487567186
german,induction,raw,layer_10.head_02,layer_10.head_12,within_layer,-0.005512380144290018,-0.008468885454405186,-0.0033204994281342782
german,induction,raw,layer_10.head_02,layer_11.head_08,earlier_to_later,0.0021532028852541637,-0.00045068901444097857,0.005196684619664316
german,induction,raw,layer_10.head_02,layer_11.head_09,earlier_to_later,0.0010299684166511752,-0.0005575857933937662,0.0028413565526408378
german,induction,raw,layer_10.head_02,layer_11.head_14,earlier_to_later,-0.000998186664199989,-0.002821098420128408,0.0005814426848451488
german,induction,raw,layer_10.head_02,layer_11.head_15,earlier_to_later,0.0008132241299542637,-0.000811846582420792,0.002452851894812153
german,induction,raw,layer_10.head_02,layer_12.head_02,earlier_to_later,0.0011587381884812882,0.00015948728332936828,0.00214474803851953
german,induction,raw,layer_10.head_02,layer_12.head_03,earlier_to_later,-0.0029150378407613842,-0.004430321704466201,-0.0017371535694453387
german,induction,raw,layer_10.head_02,layer_12.head_12,earlier_to_later,-0.0036634054006546937,-0.005576719187666885,-0.0021528605744047143
german,induction,raw,layer_10.head_12,layer_09.head_04,later_to_earlier,0.0031336010933312695,0.0020803062915896414,0.004445799352121828
german,induction,raw,layer_10.head_12,layer_09.head_11,later_to_earlier,0.0005617839502496133,-1.1612963332603834e-05,0.001198798617186775
german,induction,raw,layer_10.head_12,layer_09.head_13,later_to_earlier,-0.001296201587069415,-0.0018484749999737025,-0.0007711342944299647
german,induction,raw,layer_10.head_12,layer_10.head_02,within_layer,0.0017609270364010593,0.0008994191751945343,0.002756943281453952
german,induction,raw,layer_10.head_12,layer_10.head_12,identity,0.004428788830569847,0.0014182713464757693,0.008107085437424073
german,induction,raw,layer_10.head_12,layer_11.head_08,earlier_to_later,0.0008646729426266505,-0.0009795680871020301,0.0024699128260198913
german,induction,raw,layer_10.head_12,layer_11.head_09,earlier_to_later,-0.0016348084547703032,-0.0033326590713401226,-0.00036098394651235194
german,induction,raw,layer_10.head_12,layer_11.head_14,earlier_to_later,-0.0019328450642671269,-0.0031813852387691235,-0.0009430610741110292
german,induction,raw,layer_10.head_12,layer_11.head_15,earlier_to_later,0.0033129223936251935,0.0016144640323055089,0.0056478069760948525
german,induction,raw,layer_10.head_12,layer_12.head_02,earlier_to_later,-0.0023320904530001354,-0.0038030929258258545,-0.0011649455448374839
german,induction,raw,layer_10.head_12,layer_12.head_03,earlier_to_later,8.251761724787674e-05,-0.0008261990414999318,0.0008545128702158698
german,induction,raw,layer_10.head_12,layer_12.head_12,earlier_to_later,0.0013481437705150973,0.00073761246108689,0.0021414568759127754
german,induction,raw,layer_11.head_08,layer_09.head_04,later_to_earlier,0.00010351840505402985,-0.0072857465205802404,0.006293326089537947
german,induction,raw,layer_11.head_08,layer_09.head_11,later_to_earlier,-0.019149297413739674,-0.02632453541071827,-0.013358346599431348
german,induction,raw,layer_11.head_08,layer_09.head_13,later_to_earlier,0.024054367955215664,0.01815457163153105,0.03013922094558025
german,induction,raw,layer_11.head_08,layer_10.head_02,later_to_earlier,-0.00305097233211798,-0.007435500773298156,0.001554032481393006
german,induction,raw,layer_11.head_08,layer_10.head_12,later_to_earlier,-0.03629685676962689,-0.05588688992261886,-0.020776342183751937
german,induction,raw,layer_11.head_08,layer_11.head_08,identity,0.668689234518351,0.5728972417571551,0.7489012274755559
german,induction,raw,layer_11.head_08,layer_11.head_09,within_layer,0.15369225819088314,0.118786913441223,0.19153831500315427
german,induction,raw,layer_11.head_08,layer_11.head_14,within_layer,0.00018687366828513898,-0.003686550971421182,0.003353237939336765
german,induction,raw,layer_11.head_08,layer_11.head_15,within_layer,0.05529769837551628,0.041944561525932705,0.07075731427633573
german,induction,raw,layer_11.head_08,layer_12.head_02,earlier_to_later,0.008235014226779875,0.005368310414540289,0.011180907499820585
german,induction,raw,layer_11.head_08,layer_12.head_03,earlier_to_later,0.019494047018650935,0.012142261962728166,0.028994993438693512
german,induction,raw,layer_11.head_08,layer_12.head_12,earlier_to_later,-0.015302870431991342,-0.023191705953813715,-0.009168346154635333
german,induction,raw,layer_11.head_09,layer_09.head_04,later_to_earlier,-0.00385482241737963,-0.009292337012756516,0.0005136810497298405
german,induction,raw,layer_11.head_09,layer_09.head_11,later_to_earlier,-0.015392311505035903,-0.020882076077478492,-0.010840293466607967
german,induction,raw,layer_11.head_09,layer_09.head_13,later_to_earlier,0.015136216832926042,0.011705084370819331,0.018769989172158892
german,induction,raw,layer_11.head_09,layer_10.head_02,later_to_earlier,-0.0037233526604385156,-0.006467647837771797,-0.0011877197328153115
german,induction,raw,layer_11.head_09,layer_10.head_12,later_to_earlier,-0.028672207249295683,-0.044168827661976946,-0.016390931867466756
german,induction,raw,layer_11.head_09,layer_11.head_08,within_layer,0.41247973171641994,0.3361332985649719,0.4943110647338006
german,induction,raw,layer_11.head_09,layer_11.head_09,identity,0.10408293236264526,0.07895828951835102,0.13235732413891368
german,induction,raw,layer_11.head_09,layer_11.head_14,within_layer,-0.002359456265947485,-0.005001319195752146,-0.0002284448162748184
german,induction,raw,layer_11.head_09,layer_11.head_15,within_layer,0.03615537592331336,0.026552790075448265,0.047977056507453535
german,induction,raw,layer_11.head_09,layer_12.head_02,earlier_to_later,0.003752607920797881,0.0017773459561570028,0.005581083365382142
german,induction,raw,layer_11.head_09,layer_12.head_03,earlier_to_later,0.013737291113531034,0.008674767080593684,0.020274380827078765
german,induction,raw,layer_11.head_09,layer_12.head_12,earlier_to_later,-0.01196022922634616,-0.017779521625212503,-0.007340152060071482
german,induction,raw,layer_11.head_14,layer_09.head_04,later_to_earlier,0.004191726884829806,0.0026777687608803614,0.005695449006846404
german,induction,raw,layer_11.head_14,layer_09.head_11,later_to_earlier,-0.0037631422000562664,-0.005424919989522189,-0.0021336590347722467
german,induction,raw,layer_11.head_14,layer_09.head_13,later_to_earlier,-0.00021375966460131641,-0.0019909842874941647,0.001118872330625259
german,induction,raw,layer_11.head_14,layer_10.head_02,later_to_earlier,-0.0008039937591681592,-0.0023312079479732863,0.0006458753560092174
german,induction,raw,layer_11.head_14,layer_10.head_12,later_to_earlier,-0.004587445485782281,-0.0095479027970562,-0.0011975977643697041
german,induction,raw,layer_11.head_14,layer_11.head_08,within_layer,-0.001703712291669335,-0.003980509466944805,6.828680267840268e-05
german,induction,raw,layer_11.head_14,layer_11.head_09,within_layer,0.009129330078230623,0.0067069650551756285,0.011727686976211566
german,induction,raw,layer_11.head_14,layer_11.head_14,identity,0.012580881526666565,0.009229606268646176,0.016276566921741984
german,induction,raw,layer_11.head_14,layer_11.head_15,within_layer,0.0662023039049999,0.04871562213844614,0.08811640205295183
german,induction,raw,layer_11.head_14,layer_12.head_02,earlier_to_later,-0.006291401752009838,-0.008845887768250014,-0.004232292993254666
german,induction,raw,layer_11.head_14,layer_12.head_03,earlier_to_later,-0.00024267336057916968,-0.0015584857356383218,0.0008886979787705674
german,induction,raw,layer_11.head_14,layer_12.head_12,earlier_to_later,0.004260367771371642,0.0029522933168035594,0.0060197348196992075
german,induction,raw,layer_11.head_15,layer_09.head_04,later_to_earlier,0.008287555503307415,0.004800898970521185,0.012081051410471862
german,induction,raw,layer_11.head_15,layer_09.head_11,later_to_earlier,-0.0010979424394005348,-0.0049696844092817416,0.00287471519106288
german,induction,raw,layer_11.head_15,layer_09.head_13,later_to_earlier,0.0006334284346860172,-0.002564530478156143,0.0028373628234874704
german,induction,raw,layer_11.head_15,layer_10.head_02,later_to_earlier,0.00019313297111777194,-0.002505161947435785,0.0028756581694225672
german,induction,raw,layer_11.head_15,layer_10.head_12,later_to_earlier,-0.011786321450416361,-0.01875399281517986,-0.006417205349739963
german,induction,raw,layer_11.head_15,layer_11.head_08,within_layer,0.0019546157273458947,-0.001732027058341455,0.0057244029154936375
german,induction,raw,layer_11.head_15,layer_11.head_09,within_layer,0.02367762515323609,0.017829692843093985,0.030892006301733565
german,induction,raw,layer_11.head_15,layer_11.head_14,within_layer,0.019133973100654844,0.01424536009902627,0.024094391992114828
german,induction,raw,layer_11.head_15,layer_11.head_15,identity,0.15088672426433752,0.11422195840796591,0.1938141348334017
german,induction,raw,layer_11.head_15,layer_12.head_02,earlier_to_later,-0.01418079890878255,-0.020134932004012795,-0.009422524005184075
german,induction,raw,layer_11.head_15,layer_12.head_03,earlier_to_later,-0.0017851916616305516,-0.004561668219311629,0.0005345035953599823
german,induction,raw,layer_11.head_15,layer_12.head_12,earlier_to_later,0.008201025859990982,0.005970218135137224,0.010941720344869564
german,induction,raw,layer_12.head_02,layer_09.head_04,later_to_earlier,-0.008286262438148834,-0.011478575874298637,-0.005604013621838402
german,induction,raw,layer_12.head_02,layer_09.head_11,later_to_earlier,-0.003150391964593863,-0.005308385166427033,-0.0009904256933683435
german,induction,raw,layer_12.head_02,layer_09.head_13,later_to_earlier,0.004476201219717855,0.002652127228638773,0.006651244902154054
german,induction,raw,layer_12.head_02,layer_10.head_02,later_to_earlier,-0.0024068713659239176,-0.005839873249314727,0.0005230109704261393
german,induction,raw,layer_12.head_02,layer_10.head_12,later_to_earlier,0.026659807503248877,0.017700364206648892,0.03715449888033285
german,induction,raw,layer_12.head_02,layer_11.head_08,later_to_earlier,0.015058692561636463,0.009907036429910945,0.02106089879518183
german,induction,raw,layer_12.head_02,layer_11.head_09,later_to_earlier,0.0030762887587762557,-0.00015780334478013454,0.0063591772852853185
german,induction,raw,layer_12.head_02,layer_11.head_14,later_to_earlier,0.010166902368613083,0.0070910067857570865,0.01332566768895622
german,induction,raw,layer_12.head_02,layer_11.head_15,later_to_earlier,-0.0024372461984226847,-0.006092078085862383,0.000890972575785206
german,induction,raw,layer_12.head_02,layer_12.head_02,identity,0.022799736922039026,0.018226769371095308,0.02738423754250433
german,induction,raw,layer_12.head_02,layer_12.head_03,within_layer,0.014020233830359127,0.010827094320115267,0.017122082608907494
german,induction,raw,layer_12.head_02,layer_12.head_12,within_layer,0.005376299268198489,0.0024602973608566733,0.008689372865418186
german,induction,raw,layer_12.head_03,layer_09.head_04,later_to_earlier,-0.008038094228352796,-0.011545646332716453,-0.005197208587578192
german,induction,raw,layer_12.head_03,layer_09.head_11,later_to_earlier,-0.0041490448912829,-0.0061995369910448185,-0.002113681115414863
german,induction,raw,layer_12.head_03,layer_09.head_13,later_to_earlier,0.005560746745043521,0.0035935903615174534,0.007837681225928785
german,induction,raw,layer_12.head_03,layer_10.head_02,later_to_earlier,-0.0038037720964856745,-0.007267129047502398,-0.00078161064454556
german,induction,raw,layer_12.head_03,layer_10.head_12,later_to_earlier,0.02201978821099796,0.013006738385262884,0.032176956772023695
german,induction,raw,layer_12.head_03,layer_11.head_08,later_to_earlier,0.02319135403958493,0.01584543452564106,0.03205078674079335
german,induction,raw,layer_12.head_03,layer_11.head_09,later_to_earlier,0.005611970558956657,0.0025905095966972783,0.008564514533360412
german,induction,raw,layer_12.head_03,layer_11.head_14,later_to_earlier,0.009404121333985641,0.0062761499010643255,0.012655220615686956
german,induction,raw,layer_12.head_03,layer_11.head_15,later_to_earlier,-0.0019033349860358394,-0.005487378315396157,0.0013187176578908118
german,induction,raw,layer_12.head_03,layer_12.head_02,within_layer,0.026982013858980327,0.020899122117091776,0.033449526266778044
german,induction,raw,layer_12.head_03,layer_12.head_03,identity,0.01668726882185838,0.012486106522177482,0.02115530703664765
german,induction,raw,layer_12.head_03,layer_12.head_12,within_layer,0.005615871441059801,0.0021502195868537037,0.00968693713832439
german,induction,raw,layer_12.head_12,layer_09.head_04,later_to_earlier,0.014396361274286291,0.009483557440977515,0.02017930613656208
german,induction,raw,layer_12.head_12,layer_09.head_11,later_to_earlier,0.0104699648540093,0.006691867748090203,0.014095734602225535
german,induction,raw,layer_12.head_12,layer_09.head_13,later_to_earlier,0.008949697032667858,0.006292572639453232,0.011871269746650889
german,induction,raw,layer_12.head_12,layer_10.head_02,later_to_earlier,0.003444264741630347,0.0014645965442222075,0.005532531720615236
german,induction,raw,layer_12.head_12,layer_10.head_12,later_to_earlier,0.02467268081060555,0.016668061724616108,0.03425895715361187
german,induction,raw,layer_12.head_12,layer_11.head_08,later_to_earlier,0.02514701885753118,0.016429389122725964,0.03453584198923632
german,induction,raw,layer_12.head_12,layer_11.head_09,later_to_earlier,0.014748335236949376,0.008957497440868623,0.020929723694738982
german,induction,raw,layer_12.head_12,layer_11.head_14,later_to_earlier,-0.006206167884680412,-0.01246193661949494,-0.0012142915099414434
german,induction,raw,layer_12.head_12,layer_11.head_15,later_to_earlier,0.0006939449684390264,-0.002873653558083705,0.004544208142524116
german,induction,raw,layer_12.head_12,layer_12.head_02,within_layer,0.00010727290242223974,-0.0027319665367002005,0.00291326415208021
german,induction,raw,layer_12.head_12,layer_12.head_03,within_layer,-0.013199728415256119,-0.01811566695266404,-0.008708674178576724
german,induction,raw,layer_12.head_12,layer_12.head_12,identity,0.008308957493720424,0.0056756271076230285,0.010930909468006277
german,induction,rms,layer_09.head_04,layer_09.head_04,identity,0.009129137609412469,0.0065977295272443585,0.011807458008582782
german,induction,rms,layer_09.head_04,layer_09.head_11,within_layer,-0.0017495225812183453,-0.002579927323647186,-0.0009632786016357135
german,induction,rms,layer_09.head_04,layer_09.head_13,within_layer,0.00289277922856617,0.001969145967734917,0.0039887699022033065
german,induction,rms,layer_09.head_04,layer_10.head_02,earlier_to_later,-0.0035649372689558804,-0.00640570740902635,-0.0014850919307756259
german,induction,rms,layer_09.head_04,layer_10.head_12,earlier_to_later,0.00408876419960284,0.001813079657036091,0.00680576364019576
german,induction,rms,layer_09.head_04,layer_11.head_08,earlier_to_later,0.028337235602512317,0.019512130301869036,0.038350884276637714
german,induction,rms,layer_09.head_04,layer_11.head_09,earlier_to_later,0.0037136018105948685,0.0008922944791963429,0.0067703748225459385
german,induction,rms,layer_09.head_04,layer_11.head_14,earlier_to_later,0.0032861312763038802,-0.00013360088391645985,0.007968179714207607
german,induction,rms,layer_09.head_04,layer_11.head_15,earlier_to_later,0.006059929534481531,0.0009873400774022191,0.011160839561486424
german,induction,rms,layer_09.head_04,layer_12.head_02,earlier_to_later,-0.008110429974037499,-0.013229474118615846,-0.004273345633223907
german,induction,rms,layer_09.head_04,layer_12.head_03,earlier_to_later,0.004104446342039731,0.0017557936885930592,0.006617383093379283
german,induction,rms,layer_09.head_04,layer_12.head_12,earlier_to_later,-0.0015989225080841208,-0.0046449759090472645,0.001387056791400464
german,induction,rms,layer_09.head_11,layer_09.head_04,within_layer,0.0016807813940247953,0.0009660168067598922,0.0025749932492996467
german,induction,rms,layer_09.head_11,layer_09.head_11,identity,0.012933693135312882,0.009336500619561173,0.016776622856366417
german,induction,rms,layer_09.head_11,layer_09.head_13,within_layer,-0.0002812836898321759,-0.000986173945859687,0.0003697470475313803
german,induction,rms,layer_09.head_11,layer_10.head_02,earlier_to_later,-0.000689580534675259,-0.0026232969509493234,0.0009554323254839928
german,induction,rms,layer_09.head_11,layer_10.head_12,earlier_to_later,-0.0007043735253888484,-0.0024219289055117527,0.000913153132765563
german,induction,rms,layer_09.head_11,layer_11.head_08,earlier_to_later,0.005245377098599163,0.0016053544847414551,0.009434734159677419
german,induction,rms,layer_09.head_11,layer_11.head_09,earlier_to_later,-0.011922006545557886,-0.019025744643553038,-0.006540873280774114
german,induction,rms,layer_09.head_11,layer_11.head_14,earlier_to_later,0.0037043605964950654,0.0015792400187614225,0.006205641513139656
german,induction,rms,layer_09.head_11,layer_11.head_15,earlier_to_later,0.035500149717264326,0.025042281638478898,0.04751803823912861
german,induction,rms,layer_09.head_11,layer_12.head_02,earlier_to_later,-0.00027965448194893096,-0.0027595855750954337,0.002411009609081647
german,induction,rms,layer_09.head_11,layer_12.head_03,earlier_to_later,0.01137732792266813,0.00701088390591851,0.016742579292721233
german,induction,rms,layer_09.head_11,layer_12.head_12,earlier_to_later,-0.006885035225421256,-0.011088468956938536,-0.00354101280434491
german,induction,rms,layer_09.head_13,layer_09.head_04,within_layer,-0.0038056317247850188,-0.005918516664371285,-0.0020799841889806428
german,induction,rms,layer_09.head_13,layer_09.head_11,within_layer,0.003520132696752434,0.0021635930462523567,0.0050876890828570245
german,induction,rms,layer_09.head_13,layer_09.head_13,identity,0.003297370370952688,0.0022442224242546723,0.0043120227876530595
german,induction,rms,layer_09.head_13,layer_10.head_02,earlier_to_later,0.0006536566363911307,-0.0006584943061013232,0.0022489862505954594
german,induction,rms,layer_09.head_13,layer_10.head_12,earlier_to_later,-0.0012170562403818655,-0.002957505350290475,0.0002938309872312724
german,induction,rms,layer_09.head_13,layer_11.head_08,earlier_to_later,0.014063089316925214,0.007951610987370211,0.02028662053394988
german,induction,rms,layer_09.head_13,layer_11.head_09,earlier_to_later,-0.009580720962541166,-0.014910131992709668,-0.005314232743895824
german,induction,rms,layer_09.head_13,layer_11.head_14,earlier_to_later,0.005092394207279628,0.002648699670127521,0.008286705779900832
german,induction,rms,layer_09.head_13,layer_11.head_15,earlier_to_later,0.010238731189382365,0.007240355772389897,0.013792203772296343
german,induction,rms,layer_09.head_13,layer_12.head_02,earlier_to_later,-0.005487811906276959,-0.009259006374265098,-0.0025263698160432183
german,induction,rms,layer_09.head_13,layer_12.head_03,earlier_to_later,-0.0014940893512441114,-0.003934269044594424,0.00045441257707335884
german,induction,rms,layer_09.head_13,layer_12.head_12,earlier_to_later,0.0056645579195674185,0.0032102235961570277,0.007709755002977158
german,induction,rms,layer_10.head_02,layer_09.head_04,later_to_earlier,-0.0030963814190601343,-0.00531622151916072,-0.0013579897051480602
german,induction,rms,layer_10.head_02,layer_09.head_11,later_to_earlier,0.002017691283131821,0.0009050286770485816,0.003334292090087154
german,induction,rms,layer_10.head_02,layer_09.head_13,later_to_earlier,-0.00174382713069805,-0.0028736036784304487,-0.0008418982276688025
german,induction,rms,layer_10.head_02,layer_10.head_02,identity,0.018598497740266947,0.012745658231956962,0.02565696487567186
german,induction,rms,layer_10.head_02,layer_10.head_12,within_layer,-0.0038217855513678076,-0.005855226885554656,-0.0023333201429120228
german,induction,rms,layer_10.head_02,layer_11.head_08,earlier_to_later,0.01624267940606541,0.0065339953383481714,0.02740060425844929
german,induction,rms,layer_10.head_02,layer_11.head_09,earlier_to_later,0.007948539300514397,0.003186904547117215,0.013288491727980929
german,induction,rms,layer_10.head_02,layer_11.head_14,earlier_to_later,-3.081669753199286e-05,-0.0024489692227608845,0.0024782847271154437
german,induction,rms,layer_10.head_02,layer_11.head_15,earlier_to_later,0.005659445297158433,0.0023862391104946517,0.009253188784007875
german,induction,rms,layer_10.head_02,layer_12.head_02,earlier_to_later,0.0022088941444112064,0.00010276354135319383,0.004099503192396652
german,induction,rms,layer_10.head_02,layer_12.head_03,earlier_to_later,-0.006378183502369769,-0.01054564932778816,-0.003560845594799481
german,induction,rms,layer_10.head_02,layer_12.head_12,earlier_to_later,-0.00906302050413403,-0.013981785762216821,-0.005188600766897122
german,induction,rms,layer_10.head_12,layer_09.head_04,later_to_earlier,0.0032626202613764547,0.002050897461796147,0.004899065149620715
german,induction,rms,layer_10.head_12,layer_09.head_11,later_to_earlier,0.0008827080841361815,0.00018443835633214195,0.0016692917953392919
german,induction,rms,layer_10.head_12,layer_09.head_13,later_to_earlier,-0.0014921511089204505,-0.002087007181278166,-0.0009234054597146567
german,induction,rms,layer_10.head_12,layer_10.head_02,within_layer,0.002894796084914147,0.0015443783313442753,0.004499138725244692
german,induction,rms,layer_10.head_12,layer_10.head_12,identity,0.004428788830569847,0.0014182713464757693,0.008107085437424073
german,induction,rms,layer_10.head_12,layer_11.head_08,earlier_to_later,0.010919290087060222,0.0035277335113690737,0.018832712021626088
german,induction,rms,layer_10.head_12,layer_11.head_09,earlier_to_later,-0.001173861900262691,-0.007542590826054887,0.0037722458934197622
german,induction,rms,layer_10.head_12,layer_11.head_14,earlier_to_later,-0.003585897394335663,-0.006360221800042542,-0.001466230115478134
german,induction,rms,layer_10.head_12,layer_11.head_15,earlier_to_later,0.014391614613714642,0.00872300982434235,0.0218255692075297
german,induction,rms,layer_10.head_12,layer_12.head_02,earlier_to_later,-0.005437550436454591,-0.008668842735114443,-0.002781658581531967
german,induction,rms,layer_10.head_12,layer_12.head_03,earlier_to_later,0.000493923782294091,-0.0025036665804775054,0.0028301837059895385
german,induction,rms,layer_10.head_12,layer_12.head_12,earlier_to_later,0.00475780207647572,0.0029242509954417444,0.006929767121309793
german,induction,rms,layer_11.head_08,layer_09.head_04,later_to_earlier,-0.0014273297796290173,-0.0033470073611228893,0.00012032804966628578
german,induction,rms,layer_11.head_08,layer_09.head_11,later_to_earlier,-0.006351872201679628,-0.00813889656493333,-0.004738540100371751
german,induction,rms,layer_11.head_08,layer_09.head_13,later_to_earlier,0.004771930914225259,0.00344745285752559,0.006151335530458418
german,induction,rms,layer_11.head_08,layer_10.head_02,later_to_earlier,-0.002215335072748294,-0.0035079674421965314,-0.0008554294801383879
german,induction,rms,layer_11.head_08,layer_10.head_12,later_to_earlier,-0.01070042322170677,-0.01578034226977817,-0.006568097143042416
german,induction,rms,layer_11.head_08,layer_11.head_08,identity,0.668689234518351,0.5728972417571551,0.7489012274755559
german,induction,rms,layer_11.head_08,layer_11.head_09,within_layer,0.1048273746429796,0.07711793686031898,0.13731902589369208
german,induction,rms,layer_11.head_08,layer_11.head_14,within_layer,-0.003531095286901922,-0.005297223934870791,-0.002104725237650255
german,induction,rms,layer_11.head_08,layer_11.head_15,within_layer,0.02840912135067852,0.02049920544178327,0.038286566919238194
german,induction,rms,layer_11.head_08,layer_12.head_02,earlier_to_later,0.003836789986698524,0.0023075481988496208,0.005521426593402797
german,induction,rms,layer_11.head_08,layer_12.head_03,earlier_to_later,0.010483551526073899,0.006261611418832991,0.015931604966787152
german,induction,rms,layer_11.head_08,layer_12.head_12,earlier_to_later,-0.01009651028690889,-0.015156826383584412,-0.006229089135344097
german,induction,rms,layer_11.head_09,layer_09.head_04,later_to_earlier,-0.0018319426086429327,-0.0032737750125772388,-0.0007135093634127455
german,induction,rms,layer_11.head_09,layer_09.head_11,later_to_earlier,-0.005291604855725577,-0.006809740407787908,-0.003951899794768656
german,induction,rms,layer_11.head_09,layer_09.head_13,later_to_earlier,0.0035491575366957,0.002616002010531341,0.004602613168049233
german,induction,rms,layer_11.head_09,layer_10.head_02,later_to_earlier,-0.0020576028100286834,-0.0030820935068719387,-0.0010856899061178836
german,induction,rms,layer_11.head_09,layer_10.head_12,later_to_earlier,-0.00786354127525792,-0.011731196409936166,-0.0047631098787091755
german,induction,rms,layer_11.head_09,layer_11.head_08,within_layer,0.5506306946605812,0.47285995383571267,0.6230379294738098
german,induction,rms,layer_11.head_09,layer_11.head_09,identity,0.10408293236264526,0.07895828951835102,0.13235732413891368
german,induction,rms,layer_11.head_09,layer_11.head_14,within_layer,-0.003144078445192736,-0.004751759555225569,-0.0019108827758996204
german,induction,rms,layer_11.head_09,layer_11.head_15,within_layer,0.02757116904383414,0.019969290300939708,0.03745220986512682
german,induction,rms,layer_11.head_09,layer_12.head_02,earlier_to_later,0.002705265804772802,0.0012240118570404628,0.004308088835957641
german,induction,rms,layer_11.head_09,layer_12.head_03,earlier_to_later,0.010000790935232724,0.006237107785419861,0.01494829936768643
german,induction,rms,layer_11.head_09,layer_12.head_12,earlier_to_later,-0.01006608123784163,-0.015035121420266938,-0.006209777300236744
german,induction,rms,layer_11.head_14,layer_09.head_04,later_to_earlier,0.001827716427128825,0.0011442446550504917,0.002552479447489209
german,induction,rms,layer_11.head_14,layer_09.head_11,later_to_earlier,-0.002710359451382814,-0.003747470226157026,-0.0017103777392381712
german,induction,rms,layer_11.head_14,layer_09.head_13,later_to_earlier,-0.00019203779643419303,-0.0011282112772369082,0.0005384816423043879
german,induction,rms,layer_11.head_14,layer_10.head_02,later_to_earlier,-0.0007429946979555535,-0.0016289721735481537,0.00012334997548715004
german,induction,rms,layer_11.head_14,layer_10.head_12,later_to_earlier,-0.0030850203371322158,-0.005215680788255339,-0.0014655581049749069
german,induction,rms,layer_11.head_14,layer_11.head_08,within_layer,0.011935007678682748,0.005101912049638537,0.018504019740812398
german,induction,rms,layer_11.head_14,layer_11.head_09,within_layer,0.020367860874725675,0.015287194934037665,0.025694724131475565
german,induction,rms,layer_11.head_14,layer_11.head_14,identity,0.012580881526666565,0.009229606268646176,0.016276566921741984
german,induction,rms,layer_11.head_14,layer_11.head_15,within_layer,0.10575850354443778,0.08138042342911234,0.13484170418370217
german,induction,rms,layer_11.head_14,layer_12.head_02,earlier_to_later,-0.007721108928167318,-0.010761510331620495,-0.005321855453803535
german,induction,rms,layer_11.head_14,layer_12.head_03,earlier_to_later,0.0004905379575916404,-0.0012110098788599825,0.002129789464419072
german,induction,rms,layer_11.head_14,layer_12.head_12,earlier_to_later,0.007510998038625648,0.005061363572028339,0.010773622155663073
german,induction,rms,layer_11.head_15,layer_09.head_04,later_to_earlier,0.0022723953002598105,0.0012228540149909783,0.0034993928208404677
german,induction,rms,layer_11.head_15,layer_09.head_11,later_to_earlier,-0.00136159490115846,-0.0029089584460185542,0.0002379565303338717
german,induction,rms,layer_11.head_15,layer_09.head_13,later_to_earlier,-0.00041633987277916887,-0.0013923513621241672,0.00032965109452115016
german,induction,rms,layer_11.head_15,layer_10.head_02,later_to_earlier,-0.00047791634044623587,-0.0015982351401766116,0.0006611824040135262
german,induction,rms,layer_11.head_15,layer_10.head_12,later_to_earlier,-0.0061912285092318884,-0.008933922747562691,-0.003979822443190067
german,induction,rms,layer_11.head_15,layer_11.head_08,within_layer,0.01428355014939239,0.007516465141962573,0.021277436392495932
german,induction,rms,layer_11.head_15,layer_11.head_09,within_layer,0.030528140689497215,0.023253384364906544,0.03878828072567191
german,induction,rms,layer_11.head_15,layer_11.head_14,within_layer,0.00788041618220168,0.005051132312049944,0.010857027853046484
german,induction,rms,layer_11.head_15,layer_11.head_15,identity,0.15088672426433752,0.11422195840796591,0.1938141348334017
german,induction,rms,layer_11.head_15,layer_12.head_02,earlier_to_later,-0.011184848261200711,-0.01534060647235953,-0.007719070699554247
german,induction,rms,layer_11.head_15,layer_12.head_03,earlier_to_later,-0.0012643114014812408,-0.0036711934761260176,0.0008252696744410504
german,induction,rms,layer_11.head_15,layer_12.head_12,earlier_to_later,0.008859491506007532,0.0063108726999868865,0.011987107040433945
german,induction,rms,layer_12.head_02,layer_09.head_04,later_to_earlier,-0.0035562327988841675,-0.004919280502614155,-0.0024798835062185
german,induction,rms,layer_12.head_02,layer_09.head_11,later_to_earlier,-0.001607946855909948,-0.002562071694001939,-0.0005568453972686712
german,induction,rms,layer_12.head_02,layer_09.head_13,later_to_earlier,0.0016111185251668474,0.0008076707190140024,0.002646422730512753
german,induction,rms,layer_12.head_02,layer_10.head_02,later_to_earlier,-0.0016642751597467952,-0.0035636521049443636,-0.00015167113690660054
german,induction,rms,layer_12.head_02,layer_10.head_12,later_to_earlier,0.00926899738032803,0.005890987142897033,0.013273847450140744
german,induction,rms,layer_12.head_02,layer_11.head_08,later_to_earlier,0.045674791501029925,0.032643281782507486,0.06045897172890515
german,induction,rms,layer_12.head_02,layer_11.head_09,later_to_earlier,0.007073055574130042,0.002154119332004927,0.012232712663744394
german,induction,rms,layer_12.head_02,layer_11.head_14,later_to_earlier,0.006260579632820996,0.004394170475558719,0.008071522674187454
german,induction,rms,layer_12.head_02,layer_11.head_15,later_to_earlier,-0.0021622841604769095,-0.006624041289514832,0.0017453609300661294
german,induction,rms,layer_12.head_02,layer_12.head_02,identity,0.022799736922039026,0.018226769371095308,0.02738423754250433
german,induction,rms,layer_12.head_02,layer_12.head_03,within_layer,0.015237571996897162,0.01180415962406108,0.018751725440220416
german,induction,rms,layer_12.head_02,layer_12.head_12,within_layer,0.007348332068173083,0.003496561250250161,0.011771756812149913
german,induction,rms,layer_12.head_03,layer_09.head_04,later_to_earlier,-0.0032678874010056477,-0.004719302842999089,-0.002148380445277133
german,induction,rms,layer_12.head_03,layer_09.head_11,later_to_earlier,-0.001827453476771629,-0.0026884697788001504,-0.000935830736971274
german,induction,rms,layer_12.head_03,layer_09.head_13,later_to_earlier,0.001921763197666952,0.0011186778190559047,0.0029251141069170173
german,induction,rms,layer_12.head_03,layer_10.head_02,later_to_earlier,-0.002092699905643278,-0.003990093942936281,-0.00046955834836074874
german,induction,rms,layer_12.head_03,layer_10.head_12,later_to_earlier,0.006928427456015433,0.003964509595040168,0.010421049544388987
german,induction,rms,layer_12.head_03,layer_11.head_08,later_to_earlier,0.05624272840513632,0.039416325765078315,0.07630573878990451
german,induction,rms,layer_12.head_03,layer_11.head_09,later_to_earlier,0.009874352475847852,0.005266362947460235,0.01481683745401264
german,induction,rms,layer_12.head_03,layer_11.head_14,later_to_earlier,0.0048277360281761385,0.003119960374131623,0.006507396352986294
german,induction,rms,layer_12.head_03,layer_11.head_15,later_to_earlier,-0.002190972857695513,-0.00647102487337005,0.001296712196369914
german,induction,rms,layer_12.head_03,layer_12.head_02,within_layer,0.024567134705889847,0.019211393579952465,0.030251007860062032
german,induction,rms,layer_12.head_03,layer_12.head_03,identity,0.01668726882185838,0.012486106522177482,0.02115530703664765
german,induction,rms,layer_12.head_03,layer_12.head_12,within_layer,0.006570869186797465,0.002634968162457504,0.011141223526742983
german,induction,rms,layer_12.head_12,layer_09.head_04,later_to_earlier,0.0038800087242735204,0.0023773265788373356,0.005793796331862137
german,induction,rms,layer_12.head_12,layer_09.head_11,later_to_earlier,0.0030985094193735243,0.0019578407174548015,0.004199663604380435
german,induction,rms,layer_12.head_12,layer_09.head_13,later_to_earlier,0.0023156140378348075,0.001498702589235687,0.003249665446560463
german,induction,rms,layer_12.head_12,layer_10.head_02,later_to_earlier,0.0007777773374728828,2.130083493454051e-06,0.0015988565619663156
german,induction,rms,layer_12.head_12,layer_10.head_12,later_to_earlier,0.007432945155793252,0.005027016946476168,0.010308267197783605
german,induction,rms,layer_12.head_12,layer_11.head_08,later_to_earlier,0.04542603504146573,0.03140525742201524,0.06036243724567467
german,induction,rms,layer_12.head_12,layer_11.head_09,later_to_earlier,0.018132481936605147,0.011283850888352959,0.025621062981602515
german,induction,rms,layer_12.head_12,layer_11.head_14,later_to_earlier,-0.005516736445568511,-0.009448389366091832,-0.0023218285911272983
german,induction,rms,layer_12.head_12,layer_11.head_15,later_to_earlier,0.00021187563884614971,-0.003195557525250221,0.003980401860800137
german,induction,rms,layer_12.head_12,layer_12.head_02,within_layer,0.0001804598482322981,-0.0019250478179590358,0.002134526269424894
german,induction,rms,layer_12.head_12,layer_12.head_03,within_layer,-0.011270979412738713,-0.015410959835116965,-0.007509934987789246
german,induction,rms,layer_12.head_12,layer_12.head_12,identity,0.008308957493720424,0.0056756271076230285,0.010930909468006277
german,induction,aligned,layer_09.head_04,layer_09.head_04,identity,0.00912750026904395,0.006597247595969936,0.011804318826320088
german,induction,aligned,layer_09.head_04,layer_09.head_11,within_layer,0.004612959802915559,0.0033331236860232967,0.006163601284217071
german,induction,aligned,layer_09.head_04,layer_09.head_13,within_layer,0.0014033118397861729,0.0008617175544322023,0.0020443800231528947
german,induction,aligned,layer_09.head_04,layer_10.head_02,earlier_to_later,0.0015974071549947134,0.0009870848990135666,0.002252994311732416
german,induction,aligned,layer_09.head_04,layer_10.head_12,earlier_to_later,0.002193586096296924,0.0012039221750892422,0.0033454776055104047
german,induction,aligned,layer_09.head_04,layer_11.head_08,earlier_to_later,0.002571890335449123,0.001744481737757264,0.0035335737475445353
german,induction,aligned,layer_09.head_04,layer_11.head_09,earlier_to_later,0.002638105030550852,0.0017966614338399607,0.0035516556770350434
german,induction,aligned,layer_09.head_04,layer_11.head_14,earlier_to_later,-5.76186581670046e-05,-0.0007048635732909607,0.0004850318684847054
german,induction,aligned,layer_09.head_04,layer_11.head_15,earlier_to_later,-0.000643515427254327,-0.001132796283427994,-0.00024390002249672979
german,induction,aligned,layer_09.head_04,layer_12.head_02,earlier_to_later,8.007516083722178e-05,-0.00025428860063155646,0.000422014796367445
german,induction,aligned,layer_09.head_04,layer_12.head_03,earlier_to_later,1.239119672930501e-05,-0.00015458313577909258,0.00019801432223607955
german,induction,aligned,layer_09.head_04,layer_12.head_12,earlier_to_later,0.00047128294329099426,-0.0006800706168221523,0.0012966571672475662
german,induction,aligned,layer_09.head_11,layer_09.head_04,within_layer,0.006294755046771193,0.004320041595458783,0.008651707492770978
german,induction,aligned,layer_09.head_11,layer_09.head_11,identity,0.012933693135312882,0.009336500619561173,0.016776622856366417
german,induction,aligned,layer_09.head_11,layer_09.head_13,within_layer,0.003057510850278357,0.0021383321459581364,0.004102276628613474
german,induction,aligned,layer_09.head_11,layer_10.head_02,earlier_to_later,0.0034963424664972644,0.002331854778599167,0.004643149738869744
german,induction,aligned,layer_09.head_11,layer_10.head_12,earlier_to_later,0.0034587595412172195,0.0020389010036419276,0.00510573203925331
german,induction,aligned,layer_09.head_11,layer_11.head_08,earlier_to_later,0.002580329144335215,0.001702352042900004,0.0036003480923991697
german,induction,aligned,layer_09.head_11,layer_11.head_09,earlier_to_later,0.006861228730195537,0.004746044080391014,0.009283208155536824
german,induction,aligned,layer_09.head_11,layer_11.head_14,earlier_to_later,0.000625697152018772,6.374055166598836e-05,0.0013501642386609311
german,induction,aligned,layer_09.head_11,layer_11.head_15,earlier_to_later,-0.0018356266244721005,-0.0030802068434506026,-0.0008813092072163034
german,induction,aligned,layer_09.head_11,layer_12.head_02,earlier_to_later,-0.0011142887348014776,-0.0018666222792272352,-0.0005028943701534199
german,induction,aligned,layer_09.head_11,layer_12.head_03,earlier_to_later,0.0013977953039419077,0.0010392134355649912,0.0017942217215855677
german,induction,aligned,layer_09.head_11,layer_12.head_12,earlier_to_later,0.004692115992916808,0.0032431821406994077,0.006454232529456372
german,induction,aligned,layer_09.head_13,layer_09.head_04,within_layer,0.000896487225018933,0.00041907472962254507,0.0013459267414115935
german,induction,aligned,layer_09.head_13,layer_09.head_11,within_layer,0.0011662580265314067,0.0007019886378004185,0.0016784988581207258
german,induction,aligned,layer_09.head_13,layer_09.head_13,identity,0.003315267260212559,0.0022566180717381876,0.004330192633362404
german,induction,aligned,layer_09.head_13,layer_10.head_02,earlier_to_later,0.0027638061446042046,0.0020115988132346405,0.003546989073938313
german,induction,aligned,layer_09.head_13,layer_10.head_12,earlier_to_later,0.00014524076533859197,-0.0001136976345256875,0.0003769851419355959
german,induction,aligned,layer_09.head_13,layer_11.head_08,earlier_to_later,0.00019041401020779755,-0.00023467494721906182,0.0007111508171082854
german,induction,aligned,layer_09.head_13,layer_11.head_09,earlier_to_later,0.004111182750675111,0.0027933230572253355,0.0056189552990761555
german,induction,aligned,layer_09.head_13,layer_11.head_14,earlier_to_later,0.0032058609358200803,0.0016263339428221543,0.005346209233568775
german,induction,aligned,layer_09.head_13,layer_11.head_15,earlier_to_later,0.0028277356113439113,0.0016109846161148726,0.0044117647465406785
german,induction,aligned,layer_09.head_13,layer_12.head_02,earlier_to_later,0.000803597978218153,0.0005381373278779504,0.0011008456456657425
german,induction,aligned,layer_09.head_13,layer_12.head_03,earlier_to_later,0.0013468127537585694,0.000828117470941544,0.0019956754923369435
german,induction,aligned,layer_09.head_13,layer_12.head_12,earlier_to_later,0.0009560685229654207,0.000576713095256297,0.0013980606955833865
german,induction,aligned,layer_10.head_02,layer_09.head_04,later_to_earlier,0.00355304486465672,0.0025112130047190632,0.00481530802036351
german,induction,aligned,layer_10.head_02,layer_09.head_11,later_to_earlier,0.004299048582163691,0.0029549621700431595,0.005833589910559133
german,induction,aligned,layer_10.head_02,layer_09.head_13,later_to_earlier,0.0025960790574827237,0.0017124956903608326,0.003694711804518666
german,induction,aligned,layer_10.head_02,layer_10.head_02,identity,0.018595271854441556,0.012745057941010943,0.02565531152653322
german,induction,aligned,layer_10.head_02,layer_10.head_12,within_layer,0.004309116598933027,0.0030010618719017055,0.00583705899930363
german,induction,aligned,layer_10.head_02,layer_11.head_08,earlier_to_later,0.008645788768803134,0.005487973370983702,0.012795245318744408
german,induction,aligned,layer_10.head_02,layer_11.head_09,earlier_to_later,0.010914735895306726,0.007517885784089521,0.015148368765958502
german,induction,aligned,layer_10.head_02,layer_11.head_14,earlier_to_later,0.004978954170191194,0.00354352013574587,0.006691132243609881
german,induction,aligned,layer_10.head_02,layer_11.head_15,earlier_to_later,0.002971233314005421,0.002087029487835317,0.003914721677327027
german,induction,aligned,layer_10.head_02,layer_12.head_02,earlier_to_later,0.004821243594098981,0.0031865042982144633,0.006977103413064575
german,induction,aligned,layer_10.head_02,layer_12.head_03,earlier_to_later,0.0030304350959724506,0.0018445405819058577,0.0045347762826153945
german,induction,aligned,layer_10.head_02,layer_12.head_12,earlier_to_later,0.0027139675640160898,0.0018812870390495788,0.0037067857549897805
german,induction,aligned,layer_10.head_12,layer_09.head_04,later_to_earlier,0.003618812273068374,0.0023447809756452645,0.005139422648967922
german,induction,aligned,layer_10.head_12,layer_09.head_11,later_to_earlier,0.0049443070720951,0.0034629945212418076,0.006707293784013739
german,induction,aligned,layer_10.head_12,layer_09.head_13,later_to_earlier,0.0006750776026031124,0.0004260296402664171,0.0009512635491185119
german,induction,aligned,layer_10.head_12,layer_10.head_02,within_layer,0.0015125528036447448,0.000744131444291434,0.0025150633657835477
german,induction,aligned,layer_10.head_12,layer_10.head_12,identity,0.004428788830569847,0.0014182713464757693,0.008107085437424073
german,induction,aligned,layer_10.head_12,layer_11.head_08,earlier_to_later,0.006133815874025161,0.004038671313345915,0.008754090275294066
german,induction,aligned,layer_10.head_12,layer_11.head_09,earlier_to_later,0.0009142024887743495,-3.1793551865338874e-05,0.0020167439008193376
german,induction,aligned,layer_10.head_12,layer_11.head_14,earlier_to_later,0.0020349511277118876,0.0013298980468255369,0.0029349684128257944
german,induction,aligned,layer_10.head_12,layer_11.head_15,earlier_to_later,0.002839169885639297,0.0017332938880473168,0.004209011217935432
german,induction,aligned,layer_10.head_12,layer_12.head_02,earlier_to_later,0.0006516397800431537,0.0003245112010413903,0.0009828403120513054
german,induction,aligned,layer_10.head_12,layer_12.head_03,earlier_to_later,0.0019096837462064876,0.0013435020426517759,0.0025802529494048654
german,induction,aligned,layer_10.head_12,layer_12.head_12,earlier_to_later,0.003711327425546545,0.0026124148597040852,0.005033887436683727
german,induction,aligned,layer_11.head_08,layer_09.head_04,later_to_earlier,0.018262696579985624,0.01297040898295524,0.02463443629194555
german,induction,aligned,layer_11.head_08,layer_09.head_11,later_to_earlier,0.03131725200061377,0.023150017246924077,0.04063372472661393
german,induction,aligned,layer_11.head_08,layer_09.head_13,later_to_earlier,0.006924128082133858,0.004104351548880011,0.010837839272993584
german,induction,aligned,layer_11.head_08,layer_10.head_02,later_to_earlier,0.041577230663188934,0.03119775528767111,0.05323846639586443
german,induction,aligned,layer_11.head_08,layer_10.head_12,later_to_earlier,0.05103016859544658,0.036496536915450344,0.06822870313887255
german,induction,aligned,layer_11.head_08,layer_11.head_08,identity,0.6686866917612887,0.5728972417571551,0.7488958187296905
german,induction,aligned,layer_11.head_08,layer_11.head_09,within_layer,0.15222502772767096,0.11369164179276789,0.19645517329552667
german,induction,aligned,layer_11.head_08,layer_11.head_14,within_layer,0.16077640647492705,0.12025525608349072,0.20656214449596247
german,induction,aligned,layer_11.head_08,layer_11.head_15,within_layer,0.11655548105297553,0.08504969403593034,0.15402763921295673
german,induction,aligned,layer_11.head_08,layer_12.head_02,earlier_to_later,0.045713737973007595,0.033934714956913296,0.05949301344941106
german,induction,aligned,layer_11.head_08,layer_12.head_03,earlier_to_later,0.02369467355319903,0.017654436797643915,0.030872713136350496
german,induction,aligned,layer_11.head_08,layer_12.head_12,earlier_to_later,0.012307532431633485,0.009180847559780412,0.01611955633416276
german,induction,aligned,layer_11.head_09,layer_09.head_04,later_to_earlier,0.013646841612312485,0.0104160689464528,0.01710907204433173
german,induction,aligned,layer_11.head_09,layer_09.head_11,later_to_earlier,0.015126373814915956,0.011477680815580163,0.019140381428439174
german,induction,aligned,layer_11.head_09,layer_09.head_13,later_to_earlier,0.005931615181826767,0.00443884900866713,0.007588680215671594
german,induction,aligned,layer_11.head_09,layer_10.head_02,later_to_earlier,0.02268989415427017,0.016653749837373576,0.02989968061188008
german,induction,aligned,layer_11.head_09,layer_10.head_12,later_to_earlier,0.013413729343587233,0.009707145509404087,0.017818461368213183
german,induction,aligned,layer_11.head_09,layer_11.head_08,within_layer,0.055387768360755374,0.03885775685066926,0.07567145550027708
german,induction,aligned,layer_11.head_09,layer_11.head_09,identity,0.10408873895713097,0.07896247387971776,0.13235809774640211
german,induction,aligned,layer_11.head_09,layer_11.head_14,within_layer,0.010867564769888515,0.007497413543787478,0.014658192700084787
german,induction,aligned,layer_11.head_09,layer_11.head_15,within_layer,-0.014149193360178969,-0.020828842927029585,-0.008858035043148168
german,induction,aligned,layer_11.head_09,layer_12.head_02,earlier_to_later,0.004310003039827905,0.002716516855404188,0.006219837870729669
german,induction,aligned,layer_11.head_09,layer_12.head_03,earlier_to_later,0.013750712425061725,0.010000010947568683,0.01815791465715847
german,induction,aligned,layer_11.head_09,layer_12.head_12,earlier_to_later,0.002171015738832869,0.0013182290404341482,0.003139448389616996
german,induction,aligned,layer_11.head_14,layer_09.head_04,later_to_earlier,0.0012956268914433786,0.0006360932995313758,0.001942032370088765
german,induction,aligned,layer_11.head_14,layer_09.head_11,later_to_earlier,0.0009265530230772839,0.0004197787424496672,0.001394610124712498
german,induction,aligned,layer_11.head_14,layer_09.head_13,later_to_earlier,0.0004071338994488867,-0.0008129702656247396,0.001370913499422331
german,induction,aligned,layer_11.head_14,layer_10.head_02,later_to_earlier,-0.0004331199007280636,-0.002332475506413555,0.0009679071509128777
german,induction,aligned,layer_11.head_14,layer_10.head_12,later_to_earlier,0.0010746997964871546,3.578293419709187e-06,0.0020348998901395087
german,induction,aligned,layer_11.head_14,layer_11.head_08,within_layer,0.0027214440288114133,0.0007366849678595047,0.004617122046949417
german,induction,aligned,layer_11.head_14,layer_11.head_09,within_layer,0.0036535325635319352,0.00264094213212462,0.0048485012707666164
german,induction,aligned,layer_11.head_14,layer_11.head_14,identity,0.012590174246506436,0.009239226943884253,0.016276686489891286
german,induction,aligned,layer_11.head_14,layer_11.head_15,within_layer,-0.012866695010796413,-0.02049798626896604,-0.007155994823801014
german,induction,aligned,layer_11.head_14,layer_12.head_02,earlier_to_later,0.0017009933307593607,0.0012594031947687342,0.0021521829927569586
german,induction,aligned,layer_11.head_14,layer_12.head_03,earlier_to_later,0.004047966231811101,0.0032237612002337128,0.0049038060879761
german,induction,aligned,layer_11.head_14,layer_12.head_12,earlier_to_later,-0.0005973717058090787,-0.001454656670429424,0.00011256613510385198
german,induction,aligned,layer_11.head_15,layer_09.head_04,later_to_earlier,0.0010339967076902798,-0.00035859149941231674,0.0026603909657453226
german,induction,aligned,layer_11.head_15,layer_09.head_11,later_to_earlier,0.005651714014491188,0.0037350139274865677,0.007991502867738904
german,induction,aligned,layer_11.head_15,layer_09.head_13,later_to_earlier,0.0018925350455918336,0.0002850237139145911,0.004005597037760497
german,induction,aligned,layer_11.head_15,layer_10.head_02,later_to_earlier,0.015928152827261136,0.010866262545290654,0.022269087450051357
german,induction,aligned,layer_11.head_15,layer_10.head_12,later_to_earlier,0.015437338365170175,0.011034662958482728,0.02070571133556091
german,induction,aligned,layer_11.head_15,layer_11.head_08,within_layer,0.05343795893220647,0.03656653503018096,0.07476309699989846
german,induction,aligned,layer_11.head_15,layer_11.head_09,within_layer,0.034389561263262564,0.024863445399864313,0.04598236978787936
german,induction,aligned,layer_11.head_15,layer_11.head_14,within_layer,0.06473838065246586,0.04736532169387045,0.08620920362483758
german,induction,aligned,layer_11.head_15,layer_11.head_15,identity,0.150887282694993,0.1142244196575465,0.19380790433900869
german,induction,aligned,layer_11.head_15,layer_12.head_02,earlier_to_later,0.0066342131145974365,0.004620244393060915,0.009181079821477256
german,induction,aligned,layer_11.head_15,layer_12.head_03,earlier_to_later,-0.0009410261360367588,-0.001671014030010555,-0.0003620097084675274
german,induction,aligned,layer_11.head_15,layer_12.head_12,earlier_to_later,0.005671622338442187,0.003644393124369994,0.008269450188438573
german,induction,aligned,layer_12.head_02,layer_09.head_04,later_to_earlier,0.0012566831302941342,0.0007579232026909433,0.0017772372467829444
german,induction,aligned,layer_12.head_02,layer_09.head_11,later_to_earlier,0.0007610325502935091,0.00019170182754015447,0.001413772048782427
german,induction,aligned,layer_12.head_02,layer_09.head_13,later_to_earlier,0.0054798122515956685,0.0040072069703280784,0.007156127446869915
german,induction,aligned,layer_12.head_02,layer_10.head_02,later_to_earlier,0.0022310985400379266,0.0011196503059351887,0.003467930425659515
german,induction,aligned,layer_12.head_02,layer_10.head_12,later_to_earlier,-5.4208436008731635e-05,-0.0009598287170339739,0.0006760697997849416
german,induction,aligned,layer_12.head_02,layer_11.head_08,later_to_earlier,-0.007695448226299105,-0.012598789277604478,-0.0038002243797091106
german,induction,aligned,layer_12.head_02,layer_11.head_09,later_to_earlier,-0.004016428453918137,-0.0063682322914891685,-0.0020075795332399502
german,induction,aligned,layer_12.head_02,layer_11.head_14,later_to_earlier,0.0010221341225037912,-0.0008271906295224394,0.002887940468390779
german,induction,aligned,layer_12.head_02,layer_11.head_15,later_to_earlier,0.0015588808614228728,0.0002972977319717063,0.002989454539192
german,induction,aligned,layer_12.head_02,layer_12.head_02,identity,0.022799736922039026,0.018226769371095308,0.02738423754250433
german,induction,aligned,layer_12.head_02,layer_12.head_03,within_layer,0.005909372834602101,0.004671786151503993,0.00718745391567331
german,induction,aligned,layer_12.head_02,layer_12.head_12,within_layer,0.0014057434528831289,0.0009270641571535096,0.0018923503828843797
german,induction,aligned,layer_12.head_03,layer_09.head_04,later_to_earlier,0.006577098670517426,0.004840022008163713,0.008303705406084516
german,induction,aligned,layer_12.head_03,layer_09.head_11,later_to_earlier,0.008461078341600906,0.006406530777545978,0.010353396044312343
german,induction,aligned,layer_12.head_03,layer_09.head_13,later_to_earlier,0.001730205217863931,0.001019635256642274,0.00246199376173144
german,induction,aligned,layer_12.head_03,layer_10.head_02,later_to_earlier,0.007064540862048059,0.0051224242683250215,0.008889091254898888
german,induction,aligned,layer_12.head_03,layer_10.head_12,later_to_earlier,0.009104455516605573,0.006726912168959437,0.01156270868997428
german,induction,aligned,layer_12.head_03,layer_11.head_08,later_to_earlier,0.008789240387381424,0.006241809582379332,0.011691507746923806
german,induction,aligned,layer_12.head_03,layer_11.head_09,later_to_earlier,0.02194170821988132,0.016805776667817254,0.02704970795347271
german,induction,aligned,layer_12.head_03,layer_11.head_14,later_to_earlier,0.009756133248246672,0.006968577760837745,0.01308821337204003
german,induction,aligned,layer_12.head_03,layer_11.head_15,later_to_earlier,-0.0042292772801687546,-0.006933893664995914,-0.002142862542518459
german,induction,aligned,layer_12.head_03,layer_12.head_02,within_layer,0.005191065651110293,0.0037813714101482283,0.006721103939130459
german,induction,aligned,layer_12.head_03,layer_12.head_03,identity,0.01668726882185838,0.012486106522177482,0.02115530703664765
german,induction,aligned,layer_12.head_03,layer_12.head_12,within_layer,0.006929842508453126,0.005024603828149467,0.008995938388761468
german,induction,aligned,layer_12.head_12,layer_09.head_04,later_to_earlier,0.005015463607415058,0.0038243940666221957,0.006276400307833776
german,induction,aligned,layer_12.head_12,layer_09.head_11,later_to_earlier,0.0050683735566083585,0.003459115454268681,0.0066913790781469255
german,induction,aligned,layer_12.head_12,layer_09.head_13,later_to_earlier,0.0029300937818321697,0.0021017870206532147,0.003936878591117354
german,induction,aligned,layer_12.head_12,layer_10.head_02,later_to_earlier,0.005021302731841862,0.0033184458389751725,0.006851878512243926
german,induction,aligned,layer_12.head_12,layer_10.head_12,later_to_earlier,0.006153295887085058,0.0045883397695354045,0.00783313054697476
german,induction,aligned,layer_12.head_12,layer_11.head_08,later_to_earlier,0.010061304758157308,0.007058674368661777,0.013476322158428337
german,induction,aligned,layer_12.head_12,layer_11.head_09,later_to_earlier,0.017003370391977406,0.012473058430310078,0.021793228957768057
german,induction,aligned,layer_12.head_12,layer_11.head_14,later_to_earlier,0.0017167215572794717,0.00023859280517448496,0.003077476822888395
german,induction,aligned,layer_12.head_12,layer_11.head_15,later_to_earlier,0.0012206643530151416,-0.0003297589308782715,0.0025503045481108147
german,induction,aligned,layer_12.head_12,layer_12.head_02,within_layer,-0.0006677881849690933,-0.001616167787454521,0.00010919372280612052
german,induction,aligned,layer_12.head_12,layer_12.head_03,within_layer,0.0044178641920183045,0.003325365069291798,0.005530143591795332
german,induction,aligned,layer_12.head_12,layer_12.head_12,identity,0.008308957493720424,0.0056756271076230285,0.010930909468006277
german,rescue,raw,layer_09.head_04,layer_09.head_04,identity,0.0018986070683013445,0.0011381791968592405,0.0027668361354987103
german,rescue,raw,layer_09.head_04,layer_09.head_11,within_layer,0.00012513374613540136,-0.00021237895321846878,0.0005836002751727973
german,rescue,raw,layer_09.head_04,layer_09.head_13,within_layer,0.00016230617151422765,2.935005834465366e-05,0.0002763205873083927
german,rescue,raw,layer_09.head_04,layer_10.head_02,earlier_to_later,-0.0017367775366662285,-0.0032213845652646444,-0.0008315786481752714
german,rescue,raw,layer_09.head_04,layer_10.head_12,earlier_to_later,0.00012030366405465041,-0.0010585293633197067,0.0010673676212567412
german,rescue,raw,layer_09.head_04,layer_11.head_08,earlier_to_later,-0.0002528200972645582,-0.0005992721361822754,7.286839716817592e-05
german,rescue,raw,layer_09.head_04,layer_11.head_09,earlier_to_later,-0.0002659591437855274,-0.0008095259972597166,0.00013146795002410135
german,rescue,raw,layer_09.head_04,layer_11.head_14,earlier_to_later,0.001518338558636938,0.0009716227496424847,0.002218769808251782
german,rescue,raw,layer_09.head_04,layer_11.head_15,earlier_to_later,-0.0003899965927849552,-0.0007730630121218038,-5.731723658475652e-05
german,rescue,raw,layer_09.head_04,layer_12.head_02,earlier_to_later,-0.00098717106464779,-0.0016560405484243406,-0.0005409055449183083
german,rescue,raw,layer_09.head_04,layer_12.head_03,earlier_to_later,4.81065518298549e-05,-0.00025074867212971584,0.00026459763483484543
german,rescue,raw,layer_09.head_04,layer_12.head_12,earlier_to_later,0.0004507517853310734,0.00019982471674754188,0.0007428144526762948
german,rescue,raw,layer_09.head_11,layer_09.head_04,within_layer,0.0008122924521100495,0.00013945493419504154,0.0014365756373068699
german,rescue,raw,layer_09.head_11,layer_09.head_11,identity,0.008449041522153089,0.004683939007424491,0.013609161067862762
german,rescue,raw,layer_09.head_11,layer_09.head_13,within_layer,0.00013106719892004652,-0.00016199036087019588,0.000392126749994838
german,rescue,raw,layer_09.head_11,layer_10.head_02,earlier_to_later,0.0011510922121960327,0.0001328966583538816,0.002689401109614979
german,rescue,raw,layer_09.head_11,layer_10.head_12,earlier_to_later,0.0018501120208728747,0.0010846918339951694,0.002644915028635326
german,rescue,raw,layer_09.head_11,layer_11.head_08,earlier_to_later,0.001139782911326695,0.0007261083386212284,0.0015892958525743372
german,rescue,raw,layer_09.head_11,layer_11.head_09,earlier_to_later,0.0020626701531316367,0.0012194009974810923,0.0033290148781025897
german,rescue,raw,layer_09.head_11,layer_11.head_14,earlier_to_later,0.0008746110090583783,0.0005176980842470244,0.0012125654974715402
german,rescue,raw,layer_09.head_11,layer_11.head_15,earlier_to_later,0.003283234904380518,0.0019641906059080167,0.0050589136319835965
german,rescue,raw,layer_09.head_11,layer_12.head_02,earlier_to_later,0.00047933334129185965,-6.804074803007246e-05,0.0013111439030329887
german,rescue,raw,layer_09.head_11,layer_12.head_03,earlier_to_later,0.0016001699974398126,0.0010678480351016648,0.0023255988803338986
german,rescue,raw,layer_09.head_11,layer_12.head_12,earlier_to_later,-0.000667328805442842,-0.001643585900125998,-4.507162010014008e-05
german,rescue,raw,layer_09.head_13,layer_09.head_04,within_layer,-0.0021017496251288926,-0.003005458517299098,-0.0013027464254416151
german,rescue,raw,layer_09.head_13,layer_09.head_11,within_layer,0.0013321869660950815,0.0005409774045307083,0.0021078027654973
german,rescue,raw,layer_09.head_13,layer_09.head_13,identity,0.0012687375489483644,0.00047579107643337914,0.002113655071604173
german,rescue,raw,layer_09.head_13,layer_10.head_02,earlier_to_later,0.0004807443063085691,-0.00011464936566615476,0.0011577226047795835
german,rescue,raw,layer_09.head_13,layer_10.head_12,earlier_to_later,0.001734807865675519,0.0008727808099429337,0.0028344072472554155
german,rescue,raw,layer_09.head_13,layer_11.head_08,earlier_to_later,0.001308689674736556,0.0007082016117812855,0.001896571744170553
german,rescue,raw,layer_09.head_13,layer_11.head_09,earlier_to_later,0.00037749090591140076,4.340197249008399e-05,0.0007103197632207373
german,rescue,raw,layer_09.head_13,layer_11.head_14,earlier_to_later,0.0015987304628329083,0.0010900558009621422,0.002308994345557303
german,rescue,raw,layer_09.head_13,layer_11.head_15,earlier_to_later,0.001043641093983216,0.0006657393349104187,0.0014683985578480866
german,rescue,raw,layer_09.head_13,layer_12.head_02,earlier_to_later,-0.000733929158244679,-0.0010022124434448726,-0.0004771276637807135
german,rescue,raw,layer_09.head_13,layer_12.head_03,earlier_to_later,0.00022420306757243308,-6.139972200537265e-06,0.00044138177085680696
german,rescue,raw,layer_09.head_13,layer_12.head_12,earlier_to_later,-0.00018011301044236594,-0.00037921471629135127,-4.930863755585231e-06
german,rescue,raw,layer_10.head_02,layer_09.head_04,later_to_earlier,-0.0002954755966992822,-0.0006909929687322384,9.319903779774922e-05
german,rescue,raw,layer_10.head_02,layer_09.head_11,later_to_earlier,0.0006001992692828177,0.00017343416261752373,0.0011429953031343266
german,rescue,raw,layer_10.head_02,layer_09.head_13,later_to_earlier,-8.496195853142074e-05,-0.00037215521229073235,0.00018718833430416264
german,rescue,raw,layer_10.head_02,layer_10.head_02,identity,0.008225226357185552,0.005012720320701222,0.012559078835389667
german,rescue,raw,layer_10.head_02,layer_10.head_12,within_layer,-0.0007038781214942344,-0.0010508859576987917,-0.0003002269505143487
german,rescue,raw,layer_10.head_02,layer_11.head_08,earlier_to_later,0.0007182491971775358,0.00032331956808622707,0.0011869829044667064
german,rescue,raw,layer_10.head_02,layer_11.head_09,earlier_to_later,-0.00016073920679301554,-0.000555329576101599,0.00021007498827150972
german,rescue,raw,layer_10.head_02,layer_11.head_14,earlier_to_later,0.0010060994664799537,0.0007099896879515021,0.0013826219515300768
german,rescue,raw,layer_10.head_02,layer_11.head_15,earlier_to_later,6.482600970613527e-05,-0.00017658249353216256,0.00032884596226539126
german,rescue,raw,layer_10.head_02,layer_12.head_02,earlier_to_later,0.0005683206047154485,0.0002252034996886687,0.0010093986480417044
german,rescue,raw,layer_10.head_02,layer_12.head_03,earlier_to_later,-0.00043497033762478053,-0.0006289829787154215,-0.00024772840145965985
german,rescue,raw,layer_10.head_02,layer_12.head_12,earlier_to_later,-0.000492786187381335,-0.0006701863480214598,-0.00033572357666035137
german,rescue,raw,layer_10.head_12,layer_09.head_04,later_to_earlier,-0.0003991551477961522,-0.0010344433079854689,8.439718288541772e-05
german,rescue,raw,layer_10.head_12,layer_09.head_11,later_to_earlier,-0.0005797063594177016,-0.0018687995339635793,0.00024275974159764237
german,rescue,raw,layer_10.head_12,layer_09.head_13,later_to_earlier,-0.0002792202199423022,-0.0008019254719628494,0.00011548599885837333
german,rescue,raw,layer_10.head_12,layer_10.head_02,within_layer,0.0019436699316256318,0.0007815050417687584,0.0037177804268406574
german,rescue,raw,layer_10.head_12,layer_10.head_12,identity,-0.007362938181152144,-0.01780396886078524,-0.0011570218245576217
german,rescue,raw,layer_10.head_12,layer_11.head_08,earlier_to_later,-0.0002909502286761452,-0.0011861469340471629,0.0003679585767528266
german,rescue,raw,layer_10.head_12,layer_11.head_09,earlier_to_later,0.00031663217242646727,9.791560226504055e-05,0.0005357641616515357
german,rescue,raw,layer_10.head_12,layer_11.head_14,earlier_to_later,0.0007639110688702936,0.00024023055526805178,0.0014306197680849088
german,rescue,raw,layer_10.head_12,layer_11.head_15,earlier_to_later,0.0009751220676504092,0.00033603556093093537,0.0018252050158420127
german,rescue,raw,layer_10.head_12,layer_12.head_02,earlier_to_later,-0.000506576044507703,-0.0009303849519874841,-0.0001073627458192087
german,rescue,raw,layer_10.head_12,layer_12.head_03,earlier_to_later,0.0004891400172583778,-0.00013862054337135735,0.0014838185966393376
german,rescue,raw,layer_10.head_12,layer_12.head_12,earlier_to_later,0.0009700991778979515,0.0005841576464037863,0.0014610521109831621
german,rescue,raw,layer_11.head_08,layer_09.head_04,later_to_earlier,0.004923984902064046,0.002047092328003642,0.00838768252320225
german,rescue,raw,layer_11.head_08,layer_09.head_11,later_to_earlier,-0.007672539057638657,-0.01365950995489534,-0.003155261028559738
german,rescue,raw,layer_11.head_08,layer_09.head_13,later_to_earlier,0.0061888925587286385,0.004059127689077295,0.008852939501397773
german,rescue,raw,layer_11.head_08,layer_10.head_02,later_to_earlier,0.000657076918264261,-0.002828148785700406,0.0037906456765410003
german,rescue,raw,layer_11.head_08,layer_10.head_12,later_to_earlier,0.00039284285673915517,-0.004808251478581996,0.007908923156904871
german,rescue,raw,layer_11.head_08,layer_11.head_08,identity,0.37981079727645783,0.31813279047604004,0.4466950335239631
german,rescue,raw,layer_11.head_08,layer_11.head_09,within_layer,0.07657253210785606,0.04864761143060761,0.11459853305534416
german,rescue,raw,layer_11.head_08,layer_11.head_14,within_layer,0.023133538909892174,0.015157636539708981,0.03543721194722464
german,rescue,raw,layer_11.head_08,layer_11.head_15,within_layer,0.041172404843538554,0.02806882919664481,0.05960669790722687
german,rescue,raw,layer_11.head_08,layer_12.head_02,earlier_to_later,0.0074848653349363315,0.004189002736861193,0.012591501200790873
german,rescue,raw,layer_11.head_08,layer_12.head_03,earlier_to_later,0.013172024235857664,0.008452570363725265,0.020475545976867834
german,rescue,raw,layer_11.head_08,layer_12.head_12,earlier_to_later,0.0008372842782428147,-0.0002929310199911699,0.002468973259786191
german,rescue,raw,layer_11.head_09,layer_09.head_04,later_to_earlier,0.0009183459688431567,0.00021161380657377458,0.0018326491051448017
german,rescue,raw,layer_11.head_09,layer_09.head_11,later_to_earlier,-0.004053541685816909,-0.006717483039309089,-0.0019148795690573884
german,rescue,raw,layer_11.head_09,layer_09.head_13,later_to_earlier,0.003931766211354423,0.002281447904945746,0.005847503849400985
german,rescue,raw,layer_11.head_09,layer_10.head_02,later_to_earlier,0.0003016510120991789,-0.0019784969100653934,0.0023415977815289695
german,rescue,raw,layer_11.head_09,layer_10.head_12,later_to_earlier,-0.002267802119169362,-0.004868961257851206,0.0006612587594818942
german,rescue,raw,layer_11.head_09,layer_11.head_08,within_layer,0.1549100060101885,0.1168953911995541,0.20152132262748992
german,rescue,raw,layer_11.head_09,layer_11.head_09,identity,0.027569586703632958,0.016764796926289807,0.043132073136589254
german,rescue,raw,layer_11.head_09,layer_11.head_14,within_layer,0.007711445862572268,0.005483455080951552,0.010090634715832084
german,rescue,raw,layer_11.head_09,layer_11.head_15,within_layer,0.016122905370114234,0.011876152519526126,0.02095510228386788
german,rescue,raw,layer_11.head_09,layer_12.head_02,earlier_to_later,0.0029835056154942866,0.001504643171823804,0.005030906587818881
german,rescue,raw,layer_11.head_09,layer_12.head_03,earlier_to_later,0.006350443955131711,0.004467266059486176,0.008424547473427569
german,rescue,raw,layer_11.head_09,layer_12.head_12,earlier_to_later,-0.000832029591481698,-0.0013593445092186217,-0.0003385764482999775
german,rescue,raw,layer_11.head_14,layer_09.head_04,later_to_earlier,-0.0007816499464826908,-0.0012188736969704899,-0.0003085276645260126
german,rescue,raw,layer_11.head_14,layer_09.head_11,later_to_earlier,-0.0005112289061801891,-0.0012796927088064632,0.0002326868319656006
german,rescue,raw,layer_11.head_14,layer_09.head_13,later_to_earlier,0.0008649200939369337,-0.0002727207794502391,0.002852121293985543
german,rescue,raw,layer_11.head_14,layer_10.head_02,later_to_earlier,0.005479102819325586,0.0021924091392489056,0.010878591965670538
german,rescue,raw,layer_11.head_14,layer_10.head_12,later_to_earlier,-0.0012789237620726877,-0.00476278338705009,0.0010430104389179526
german,rescue,raw,layer_11.head_14,layer_11.head_08,within_layer,0.003145231182623646,0.0021087121345549453,0.004382657775957334
german,rescue,raw,layer_11.head_14,layer_11.head_09,within_layer,0.005448472766566303,0.0028786686714210026,0.009559165428500157
german,rescue,raw,layer_11.head_14,layer_11.head_14,identity,0.0012306271769345917,0.0003286686497248214,0.002161325439769832
german,rescue,raw,layer_11.head_14,layer_11.head_15,within_layer,0.02720111078471798,0.015402497029677699,0.0438951062097854
german,rescue,raw,layer_11.head_14,layer_12.head_02,earlier_to_later,-0.00023033563917621128,-0.000616668871835068,0.0001420981937888993
german,rescue,raw,layer_11.head_14,layer_12.head_03,earlier_to_later,-0.00016314453756126034,-0.0006725703901569105,0.00019995139492158182
german,rescue,raw,layer_11.head_14,layer_12.head_12,earlier_to_later,0.00044782968171602305,-0.0006622917593666578,0.0012692853487439608
german,rescue,raw,layer_11.head_15,layer_09.head_04,later_to_earlier,-0.0008645312806631128,-0.0017136080518928055,2.136573416896387e-05
german,rescue,raw,layer_11.head_15,layer_09.head_11,later_to_earlier,-0.001242342657322346,-0.003593801931947821,0.0006122577891591015
german,rescue,raw,layer_11.head_15,layer_09.head_13,later_to_earlier,-3.8040314041671745e-05,-0.0008129374256227293,0.0009598119384725087
german,rescue,raw,layer_11.head_15,layer_10.head_02,later_to_earlier,0.008041152233420982,0.004728242801768935,0.012198314761384162
german,rescue,raw,layer_11.head_15,layer_10.head_12,later_to_earlier,0.0007284180228789162,-0.0025665121498063092,0.005203171255459151
german,rescue,raw,layer_11.head_15,layer_11.head_08,within_layer,0.007857466922930233,0.004639231971919545,0.011993574355791127
german,rescue,raw,layer_11.head_15,layer_11.head_09,within_layer,0.01249450256728952,0.007943863686426628,0.01804478008301945
german,rescue,raw,layer_11.head_15,layer_11.head_14,within_layer,0.008579236850881041,0.004501861849966661,0.013760176545568829
german,rescue,raw,layer_11.head_15,layer_11.head_15,identity,0.04800062025804421,0.031222373271840482,0.07012335536705812
german,rescue,raw,layer_11.head_15,layer_12.head_02,earlier_to_later,-0.0011089027846452337,-0.002177352893998076,-0.00029065405315810297
german,rescue,raw,layer_11.head_15,layer_12.head_03,earlier_to_later,0.0001259458933887639,-0.00011698234001193046,0.0003861129669259072
german,rescue,raw,layer_11.head_15,layer_12.head_12,earlier_to_later,0.0036415463391552636,0.002071892480945498,0.005728062259634667
german,rescue,raw,layer_12.head_02,layer_09.head_04,later_to_earlier,-0.0028651280797487738,-0.0047031972562061675,-0.0015461721902080012
german,rescue,raw,layer_12.head_02,layer_09.head_11,later_to_earlier,0.0006674267341196842,-0.0021057265162885363,0.005148677214645202
german,rescue,raw,layer_12.head_02,layer_09.head_13,later_to_earlier,0.002584939564600177,0.0013787382122347875,0.0044203325178163765
german,rescue,raw,layer_12.head_02,layer_10.head_02,later_to_earlier,0.0007947766248489722,-0.0012792510323231714,0.00416461847547205
german,rescue,raw,layer_12.head_02,layer_10.head_12,later_to_earlier,0.014466432271070587,0.007089211518422203,0.0258679003721832
german,rescue,raw,layer_12.head_02,layer_11.head_08,later_to_earlier,0.010226126959659904,0.006134817118439479,0.016175829847404302
german,rescue,raw,layer_12.head_02,layer_11.head_09,later_to_earlier,0.004931210699943473,0.00236899040615204,0.008649984511558769
german,rescue,raw,layer_12.head_02,layer_11.head_14,later_to_earlier,0.0032973447239743885,0.0022033782244149946,0.004539155392417736
german,rescue,raw,layer_12.head_02,layer_11.head_15,later_to_earlier,0.004597602049220708,0.0015445331320946807,0.009553722574810347
german,rescue,raw,layer_12.head_02,layer_12.head_02,identity,0.008787836199435775,0.003869065814973249,0.016835101366973998
german,rescue,raw,layer_12.head_02,layer_12.head_03,within_layer,0.005912803155011742,0.002227974787081981,0.012241295881897665
german,rescue,raw,layer_12.head_02,layer_12.head_12,within_layer,0.000543533086096848,0.00013135747649133708,0.0009795493994922497
german,rescue,raw,layer_12.head_03,layer_09.head_04,later_to_earlier,-0.002809520644489426,-0.004107652766916498,-0.0017007024364813538
german,rescue,raw,layer_12.head_03,layer_09.head_11,later_to_earlier,0.0006878701501877026,-0.0018585436017804961,0.0049287452599186005
german,rescue,raw,layer_12.head_03,layer_09.head_13,later_to_earlier,0.0028939396537370652,0.0018675254101827737,0.004139691313074481
german,rescue,raw,layer_12.head_03,layer_10.head_02,later_to_earlier,0.0009015080604717252,-0.0011988671486864036,0.004063964553020362
german,rescue,raw,layer_12.head_03,layer_10.head_12,later_to_earlier,0.01410026297064817,0.007934341759843288,0.022695322592040424
german,rescue,raw,layer_12.head_03,layer_11.head_08,later_to_earlier,0.012243631068560338,0.008591840709373966,0.017081741530524806
german,rescue,raw,layer_12.head_03,layer_11.head_09,later_to_earlier,0.0062379838401621125,0.003921685806147017,0.009119525981555904
german,rescue,raw,layer_12.head_03,layer_11.head_14,later_to_earlier,0.004156686526007007,0.0030483349223898136,0.005372512649706793
german,rescue,raw,layer_12.head_03,layer_11.head_15,later_to_earlier,0.005582293997739069,0.0028064542222924313,0.00939624928287638
german,rescue,raw,layer_12.head_03,layer_12.head_02,within_layer,0.01149221852828229,0.005927483371784715,0.02001069155433374
german,rescue,raw,layer_12.head_03,layer_12.head_03,identity,0.007091088364843049,0.0033611148617097436,0.012866388086486283
german,rescue,raw,layer_12.head_03,layer_12.head_12,within_layer,0.0005388809868448563,-0.00020933164272198159,0.001281698155948001
german,rescue,raw,layer_12.head_12,layer_09.head_04,later_to_earlier,0.006244416254803679,0.0030029602050431056,0.01002319344847893
german,rescue,raw,layer_12.head_12,layer_09.head_11,later_to_earlier,0.0003507756917859794,-0.0007626453005358883,0.0015361055181002255
german,rescue,raw,layer_12.head_12,layer_09.head_13,later_to_earlier,0.004011876570604472,0.001897220141052314,0.007177593290534426
german,rescue,raw,layer_12.head_12,layer_10.head_02,later_to_earlier,-0.0029561199372573873,-0.006058823175860123,-0.00040966735317456024
german,rescue,raw,layer_12.head_12,layer_10.head_12,later_to_earlier,0.02160197210153642,0.011318987941636924,0.03594615584570748
german,rescue,raw,layer_12.head_12,layer_11.head_08,later_to_earlier,0.016154570811083326,0.009582540606429997,0.025431281381472538
german,rescue,raw,layer_12.head_12,layer_11.head_09,later_to_earlier,0.01808526326579777,0.01114750787730472,0.02765346107526415
german,rescue,raw,layer_12.head_12,layer_11.head_14,later_to_earlier,0.0005825970767223971,-0.00047515285880934477,0.001761006852186246
german,rescue,raw,layer_12.head_12,layer_11.head_15,later_to_earlier,0.008772123560179108,0.0060543314697887075,0.01189434230816147
german,rescue,raw,layer_12.head_12,layer_12.head_02,within_layer,0.001481039656169422,0.0001491051037110888,0.0034565923750645806
german,rescue,raw,layer_12.head_12,layer_12.head_03,within_layer,-0.0014759598601983925,-0.0021386844519730272,-0.000803070971662237
german,rescue,raw,layer_12.head_12,layer_12.head_12,identity,0.00219446438352818,0.001428377659349311,0.003060162102707835
german,rescue,rms,layer_09.head_04,layer_09.head_04,identity,0.0018986070683013445,0.0011381791968592405,0.0027668361354987103
german,rescue,rms,layer_09.head_04,layer_09.head_11,within_layer,5.7574924880309235e-05,-0.0004129876396820351,0.0007154248555839648
german,rescue,rms,layer_09.head_04,layer_09.head_13,within_layer,0.0002087217594007875,-1.986078885516721e-06,0.0003853179100377839
german,rescue,rms,layer_09.head_04,layer_10.head_02,earlier_to_later,-0.003383641701969933,-0.007582737911232497,-0.0011155429306347602
german,rescue,rms,layer_09.head_04,layer_10.head_12,earlier_to_later,0.0003212508098900916,-0.0005810185479412627,0.0012544574540390536
german,rescue,rms,layer_09.head_04,layer_11.head_08,earlier_to_later,0.004343901123323246,0.0022828237413193408,0.007002394766765262
german,rescue,rms,layer_09.head_04,layer_11.head_09,earlier_to_later,0.003487916004587513,0.00204894969018638,0.005154266285226294
german,rescue,rms,layer_09.head_04,layer_11.head_14,earlier_to_later,0.00592510692752435,0.002848000820604155,0.010804982449515887
german,rescue,rms,layer_09.head_04,layer_11.head_15,earlier_to_later,0.002682278170336467,0.0012689621677610327,0.004362117359472257
german,rescue,rms,layer_09.head_04,layer_12.head_02,earlier_to_later,-0.0024263922743720024,-0.004395799792019666,-0.001192703202546208
german,rescue,rms,layer_09.head_04,layer_12.head_03,earlier_to_later,0.0008560399706546393,0.0001721777541501742,0.0015092843636843208
german,rescue,rms,layer_09.head_04,layer_12.head_12,earlier_to_later,0.0025553921277646618,0.0015187589524402246,0.003829378889873265
german,rescue,rms,layer_09.head_11,layer_09.head_04,within_layer,0.00088152393921657,0.0005632888741988312,0.001257575678408745
german,rescue,rms,layer_09.head_11,layer_09.head_11,identity,0.008449041522153089,0.004683939007424491,0.013609161067862762
german,rescue,rms,layer_09.head_11,layer_09.head_13,within_layer,0.00011950712524307696,-0.00011194488243604597,0.0003485679401374493
german,rescue,rms,layer_09.head_11,layer_10.head_02,earlier_to_later,0.0020016510360243577,0.00014773523828826758,0.005270431979023371
german,rescue,rms,layer_09.head_11,layer_10.head_12,earlier_to_later,0.0014934263630891483,0.0009240385963669755,0.0020690123006894836
german,rescue,rms,layer_09.head_11,layer_11.head_08,earlier_to_later,0.016891538956240522,0.010787104538999729,0.024431907934139303
german,rescue,rms,layer_09.head_11,layer_11.head_09,earlier_to_later,0.019128442820063332,0.011118878305715871,0.032051057123782756
german,rescue,rms,layer_09.head_11,layer_11.head_14,earlier_to_later,0.003983636028388174,0.0022421023584956725,0.006391493968596135
german,rescue,rms,layer_09.head_11,layer_11.head_15,earlier_to_later,0.016504730170612932,0.009328012380802529,0.027403779905138984
german,rescue,rms,layer_09.head_11,layer_12.head_02,earlier_to_later,0.0027300359571468067,0.00029421025442580225,0.006870942665836797
german,rescue,rms,layer_09.head_11,layer_12.head_03,earlier_to_later,0.005493559857919636,0.00346560696181574,0.007819215302022033
german,rescue,rms,layer_09.head_11,layer_12.head_12,earlier_to_later,-0.0005625014938266232,-0.002795497010238603,0.0008858200680395011
german,rescue,rms,layer_09.head_13,layer_09.head_04,within_layer,-0.0015351238388159056,-0.0021750553955724177,-0.0010016308859616258
german,rescue,rms,layer_09.head_13,layer_09.head_11,within_layer,0.0016225964903922344,0.0009677978289253423,0.0022751433297381555
german,rescue,rms,layer_09.head_13,layer_09.head_13,identity,0.0012687375489483644,0.00047579107643337914,0.002113655071604173
german,rescue,rms,layer_09.head_13,layer_10.head_02,earlier_to_later,0.0010158973534324387,-0.00017022582664728955,0.002791889177539621
german,rescue,rms,layer_09.head_13,layer_10.head_12,earlier_to_later,0.0017377825127696449,0.0007162421821187338,0.0032401309922566626
german,rescue,rms,layer_09.head_13,layer_11.head_08,earlier_to_later,0.014320809533064277,0.010076330821291985,0.019013102037511036
german,rescue,rms,layer_09.head_13,layer_11.head_09,earlier_to_later,0.008720917281937343,0.0062723976539931356,0.011387120885039036
german,rescue,rms,layer_09.head_13,layer_11.head_14,earlier_to_later,0.004158013730661062,0.002774252085020559,0.0058493379503297555
german,rescue,rms,layer_09.head_13,layer_11.head_15,earlier_to_later,0.007011797480554448,0.0054900499956076695,0.008920165865393855
german,rescue,rms,layer_09.head_13,layer_12.head_02,earlier_to_later,-0.001497129397073983,-0.002614463159355665,-0.000709319436452563
german,rescue,rms,layer_09.head_13,layer_12.head_03,earlier_to_later,0.0010422930498356455,0.0003389178185005796,0.0016389116562708262
german,rescue,rms,layer_09.head_13,layer_12.head_12,earlier_to_later,0.00042713659411442047,-0.00024373471386379914,0.0010038692206570917
german,rescue,rms,layer_10.head_02,layer_09.head_04,later_to_earlier,-0.00010900715490694176,-0.0005769640633056481,0.00047279961132773055
german,rescue,rms,layer_10.head_02,layer_09.head_11,later_to_earlier,0.0005596758999391616,0.00023422345533461464,0.0009200173652539397
german,rescue,rms,layer_10.head_02,layer_09.head_13,later_to_earlier,6.394083951208237e-05,-0.0003982206173411467,0.0007155205869333116
german,rescue,rms,layer_10.head_02,layer_10.head_02,identity,0.008225226357185552,0.005012720320701222,0.012559078835389667
german,rescue,rms,layer_10.head_02,layer_10.head_12,within_layer,-0.0009612213418771404,-0.0015064786243446893,-0.0004746874702810678
german,rescue,rms,layer_10.head_02,layer_11.head_08,earlier_to_later,0.01208849505940779,0.007632352931154915,0.017392711009536113
german,rescue,rms,layer_10.head_02,layer_11.head_09,earlier_to_later,0.004195883241333631,0.0027645341193799364,0.005797401642945906
german,rescue,rms,layer_10.head_02,layer_11.head_14,earlier_to_later,0.0024311899747600863,0.0016387913118254091,0.003414710882265466
german,rescue,rms,layer_10.head_02,layer_11.head_15,earlier_to_later,0.0026624514253783737,0.0016675873962739435,0.003826459133198926
german,rescue,rms,layer_10.head_02,layer_12.head_02,earlier_to_later,0.0016529613690678792,0.000792476752243394,0.0027769457910043287
german,rescue,rms,layer_10.head_02,layer_12.head_03,earlier_to_later,-0.0006837357556297874,-0.0012339819210282809,-0.00017284608534836102
german,rescue,rms,layer_10.head_02,layer_12.head_12,earlier_to_later,-0.0007342445673675622,-0.0010990793266314263,-0.0004051778341830227
german,rescue,rms,layer_10.head_12,layer_09.head_04,later_to_earlier,-0.0004833548129032084,-0.0013482643884778676,9.888371206835644e-05
german,rescue,rms,layer_10.head_12,layer_09.head_11,later_to_earlier,-0.0002881892075688938,-0.0012708489449519693,0.0004180831054442425
german,rescue,rms,layer_10.head_12,layer_09.head_13,later_to_earlier,-0.0001475288951341626,-0.0007283718705907064,0.0003714296040140027
german,rescue,rms,layer_10.head_12,layer_10.head_02,within_layer,0.0026036628753193345,0.0010501639206919827,0.00515268652731935
german,rescue,rms,layer_10.head_12,layer_10.head_12,identity,-0.007362938181152144,-0.01780396886078524,-0.0011570218245576217
german,rescue,rms,layer_10.head_12,layer_11.head_08,earlier_to_later,0.008517089753830575,0.005289992597254864,0.012243826725050182
german,rescue,rms,layer_10.head_12,layer_11.head_09,earlier_to_later,0.008944996900924717,0.006025237232973832,0.01230957084392746
german,rescue,rms,layer_10.head_12,layer_11.head_14,earlier_to_later,0.00305649757226289,0.0016257942543029483,0.00494039256969588
german,rescue,rms,layer_10.head_12,layer_11.head_15,earlier_to_later,0.00819968880740554,0.005400299919946612,0.011270868561263405
german,rescue,rms,layer_10.head_12,layer_12.head_02,earlier_to_later,-0.0005709878057451887,-0.001743003454479471,0.0004727011386755095
german,rescue,rms,layer_10.head_12,layer_12.head_03,earlier_to_later,0.002364867460693434,0.0003690050800070498,0.005497125809327952
german,rescue,rms,layer_10.head_12,layer_12.head_12,earlier_to_later,0.0037116941709827212,0.0027440159875436903,0.004790082781097077
german,rescue,rms,layer_11.head_08,layer_09.head_04,later_to_earlier,0.0006023588465116857,3.212854086920445e-05,0.0012931980914030281
german,rescue,rms,layer_11.head_08,layer_09.head_11,later_to_earlier,-0.002530647135266974,-0.004315886699043674,-0.0011926313431837952
german,rescue,rms,layer_11.head_08,layer_09.head_13,later_to_earlier,0.0017617219656582556,0.0011495791881504802,0.0024959227323331297
german,rescue,rms,layer_11.head_08,layer_10.head_02,later_to_earlier,-0.0016040560758783557,-0.003192546679011108,-0.00022824413582797574
german,rescue,rms,layer_11.head_08,layer_10.head_12,later_to_earlier,-0.0028556977006529596,-0.0037587396733390066,-0.002074689835619642
german,rescue,rms,layer_11.head_08,layer_11.head_08,identity,0.37981079727645783,0.31813279047604004,0.4466950335239631
german,rescue,rms,layer_11.head_08,layer_11.head_09,within_layer,0.04162913707640642,0.026175527931073073,0.06268355941294257
german,rescue,rms,layer_11.head_08,layer_11.head_14,within_layer,0.002198437695578296,0.0010797623733460764,0.0037958121183732187
german,rescue,rms,layer_11.head_08,layer_11.head_15,within_layer,0.015384565503417446,0.01054098501057737,0.02140280341077428
german,rescue,rms,layer_11.head_08,layer_12.head_02,earlier_to_later,0.0026791925063470107,0.0009524361126956527,0.005515725592897428
german,rescue,rms,layer_11.head_08,layer_12.head_03,earlier_to_later,0.00543599516218096,0.003370206989751793,0.008469615623614854
german,rescue,rms,layer_11.head_08,layer_12.head_12,earlier_to_later,-0.0010203155378410646,-0.0013980128224476223,-0.0006575952028259864
german,rescue,rms,layer_11.head_09,layer_09.head_04,later_to_earlier,4.9958090000619335e-05,-0.0001618556906849133,0.00029605800639092276
german,rescue,rms,layer_11.head_09,layer_09.head_11,later_to_earlier,-0.0013995859543648518,-0.002183389440923251,-0.0007506248659862177
german,rescue,rms,layer_11.head_09,layer_09.head_13,later_to_earlier,0.0012111677068713516,0.0006921442463836351,0.0018074384558275103
german,rescue,rms,layer_11.head_09,layer_10.head_02,later_to_earlier,-0.00047128215969215274,-0.0012075638558746845,0.00013637059683888083
german,rescue,rms,layer_11.head_09,layer_10.head_12,later_to_earlier,-0.0016202748988082963,-0.002399118723584581,-0.000902840872317623
german,rescue,rms,layer_11.head_09,layer_11.head_08,within_layer,0.3049038857252028,0.2584182847480714,0.3643688137376683
german,rescue,rms,layer_11.head_09,layer_11.head_09,identity,0.027569586703632958,0.016764796926289807,0.043132073136589254
german,rescue,rms,layer_11.head_09,layer_11.head_14,within_layer,0.001499517573381103,0.0009329940240291551,0.0021566703742290725
german,rescue,rms,layer_11.head_09,layer_11.head_15,within_layer,0.010982962258061401,0.007886078166195605,0.014607161660537615
german,rescue,rms,layer_11.head_09,layer_12.head_02,earlier_to_later,0.0018641845453975588,0.0006007332259755333,0.00392037717409936
german,rescue,rms,layer_11.head_09,layer_12.head_03,earlier_to_later,0.004157640652899113,0.002824106502731224,0.005784418081614387
german,rescue,rms,layer_11.head_09,layer_12.head_12,earlier_to_later,-0.0010040316762072784,-0.0014246881703342059,-0.0006442061211399419
german,rescue,rms,layer_11.head_14,layer_09.head_04,later_to_earlier,-0.00026052556352672756,-0.0006110893829730657,0.00020642009064466207
german,rescue,rms,layer_11.head_14,layer_09.head_11,later_to_earlier,-0.000538512314179097,-0.0012936539134802178,8.813817847094103e-05
german,rescue,rms,layer_11.head_14,layer_09.head_13,later_to_earlier,0.00025992947777015243,-0.0002765683224077696,0.0011591180459661237
german,rescue,rms,layer_11.head_14,layer_10.head_02,later_to_earlier,0.0031099566971740096,0.0011411757068743808,0.006537367881290792
german,rescue,rms,layer_11.head_14,layer_10.head_12,later_to_earlier,-0.0013196773400489725,-0.003987373929249196,0.00033752944735298624
german,rescue,rms,layer_11.head_14,layer_11.head_08,within_layer,0.02359592732862487,0.015100103702752353,0.036040785896186374
german,rescue,rms,layer_11.head_14,layer_11.head_09,within_layer,0.01564733046536314,0.010124303349130134,0.02369425799252625
german,rescue,rms,layer_11.head_14,layer_11.head_14,identity,0.0012306271769345917,0.0003286686497248214,0.002161325439769832
german,rescue,rms,layer_11.head_14,layer_11.head_15,within_layer,0.05139078431909571,0.034010549304759365,0.07357584121145341
german,rescue,rms,layer_11.head_14,layer_12.head_02,earlier_to_later,0.0003000322239626915,-0.00048364883510010814,0.001433997899675687
german,rescue,rms,layer_11.head_14,layer_12.head_03,earlier_to_later,9.589818163880908e-05,-0.0005156153716172879,0.000576663641036186
german,rescue,rms,layer_11.head_14,layer_12.head_12,earlier_to_later,0.0012768857485559897,-0.00020795499375186475,0.002312266843416187
german,rescue,rms,layer_11.head_15,layer_09.head_04,later_to_earlier,-0.0004367862114590825,-0.0007096527302338559,-0.00017853091778096818
german,rescue,rms,layer_11.head_15,layer_09.head_11,later_to_earlier,-0.00048556163902438513,-0.0012535023230199512,0.0001221056379534742
german,rescue,rms,layer_11.head_15,layer_09.head_13,later_to_earlier,-0.00011414883400810375,-0.00037708012704680126,0.00018805469939349207
german,rescue,rms,layer_11.head_15,layer_10.head_02,later_to_earlier,0.0029028947695463273,0.001484833184209083,0.004916604007712814
german,rescue,rms,layer_11.head_15,layer_10.head_12,later_to_earlier,-9.276230378845461e-05,-0.0014201946480715327,0.0017471924736043908
german,rescue,rms,layer_11.head_15,layer_11.head_08,within_layer,0.0252138732446061,0.015087465416009695,0.039877640765663164
german,rescue,rms,layer_11.head_15,layer_11.head_09,within_layer,0.01743379469151231,0.012093104165892075,0.023787353608989946
german,rescue,rms,layer_11.head_15,layer_11.head_14,within_layer,0.00310468072617409,0.001233776453833794,0.0055696900065455935
german,rescue,rms,layer_11.head_15,layer_11.head_15,identity,0.04800062025804421,0.031222373271840482,0.07012335536705812
german,rescue,rms,layer_11.head_15,layer_12.head_02,earlier_to_later,-0.0011952752634480754,-0.002333512509530956,-0.00035726049766248217
german,rescue,rms,layer_11.head_15,layer_12.head_03,earlier_to_later,4.7178220164477464e-05,-0.00022673817786310696,0.00033931881141129354
german,rescue,rms,layer_11.head_15,layer_12.head_12,earlier_to_later,0.003536274726995906,0.002271507813187412,0.005177969258380834
german,rescue,rms,layer_12.head_02,layer_09.head_04,later_to_earlier,-0.0008066759332892766,-0.0010276496838441727,-0.0005804204817592438
german,rescue,rms,layer_12.head_02,layer_09.head_11,later_to_earlier,-5.891591663830609e-05,-0.0009857153709755704,0.0013199000049415154
german,rescue,rms,layer_12.head_02,layer_09.head_13,later_to_earlier,0.0011334862287114872,0.0006121004553368955,0.0019167921520704936
german,rescue,rms,layer_12.head_02,layer_10.head_02,later_to_earlier,-0.00031700281467850384,-0.0010636109653639223,0.0007670350093662797
german,rescue,rms,layer_12.head_02,layer_10.head_12,later_to_earlier,0.0038743437070379617,0.0021120725724537276,0.0062915746566718275
german,rescue,rms,layer_12.head_02,layer_11.head_08,later_to_earlier,0.03547244020092241,0.02544078300714003,0.049553160714806574
german,rescue,rms,layer_12.head_02,layer_11.head_09,later_to_earlier,0.009752992647624923,0.007014651006176498,0.012927247405132484
german,rescue,rms,layer_12.head_02,layer_11.head_14,later_to_earlier,0.0012249095950416105,0.000446839623554116,0.0019713962033866416
german,rescue,rms,layer_12.head_02,layer_11.head_15,later_to_earlier,0.005287451718330507,0.002855612234983206,0.00845285294261257
german,rescue,rms,layer_12.head_02,layer_12.head_02,identity,0.008787836199435775,0.003869065814973249,0.016835101366973998
german,rescue,rms,layer_12.head_02,layer_12.head_03,within_layer,0.005543722551931279,0.002670984235240427,0.010091033666649124
german,rescue,rms,layer_12.head_02,layer_12.head_12,within_layer,0.000999173426924927,0.0002943786059157475,0.0017166976869029237
german,rescue,rms,layer_12.head_03,layer_09.head_04,later_to_earlier,-0.0009095184737533263,-0.0014079502631327175,-0.0005614942010807967
german,rescue,rms,layer_12.head_03,layer_09.head_11,later_to_earlier,2.183280034906543e-05,-0.0008784363934897235,0.0014706074265324286
german,rescue,rms,layer_12.head_03,layer_09.head_13,later_to_earlier,0.0010939884208245976,0.0007345984838798238,0.001502585374440221
german,rescue,rms,layer_12.head_03,layer_10.head_02,later_to_earlier,-0.00027115751732179034,-0.0010331901042795403,0.000847647693271848
german,rescue,rms,layer_12.head_03,layer_10.head_12,later_to_earlier,0.003950761409693239,0.0020108398922610102,0.006771829536231183
german,rescue,rms,layer_12.head_03,layer_11.head_08,later_to_earlier,0.040940693649541934,0.02928113879964933,0.058350344623624546
german,rescue,rms,layer_12.head_03,layer_11.head_09,later_to_earlier,0.011940863851678942,0.008374077182122396,0.01627456372833888
german,rescue,rms,layer_12.head_03,layer_11.head_14,later_to_earlier,0.0014516882461143678,0.000522755924569682,0.0023209490934445174
german,rescue,rms,layer_12.head_03,layer_11.head_15,later_to_earlier,0.006470400400186181,0.003543541658223943,0.010358365415256946
german,rescue,rms,layer_12.head_03,layer_12.head_02,within_layer,0.011885876094854803,0.005147487953963683,0.023083527471585968
german,rescue,rms,layer_12.head_03,layer_12.head_03,identity,0.007091088364843049,0.0033611148617097436,0.012866388086486283
german,rescue,rms,layer_12.head_03,layer_12.head_12,within_layer,0.0008825819247226976,7.264734178102424e-05,0.0017355322005413556
german,rescue,rms,layer_12.head_12,layer_09.head_04,later_to_earlier,0.0015238105987740132,0.0006642092303489355,0.002528472430716099
german,rescue,rms,layer_12.head_12,layer_09.head_11,later_to_earlier,5.65811309441447e-06,-0.0002979896070916292,0.00032589535305120067
german,rescue,rms,layer_12.head_12,layer_09.head_13,later_to_earlier,0.0011900271419745497,0.0006212663034980878,0.0019399064684062128
german,rescue,rms,layer_12.head_12,layer_10.head_02,later_to_earlier,-0.0020199281825058345,-0.0039954400967305865,-0.000612045719373083
german,rescue,rms,layer_12.head_12,layer_10.head_12,later_to_earlier,0.006103618219577965,0.0024709922473820606,0.011944101467703
german,rescue,rms,layer_12.head_12,layer_11.head_08,later_to_earlier,0.04369975588675961,0.025346216035208036,0.07125865865171947
german,rescue,rms,layer_12.head_12,layer_11.head_09,later_to_earlier,0.025147467266673655,0.015165824583803665,0.0394584809930408
german,rescue,rms,layer_12.head_12,layer_11.head_14,later_to_earlier,-0.0011921997438868646,-0.002243867086373044,-0.00015118917603840654
german,rescue,rms,layer_12.head_12,layer_11.head_15,later_to_earlier,0.008651135433125567,0.0053674916170563785,0.013192625969655957
german,rescue,rms,layer_12.head_12,layer_12.head_02,within_layer,0.0017775043875685136,-0.00018336429401438948,0.005140489874740067
german,rescue,rms,layer_12.head_12,layer_12.head_03,within_layer,-0.0014734946794213335,-0.0020507742675406064,-0.0008960427081874263
german,rescue,rms,layer_12.head_12,layer_12.head_12,identity,0.00219446438352818,0.001428377659349311,0.003060162102707835
german,rescue,aligned,layer_09.head_04,layer_09.head_04,identity,0.0018982976950073754,0.0011375830141309503,0.0027665208912305388
german,rescue,aligned,layer_09.head_04,layer_09.head_11,within_layer,0.0011401573445028567,0.0007516263713260457,0.0016077115211218845
german,rescue,aligned,layer_09.head_04,layer_09.head_13,within_layer,0.0003148690538547116,0.00014970337357843763,0.0004974878073863746
german,rescue,aligned,layer_09.head_04,layer_10.head_02,earlier_to_later,0.00088490391869523,0.000608801478234388,0.001184456838495961
german,rescue,aligned,layer_09.head_04,layer_10.head_12,earlier_to_later,0.0006696897887523265,0.00044212641012965695,0.00093439258963304
german,rescue,aligned,layer_09.head_04,layer_11.head_08,earlier_to_later,0.000728090796238369,0.00036155119357718563,0.0012262705966932783
german,rescue,aligned,layer_09.head_04,layer_11.head_09,earlier_to_later,0.000566441026413166,0.0003167392354544454,0.0008792502128463845
german,rescue,aligned,layer_09.head_04,layer_11.head_14,earlier_to_later,0.00017837547531386838,1.3706756528855295e-05,0.000347097532320017
german,rescue,aligned,layer_09.head_04,layer_11.head_15,earlier_to_later,3.4831222645503304e-05,-9.75011482827905e-05,0.00020052114351252473
german,rescue,aligned,layer_09.head_04,layer_12.head_02,earlier_to_later,0.00019077740946513687,7.646843028371419e-05,0.00032082042572170776
german,rescue,aligned,layer_09.head_04,layer_12.head_03,earlier_to_later,7.225647513162704e-05,1.8427895992936947e-05,0.0001236895899113927
german,rescue,aligned,layer_09.head_04,layer_12.head_12,earlier_to_later,0.00015504401041288506,6.401023992648603e-05,0.0002478091865848613
german,rescue,aligned,layer_09.head_11,layer_09.head_04,within_layer,0.003435003048068929,0.0015194022288713947,0.006406842976740455
german,rescue,aligned,layer_09.head_11,layer_09.head_11,identity,0.008442437689970354,0.004673444887612757,0.013607742960145618
german,rescue,aligned,layer_09.head_11,layer_09.head_13,within_layer,0.0008825396315636028,0.00017298200384048605,0.0020808796917624935
german,rescue,aligned,layer_09.head_11,layer_10.head_02,earlier_to_later,0.0059429043420880425,0.00264607044888186,0.011432130515881508
german,rescue,aligned,layer_09.head_11,layer_10.head_12,earlier_to_later,0.0029729177550178194,0.0011523059913662638,0.00572901598169834
german,rescue,aligned,layer_09.head_11,layer_11.head_08,earlier_to_later,0.001850734007747914,0.0008053190635232945,0.0035093369340037637
german,rescue,aligned,layer_09.head_11,layer_11.head_09,earlier_to_later,0.002618661804279813,0.0011638279998664243,0.0048587869642096595
german,rescue,aligned,layer_09.head_11,layer_11.head_14,earlier_to_later,0.0007508851994360556,0.0004082302040074238,0.0012268093578895055
german,rescue,aligned,layer_09.head_11,layer_11.head_15,earlier_to_later,0.00026392365049213054,-0.00021403036931307785,0.0010368933579303324
german,rescue,aligned,layer_09.head_11,layer_12.head_02,earlier_to_later,2.3932400499037008e-05,-0.00016685489221485958,0.0002483471661380805
german,rescue,aligned,layer_09.head_11,layer_12.head_03,earlier_to_later,0.0008028159889310152,0.00035154513576264866,0.0015165345400493383
german,rescue,aligned,layer_09.head_11,layer_12.head_12,earlier_to_later,0.0014785653263464295,0.000902754052473935,0.0022339269363844407
german,rescue,aligned,layer_09.head_13,layer_09.head_04,within_layer,7.916864286932434e-05,-6.845344643242646e-05,0.00024695229916791515
german,rescue,aligned,layer_09.head_13,layer_09.head_11,within_layer,2.9320214349822963e-05,-0.00015954854857688961,0.00020581080674871778
german,rescue,aligned,layer_09.head_13,layer_09.head_13,identity,0.001269289202532791,0.00047755076350427996,0.002113848334031023
german,rescue,aligned,layer_09.head_13,layer_10.head_02,earlier_to_later,0.0006064782679782238,0.00018852572091376295,0.0009502044453903242
german,rescue,aligned,layer_09.head_13,layer_10.head_12,earlier_to_later,0.0005222631214994609,0.0002843775486314142,0.0007888984564589014
german,rescue,aligned,layer_09.head_13,layer_11.head_08,earlier_to_later,0.0007820659315757999,0.0005405185549194124,0.0010496822601020928
german,rescue,aligned,layer_09.head_13,layer_11.head_09,earlier_to_later,0.0007804172396132525,0.0004910081170402523,0.001081547925778748
german,rescue,aligned,layer_09.head_13,layer_11.head_14,earlier_to_later,0.0012583041209787166,0.0009295916775173495,0.0016176268597152142
german,rescue,aligned,layer_09.head_13,layer_11.head_15,earlier_to_later,0.0008256378604448491,0.0005925149385524104,0.001063941827389657
german,rescue,aligned,layer_09.head_13,layer_12.head_02,earlier_to_later,0.0003425622840477319,0.00020598366432509789,0.0004998511259467597
german,rescue,aligned,layer_09.head_13,layer_12.head_03,earlier_to_later,0.00042179543616222524,0.0002915365986416961,0.0005804908962758303
german,rescue,aligned,layer_09.head_13,layer_12.head_12,earlier_to_later,0.00020883165384372318,0.00011522078880650316,0.00032947844643730495
german,rescue,aligned,layer_10.head_02,layer_09.head_04,later_to_earlier,0.0007617641774713193,0.0005003393864661029,0.0010416856796123368
german,rescue,aligned,layer_10.head_02,layer_09.head_11,later_to_earlier,0.0015756210740792797,0.0009997274082643032,0.0023329863708435785
german,rescue,aligned,layer_10.head_02,layer_09.head_13,later_to_earlier,0.0008113093744175014,0.00021382414131246633,0.0017621795630076542
german,rescue,aligned,layer_10.head_02,layer_10.head_02,identity,0.008223455508517117,0.005012273487067668,0.012557322104656819
german,rescue,aligned,layer_10.head_02,layer_10.head_12,within_layer,0.001227488440007383,0.0008633195508167566,0.0016164413717682704
german,rescue,aligned,layer_10.head_02,layer_11.head_08,earlier_to_later,0.0011480129864240851,0.0006730325924408195,0.0018823401217113551
german,rescue,aligned,layer_10.head_02,layer_11.head_09,earlier_to_later,0.0013701713269437996,0.0008574288996155035,0.0020464964505700735
german,rescue,aligned,layer_10.head_02,layer_11.head_14,earlier_to_later,0.000881455363728764,0.0005742364887997911,0.0012699351470488276
german,rescue,aligned,layer_10.head_02,layer_11.head_15,earlier_to_later,0.00033269391555620475,0.00017505928493156085,0.000527830542397339
german,rescue,aligned,layer_10.head_02,layer_12.head_02,earlier_to_later,0.0009659434355661918,0.0005688174239047964,0.001538396017530795
german,rescue,aligned,layer_10.head_02,layer_12.head_03,earlier_to_later,0.0006353060857587164,0.00023890053401254047,0.0011888340187113265
german,rescue,aligned,layer_10.head_02,layer_12.head_12,earlier_to_later,0.0004500160919106262,0.00031766383260637516,0.0006088439965509244
german,rescue,aligned,layer_10.head_12,layer_09.head_04,later_to_earlier,-0.0017457145661670945,-0.002588746598963382,-0.0009739394626338982
german,rescue,aligned,layer_10.head_12,layer_09.head_11,later_to_earlier,-0.00030241648227560363,-0.0007836385466711954,0.00019798785571037075
german,rescue,aligned,layer_10.head_12,layer_09.head_13,later_to_earlier,-4.5079827180288756e-05,-0.00016966114391936703,6.894671007144168e-05
german,rescue,aligned,layer_10.head_12,layer_10.head_02,within_layer,0.00022127816841556973,-0.0001322512881139637,0.0005618724784892027
german,rescue,aligned,layer_10.head_12,layer_10.head_12,identity,-0.007361327949067872,-0.01780237979637339,-0.0011547883836896422
german,rescue,aligned,layer_10.head_12,layer_11.head_08,earlier_to_later,0.0020873145273024047,0.0011719046552435496,0.0033281030519120977
german,rescue,aligned,layer_10.head_12,layer_11.head_09,earlier_to_later,0.0004516738058490246,0.0002559049895320307,0.0006926457132006223
german,rescue,aligned,layer_10.head_12,layer_11.head_14,earlier_to_later,0.00045153208035044574,0.00020141377561823224,0.000745126849583642
german,rescue,aligned,layer_10.head_12,layer_11.head_15,earlier_to_later,0.000928393866182779,0.00047717200638650655,0.001586975266704139
german,rescue,aligned,layer_10.head_12,layer_12.head_02,earlier_to_later,0.0003962706569254946,0.0001456720830585019,0.0007230740180981185
german,rescue,aligned,layer_10.head_12,layer_12.head_03,earlier_to_later,0.0004590761887863042,0.0003051076114991534,0.0006556824492317162
german,rescue,aligned,layer_10.head_12,layer_12.head_12,earlier_to_later,0.000989536325983382,0.0005229351962410344,0.0017243881427347497
german,rescue,aligned,layer_11.head_08,layer_09.head_04,later_to_earlier,0.0049977400629259375,0.0037065331664960658,0.006444235648772629
german,rescue,aligned,layer_11.head_08,layer_09.head_11,later_to_earlier,0.01953368824630417,0.01436166473181139,0.025631065812888983
german,rescue,aligned,layer_11.head_08,layer_09.head_13,later_to_earlier,0.005228470275886373,0.0035682738767876198,0.007180842763531233
german,rescue,aligned,layer_11.head_08,layer_10.head_02,later_to_earlier,0.05151779137474266,0.037870180101529496,0.07072137024212806
german,rescue,aligned,layer_11.head_08,layer_10.head_12,later_to_earlier,0.03603468211174902,0.027840257461921446,0.04568580381769385
german,rescue,aligned,layer_11.head_08,layer_11.head_08,identity,0.37981040691716467,0.31812813255742467,0.4466909161579777
german,rescue,aligned,layer_11.head_08,layer_11.head_09,within_layer,0.058048664660108544,0.03877479932519699,0.08441391084720098
german,rescue,aligned,layer_11.head_08,layer_11.head_14,within_layer,0.06871541668195211,0.04799574942369155,0.09618006393132399
german,rescue,aligned,layer_11.head_08,layer_11.head_15,within_layer,0.05415515575613985,0.038081549208162875,0.07501463053940204
german,rescue,aligned,layer_11.head_08,layer_12.head_02,earlier_to_later,0.025885236546343737,0.01650962470411485,0.039900170101322074
german,rescue,aligned,layer_11.head_08,layer_12.head_03,earlier_to_later,0.015714277253566316,0.009900895115435453,0.024144507172815455
german,rescue,aligned,layer_11.head_08,layer_12.head_12,earlier_to_later,0.006578678596387044,0.003991665683019757,0.01035481893029693
german,rescue,aligned,layer_11.head_09,layer_09.head_04,later_to_earlier,0.0038259824855846145,0.002338594775491423,0.005708572913740358
german,rescue,aligned,layer_11.head_09,layer_09.head_11,later_to_earlier,0.006437301015693815,0.0044967326036375425,0.009007894895933583
german,rescue,aligned,layer_11.head_09,layer_09.head_13,later_to_earlier,0.0015373744405804718,0.0008348225253676566,0.0023405139133076563
german,rescue,aligned,layer_11.head_09,layer_10.head_02,later_to_earlier,0.019752037682282054,0.013529491171662213,0.02832799158710961
german,rescue,aligned,layer_11.head_09,layer_10.head_12,later_to_earlier,0.005138427864855163,0.0035304131074563104,0.006900053270832579
german,rescue,aligned,layer_11.head_09,layer_11.head_08,within_layer,0.014246041030651876,0.009516463332731817,0.020540758148385012
german,rescue,aligned,layer_11.head_09,layer_11.head_09,identity,0.027568463404104473,0.016767834318138875,0.04313962081700518
german,rescue,aligned,layer_11.head_09,layer_11.head_14,within_layer,0.004269383245470048,0.0023549086275905383,0.006732326289662445
german,rescue,aligned,layer_11.head_09,layer_11.head_15,within_layer,0.001161235094422255,0.00011851682787171588,0.0024060828336955383
german,rescue,aligned,layer_11.head_09,layer_12.head_02,earlier_to_later,0.0027616845613299764,0.0018406037600526887,0.003978141430311028
german,rescue,aligned,layer_11.head_09,layer_12.head_03,earlier_to_later,0.005698602684294552,0.003831553742988633,0.008123283626672634
german,rescue,aligned,layer_11.head_09,layer_12.head_12,earlier_to_later,0.0016783147095850947,0.0009412067843354195,0.0027857838870534294
german,rescue,aligned,layer_11.head_14,layer_09.head_04,later_to_earlier,-6.552142191045918e-05,-0.000490304776412085,0.0004270121979200479
german,rescue,aligned,layer_11.head_14,layer_09.head_11,later_to_earlier,0.0009263270712924158,-0.0006239594935787036,0.0035864062667014603
german,rescue,aligned,layer_11.head_14,layer_09.head_13,later_to_earlier,0.00017517659188098672,-0.00030962883647950756,0.0009054105305666806
german,rescue,aligned,layer_11.head_14,layer_10.head_02,later_to_earlier,0.0020543954552569746,0.0003075926153118429,0.005198623312396657
german,rescue,aligned,layer_11.head_14,layer_10.head_12,later_to_earlier,0.0021502269251025196,8.350727656894823e-05,0.005765014099370588
german,rescue,aligned,layer_11.head_14,layer_11.head_08,within_layer,-0.002085648236133444,-0.004133737044060213,-0.0008472038518966959
german,rescue,aligned,layer_11.head_14,layer_11.head_09,within_layer,0.00021321207725952696,-0.0006666107147531063,0.0015111784994357644
german,rescue,aligned,layer_11.head_14,layer_11.head_14,identity,0.0012301221157137148,0.0003280241071605222,0.002163215750009946
german,rescue,aligned,layer_11.head_14,layer_11.head_15,within_layer,-0.002156721667619507,-0.0036850929733777777,-0.0010661845488435222
german,rescue,aligned,layer_11.head_14,layer_12.head_02,earlier_to_later,0.0012711916322715596,0.0004437579157648655,0.0027050196504892062
german,rescue,aligned,layer_11.head_14,layer_12.head_03,earlier_to_later,0.0017532802553386153,0.0008235336656882987,0.003347130949189319
german,rescue,aligned,layer_11.head_14,layer_12.head_12,earlier_to_later,3.695024333973621e-05,-0.00030949274469483593,0.0005926646062989081
german,rescue,aligned,layer_11.head_15,layer_09.head_04,later_to_earlier,-0.001578348103939487,-0.003773402671735977,-6.427163143754925e-06
german,rescue,aligned,layer_11.head_15,layer_09.head_11,later_to_earlier,-0.00048263688811595127,-0.002790539165898968,0.0011726498202590163
german,rescue,aligned,layer_11.head_15,layer_09.head_13,later_to_earlier,0.0003749239631766803,-0.0008813687017818154,0.0014584432613453347
german,rescue,aligned,layer_11.head_15,layer_10.head_02,later_to_earlier,0.0018490255928466349,-0.0009398618276312335,0.004301193345717134
german,rescue,aligned,layer_11.head_15,layer_10.head_12,later_to_earlier,-5.2559786402878366e-05,-0.004226351409129994,0.0027582074066442746
german,rescue,aligned,layer_11.head_15,layer_11.head_08,within_layer,0.017679631377079636,0.01067775110865613,0.027375855919977137
german,rescue,aligned,layer_11.head_15,layer_11.head_09,within_layer,0.013170489059835401,0.00827333812175236,0.01934427341265487
german,rescue,aligned,layer_11.head_15,layer_11.head_14,within_layer,0.025052121882250013,0.015335547180849599,0.03845664628617916
german,rescue,aligned,layer_11.head_15,layer_11.head_15,identity,0.04800229927739976,0.031216752735403867,0.07012517101034504
german,rescue,aligned,layer_11.head_15,layer_12.head_02,earlier_to_later,0.002267783757542454,0.0013408940457319987,0.0036023527301574754
german,rescue,aligned,layer_11.head_15,layer_12.head_03,earlier_to_later,-0.00012135512662988104,-0.0005493036525603529,0.00017441143250153566
german,rescue,aligned,layer_11.head_15,layer_12.head_12,earlier_to_later,0.002402677947312724,0.0016049307278369624,0.0033528453375174104
german,rescue,aligned,layer_12.head_02,layer_09.head_04,later_to_earlier,0.00021598781731799058,-0.0004760695447185786,0.0010394146899536875
german,rescue,aligned,layer_12.head_02,layer_09.head_11,later_to_earlier,-0.0007550608282357121,-0.0016204971394861306,-0.00012324667839206977
german,rescue,aligned,layer_12.head_02,layer_09.head_13,later_to_earlier,0.002126130561840482,0.0009510165088094712,0.003691111819249225
german,rescue,aligned,layer_12.head_02,layer_10.head_02,later_to_earlier,-0.002460940024842001,-0.00618689154967179,-0.0003453982973432431
german,rescue,aligned,layer_12.head_02,layer_10.head_12,later_to_earlier,5.298269681547868e-05,-0.0006089547934721599,0.0008068532570855787
german,rescue,aligned,layer_12.head_02,layer_11.head_08,later_to_earlier,0.00045885650579216813,-0.0003605694051414781,0.0012688263130886074
german,rescue,aligned,layer_12.head_02,layer_11.head_09,later_to_earlier,0.00019058441118830643,-0.0002943497643271561,0.0008298154196552509
german,rescue,aligned,layer_12.head_02,layer_11.head_14,later_to_earlier,0.0030703386386324682,0.0016032919320843897,0.005530385433580182
german,rescue,aligned,layer_12.head_02,layer_11.head_15,later_to_earlier,0.0026572186793848195,0.0013353440249447796,0.004865816536394255
german,rescue,aligned,layer_12.head_02,layer_12.head_02,identity,0.008787836877142883,0.0038690658649721712,0.016835101366973998
german,rescue,aligned,layer_12.head_02,layer_12.head_03,within_layer,0.0012928720332351239,0.0005262381816835404,0.0025363390523063445
german,rescue,aligned,layer_12.head_02,layer_12.head_12,within_layer,0.00043429388004108247,-4.272762736801201e-05,0.0012166157561914821
german,rescue,aligned,layer_12.head_03,layer_09.head_04,later_to_earlier,0.0013009605099040175,0.0006960162962066399,0.0019724597042565916
german,rescue,aligned,layer_12.head_03,layer_09.head_11,later_to_earlier,0.002441151167946812,0.0016043796475931744,0.003488451416616466
german,rescue,aligned,layer_12.head_03,layer_09.head_13,later_to_earlier,0.00020551167262230683,4.1275216248203196e-05,0.00035891199777676844
german,rescue,aligned,layer_12.head_03,layer_10.head_02,later_to_earlier,0.0014057922054380794,0.0001477051718077352,0.0028190915582698406
german,rescue,aligned,layer_12.head_03,layer_10.head_12,later_to_earlier,0.0013757143145435528,0.0006489700781255545,0.002184637175624243
german,rescue,aligned,layer_12.head_03,layer_11.head_08,later_to_earlier,0.004122996900981855,0.002175746375387268,0.007049420340836804
german,rescue,aligned,layer_12.head_03,layer_11.head_09,later_to_earlier,0.00679711384702725,0.004252646956662016,0.01013707477767242
german,rescue,aligned,layer_12.head_03,layer_11.head_14,later_to_earlier,0.004431261593195156,0.0026275892027819952,0.006909593392612118
german,rescue,aligned,layer_12.head_03,layer_11.head_15,later_to_earlier,-0.00017172181048048273,-0.0006712299168998277,0.00036036994502615084
german,rescue,aligned,layer_12.head_03,layer_12.head_02,within_layer,0.0013851118672014117,0.0007931097319477243,0.0022351000968688305
german,rescue,aligned,layer_12.head_03,layer_12.head_03,identity,0.007091088364843049,0.0033611148617097436,0.012866388086486283
german,rescue,aligned,layer_12.head_03,layer_12.head_12,within_layer,0.0024277380736147836,0.0014096608580053951,0.003844641992134947
german,rescue,aligned,layer_12.head_12,layer_09.head_04,later_to_earlier,0.00148409164658704,0.0008542027414581201,0.0021695928341036257
german,rescue,aligned,layer_12.head_12,layer_09.head_11,later_to_earlier,0.0013067995496174338,0.000648776218427524,0.0019739702449684607
german,rescue,aligned,layer_12.head_12,layer_09.head_13,later_to_earlier,1.0518310784696064e-05,-0.00032731518533377866,0.00035835217493230013
german,rescue,aligned,layer_12.head_12,layer_10.head_02,later_to_earlier,0.001901919637101287,0.0013195333162178736,0.002599391838395607
german,rescue,aligned,layer_12.head_12,layer_10.head_12,later_to_earlier,0.0035346309907665725,0.0023324340578399026,0.004953534336110896
german,rescue,aligned,layer_12.head_12,layer_11.head_08,later_to_earlier,0.004859873428609637,0.0032218800043444756,0.0067539494838103524
german,rescue,aligned,layer_12.head_12,layer_11.head_09,later_to_earlier,0.0037951657668742747,0.0025034904589554623,0.005272012155244231
german,rescue,aligned,layer_12.head_12,layer_11.head_14,later_to_earlier,0.0018817870556331853,0.0012123007339111774,0.0026703913788665595
german,rescue,aligned,layer_12.head_12,layer_11.head_15,later_to_earlier,0.0015709451491868367,0.001045595126867311,0.002131038698708344
german,rescue,aligned,layer_12.head_12,layer_12.head_02,within_layer,-0.0002804525879581875,-0.000570155355989158,-1.7455302625109808e-05
german,rescue,aligned,layer_12.head_12,layer_12.head_03,within_layer,0.0015382503770152032,0.0009653013200479751,0.0023313347178659074
german,rescue,aligned,layer_12.head_12,layer_12.head_12,identity,0.00219446438352818,0.001428377659349311,0.003060162102707835
discovery_macro,rescue,raw,layer_09.head_04,layer_09.head_04,identity,0.022700361148142546,0.016483211124330602,0.029727195173446522
discovery_macro,rescue,raw,layer_09.head_04,layer_09.head_11,within_layer,0.0019241236034771908,0.001521098748318986,0.002376048221017936
discovery_macro,rescue,raw,layer_09.head_04,layer_09.head_13,within_layer,0.00114943881324161,0.0007047581558081989,0.0016544768139727857
discovery_macro,rescue,raw,layer_09.head_04,layer_10.head_02,earlier_to_later,0.0012959117575588011,0.00023314122325009235,0.0025424074294501404
discovery_macro,rescue,raw,layer_09.head_04,layer_10.head_12,earlier_to_later,0.0008373535605221412,0.00021729982469081917,0.0015159388124065796
discovery_macro,rescue,raw,layer_09.head_04,layer_11.head_08,earlier_to_later,0.00018174530549131245,-0.0001843934813308703,0.0005880900242069538
discovery_macro,rescue,raw,layer_09.head_04,layer_11.head_09,earlier_to_later,-0.0003995979332743608,-0.0010987471690143361,0.00041807842037001045
discovery_macro,rescue,raw,layer_09.head_04,layer_11.head_14,earlier_to_later,0.000419690177056885,1.673394724300688e-05,0.0008676581439647961
discovery_macro,rescue,raw,layer_09.head_04,layer_11.head_15,earlier_to_later,0.0019093283379965726,0.001440720688738684,0.0024651315971460914
discovery_macro,rescue,raw,layer_09.head_04,layer_12.head_02,earlier_to_later,-0.002573893577057499,-0.0030303200900060373,-0.002148090198225848
discovery_macro,rescue,raw,layer_09.head_04,layer_12.head_03,earlier_to_later,0.0020493054383113334,0.001744876725900396,0.002357969071030121
discovery_macro,rescue,raw,layer_09.head_04,layer_12.head_12,earlier_to_later,0.0001400047421407627,-0.00030779277497624744,0.0006336149753465333
discovery_macro,rescue,raw,layer_09.head_11,layer_09.head_04,within_layer,0.01256835962802029,0.011105966991602535,0.014037740221989167
discovery_macro,rescue,raw,layer_09.head_11,layer_09.head_11,identity,0.04448352333446332,0.04036782215526121,0.04846680812818232
discovery_macro,rescue,raw,layer_09.head_11,layer_09.head_13,within_layer,0.012318915450704534,0.01129436662336391,0.013347970206937131
discovery_macro,rescue,raw,layer_09.head_11,layer_10.head_02,earlier_to_later,-0.001754297951697442,-0.0030850229246280527,-0.0004266560671704756
discovery_macro,rescue,raw,layer_09.head_11,layer_10.head_12,earlier_to_later,-0.014188103522054818,-0.015426767910094537,-0.012917646456770585
discovery_macro,rescue,raw,layer_09.head_11,layer_11.head_08,earlier_to_later,0.006737157526236683,0.005264580450863355,0.008160186218129046
discovery_macro,rescue,raw,layer_09.head_11,layer_11.head_09,earlier_to_later,-0.009182587679822454,-0.010550473159596703,-0.008065386453044644
discovery_macro,rescue,raw,layer_09.head_11,layer_11.head_14,earlier_to_later,0.0005387320280630652,-0.0006911726429718369,0.0017517128683368023
discovery_macro,rescue,raw,layer_09.head_11,layer_11.head_15,earlier_to_later,0.024192685514366444,0.02261596658931502,0.025810275991138377
discovery_macro,rescue,raw,layer_09.head_11,layer_12.head_02,earlier_to_later,0.0038719961286531835,0.0027473623061335254,0.004989642006813698
discovery_macro,rescue,raw,layer_09.head_11,layer_12.head_03,earlier_to_later,0.007957501867945239,0.007034613784407497,0.008888407021491806
discovery_macro,rescue,raw,layer_09.head_11,layer_12.head_12,earlier_to_later,-0.0011879296249298582,-0.0023757050889409532,-1.2144973526056096e-05
discovery_macro,rescue,raw,layer_09.head_13,layer_09.head_04,within_layer,-0.0014812923154855053,-0.0020004473473461105,-0.0009480632379950982
discovery_macro,rescue,raw,layer_09.head_13,layer_09.head_11,within_layer,0.002379869273541357,0.0018098807896273189,0.00298409980214836
discovery_macro,rescue,raw,layer_09.head_13,layer_09.head_13,identity,0.013299803327183876,0.011774120881726382,0.01487424702325502
discovery_macro,rescue,raw,layer_09.head_13,layer_10.head_02,earlier_to_later,0.0023577587805241134,0.0015511794512156395,0.0031488271402896222
discovery_macro,rescue,raw,layer_09.head_13,layer_10.head_12,earlier_to_later,-0.0006194344340973677,-0.001584403977412489,0.0004400766106982674
discovery_macro,rescue,raw,layer_09.head_13,layer_11.head_08,earlier_to_later,0.0016662998063859374,0.001029934744655661,0.002333893271335672
discovery_macro,rescue,raw,layer_09.head_13,layer_11.head_09,earlier_to_later,0.0032284219126787494,0.002619083950596413,0.0038641808068189875
discovery_macro,rescue,raw,layer_09.head_13,layer_11.head_14,earlier_to_later,0.0035341413716402053,0.0027507094584511404,0.004307098551608333
discovery_macro,rescue,raw,layer_09.head_13,layer_11.head_15,earlier_to_later,0.0056142055118924405,0.004771235719282714,0.006474174410432183
discovery_macro,rescue,raw,layer_09.head_13,layer_12.head_02,earlier_to_later,0.011506343700852344,0.010287854455274385,0.012742360209958156
discovery_macro,rescue,raw,layer_09.head_13,layer_12.head_03,earlier_to_later,-0.0013606000228894887,-0.0022369262007480187,-0.0004924806820249749
discovery_macro,rescue,raw,layer_09.head_13,layer_12.head_12,earlier_to_later,0.003556736893542518,0.002928074043649067,0.004195420401632133
discovery_macro,rescue,raw,layer_10.head_02,layer_09.head_04,later_to_earlier,0.008069712275706239,0.006789628768635538,0.009429230938057896
discovery_macro,rescue,raw,layer_10.head_02,layer_09.head_11,later_to_earlier,0.013260984437497788,0.012048815493849691,0.014532573745755626
discovery_macro,rescue,raw,layer_10.head_02,layer_09.head_13,later_to_earlier,0.00810981080303449,0.007214244184671608,0.009028170296346004
discovery_macro,rescue,raw,layer_10.head_02,layer_10.head_02,identity,0.048029945840577966,0.04386213568560171,0.05257705540508148
discovery_macro,rescue,raw,layer_10.head_02,layer_10.head_12,within_layer,0.012441327168058408,0.011426017053724428,0.013542125555683866
discovery_macro,rescue,raw,layer_10.head_02,layer_11.head_08,earlier_to_later,0.01924480929930005,0.0179152812712204,0.02060925915824805
discovery_macro,rescue,raw,layer_10.head_02,layer_11.head_09,earlier_to_later,0.004227279477668396,0.0031252417486442564,0.005288021685480965
discovery_macro,rescue,raw,layer_10.head_02,layer_11.head_14,earlier_to_later,-0.0007961325493141959,-0.0016034634356583155,0.0001147253326060009
discovery_macro,rescue,raw,layer_10.head_02,layer_11.head_15,earlier_to_later,0.02694021418345011,0.025212468712641344,0.028825601727277456
discovery_macro,rescue,raw,layer_10.head_02,layer_12.head_02,earlier_to_later,0.0003056631826608364,-0.0008274640002531835,0.0014814176600006527
discovery_macro,rescue,raw,layer_10.head_02,layer_12.head_03,earlier_to_later,0.01129102047832442,0.010196504676252376,0.012399055041910684
discovery_macro,rescue,raw,layer_10.head_02,layer_12.head_12,earlier_to_later,0.0032910859599011096,0.002270848191525395,0.004387396136909646
discovery_macro,rescue,raw,layer_10.head_12,layer_09.head_04,later_to_earlier,-0.0014716264514044455,-0.0019050178664353399,-0.0010427028240382078
discovery_macro,rescue,raw,layer_10.head_12,layer_09.head_11,later_to_earlier,0.0022202031904510282,0.0014322680739074036,0.003073084880519336
discovery_macro,rescue,raw,layer_10.head_12,layer_09.head_13,later_to_earlier,0.002878878817881476,0.002151421353577836,0.0037030834488866317
discovery_macro,rescue,raw,layer_10.head_12,layer_10.head_02,within_layer,0.0035016911207794168,0.002089579336549885,0.005219805884490334
discovery_macro,rescue,raw,layer_10.head_12,layer_10.head_12,identity,0.1549178831043821,0.14145056459924008,0.16971949433109132
discovery_macro,rescue,raw,layer_10.head_12,layer_11.head_08,earlier_to_later,0.0005343936458838448,-0.0002235579400887727,0.0013802228369994552
discovery_macro,rescue,raw,layer_10.head_12,layer_11.head_09,earlier_to_later,-0.0007703762139088565,-0.0012428169936892133,-0.0002973610035016153
discovery_macro,rescue,raw,layer_10.head_12,layer_11.head_14,earlier_to_later,-0.007093598413439509,-0.007850125859773275,-0.00632443180847228
discovery_macro,rescue,raw,layer_10.head_12,layer_11.head_15,earlier_to_later,0.0012544024207805649,0.0005127927693092632,0.0020179864700124645
discovery_macro,rescue,raw,layer_10.head_12,layer_12.head_02,earlier_to_later,0.0075945717514179,0.006940543882337601,0.008272362218175589
discovery_macro,rescue,raw,layer_10.head_12,layer_12.head_03,earlier_to_later,0.0007760718244281309,0.00017852554452443375,0.0013731568633131507
discovery_macro,rescue,raw,layer_10.head_12,layer_12.head_12,earlier_to_later,0.0017721152913697117,0.0012424686418212563,0.002267688273044162
discovery_macro,rescue,raw,layer_11.head_08,layer_09.head_04,later_to_earlier,0.023036803058164256,0.02081652248904568,0.025349648731465047
discovery_macro,rescue,raw,layer_11.head_08,layer_09.head_11,later_to_earlier,0.026553089800636115,0.024486754213578762,0.028630822419716546
discovery_macro,rescue,raw,layer_11.head_08,layer_09.head_13,later_to_earlier,0.017234654514123895,0.015404218925507997,0.019011625492508046
discovery_macro,rescue,raw,layer_11.head_08,layer_10.head_02,later_to_earlier,0.03313674496411318,0.030623504863261677,0.03586350526191953
discovery_macro,rescue,raw,layer_11.head_08,layer_10.head_12,later_to_earlier,0.0023585905742403534,6.866451054309602e-05,0.0049259943193592426
discovery_macro,rescue,raw,layer_11.head_08,layer_11.head_08,identity,0.2689099537910324,0.2519264793212105,0.2867584332829893
discovery_macro,rescue,raw,layer_11.head_08,layer_11.head_09,within_layer,0.12391648614955392,0.11451332053129212,0.13470025841915267
discovery_macro,rescue,raw,layer_11.head_08,layer_11.head_14,within_layer,0.0399456207023838,0.03700131515652155,0.04349240434126136
discovery_macro,rescue,raw,layer_11.head_08,layer_11.head_15,within_layer,0.010465163654088262,0.006567709819368219,0.015438160187809913
discovery_macro,rescue,raw,layer_11.head_08,layer_12.head_02,earlier_to_later,0.019614243069710276,0.018024552667208163,0.021404565802042304
discovery_macro,rescue,raw,layer_11.head_08,layer_12.head_03,earlier_to_later,0.009220071113934244,0.007059738430049803,0.011708198141228589
discovery_macro,rescue,raw,layer_11.head_08,layer_12.head_12,earlier_to_later,0.021130763856125757,0.019188605155446646,0.02321549368981133
discovery_macro,rescue,raw,layer_11.head_09,layer_09.head_04,later_to_earlier,0.0224973494206311,0.020426859526886262,0.02469953765409127
discovery_macro,rescue,raw,layer_11.head_09,layer_09.head_11,later_to_earlier,0.02428259729536243,0.02275573569358744,0.025888716407091672
discovery_macro,rescue,raw,layer_11.head_09,layer_09.head_13,later_to_earlier,0.014450289905599238,0.012817499519014742,0.016023985542570653
discovery_macro,rescue,raw,layer_11.head_09,layer_10.head_02,later_to_earlier,0.031064741688044056,0.029095364398076595,0.033279063307778474
discovery_macro,rescue,raw,layer_11.head_09,layer_10.head_12,later_to_earlier,0.00044819588306523506,-0.001154894496422933,0.00217268021590751
discovery_macro,rescue,raw,layer_11.head_09,layer_11.head_08,within_layer,0.18022390799172083,0.16855631824955536,0.19327449289025775
discovery_macro,rescue,raw,layer_11.head_09,layer_11.head_09,identity,0.0966762274054805,0.09008665623130932,0.10363019110398895
discovery_macro,rescue,raw,layer_11.head_09,layer_11.head_14,within_layer,0.0333577510333203,0.03143879249240051,0.03518369944148176
discovery_macro,rescue,raw,layer_11.head_09,layer_11.head_15,within_layer,0.002950509774487179,0.0005432437060679492,0.00536155453015585
discovery_macro,rescue,raw,layer_11.head_09,layer_12.head_02,earlier_to_later,0.015232533781358557,0.014141726174414624,0.01640481058931613
discovery_macro,rescue,raw,layer_11.head_09,layer_12.head_03,earlier_to_later,0.008539976654825062,0.00693264439762133,0.010221002564826016
discovery_macro,rescue,raw,layer_11.head_09,layer_12.head_12,earlier_to_later,0.01987868682497813,0.018225333823259575,0.021696265539842823
discovery_macro,rescue,raw,layer_11.head_14,layer_09.head_04,later_to_earlier,-0.0015433995654493319,-0.0030849030057397836,-0.00020540601443804637
discovery_macro,rescue,raw,layer_11.head_14,layer_09.head_11,later_to_earlier,0.007522154524539998,0.006263433792153239,0.008834391397578656
discovery_macro,rescue,raw,layer_11.head_14,layer_09.head_13,later_to_earlier,-0.006179660619764031,-0.007194422363743369,-0.005179386454248668
discovery_macro,rescue,raw,layer_11.head_14,layer_10.head_02,later_to_earlier,0.010692368451437364,0.008704964025524883,0.012839578116294837
discovery_macro,rescue,raw,layer_11.head_14,layer_10.head_12,later_to_earlier,0.004154210851352095,0.002734000002654004,0.005531148924829792
discovery_macro,rescue,raw,layer_11.head_14,layer_11.head_08,within_layer,-0.006425755477600986,-0.0074775992392511585,-0.005381783314816796
discovery_macro,rescue,raw,layer_11.head_14,layer_11.head_09,within_layer,-0.007620055612272111,-0.009413349038925885,-0.005815498323632624
discovery_macro,rescue,raw,layer_11.head_14,layer_11.head_14,identity,0.02706282860381307,0.024516222094538246,0.02992682452338472
discovery_macro,rescue,raw,layer_11.head_14,layer_11.head_15,within_layer,0.008841399654697431,0.005238904237800465,0.013366126885393846
discovery_macro,rescue,raw,layer_11.head_14,layer_12.head_02,earlier_to_later,-0.0026076126088085266,-0.0038096691733931847,-0.00142803943905515
discovery_macro,rescue,raw,layer_11.head_14,layer_12.head_03,earlier_to_later,0.014829927816777944,0.013365048445969977,0.016279249673541663
discovery_macro,rescue,raw,layer_11.head_14,layer_12.head_12,earlier_to_later,0.006478545565542202,0.005571848890812634,0.007412686076912163
discovery_macro,rescue,raw,layer_11.head_15,layer_09.head_04,later_to_earlier,-0.0007728477856305478,-0.0021014918751809165,0.000518968345114726
discovery_macro,rescue,raw,layer_11.head_15,layer_09.head_11,later_to_earlier,0.006408544531491298,0.005246924039628278,0.007657809995259949
discovery_macro,rescue,raw,layer_11.head_15,layer_09.head_13,later_to_earlier,-0.006250157638314831,-0.007238679074182175,-0.00534402875242256
discovery_macro,rescue,raw,layer_11.head_15,layer_10.head_02,later_to_earlier,0.011467665542335538,0.009404094655645553,0.013579051637789599
discovery_macro,rescue,raw,layer_11.head_15,layer_10.head_12,later_to_earlier,0.005004702297609438,0.0036784235526839504,0.00645953785840656
discovery_macro,rescue,raw,layer_11.head_15,layer_11.head_08,within_layer,-0.006620867411409917,-0.007964269658657689,-0.00522966652881006
discovery_macro,rescue,raw,layer_11.head_15,layer_11.head_09,within_layer,-0.005959846925361853,-0.007873387562285184,-0.00395515053990386
discovery_macro,rescue,raw,layer_11.head_15,layer_11.head_14,within_layer,0.02749241783276428,0.02484349815165566,0.03035254223079366
discovery_macro,rescue,raw,layer_11.head_15,layer_11.head_15,identity,0.011248450321541028,0.006653256757369642,0.01704918921513922
discovery_macro,rescue,raw,layer_11.head_15,layer_12.head_02,earlier_to_later,-0.00201118231900148,-0.0032804596440611762,-0.0007711128295184637
discovery_macro,rescue,raw,layer_11.head_15,layer_12.head_03,earlier_to_later,0.01577635112585364,0.014575039548615724,0.016988370917258952
discovery_macro,rescue,raw,layer_11.head_15,layer_12.head_12,earlier_to_later,0.007521821050254186,0.006693442688929312,0.008365675912618907
discovery_macro,rescue,raw,layer_12.head_02,layer_09.head_04,later_to_earlier,0.005511657553990569,0.004508830858183528,0.00647844144839852
discovery_macro,rescue,raw,layer_12.head_02,layer_09.head_11,later_to_earlier,-0.002044788842960465,-0.0030652383423434497,-0.0007666249227594615
discovery_macro,rescue,raw,layer_12.head_02,layer_09.head_13,later_to_earlier,0.005411395527555341,0.00455498347263781,0.006338159807971627
discovery_macro,rescue,raw,layer_12.head_02,layer_10.head_02,later_to_earlier,-0.005303980135127484,-0.006545584463498779,-0.004011043232101124
discovery_macro,rescue,raw,layer_12.head_02,layer_10.head_12,later_to_earlier,0.007427194724725974,0.005064158677237604,0.010539538844260688
discovery_macro,rescue,raw,layer_12.head_02,layer_11.head_08,later_to_earlier,0.004082325372053077,0.0023106690188746865,0.006010051316763041
discovery_macro,rescue,raw,layer_12.head_02,layer_11.head_09,later_to_earlier,-0.00429871044019975,-0.005626337407495603,-0.0028568688829961274
discovery_macro,rescue,raw,layer_12.head_02,layer_11.head_14,later_to_earlier,0.004909452358231774,0.0038782334978071146,0.0060383148520826765
discovery_macro,rescue,raw,layer_12.head_02,layer_11.head_15,later_to_earlier,-0.002600489826350377,-0.004110079254637415,-0.0009163401727040706
discovery_macro,rescue,raw,layer_12.head_02,layer_12.head_02,identity,0.016288123169145925,0.01392827765326586,0.01898373900890753
discovery_macro,rescue,raw,layer_12.head_02,layer_12.head_03,within_layer,0.021245013624249378,0.019001547191171357,0.023668924931126243
discovery_macro,rescue,raw,layer_12.head_02,layer_12.head_12,within_layer,-0.01067230972828048,-0.011476036042292045,-0.009915366296225475
discovery_macro,rescue,raw,layer_12.head_03,layer_09.head_04,later_to_earlier,0.010681968680798471,0.009568214227959641,0.011760199438926363
discovery_macro,rescue,raw,layer_12.head_03,layer_09.head_11,later_to_earlier,0.0002457011546108072,-0.0010987639235358474,0.001770895633272973
discovery_macro,rescue,raw,layer_12.head_03,layer_09.head_13,later_to_earlier,0.011082642503653397,0.009877230589348744,0.012381972462579124
discovery_macro,rescue,raw,layer_12.head_03,layer_10.head_02,later_to_earlier,-0.002218463457103855,-0.003769117006491339,-0.00045434704268405444
discovery_macro,rescue,raw,layer_12.head_03,layer_10.head_12,later_to_earlier,0.014617952417651493,0.012673290802465396,0.016996189650011633
discovery_macro,rescue,raw,layer_12.head_03,layer_11.head_08,later_to_earlier,0.01265817108346532,0.010987509719788244,0.014380416820687244
discovery_macro,rescue,raw,layer_12.head_03,layer_11.head_09,later_to_earlier,-0.001404471735506395,-0.00283814782915072,7.41889292546198e-05
discovery_macro,rescue,raw,layer_12.head_03,layer_11.head_14,later_to_earlier,0.011654690526377687,0.010186562161554263,0.0132991594753137
discovery_macro,rescue,raw,layer_12.head_03,layer_11.head_15,later_to_earlier,0.0020661794115709397,-0.00015440760659718726,0.004370497925631991
discovery_macro,rescue,raw,layer_12.head_03,layer_12.head_02,within_layer,0.026663877421401767,0.024293620668125175,0.02942942581367686
discovery_macro,rescue,raw,layer_12.head_03,layer_12.head_03,identity,0.03338696806599489,0.03071197085075841,0.03607233236651163
discovery_macro,rescue,raw,layer_12.head_03,layer_12.head_12,within_layer,-0.014297943230060537,-0.015270325378266851,-0.01335642412419928
discovery_macro,rescue,raw,layer_12.head_12,layer_09.head_04,later_to_earlier,-0.005781464932305665,-0.007474374606249279,-0.004062572834648823
discovery_macro,rescue,raw,layer_12.head_12,layer_09.head_11,later_to_earlier,0.002363861547839253,0.0015376078775389233,0.0031930202763447227
discovery_macro,rescue,raw,layer_12.head_12,layer_09.head_13,later_to_earlier,0.005365657045880904,0.00403174720756027,0.006729070102261365
discovery_macro,rescue,raw,layer_12.head_12,layer_10.head_02,later_to_earlier,-0.004924866664884069,-0.00697310878589716,-0.002827603538515916
discovery_macro,rescue,raw,layer_12.head_12,layer_10.head_12,later_to_earlier,0.014231929052780177,0.010700837037122447,0.018422337465071176
discovery_macro,rescue,raw,layer_12.head_12,layer_11.head_08,later_to_earlier,0.0043071973095212485,0.002034358511093852,0.006958096847031788
discovery_macro,rescue,raw,layer_12.head_12,layer_11.head_09,later_to_earlier,0.007531016803380521,0.00516181670904631,0.010300499662623946
discovery_macro,rescue,raw,layer_12.head_12,layer_11.head_14,later_to_earlier,0.011262272233559845,0.010264347491294823,0.012239212077068507
discovery_macro,rescue,raw,layer_12.head_12,layer_11.head_15,later_to_earlier,0.01672156890736492,0.01547151036662542,0.01801874905662294
discovery_macro,rescue,raw,layer_12.head_12,layer_12.head_02,within_layer,0.005201284709660895,0.004014719607466018,0.006418373726772618
discovery_macro,rescue,raw,layer_12.head_12,layer_12.head_03,within_layer,-0.0009186093643725837,-0.0018482566155523575,-2.9973461299393753e-05
discovery_macro,rescue,raw,layer_12.head_12,layer_12.head_12,identity,0.03103393027364214,0.0281757966111415,0.034232211365921465
discovery_macro,rescue,rms,layer_09.head_04,layer_09.head_04,identity,0.022700361148142546,0.016483211124330602,0.029727195173446522
discovery_macro,rescue,rms,layer_09.head_04,layer_09.head_11,within_layer,0.005520331394004671,0.004592361424254843,0.006543719812740267
discovery_macro,rescue,rms,layer_09.head_04,layer_09.head_13,within_layer,0.0015245000439671587,0.0008978476530585026,0.0021354103422161954
discovery_macro,rescue,rms,layer_09.head_04,layer_10.head_02,earlier_to_later,-0.0013738088840728252,-0.002713047914713212,-0.00020174034401240196
discovery_macro,rescue,rms,layer_09.head_04,layer_10.head_12,earlier_to_later,0.00026709484224012373,-0.0007890549683385548,0.0014151671296514714
discovery_macro,rescue,rms,layer_09.head_04,layer_11.head_08,earlier_to_later,0.0018057925113366558,0.000900005878892251,0.002781571917137431
discovery_macro,rescue,rms,layer_09.head_04,layer_11.head_09,earlier_to_later,-0.002992333309679869,-0.004021001765705855,-0.0019269382878757987
discovery_macro,rescue,rms,layer_09.head_04,layer_11.head_14,earlier_to_later,0.000447196063414874,-0.000648659703168629,0.0018644684038989574
discovery_macro,rescue,rms,layer_09.head_04,layer_11.head_15,earlier_to_later,0.007463702818893259,0.0064778469080617514,0.008472066807224116
discovery_macro,rescue,rms,layer_09.head_04,layer_12.head_02,earlier_to_later,-0.009183370129073574,-0.010750125032264222,-0.007733603787380138
discovery_macro,rescue,rms,layer_09.head_04,layer_12.head_03,earlier_to_later,0.009205332050040553,0.00807670741312075,0.010364806219918001
discovery_macro,rescue,rms,layer_09.head_04,layer_12.head_12,earlier_to_later,-0.0009952317823081647,-0.002056097149608349,9.35602956057936e-05
discovery_macro,rescue,rms,layer_09.head_11,layer_09.head_04,within_layer,0.004891838082928386,0.0037485631335755576,0.00623981027487971
discovery_macro,rescue,rms,layer_09.head_11,layer_09.head_11,identity,0.04448352333446332,0.04036782215526121,0.04846680812818232
discovery_macro,rescue,rms,layer_09.head_11,layer_09.head_13,within_layer,0.006366412138151827,0.005747769377850983,0.006998491381424828
discovery_macro,rescue,rms,layer_09.head_11,layer_10.head_02,earlier_to_later,-6.321374595015723e-05,-0.0014724883908354342,0.0014536447894744444
discovery_macro,rescue,rms,layer_09.head_11,layer_10.head_12,earlier_to_later,-0.003199107946836529,-0.005151693042980877,-0.0007983195539031529
discovery_macro,rescue,rms,layer_09.head_11,layer_11.head_08,earlier_to_later,0.01666818481045893,0.013852022888917653,0.019587434424475872
discovery_macro,rescue,rms,layer_09.head_11,layer_11.head_09,earlier_to_later,-0.004570660919029423,-0.00774210263385424,-0.0008280837318139697
discovery_macro,rescue,rms,layer_09.head_11,layer_11.head_14,earlier_to_later,0.006112972546029393,0.004826444979405753,0.00744880773781184
discovery_macro,rescue,rms,layer_09.head_11,layer_11.head_15,earlier_to_later,0.022255962442711674,0.020087915952619606,0.02519084419769673
discovery_macro,rescue,rms,layer_09.head_11,layer_12.head_02,earlier_to_later,0.00328830197490154,0.002149843113325823,0.004668681852436387
discovery_macro,rescue,rms,layer_09.head_11,layer_12.head_03,earlier_to_later,0.011831877493129883,0.010485148862997657,0.013142128330593816
discovery_macro,rescue,rms,layer_09.head_11,layer_12.head_12,earlier_to_later,0.003394733028398901,0.002312616829043524,0.004505029136857142
discovery_macro,rescue,rms,layer_09.head_13,layer_09.head_04,within_layer,-0.00025658848761878024,-0.0007341348253358817,0.00041070589493228884
discovery_macro,rescue,rms,layer_09.head_13,layer_09.head_11,within_layer,0.0038936786633467727,0.002948712503373307,0.004899895137208519
discovery_macro,rescue,rms,layer_09.head_13,layer_09.head_13,identity,0.013299803327183876,0.011774120881726382,0.01487424702325502
discovery_macro,rescue,rms,layer_09.head_13,layer_10.head_02,earlier_to_later,0.004373964571451085,0.0028530008287696138,0.005835265306799692
discovery_macro,rescue,rms,layer_09.head_13,layer_10.head_12,earlier_to_later,0.003085065943108998,0.0010620120445467,0.005460428607813358
discovery_macro,rescue,rms,layer_09.head_13,layer_11.head_08,earlier_to_later,0.015566373302396571,0.013676089895231724,0.017536335081011715
discovery_macro,rescue,rms,layer_09.head_13,layer_11.head_09,earlier_to_later,0.015618882423774074,0.013958190901585846,0.01741088275684754
discovery_macro,rescue,rms,layer_09.head_13,layer_11.head_14,earlier_to_later,0.009890605346223552,0.008184147609439484,0.011600008840724239
discovery_macro,rescue,rms,layer_09.head_13,layer_11.head_15,earlier_to_later,0.013718514278562398,0.012207854649685514,0.015322882138179833
discovery_macro,rescue,rms,layer_09.head_13,layer_12.head_02,earlier_to_later,0.014613359270420321,0.01307541270919445,0.01618819384342736
discovery_macro,rescue,rms,layer_09.head_13,layer_12.head_03,earlier_to_later,-0.0013548927157157901,-0.003036916976504699,0.00031372125508629864
discovery_macro,rescue,rms,layer_09.head_13,layer_12.head_12,earlier_to_later,0.005372918724208106,0.00443206282551924,0.006321520595921604
discovery_macro,rescue,rms,layer_10.head_02,layer_09.head_04,later_to_earlier,0.002788221713001669,0.0020392892030876883,0.003659219196960639
discovery_macro,rescue,rms,layer_10.head_02,layer_09.head_11,later_to_earlier,0.011831302106956973,0.0107571492531236,0.012909777903093878
discovery_macro,rescue,rms,layer_10.head_02,layer_09.head_13,later_to_earlier,0.004425009239034437,0.0039030307769017756,0.004957702035716105
discovery_macro,rescue,rms,layer_10.head_02,layer_10.head_02,identity,0.048029945840577966,0.04386213568560171,0.05257705540508148
discovery_macro,rescue,rms,layer_10.head_02,layer_10.head_12,within_layer,0.005636236458335009,0.004017687547974178,0.007769302706913202
discovery_macro,rescue,rms,layer_10.head_02,layer_11.head_08,earlier_to_later,0.033563765487816644,0.03159193939063432,0.03566520326326954
discovery_macro,rescue,rms,layer_10.head_02,layer_11.head_09,earlier_to_later,0.009135696386039442,0.007465596950171461,0.010773925497827382
discovery_macro,rescue,rms,layer_10.head_02,layer_11.head_14,earlier_to_later,-0.00012700368669563546,-0.0009607353982060167,0.0008031127325523863
discovery_macro,rescue,rms,layer_10.head_02,layer_11.head_15,earlier_to_later,0.024415859706572854,0.022905214481801568,0.025983268415561506
discovery_macro,rescue,rms,layer_10.head_02,layer_12.head_02,earlier_to_later,-0.0014535092411390906,-0.002408058079896881,-0.0004676474825922242
discovery_macro,rescue,rms,layer_10.head_02,layer_12.head_03,earlier_to_later,0.011629818682639369,0.010496591686652967,0.01278540581784403
discovery_macro,rescue,rms,layer_10.head_02,layer_12.head_12,earlier_to_later,0.0015093282063516796,0.000703289262370778,0.0023963152406083995
discovery_macro,rescue,rms,layer_10.head_12,layer_09.head_04,later_to_earlier,-0.0010690464082103264,-0.0014011775125925136,-0.0007650284822343266
discovery_macro,rescue,rms,layer_10.head_12,layer_09.head_11,later_to_earlier,0.004234676800885847,0.0034264985709891787,0.005050771080239097
discovery_macro,rescue,rms,layer_10.head_12,layer_09.head_13,later_to_earlier,0.0029988111537525017,0.002438772346700757,0.0035745649986437646
discovery_macro,rescue,rms,layer_10.head_12,layer_10.head_02,within_layer,0.0021141171054122223,0.0008494375829156194,0.0034172388096321356
discovery_macro,rescue,rms,layer_10.head_12,layer_10.head_12,identity,0.1549178831043821,0.14145056459924008,0.16971949433109132
discovery_macro,rescue,rms,layer_10.head_12,layer_11.head_08,earlier_to_later,0.008740281526263301,0.00684951285467444,0.010734834440748502
discovery_macro,rescue,rms,layer_10.head_12,layer_11.head_09,earlier_to_later,0.0040148228684272515,0.0024037816139926933,0.005554817711300886
discovery_macro,rescue,rms,layer_10.head_12,layer_11.head_14,earlier_to_later,-0.0084055736328924,-0.009669131431771383,-0.0071040354636277055
discovery_macro,rescue,rms,layer_10.head_12,layer_11.head_15,earlier_to_later,0.0018517191808441265,4.870221082476808e-05,0.0036501567337096476
discovery_macro,rescue,rms,layer_10.head_12,layer_12.head_02,earlier_to_later,0.015293158077513717,0.013960720682559593,0.016641217798310882
discovery_macro,rescue,rms,layer_10.head_12,layer_12.head_03,earlier_to_later,0.005239989608692672,0.003304065770802108,0.007207516501030356
discovery_macro,rescue,rms,layer_10.head_12,layer_12.head_12,earlier_to_later,0.00966477704402915,0.007846136543368234,0.011140410807999787
discovery_macro,rescue,rms,layer_11.head_08,layer_09.head_04,later_to_earlier,0.005785480188964109,0.00510817257852924,0.006505002936056568
discovery_macro,rescue,rms,layer_11.head_08,layer_09.head_11,later_to_earlier,0.015597666722937574,0.01456752312531947,0.016667070424410842
discovery_macro,rescue,rms,layer_11.head_08,layer_09.head_13,later_to_earlier,0.005476180291234193,0.004776836665127405,0.006165676717978168
discovery_macro,rescue,rms,layer_11.head_08,layer_10.head_02,later_to_earlier,0.021977140320161258,0.020430181214481785,0.023722989209107953
discovery_macro,rescue,rms,layer_11.head_08,layer_10.head_12,later_to_earlier,-0.0013715848169681389,-0.0022754111829016467,-0.0004406856555579446
discovery_macro,rescue,rms,layer_11.head_08,layer_11.head_08,identity,0.2689099537910324,0.2519264793212105,0.2867584332829893
discovery_macro,rescue,rms,layer_11.head_08,layer_11.head_09,within_layer,0.10142384054746492,0.09483544914485503,0.10842420929646228
discovery_macro,rescue,rms,layer_11.head_08,layer_11.head_14,within_layer,0.021420298299566876,0.02003532684088558,0.02270017055737171
discovery_macro,rescue,rms,layer_11.head_08,layer_11.head_15,within_layer,-0.00031009464292004133,-0.002186076943978923,0.001667280867968941
discovery_macro,rescue,rms,layer_11.head_08,layer_12.head_02,earlier_to_later,0.010799422747995092,0.009743650591411584,0.011956069791071684
discovery_macro,rescue,rms,layer_11.head_08,layer_12.head_03,earlier_to_later,0.004440314481850815,0.0029592474443987655,0.005999478361348047
discovery_macro,rescue,rms,layer_11.head_08,layer_12.head_12,earlier_to_later,0.0109105552231466,0.00973198088321177,0.012191562833516186
discovery_macro,rescue,rms,layer_11.head_09,layer_09.head_04,later_to_earlier,0.005811063848191467,0.005114021407602966,0.006578918474379441
discovery_macro,rescue,rms,layer_11.head_09,layer_09.head_11,later_to_earlier,0.015105501361438031,0.014136147540035882,0.0160964668037725
discovery_macro,rescue,rms,layer_11.head_09,layer_09.head_13,later_to_earlier,0.004897388837880205,0.0042235049236283755,0.005564255613252641
discovery_macro,rescue,rms,layer_11.head_09,layer_10.head_02,later_to_earlier,0.022539943158799352,0.021079450676609057,0.02424148581092975
discovery_macro,rescue,rms,layer_11.head_09,layer_10.head_12,later_to_earlier,-0.0008907360237646364,-0.001929305096551528,0.0003998029726662193
discovery_macro,rescue,rms,layer_11.head_09,layer_11.head_08,within_layer,0.23738393040553374,0.22365610986585183,0.25333484769965425
discovery_macro,rescue,rms,layer_11.head_09,layer_11.head_09,identity,0.0966762274054805,0.09008665623130932,0.10363019110398895
discovery_macro,rescue,rms,layer_11.head_09,layer_11.head_14,within_layer,0.022299620026712014,0.020922439517563084,0.023581353279491468
discovery_macro,rescue,rms,layer_11.head_09,layer_11.head_15,within_layer,-0.0015009812441468115,-0.0032613846395149683,0.00025580595777997714
discovery_macro,rescue,rms,layer_11.head_09,layer_12.head_02,earlier_to_later,0.00957783277012978,0.00867244934728948,0.010556861256649177
discovery_macro,rescue,rms,layer_11.head_09,layer_12.head_03,earlier_to_later,0.005395925613500036,0.00405122159356836,0.006794321475882475
discovery_macro,rescue,rms,layer_11.head_09,layer_12.head_12,earlier_to_later,0.011149719613543392,0.01001455291373632,0.012423085768737562
discovery_macro,rescue,rms,layer_11.head_14,layer_09.head_04,later_to_earlier,-0.001643484538840535,-0.0022229530855640144,-0.0011188386727661547
discovery_macro,rescue,rms,layer_11.head_14,layer_09.head_11,later_to_earlier,0.006930434099260428,0.005588324788369073,0.008299425714824966
discovery_macro,rescue,rms,layer_11.head_14,layer_09.head_13,later_to_earlier,-0.0034892460623202337,-0.004077552340691742,-0.002932247441180505
discovery_macro,rescue,rms,layer_11.head_14,layer_10.head_02,later_to_earlier,0.006709039517702006,0.004957308062871455,0.008548534581389504
discovery_macro,rescue,rms,layer_11.head_14,layer_10.head_12,later_to_earlier,0.003974622513134457,0.0019924642201332885,0.00633186199514263
discovery_macro,rescue,rms,layer_11.head_14,layer_11.head_08,within_layer,0.0008263770597740205,-0.0018237227580380905,0.004183925487634233
discovery_macro,rescue,rms,layer_11.head_14,layer_11.head_09,within_layer,-0.0021010464051436075,-0.004542031115862218,0.0006027353131708373
discovery_macro,rescue,rms,layer_11.head_14,layer_11.head_14,identity,0.02706282860381307,0.024516222094538246,0.02992682452338472
discovery_macro,rescue,rms,layer_11.head_14,layer_11.head_15,within_layer,0.012998387366749681,0.008347416597116544,0.018807457040591592
discovery_macro,rescue,rms,layer_11.head_14,layer_12.head_02,earlier_to_later,-0.010058168265067051,-0.01145691894523524,-0.008693753933285284
discovery_macro,rescue,rms,layer_11.head_14,layer_12.head_03,earlier_to_later,0.019172105755841516,0.0175086563642829,0.020836781068016164
discovery_macro,rescue,rms,layer_11.head_14,layer_12.head_12,earlier_to_later,0.004603739412038762,0.003785329908677099,0.005432415237023134
discovery_macro,rescue,rms,layer_11.head_15,layer_09.head_04,later_to_earlier,-0.0011707789157484423,-0.0016663723264625555,-0.00073835984190657
discovery_macro,rescue,rms,layer_11.head_15,layer_09.head_11,later_to_earlier,0.007127510825824183,0.005904482964107784,0.008417254955397524
discovery_macro,rescue,rms,layer_11.head_15,layer_09.head_13,later_to_earlier,-0.0035721795841016017,-0.004170507951105974,-0.0030190911664496473
discovery_macro,rescue,rms,layer_11.head_15,layer_10.head_02,later_to_earlier,0.0077042167335338845,0.005889260671271776,0.00956095094391541
discovery_macro,rescue,rms,layer_11.head_15,layer_10.head_12,later_to_earlier,0.004404068159741988,0.0025410662661313975,0.0067287414329849134
discovery_macro,rescue,rms,layer_11.head_15,layer_11.head_08,within_layer,-0.0004385681595486515,-0.0035815443131827977,0.0035606371685027423
discovery_macro,rescue,rms,layer_11.head_15,layer_11.head_09,within_layer,-0.001313713812878088,-0.0036901626468364844,0.0010978841081154757
discovery_macro,rescue,rms,layer_11.head_15,layer_11.head_14,within_layer,0.028900181477963076,0.026701527602821278,0.03130791526539459
discovery_macro,rescue,rms,layer_11.head_15,layer_11.head_15,identity,0.011248450321541028,0.006653256757369642,0.01704918921513922
discovery_macro,rescue,rms,layer_11.head_15,layer_12.head_02,earlier_to_later,-0.009728557453033458,-0.011224389485348487,-0.008270422637426446
discovery_macro,rescue,rms,layer_11.head_15,layer_12.head_03,earlier_to_later,0.02127458418902808,0.019790776171658336,0.022784646293847664
discovery_macro,rescue,rms,layer_11.head_15,layer_12.head_12,earlier_to_later,0.005811999660557693,0.005050051032865241,0.006562142811983761
discovery_macro,rescue,rms,layer_12.head_02,layer_09.head_04,later_to_earlier,0.0014668934031542926,0.0010858824183213635,0.0018805874303070849
discovery_macro,rescue,rms,layer_12.head_02,layer_09.head_11,later_to_earlier,-0.0019819343460141152,-0.002795454206293227,-0.0011351852669719516
discovery_macro,rescue,rms,layer_12.head_02,layer_09.head_13,later_to_earlier,0.00414780495666579,0.003571292126747085,0.004783646991991559
discovery_macro,rescue,rms,layer_12.head_02,layer_10.head_02,later_to_earlier,-0.006653930991235913,-0.008199091758699666,-0.005156693643306647
discovery_macro,rescue,rms,layer_12.head_02,layer_10.head_12,later_to_earlier,0.007124671589391896,0.005232322662084699,0.009271583499609803
discovery_macro,rescue,rms,layer_12.head_02,layer_11.head_08,later_to_earlier,0.02652874614782348,0.022619780241883186,0.030962108893135103
discovery_macro,rescue,rms,layer_12.head_02,layer_11.head_09,later_to_earlier,0.0077112837540174155,0.005629750665660457,0.009812165041007783
discovery_macro,rescue,rms,layer_12.head_02,layer_11.head_14,later_to_earlier,0.010047615926608109,0.008830289664032813,0.011439722618551263
discovery_macro,rescue,rms,layer_12.head_02,layer_11.head_15,later_to_earlier,0.0011148965796813556,-0.0008457148803007301,0.0031384384808047475
discovery_macro,rescue,rms,layer_12.head_02,layer_12.head_02,identity,0.016288123169145925,0.01392827765326586,0.01898373900890753
discovery_macro,rescue,rms,layer_12.head_02,layer_12.head_03,within_layer,0.034152340664009656,0.031098789451402938,0.03713948714358146
discovery_macro,rescue,rms,layer_12.head_02,layer_12.head_12,within_layer,-0.01041678409600339,-0.011162916550871337,-0.00971462488589655
discovery_macro,rescue,rms,layer_12.head_03,layer_09.head_04,later_to_earlier,0.0031131634158678327,0.002529620872731701,0.0037598729690508596
discovery_macro,rescue,rms,layer_12.head_03,layer_09.head_11,later_to_earlier,-0.0007948315128464649,-0.0018676070304254346,0.00036371813430368744
discovery_macro,rescue,rms,layer_12.head_03,layer_09.head_13,later_to_earlier,0.005170980890715426,0.004560413056488884,0.005819329044517651
discovery_macro,rescue,rms,layer_12.head_03,layer_10.head_02,later_to_earlier,-0.002948189394485076,-0.004255742370020102,-0.0014389801361822515
discovery_macro,rescue,rms,layer_12.head_03,layer_10.head_12,later_to_earlier,0.007952587300390855,0.005938020448549181,0.010391034532576384
discovery_macro,rescue,rms,layer_12.head_03,layer_11.head_08,later_to_earlier,0.028108791555923947,0.024539516308494515,0.032722183284105616
discovery_macro,rescue,rms,layer_12.head_03,layer_11.head_09,later_to_earlier,0.0035244244147199,0.0016118139553182138,0.005487525629710102
discovery_macro,rescue,rms,layer_12.head_03,layer_11.head_14,later_to_earlier,0.011062863815863787,0.009770532271550454,0.012498912297560318
discovery_macro,rescue,rms,layer_12.head_03,layer_11.head_15,later_to_earlier,0.0026997802885898297,0.0007429927361181751,0.004661725942465465
discovery_macro,rescue,rms,layer_12.head_03,layer_12.head_02,within_layer,0.01622132517044572,0.013871380033945935,0.019328796281056725
discovery_macro,rescue,rms,layer_12.head_03,layer_12.head_03,identity,0.03338696806599489,0.03071197085075841,0.03607233236651163
discovery_macro,rescue,rms,layer_12.head_03,layer_12.head_12,within_layer,-0.011099732277360812,-0.011852412207775016,-0.010367815259153179
discovery_macro,rescue,rms,layer_12.head_12,layer_09.head_04,later_to_earlier,0.0010687891514863978,-0.0007778429425153354,0.003373842232840484
discovery_macro,rescue,rms,layer_12.head_12,layer_09.head_11,later_to_earlier,0.002430023759766145,0.0015506095298093872,0.00325841853879437
discovery_macro,rescue,rms,layer_12.head_12,layer_09.head_13,later_to_earlier,0.002979194914916105,0.002181596769342617,0.003742650915509321
discovery_macro,rescue,rms,layer_12.head_12,layer_10.head_02,later_to_earlier,-0.0072020816461528855,-0.009289039416684663,-0.005145090551686112
discovery_macro,rescue,rms,layer_12.head_12,layer_10.head_12,later_to_earlier,0.011125608973846547,0.007076135252349348,0.01613344939035164
discovery_macro,rescue,rms,layer_12.head_12,layer_11.head_08,later_to_earlier,0.018272655680628025,0.012848902101789295,0.025684848187776103
discovery_macro,rescue,rms,layer_12.head_12,layer_11.head_09,later_to_earlier,0.015792719803722655,0.012255051410305626,0.02000970430806862
discovery_macro,rescue,rms,layer_12.head_12,layer_11.head_14,later_to_earlier,0.015078402938897657,0.013776388177579695,0.016341506937836127
discovery_macro,rescue,rms,layer_12.head_12,layer_11.head_15,later_to_earlier,0.021036412179094025,0.019468898043810055,0.02266079808020874
discovery_macro,rescue,rms,layer_12.head_12,layer_12.head_02,within_layer,0.007709450336839514,0.0063987581442614475,0.009137332022951512
discovery_macro,rescue,rms,layer_12.head_12,layer_12.head_03,within_layer,0.00012346413599325203,-0.0010767258679857767,0.0012608998322561943
discovery_macro,rescue,rms,layer_12.head_12,layer_12.head_12,identity,0.03103393027364214,0.0281757966111415,0.034232211365921465
discovery_macro,rescue,aligned,layer_09.head_04,layer_09.head_04,identity,0.022697406024161648,0.01647760528913692,0.029725063095540905
discovery_macro,rescue,aligned,layer_09.head_04,layer_09.head_11,within_layer,0.0068888925857037734,0.0048070699100745354,0.009414588961772566
discovery_macro,rescue,aligned,layer_09.head_04,layer_09.head_13,within_layer,0.0017651123419510444,0.001317701177715012,0.0022896166943710324
discovery_macro,rescue,aligned,layer_09.head_04,layer_10.head_02,earlier_to_later,0.0027100249309054015,0.002087275898098751,0.0034792797225487774
discovery_macro,rescue,aligned,layer_09.head_04,layer_10.head_12,earlier_to_later,0.010939219737173612,0.006790944920683645,0.015890326070189364
discovery_macro,rescue,aligned,layer_09.head_04,layer_11.head_08,earlier_to_later,0.0010260698818114638,0.0008122977663478014,0.001275676090817522
discovery_macro,rescue,aligned,layer_09.head_04,layer_11.head_09,earlier_to_later,0.00171508336186342,0.0011028420142662147,0.002454907104818871
discovery_macro,rescue,aligned,layer_09.head_04,layer_11.head_14,earlier_to_later,0.0008224976636041083,0.00038632417457227624,0.0013455190573790103
discovery_macro,rescue,aligned,layer_09.head_04,layer_11.head_15,earlier_to_later,0.0009529081648486288,0.0003051289779278813,0.0017291513440938298
discovery_macro,rescue,aligned,layer_09.head_04,layer_12.head_02,earlier_to_later,0.0008492288309912517,0.0006992550297840551,0.0010107684046534672
discovery_macro,rescue,aligned,layer_09.head_04,layer_12.head_03,earlier_to_later,0.00031769524648578355,0.00020124762947696355,0.00043659528229228716
discovery_macro,rescue,aligned,layer_09.head_04,layer_12.head_12,earlier_to_later,0.0020721277246288053,0.0014673458366726865,0.002806567828352831
discovery_macro,rescue,aligned,layer_09.head_11,layer_09.head_04,within_layer,0.018379357757464847,0.016475778922442265,0.02028235159004884
discovery_macro,rescue,aligned,layer_09.head_11,layer_09.head_11,identity,0.0444794186900924,0.04036433379982916,0.04846575679840931
discovery_macro,rescue,aligned,layer_09.head_11,layer_09.head_13,within_layer,0.007485138918054836,0.006478629150795816,0.00851187484084514
discovery_macro,rescue,aligned,layer_09.head_11,layer_10.head_02,earlier_to_later,0.02663766810003448,0.024452918169176482,0.02890871384846494
discovery_macro,rescue,aligned,layer_09.head_11,layer_10.head_12,earlier_to_later,0.015062771105875221,0.013570027610803564,0.01653323862795827
discovery_macro,rescue,aligned,layer_09.head_11,layer_11.head_08,earlier_to_later,0.008566883686848034,0.007848594550587543,0.009287936928171335
discovery_macro,rescue,aligned,layer_09.head_11,layer_11.head_09,earlier_to_later,0.010688713303316333,0.009586316471140418,0.011836458102034278
discovery_macro,rescue,aligned,layer_09.head_11,layer_11.head_14,earlier_to_later,0.000382772369488647,3.773940999208e-06,0.0007785794101317129
discovery_macro,rescue,aligned,layer_09.head_11,layer_11.head_15,earlier_to_later,0.0031462051759856132,0.0026053650997117745,0.0037221763050431663
discovery_macro,rescue,aligned,layer_09.head_11,layer_12.head_02,earlier_to_later,-0.004427858880431474,-0.004872125675856743,-0.004011298527550916
discovery_macro,rescue,aligned,layer_09.head_11,layer_12.head_03,earlier_to_later,-0.0007509851507451843,-0.0012249174777232091,-0.0003300221862785418
discovery_macro,rescue,aligned,layer_09.head_11,layer_12.head_12,earlier_to_later,-0.0015576817815382918,-0.0021606258770666114,-0.0009916458005626435
discovery_macro,rescue,aligned,layer_09.head_13,layer_09.head_04,within_layer,0.0035383407767438603,0.0031992753693831037,0.00388322545010682
discovery_macro,rescue,aligned,layer_09.head_13,layer_09.head_11,within_layer,0.005064126399331836,0.004657938431109533,0.005470054067927808
discovery_macro,rescue,aligned,layer_09.head_13,layer_09.head_13,identity,0.013307810318865854,0.01178359325837045,0.01488367789124679
discovery_macro,rescue,aligned,layer_09.head_13,layer_10.head_02,earlier_to_later,0.004279403843445982,0.0035518922099957266,0.005034003917916662
discovery_macro,rescue,aligned,layer_09.head_13,layer_10.head_12,earlier_to_later,0.004345073852531285,0.003992630219787372,0.0046860493379992
discovery_macro,rescue,aligned,layer_09.head_13,layer_11.head_08,earlier_to_later,0.00022380674612295254,-2.3168398326343463e-05,0.0004942660175729348
discovery_macro,rescue,aligned,layer_09.head_13,layer_11.head_09,earlier_to_later,0.001445095852191193,0.0010312654388993897,0.001859509733859794
discovery_macro,rescue,aligned,layer_09.head_13,layer_11.head_14,earlier_to_later,0.0010988374953490483,0.000685082416722924,0.0014981806567313377
discovery_macro,rescue,aligned,layer_09.head_13,layer_11.head_15,earlier_to_later,0.0015521609637788854,0.0012184818930466058,0.0018765396347158504
discovery_macro,rescue,aligned,layer_09.head_13,layer_12.head_02,earlier_to_later,0.003129104921211308,0.002763402161679234,0.003482254368224544
discovery_macro,rescue,aligned,layer_09.head_13,layer_12.head_03,earlier_to_later,0.0005955738072140374,0.00035141785670780206,0.0008381943367729828
discovery_macro,rescue,aligned,layer_09.head_13,layer_12.head_12,earlier_to_later,0.0009996277147395563,0.0007290887294347497,0.001266463519785258
discovery_macro,rescue,aligned,layer_10.head_02,layer_09.head_04,later_to_earlier,0.01244043354538602,0.011101326944223677,0.01380653360490676
discovery_macro,rescue,aligned,layer_10.head_02,layer_09.head_11,later_to_earlier,0.030249103296167288,0.028314608881899184,0.03233343542171305
discovery_macro,rescue,aligned,layer_10.head_02,layer_09.head_13,later_to_earlier,0.011251185311481527,0.009920391134422335,0.0126268208915899
discovery_macro,rescue,aligned,layer_10.head_02,layer_10.head_02,identity,0.04803637552876942,0.043859427556510545,0.052575578844807166
discovery_macro,rescue,aligned,layer_10.head_02,layer_10.head_12,within_layer,0.021390379815999602,0.020107763708756356,0.02271930341350407
discovery_macro,rescue,aligned,layer_10.head_02,layer_11.head_08,earlier_to_later,0.01735235081537047,0.0164872111093238,0.018278313321043734
discovery_macro,rescue,aligned,layer_10.head_02,layer_11.head_09,earlier_to_later,0.013689761214654386,0.012369922226448438,0.01511587992371834
discovery_macro,rescue,aligned,layer_10.head_02,layer_11.head_14,earlier_to_later,0.0007955851011043416,0.00023194179692055778,0.0013903721588593913
discovery_macro,rescue,aligned,layer_10.head_02,layer_11.head_15,earlier_to_later,0.006160985599422858,0.005476364377587714,0.006957572591209512
discovery_macro,rescue,aligned,layer_10.head_02,layer_12.head_02,earlier_to_later,0.008251135915509826,0.007353718589524912,0.009149604202904404
discovery_macro,rescue,aligned,layer_10.head_02,layer_12.head_03,earlier_to_later,0.0031229941616348397,0.0023824884502148323,0.003836509758343429
discovery_macro,rescue,aligned,layer_10.head_02,layer_12.head_12,earlier_to_later,0.004886657020768946,0.003971443479311249,0.005816934066283211
discovery_macro,rescue,aligned,layer_10.head_12,layer_09.head_04,later_to_earlier,0.015400443171473013,0.010404712316952712,0.02103205288126268
discovery_macro,rescue,aligned,layer_10.head_12,layer_09.head_11,later_to_earlier,0.011539978550189319,0.00823584914846467,0.015363236936958014
discovery_macro,rescue,aligned,layer_10.head_12,layer_09.head_13,later_to_earlier,0.0015546108099851075,0.0009755295808047036,0.00224036220937182
discovery_macro,rescue,aligned,layer_10.head_12,layer_10.head_02,within_layer,0.005034326038939061,0.00391358105701988,0.006397039811925021
discovery_macro,rescue,aligned,layer_10.head_12,layer_10.head_12,identity,0.1549144108956368,0.14143738978689965,0.16972912356497685
discovery_macro,rescue,aligned,layer_10.head_12,layer_11.head_08,earlier_to_later,0.006868769613371574,0.00531018805404321,0.008788265060686385
discovery_macro,rescue,aligned,layer_10.head_12,layer_11.head_09,earlier_to_later,0.005795086990817287,0.00458630865476134,0.007289953743393772
discovery_macro,rescue,aligned,layer_10.head_12,layer_11.head_14,earlier_to_later,-0.0006709449327537701,-0.0013271965131423356,0.00011280013550802153
discovery_macro,rescue,aligned,layer_10.head_12,layer_11.head_15,earlier_to_later,0.003923164708370163,0.002656305154401254,0.005522910022644766
discovery_macro,rescue,aligned,layer_10.head_12,layer_12.head_02,earlier_to_later,0.001893943288429412,0.001487241602326568,0.0023706006129143977
discovery_macro,rescue,aligned,layer_10.head_12,layer_12.head_03,earlier_to_later,-0.0005049045861242902,-0.0007641593022334231,-0.00020023174415353498
discovery_macro,rescue,aligned,layer_10.head_12,layer_12.head_12,earlier_to_later,0.004053052923113464,0.00257851797644123,0.005856157464446001
discovery_macro,rescue,aligned,layer_11.head_08,layer_09.head_04,later_to_earlier,0.0044339905931727154,0.0038287952341047346,0.0050573872681453505
discovery_macro,rescue,aligned,layer_11.head_08,layer_09.head_11,later_to_earlier,0.01960204061866545,0.018013835020600198,0.021324529095710514
discovery_macro,rescue,aligned,layer_11.head_08,layer_09.head_13,later_to_earlier,0.006789877902837554,0.006009301286516586,0.007568998920302447
discovery_macro,rescue,aligned,layer_11.head_08,layer_10.head_02,later_to_earlier,0.04322062980059606,0.03923483220569358,0.04826855824875866
discovery_macro,rescue,aligned,layer_11.head_08,layer_10.head_12,later_to_earlier,0.045672070723784125,0.04257636957327346,0.04893261592697711
discovery_macro,rescue,aligned,layer_11.head_08,layer_11.head_08,identity,0.26891876053233105,0.25193505683106854,0.28677426119355875
discovery_macro,rescue,aligned,layer_11.head_08,layer_11.head_09,within_layer,0.06947587901796087,0.06384143826870634,0.07638271868759605
discovery_macro,rescue,aligned,layer_11.head_08,layer_11.head_14,within_layer,0.043396091393502007,0.03802340680095589,0.05025085511728239
discovery_macro,rescue,aligned,layer_11.head_08,layer_11.head_15,within_layer,0.03746933910727508,0.03332637330000361,0.042776377117064494
discovery_macro,rescue,aligned,layer_11.head_08,layer_12.head_02,earlier_to_later,0.0377570102147876,0.03469375007624379,0.04160228769213739
discovery_macro,rescue,aligned,layer_11.head_08,layer_12.head_03,earlier_to_later,0.04178914239214042,0.03945561212062668,0.04444414331999934
discovery_macro,rescue,aligned,layer_11.head_08,layer_12.head_12,earlier_to_later,0.04418658807501466,0.042311733137332476,0.04616642738788384
discovery_macro,rescue,aligned,layer_11.head_09,layer_09.head_04,later_to_earlier,0.0128944126154352,0.01163222440864198,0.014154810026770204
discovery_macro,rescue,aligned,layer_11.head_09,layer_09.head_11,later_to_earlier,0.029009493553050523,0.027257927568393937,0.030745871423136166
discovery_macro,rescue,aligned,layer_11.head_09,layer_09.head_13,later_to_earlier,0.007583468030500681,0.006834589142454592,0.008317533831280815
discovery_macro,rescue,aligned,layer_11.head_09,layer_10.head_02,later_to_earlier,0.03700789614348171,0.034011600869563535,0.04032917105921185
discovery_macro,rescue,aligned,layer_11.head_09,layer_10.head_12,later_to_earlier,0.03007512892862436,0.028254919632832946,0.03198083666797734
discovery_macro,rescue,aligned,layer_11.head_09,layer_11.head_08,within_layer,0.03255814035888924,0.030688896160612714,0.03453750757001453
discovery_macro,rescue,aligned,layer_11.head_09,layer_11.head_09,identity,0.09667374003700076,0.09008284873320889,0.10362652832577483
discovery_macro,rescue,aligned,layer_11.head_09,layer_11.head_14,within_layer,0.015558251512986244,0.014190695145795528,0.016971412914256953
discovery_macro,rescue,aligned,layer_11.head_09,layer_11.head_15,within_layer,0.017315271639701244,0.01570923657460313,0.01895753035139913
discovery_macro,rescue,aligned,layer_11.head_09,layer_12.head_02,earlier_to_later,-0.000973619940181343,-0.0020331279517070504,1.1709004510410441e-05
discovery_macro,rescue,aligned,layer_11.head_09,layer_12.head_03,earlier_to_later,0.01799056421699868,0.016900846911067337,0.019061381900160282
discovery_macro,rescue,aligned,layer_11.head_09,layer_12.head_12,earlier_to_later,0.02064744353536641,0.019470356993996588,0.0218883616163075
discovery_macro,rescue,aligned,layer_11.head_14,layer_09.head_04,later_to_earlier,7.222536335053562e-05,-0.00032088381963978806,0.00045955260670534553
discovery_macro,rescue,aligned,layer_11.head_14,layer_09.head_11,later_to_earlier,0.003920639561818078,0.0030304197623665548,0.004916058040424941
discovery_macro,rescue,aligned,layer_11.head_14,layer_09.head_13,later_to_earlier,0.002731977857744801,0.0019524252734783975,0.0035143631580707804
discovery_macro,rescue,aligned,layer_11.head_14,layer_10.head_02,later_to_earlier,0.005790176531545301,0.004628030983251423,0.0071160992691430705
discovery_macro,rescue,aligned,layer_11.head_14,layer_10.head_12,later_to_earlier,0.0005305196209289869,-0.0005178101883514439,0.0017069377419006368
discovery_macro,rescue,aligned,layer_11.head_14,layer_11.head_08,within_layer,-0.007434455814747186,-0.008383287970092931,-0.006520925608102013
discovery_macro,rescue,aligned,layer_11.head_14,layer_11.head_09,within_layer,0.004769862980073256,0.0037121101943205764,0.005849913869167535
discovery_macro,rescue,aligned,layer_11.head_14,layer_11.head_14,identity,0.027067438954523463,0.024512312003309705,0.029936850442675036
discovery_macro,rescue,aligned,layer_11.head_14,layer_11.head_15,within_layer,0.023393724949382563,0.021336365360333915,0.02572767119820487
discovery_macro,rescue,aligned,layer_11.head_14,layer_12.head_02,earlier_to_later,0.004965596642705925,0.004167616196719109,0.005805396132131478
discovery_macro,rescue,aligned,layer_11.head_14,layer_12.head_03,earlier_to_later,0.004449670519580075,0.003931656258384351,0.005011750663065793
discovery_macro,rescue,aligned,layer_11.head_14,layer_12.head_12,earlier_to_later,-0.008591401945680066,-0.009331512638387373,-0.00786768063904716
discovery_macro,rescue,aligned,layer_11.head_15,layer_09.head_04,later_to_earlier,-0.004682469700057483,-0.005592819346089348,-0.0038330663136797506
discovery_macro,rescue,aligned,layer_11.head_15,layer_09.head_11,later_to_earlier,-0.004358288542215864,-0.005306875627004579,-0.0034942299037776167
discovery_macro,rescue,aligned,layer_11.head_15,layer_09.head_13,later_to_earlier,-0.0011557353042514393,-0.0017803769243680586,-0.0005865753138009728
discovery_macro,rescue,aligned,layer_11.head_15,layer_10.head_02,later_to_earlier,-0.0017875335473310277,-0.002972629741605853,-0.00074921046076272
discovery_macro,rescue,aligned,layer_11.head_15,layer_10.head_12,later_to_earlier,0.0010326639145991467,-0.0005693507997115646,0.0025091308590959997
discovery_macro,rescue,aligned,layer_11.head_15,layer_11.head_08,within_layer,0.015647823969958546,0.013639363522450957,0.018244949908278144
discovery_macro,rescue,aligned,layer_11.head_15,layer_11.head_09,within_layer,0.003014467702116837,0.0015696990591710378,0.004711234846478023
discovery_macro,rescue,aligned,layer_11.head_15,layer_11.head_14,within_layer,0.005353719807750414,0.0024810978131296377,0.008944080755809559
discovery_macro,rescue,aligned,layer_11.head_15,layer_11.head_15,identity,0.011254558186711353,0.006659142172045213,0.017055289746378727
discovery_macro,rescue,aligned,layer_11.head_15,layer_12.head_02,earlier_to_later,0.0005872196099332933,8.603044091524622e-05,0.0011190171028375928
discovery_macro,rescue,aligned,layer_11.head_15,layer_12.head_03,earlier_to_later,0.005049951376767321,0.004539791249659651,0.00566621850594966
discovery_macro,rescue,aligned,layer_11.head_15,layer_12.head_12,earlier_to_later,0.011299473087985406,0.01020289409922978,0.01240254280673979
discovery_macro,rescue,aligned,layer_12.head_02,layer_09.head_04,later_to_earlier,-0.0012549329500218544,-0.0017654404448097347,-0.0007422338277560572
discovery_macro,rescue,aligned,layer_12.head_02,layer_09.head_11,later_to_earlier,-0.004176464420441082,-0.004719657209376049,-0.0036342999636531483
discovery_macro,rescue,aligned,layer_12.head_02,layer_09.head_13,later_to_earlier,0.000684076440604961,1.4937208121689227e-05,0.0013684506455496036
discovery_macro,rescue,aligned,layer_12.head_02,layer_10.head_02,later_to_earlier,-0.00024471475164193537,-0.0015025611655356647,0.0008434912003162057
discovery_macro,rescue,aligned,layer_12.head_02,layer_10.head_12,later_to_earlier,0.0044575898498132776,0.003978574963905491,0.004937285396326757
discovery_macro,rescue,aligned,layer_12.head_02,layer_11.head_08,later_to_earlier,0.011763527109616548,0.010617914746414823,0.01295935701718094
discovery_macro,rescue,aligned,layer_12.head_02,layer_11.head_09,later_to_earlier,0.0029037059118729473,0.0019455862565868239,0.003874143163080353
discovery_macro,rescue,aligned,layer_12.head_02,layer_11.head_14,later_to_earlier,0.0051161931052278765,0.003981804658875749,0.006293683840209754
discovery_macro,rescue,aligned,layer_12.head_02,layer_11.head_15,later_to_earlier,0.0020610405970612027,0.0012939495437810733,0.0028742801274343715
discovery_macro,rescue,aligned,layer_12.head_02,layer_12.head_02,identity,0.01628796400285438,0.013928428097780936,0.01898342835670523
discovery_macro,rescue,aligned,layer_12.head_02,layer_12.head_03,within_layer,0.0010783921222498106,0.00045387143323128836,0.0017251142453433474
discovery_macro,rescue,aligned,layer_12.head_02,layer_12.head_12,within_layer,-0.00024666399497890135,-0.0006355716447333605,0.00017135808075465829
discovery_macro,rescue,aligned,layer_12.head_03,layer_09.head_04,later_to_earlier,0.002114472313344892,0.001652584179947389,0.0025800797513162135
discovery_macro,rescue,aligned,layer_12.head_03,layer_09.head_11,later_to_earlier,0.011998518779110736,0.011009030533996053,0.013012615889782607
discovery_macro,rescue,aligned,layer_12.head_03,layer_09.head_13,later_to_earlier,0.0015021610101899157,0.0012425626697125088,0.001762851836039284
discovery_macro,rescue,aligned,layer_12.head_03,layer_10.head_02,later_to_earlier,0.01282526720559555,0.011752726708066139,0.013936576879995062
discovery_macro,rescue,aligned,layer_12.head_03,layer_10.head_12,later_to_earlier,0.004048218985502915,0.003337593239346054,0.00475766240167646
discovery_macro,rescue,aligned,layer_12.head_03,layer_11.head_08,later_to_earlier,0.014831151105631856,0.013934637767086148,0.01586110736336307
discovery_macro,rescue,aligned,layer_12.head_03,layer_11.head_09,later_to_earlier,0.0077037904185683174,0.006397691534837095,0.009078724421447842
discovery_macro,rescue,aligned,layer_12.head_03,layer_11.head_14,later_to_earlier,0.0009741001712784201,0.0003229673707678263,0.001704894055551843
discovery_macro,rescue,aligned,layer_12.head_03,layer_11.head_15,later_to_earlier,0.009015498219089637,0.00813162449951497,0.009922708354829574
discovery_macro,rescue,aligned,layer_12.head_03,layer_12.head_02,within_layer,-0.001009829469279793,-0.002054820756831354,-8.343610670385209e-05
discovery_macro,rescue,aligned,layer_12.head_03,layer_12.head_03,identity,0.03338648373336119,0.03071155694366398,0.03607169266518479
discovery_macro,rescue,aligned,layer_12.head_03,layer_12.head_12,within_layer,0.007606405944648537,0.006773869445127994,0.008447354125990634
discovery_macro,rescue,aligned,layer_12.head_12,layer_09.head_04,later_to_earlier,0.0031564939577618657,0.002484793432805975,0.0038952348703102896
discovery_macro,rescue,aligned,layer_12.head_12,layer_09.head_11,later_to_earlier,0.004782949604533687,0.004149362718696198,0.005468287044467933
discovery_macro,rescue,aligned,layer_12.head_12,layer_09.head_13,later_to_earlier,-0.000571512962631903,-0.0008217067410814912,-0.0003061510450429509
discovery_macro,rescue,aligned,layer_12.head_12,layer_10.head_02,later_to_earlier,0.00754478347612909,0.006865723488907009,0.00826615297575953
discovery_macro,rescue,aligned,layer_12.head_12,layer_10.head_12,later_to_earlier,0.011733746590470977,0.010765220986973542,0.012794794756887405
discovery_macro,rescue,aligned,layer_12.head_12,layer_11.head_08,later_to_earlier,0.006579742153760407,0.005734958120520244,0.007487697027268567
discovery_macro,rescue,aligned,layer_12.head_12,layer_11.head_09,later_to_earlier,0.0091099071693764,0.008151248364718743,0.010211661774847761
discovery_macro,rescue,aligned,layer_12.head_12,layer_11.head_14,later_to_earlier,0.001912598319375453,0.001436646033773869,0.0024252581094811668
discovery_macro,rescue,aligned,layer_12.head_12,layer_11.head_15,later_to_earlier,0.008117354460830563,0.007450655914497889,0.008880944121483847
discovery_macro,rescue,aligned,layer_12.head_12,layer_12.head_02,within_layer,0.00025550229202800714,-0.0001938309487392059,0.0007200594670701122
discovery_macro,rescue,aligned,layer_12.head_12,layer_12.head_03,within_layer,0.008748388521129923,0.008004722795184117,0.009611108061929177
discovery_macro,rescue,aligned,layer_12.head_12,layer_12.head_12,identity,0.03103418841501653,0.028176294240558564,0.034233195230306185
discovery_macro,induction,raw,layer_09.head_04,layer_09.head_04,identity,0.02594722449178503,0.015589232336341359,0.0396467678648443
discovery_macro,induction,raw,layer_09.head_04,layer_09.head_11,within_layer,0.005163107121108667,0.002831064378645707,0.008025074376547611
discovery_macro,induction,raw,layer_09.head_04,layer_09.head_13,within_layer,0.0006605520952653612,-4.9785909111886945e-05,0.0012817168112145545
discovery_macro,induction,raw,layer_09.head_04,layer_10.head_02,earlier_to_later,-0.0007902152632440128,-0.001504378835747927,-0.00020773089660979337
discovery_macro,induction,raw,layer_09.head_04,layer_10.head_12,earlier_to_later,0.002833693047956126,0.0015876043767213493,0.004207181371406943
discovery_macro,induction,raw,layer_09.head_04,layer_11.head_08,earlier_to_later,0.002798219138405206,0.0019952870638136554,0.003710467771120847
discovery_macro,induction,raw,layer_09.head_04,layer_11.head_09,earlier_to_later,0.0024931746357670743,0.0012868288003332314,0.00391663049885041
discovery_macro,induction,raw,layer_09.head_04,layer_11.head_14,earlier_to_later,0.0012182959302992095,0.0005715496263543295,0.0019742477841990284
discovery_macro,induction,raw,layer_09.head_04,layer_11.head_15,earlier_to_later,0.0012633393586231547,0.0005754111544540979,0.0020551504531618075
discovery_macro,induction,raw,layer_09.head_04,layer_12.head_02,earlier_to_later,-0.001896821052876556,-0.002591943226187022,-0.0013300637088045355
discovery_macro,induction,raw,layer_09.head_04,layer_12.head_03,earlier_to_later,-0.0010356307869534014,-0.002192171760561482,-0.00018136307177819884
discovery_macro,induction,raw,layer_09.head_04,layer_12.head_12,earlier_to_later,0.0026117483603264042,0.001461642957633067,0.004137559294929412
discovery_macro,induction,raw,layer_09.head_11,layer_09.head_04,within_layer,0.003120197757684004,0.0018306542421527448,0.004612200132217906
discovery_macro,induction,raw,layer_09.head_11,layer_09.head_11,identity,0.014824100114684866,0.01183791849670782,0.01864030552508526
discovery_macro,induction,raw,layer_09.head_11,layer_09.head_13,within_layer,0.0007444908312223595,-0.00019800027383660976,0.001527241303689678
discovery_macro,induction,raw,layer_09.head_11,layer_10.head_02,earlier_to_later,0.004472444662416163,0.0031706163042839464,0.0060968246672104785
discovery_macro,induction,raw,layer_09.head_11,layer_10.head_12,earlier_to_later,0.002712167081641557,0.0010170013411364394,0.004266570035522521
discovery_macro,induction,raw,layer_09.head_11,layer_11.head_08,earlier_to_later,0.0034015474123889724,0.002460692911654338,0.004471601706037684
discovery_macro,induction,raw,layer_09.head_11,layer_11.head_09,earlier_to_later,-0.0035337690832775567,-0.004858037819184758,-0.0024344549077072284
discovery_macro,induction,raw,layer_09.head_11,layer_11.head_14,earlier_to_later,-0.0008061721886624409,-0.0016736360278020914,-1.849403868935435e-05
discovery_macro,induction,raw,layer_09.head_11,layer_11.head_15,earlier_to_later,0.009930216693938279,0.0076143870046376004,0.013163232138322102
discovery_macro,induction,raw,layer_09.head_11,layer_12.head_02,earlier_to_later,-0.00421462789027881,-0.006693075318101662,-0.0023027572363217954
discovery_macro,induction,raw,layer_09.head_11,layer_12.head_03,earlier_to_later,0.0024327378049105856,0.001630743137537577,0.003312269435220052
discovery_macro,induction,raw,layer_09.head_11,layer_12.head_12,earlier_to_later,-0.0012705180440866696,-0.002951556001260224,-5.167557363926126e-05
discovery_macro,induction,raw,layer_09.head_13,layer_09.head_04,within_layer,-0.0001245526259881786,-0.0009488306054627832,0.0006652803587552834
discovery_macro,induction,raw,layer_09.head_13,layer_09.head_11,within_layer,0.0019324484729879932,0.0013599571537755623,0.00260764872064828
discovery_macro,induction,raw,layer_09.head_13,layer_09.head_13,identity,0.0037644339873560586,0.0029737512642280923,0.004647647378585365
discovery_macro,induction,raw,layer_09.head_13,layer_10.head_02,earlier_to_later,0.001398546016828436,0.0006697120502177106,0.0022427776695545273
discovery_macro,induction,raw,layer_09.head_13,layer_10.head_12,earlier_to_later,0.0010028380824145908,0.00015658355081150135,0.0019938644665016742
discovery_macro,induction,raw,layer_09.head_13,layer_11.head_08,earlier_to_later,-0.0007082238257519176,-0.0017238398035527487,0.0003911118216259147
discovery_macro,induction,raw,layer_09.head_13,layer_11.head_09,earlier_to_later,-0.0016957035549437058,-0.002857936377044226,-0.0007826259143925541
discovery_macro,induction,raw,layer_09.head_13,layer_11.head_14,earlier_to_later,0.00045927951710775076,-0.00022687852151488365,0.0011116758979364376
discovery_macro,induction,raw,layer_09.head_13,layer_11.head_15,earlier_to_later,0.0021889019117383316,0.0016196066371167504,0.002888839295565809
discovery_macro,induction,raw,layer_09.head_13,layer_12.head_02,earlier_to_later,0.0006039794822765423,1.396312005038949e-05,0.0011301160815675474
discovery_macro,induction,raw,layer_09.head_13,layer_12.head_03,earlier_to_later,-0.0004947016833450806,-0.0009249047526957188,-0.00012008333879779237
discovery_macro,induction,raw,layer_09.head_13,layer_12.head_12,earlier_to_later,0.0014998981642664086,0.0010946366375781766,0.002000561214595891
discovery_macro,induction,raw,layer_10.head_02,layer_09.head_04,later_to_earlier,-0.0021752952451957073,-0.0034633360096128834,-0.0010255102722603463
discovery_macro,induction,raw,layer_10.head_02,layer_09.head_11,later_to_earlier,0.006592706741670585,0.0046482264169537026,0.00925482653287052
discovery_macro,induction,raw,layer_10.head_02,layer_09.head_13,later_to_earlier,0.0015280199009701796,0.0008806689733536477,0.0022430494905113472
discovery_macro,induction,raw,layer_10.head_02,layer_10.head_02,identity,0.023792596723052912,0.01971618707386409,0.02880827033256647
discovery_macro,induction,raw,layer_10.head_02,layer_10.head_12,within_layer,1.0823918184558416e-05,-0.0012451970389982785,0.0010741352068932353
discovery_macro,induction,raw,layer_10.head_02,layer_11.head_08,earlier_to_later,0.0002662544714042164,-0.0006358642660479691,0.0012264216567606453
discovery_macro,induction,raw,layer_10.head_02,layer_11.head_09,earlier_to_later,0.001980301425263711,0.0011321537934605613,0.00295167159960414
discovery_macro,induction,raw,layer_10.head_02,layer_11.head_14,earlier_to_later,0.0024527944668577455,0.0015802214218654832,0.0033497865774850784
discovery_macro,induction,raw,layer_10.head_02,layer_11.head_15,earlier_to_later,0.005394817805396882,0.004042171315756499,0.0069728543285615275
discovery_macro,induction,raw,layer_10.head_02,layer_12.head_02,earlier_to_later,-0.0005928290455236092,-0.0016574711782374383,0.0001333024447866546
discovery_macro,induction,raw,layer_10.head_02,layer_12.head_03,earlier_to_later,0.0015055966159103753,0.0007106153775826835,0.0023607746569275336
discovery_macro,induction,raw,layer_10.head_02,layer_12.head_12,earlier_to_later,0.0013520192624813326,0.0004660963856588614,0.0024308530078481646
discovery_macro,induction,raw,layer_10.head_12,layer_09.head_04,later_to_earlier,0.0004746054057757177,-0.0002571117584472802,0.0010854724994282016
discovery_macro,induction,raw,layer_10.head_12,layer_09.head_11,later_to_earlier,0.0042084007646227585,0.002476035701299648,0.006573312330664802
discovery_macro,induction,raw,layer_10.head_12,layer_09.head_13,later_to_earlier,0.00046474598508624003,4.975429514842614e-06,0.0010066595526266047
discovery_macro,induction,raw,layer_10.head_12,layer_10.head_02,within_layer,0.0002924763762977689,-0.0011016737340193085,0.0014923339288396532
discovery_macro,induction,raw,layer_10.head_12,layer_10.head_12,identity,0.15470859603575537,0.14040476084933082,0.16937198635814346
discovery_macro,induction,raw,layer_10.head_12,layer_11.head_08,earlier_to_later,0.002802149438385553,0.0017736733446494317,0.003995985594770365
discovery_macro,induction,raw,layer_10.head_12,layer_11.head_09,earlier_to_later,0.0015595264968858262,0.0005057361048276578,0.002835478478669
discovery_macro,induction,raw,layer_10.head_12,layer_11.head_14,earlier_to_later,-0.0013718717376839814,-0.002289745421100902,-0.0006327241644805684
discovery_macro,induction,raw,layer_10.head_12,layer_11.head_15,earlier_to_later,0.0027553056437556902,0.0018690019185955017,0.003859714453229167
discovery_macro,induction,raw,layer_10.head_12,layer_12.head_02,earlier_to_later,0.002005307934533313,0.0010792423423259727,0.003207161539539394
discovery_macro,induction,raw,layer_10.head_12,layer_12.head_03,earlier_to_later,-0.002300273395131782,-0.0037481919166955278,-0.0010877523301130085
discovery_macro,induction,raw,layer_10.head_12,layer_12.head_12,earlier_to_later,-0.001730075812682614,-0.002986137855279282,-0.0007364603473267196
discovery_macro,induction,raw,layer_11.head_08,layer_09.head_04,later_to_earlier,0.0045551289945618125,0.0017758341979716825,0.007182658754337002
discovery_macro,induction,raw,layer_11.head_08,layer_09.head_11,later_to_earlier,0.002791047743638266,0.0003497072747819937,0.005185806167268943
discovery_macro,induction,raw,layer_11.head_08,layer_09.head_13,later_to_earlier,0.008763163404933924,0.007049595997183146,0.01054988948808555
discovery_macro,induction,raw,layer_11.head_08,layer_10.head_02,later_to_earlier,0.005927355350655954,0.003970566593932505,0.007949103081234454
discovery_macro,induction,raw,layer_11.head_08,layer_10.head_12,later_to_earlier,-0.006429262354712732,-0.011966705977172339,-0.0017281377959417366
discovery_macro,induction,raw,layer_11.head_08,layer_11.head_08,identity,0.2366681114700553,0.2104192718855314,0.26059157487970686
discovery_macro,induction,raw,layer_11.head_08,layer_11.head_09,within_layer,0.08639924745698865,0.07480520611865997,0.09952842490426611
discovery_macro,induction,raw,layer_11.head_08,layer_11.head_14,within_layer,0.01071133486857477,0.008124630652009721,0.013826133342984912
discovery_macro,induction,raw,layer_11.head_08,layer_11.head_15,within_layer,0.013744741229476932,0.010241895998611932,0.017677971408287158
discovery_macro,induction,raw,layer_11.head_08,layer_12.head_02,earlier_to_later,0.0033352521402399225,0.0020616217643941383,0.0046842657491703
discovery_macro,induction,raw,layer_11.head_08,layer_12.head_03,earlier_to_later,0.00764278066195475,0.005384177163247611,0.010510201188732148
discovery_macro,induction,raw,layer_11.head_08,layer_12.head_12,earlier_to_later,-0.0011458373279870553,-0.0035445026196725946,0.0009552800807918492
discovery_macro,induction,raw,layer_11.head_09,layer_09.head_04,later_to_earlier,0.003512548529168123,0.0013450603315368927,0.005628462110066033
discovery_macro,induction,raw,layer_11.head_09,layer_09.head_11,later_to_earlier,0.002209738203147255,0.00020801308186920646,0.004195355780427815
discovery_macro,induction,raw,layer_11.head_09,layer_09.head_13,later_to_earlier,0.005713177798271992,0.00464356050472872,0.00682642782109142
discovery_macro,induction,raw,layer_11.head_09,layer_10.head_02,later_to_earlier,0.005003514607823092,0.003386534238639738,0.006674218548544713
discovery_macro,induction,raw,layer_11.head_09,layer_10.head_12,later_to_earlier,-0.004803233833297883,-0.00922520682165277,-0.001004026106782014
discovery_macro,induction,raw,layer_11.head_09,layer_11.head_08,within_layer,0.15016457006819042,0.1293198892793174,0.17311537218550405
discovery_macro,induction,raw,layer_11.head_09,layer_11.head_09,identity,0.05932406499335219,0.04984667795101013,0.07032068047716089
discovery_macro,induction,raw,layer_11.head_09,layer_11.head_14,within_layer,0.008031642786296657,0.005729420667871208,0.01094895102525561
discovery_macro,induction,raw,layer_11.head_09,layer_11.head_15,within_layer,0.008476136228168469,0.005907859304672038,0.011505005968133754
discovery_macro,induction,raw,layer_11.head_09,layer_12.head_02,earlier_to_later,0.0025110646741962135,0.001465547603293876,0.003655695319160137
discovery_macro,induction,raw,layer_11.head_09,layer_12.head_03,earlier_to_later,0.005443337629962998,0.0038410879272783166,0.00740174331556072
discovery_macro,induction,raw,layer_11.head_09,layer_12.head_12,earlier_to_later,-0.00042224740874136643,-0.0023339831133298117,0.0013088644379325763
discovery_macro,induction,raw,layer_11.head_14,layer_09.head_04,later_to_earlier,-0.0006832912470546755,-0.0017459120947312704,0.00020110413995053913
discovery_macro,induction,raw,layer_11.head_14,layer_09.head_11,later_to_earlier,0.0025709762641884628,0.0014511204013978418,0.0038683347329401324
discovery_macro,induction,raw,layer_11.head_14,layer_09.head_13,later_to_earlier,0.0007022281488890266,7.587321921046141e-05,0.001348391291526468
discovery_macro,induction,raw,layer_11.head_14,layer_10.head_02,later_to_earlier,0.0027264767599314266,0.0018081940912430079,0.0036867841200594995
discovery_macro,induction,raw,layer_11.head_14,layer_10.head_12,later_to_earlier,0.0005159426122406314,-0.0010689937503944365,0.0019350746935245316
discovery_macro,induction,raw,layer_11.head_14,layer_11.head_08,within_layer,0.0011945313368586627,6.962759043887951e-05,0.002432723974936749
discovery_macro,induction,raw,layer_11.head_14,layer_11.head_09,within_layer,0.0030610402070939523,0.001610316634077135,0.004499357991738518
discovery_macro,induction,raw,layer_11.head_14,layer_11.head_14,identity,0.008477874279980084,0.006930096489718455,0.010261620242294307
discovery_macro,induction,raw,layer_11.head_14,layer_11.head_15,within_layer,0.024678127976126032,0.019920456929916317,0.030447874561721038
discovery_macro,induction,raw,layer_11.head_14,layer_12.head_02,earlier_to_later,-0.0018411694901939288,-0.003806201955598316,-0.00012828177368304398
discovery_macro,induction,raw,layer_11.head_14,layer_12.head_03,earlier_to_later,0.004151988495065864,0.003093122376632974,0.005381810948062588
discovery_macro,induction,raw,layer_11.head_14,layer_12.head_12,earlier_to_later,0.003771675142521186,0.0029711424148975876,0.004692849367037659
discovery_macro,induction,raw,layer_11.head_15,layer_09.head_04,later_to_earlier,0.0005291981048599025,-0.0006991631419276021,0.0017259120073262362
discovery_macro,induction,raw,layer_11.head_15,layer_09.head_11,later_to_earlier,0.002836044802619216,0.0013915080264741452,0.004447330969303155
discovery_macro,induction,raw,layer_11.head_15,layer_09.head_13,later_to_earlier,0.0005882999673004407,-0.0003093874684611628,0.0013078349266395512
discovery_macro,induction,raw,layer_11.head_15,layer_10.head_02,later_to_earlier,0.0022911395277589027,0.0012779306176092086,0.003313380550578133
discovery_macro,induction,raw,layer_11.head_15,layer_10.head_12,later_to_earlier,-0.00219818444526859,-0.004128573207922551,-0.0005372670995213838
discovery_macro,induction,raw,layer_11.head_15,layer_11.head_08,within_layer,0.001663197678502012,0.0004380758982740351,0.002972297120470486
discovery_macro,induction,raw,layer_11.head_15,layer_11.head_09,within_layer,0.0063233621866102,0.004388386442383909,0.008507149367971195
discovery_macro,induction,raw,layer_11.head_15,layer_11.head_14,within_layer,0.010048281178076476,0.008224673933558904,0.012017062482833673
discovery_macro,induction,raw,layer_11.head_15,layer_11.head_15,identity,0.044404676962309216,0.03519178459257987,0.05531866970109862
discovery_macro,induction,raw,layer_11.head_15,layer_12.head_02,earlier_to_later,-0.003389229667361311,-0.005512328038992445,-0.0015487702893101072
discovery_macro,induction,raw,layer_11.head_15,layer_12.head_03,earlier_to_later,0.0030419331118283137,0.0020093312317319124,0.0041033881500342475
discovery_macro,induction,raw,layer_11.head_15,layer_12.head_12,earlier_to_later,0.004246376533882137,0.003424194458484776,0.005203875010114348
discovery_macro,induction,raw,layer_12.head_02,layer_09.head_04,later_to_earlier,-0.00028904945190918953,-0.001443694306499441,0.000800338559144785
discovery_macro,induction,raw,layer_12.head_02,layer_09.head_11,later_to_earlier,-0.0015914135215348167,-0.0023211345569434634,-0.0008677139511816094
discovery_macro,induction,raw,layer_12.head_02,layer_09.head_13,later_to_earlier,0.0036178054181142403,0.002698723684878586,0.004813461193108879
discovery_macro,induction,raw,layer_12.head_02,layer_10.head_02,later_to_earlier,0.0022369969142503935,0.0007476037486756161,0.004069087134179206
discovery_macro,induction,raw,layer_12.head_02,layer_10.head_12,later_to_earlier,0.009524082306233625,0.007203167139849925,0.012196523384748319
discovery_macro,induction,raw,layer_12.head_02,layer_11.head_08,later_to_earlier,0.00391616943156674,0.0025003955395065582,0.005532136292073009
discovery_macro,induction,raw,layer_12.head_02,layer_11.head_09,later_to_earlier,0.0015566973288858217,0.0002262578178800609,0.0027851688602812674
discovery_macro,induction,raw,layer_12.head_02,layer_11.head_14,later_to_earlier,0.0037935083198155847,0.0028027579178333435,0.004839790891259462
discovery_macro,induction,raw,layer_12.head_02,layer_11.head_15,later_to_earlier,0.00042007667042138184,-0.0007473543916800205,0.0015661899994452435
discovery_macro,induction,raw,layer_12.head_02,layer_12.head_02,identity,0.010169441417106788,0.00858525510946812,0.011900927993229964
discovery_macro,induction,raw,layer_12.head_02,layer_12.head_03,within_layer,0.00952507801086318,0.008250060981284592,0.010828888391088733
discovery_macro,induction,raw,layer_12.head_02,layer_12.head_12,within_layer,0.0014353243617531931,0.00048205477693803045,0.002409488600304642
discovery_macro,induction,raw,layer_12.head_03,layer_09.head_04,later_to_earlier,0.0001859538488257345,-0.0009113874530413005,0.0012385571712144633
discovery_macro,induction,raw,layer_12.head_03,layer_09.head_11,later_to_earlier,-0.0023547470463761576,-0.0033564758491995443,-0.0014510898576805724
discovery_macro,induction,raw,layer_12.head_03,layer_09.head_13,later_to_earlier,0.0047411177630763066,0.003483600025085976,0.006332757639094203
discovery_macro,induction,raw,layer_12.head_03,layer_10.head_02,later_to_earlier,0.002241398579740493,0.0004469251871047583,0.00458883047338682
discovery_macro,induction,raw,layer_12.head_03,layer_10.head_12,later_to_earlier,0.009952799698907038,0.007460049961415494,0.012734180637352951
discovery_macro,induction,raw,layer_12.head_03,layer_11.head_08,later_to_earlier,0.007208973744975183,0.00523949365895898,0.009614119349977714
discovery_macro,induction,raw,layer_12.head_03,layer_11.head_09,later_to_earlier,0.0035503953447850655,0.002100050999558667,0.004962412570719413
discovery_macro,induction,raw,layer_12.head_03,layer_11.head_14,later_to_earlier,0.00554078678708678,0.004136903124328211,0.007077167787970376
discovery_macro,induction,raw,layer_12.head_03,layer_11.head_15,later_to_earlier,0.0008540364966690178,-0.0006307420314617306,0.0023405129457590413
discovery_macro,induction,raw,layer_12.head_03,layer_12.head_02,within_layer,0.012917496100123629,0.010834059049615343,0.015246329053512208
discovery_macro,induction,raw,layer_12.head_03,layer_12.head_03,identity,0.01320804173677776,0.011306859841262817,0.015314550338675549
discovery_macro,induction,raw,layer_12.head_03,layer_12.head_12,within_layer,0.0019284926126408586,0.0007807371381963413,0.0031624031280447647
discovery_macro,induction,raw,layer_12.head_12,layer_09.head_04,later_to_earlier,0.004110869743000629,0.002677189810986069,0.0057790512039747445
discovery_macro,induction,raw,layer_12.head_12,layer_09.head_11,later_to_earlier,0.00351188916468882,0.0024721607760345497,0.004535942026915905
discovery_macro,induction,raw,layer_12.head_12,layer_09.head_13,later_to_earlier,0.0034391675043633236,0.0026729590838357464,0.0042679753139374344
discovery_macro,induction,raw,layer_12.head_12,layer_10.head_02,later_to_earlier,0.0002766736687657736,-0.00059875415663769,0.0011220988187173782
discovery_macro,induction,raw,layer_12.head_12,layer_10.head_12,later_to_earlier,0.007540578589004617,0.0053803134136517,0.010114160759543888
discovery_macro,induction,raw,layer_12.head_12,layer_11.head_08,later_to_earlier,0.006190494902635232,0.0036640020445411143,0.00870160440184791
discovery_macro,induction,raw,layer_12.head_12,layer_11.head_09,later_to_earlier,0.0046689153399936565,0.0030816963735352055,0.006371552429650592
discovery_macro,induction,raw,layer_12.head_12,layer_11.head_14,later_to_earlier,0.00148839538637877,-0.0007699478115386263,0.003462112859660476
discovery_macro,induction,raw,layer_12.head_12,layer_11.head_15,later_to_earlier,0.0016869287962913541,0.0006056535762775006,0.0028482389665046137
discovery_macro,induction,raw,layer_12.head_12,layer_12.head_02,within_layer,0.0024636582196831272,0.0012544170595720128,0.003879985880406181
discovery_macro,induction,raw,layer_12.head_12,layer_12.head_03,within_layer,-0.00212615169162228,-0.003453629946231629,-0.0008970625525615369
discovery_macro,induction,raw,layer_12.head_12,layer_12.head_12,identity,0.013319643347195246,0.010406545364421212,0.017222250467418956
discovery_macro,induction,rms,layer_09.head_04,layer_09.head_04,identity,0.02594722449178503,0.015589232336341359,0.0396467678648443
discovery_macro,induction,rms,layer_09.head_04,layer_09.head_11,within_layer,0.004337825668325186,0.0026885899319226392,0.006399428772393425
discovery_macro,induction,rms,layer_09.head_04,layer_09.head_13,within_layer,0.0013271334783156994,0.0009049964800877709,0.0017439241664071728
discovery_macro,induction,rms,layer_09.head_04,layer_10.head_02,earlier_to_later,-0.0001857809366839306,-0.0009648924948707914,0.0004623041311678937
discovery_macro,induction,rms,layer_09.head_04,layer_10.head_12,earlier_to_later,0.0037058946859847754,0.0023362000239268723,0.005206523505164592
discovery_macro,induction,rms,layer_09.head_04,layer_11.head_08,earlier_to_later,0.008996363887949388,0.0066826383715758485,0.011620831591295388
discovery_macro,induction,rms,layer_09.head_04,layer_11.head_09,earlier_to_later,0.001861094319697223,0.000786424717104489,0.00299817839881565
discovery_macro,induction,rms,layer_09.head_04,layer_11.head_14,earlier_to_later,0.001065564237686962,0.00015815591379033308,0.0022577344183192646
discovery_macro,induction,rms,layer_09.head_04,layer_11.head_15,earlier_to_later,0.002149860227863949,0.0007913130104718465,0.003535599913840017
discovery_macro,induction,rms,layer_09.head_04,layer_12.head_02,earlier_to_later,-0.0029892473704255704,-0.004339194017710163,-0.001968647433768523
discovery_macro,induction,rms,layer_09.head_04,layer_12.head_03,earlier_to_later,0.0012748653148548558,0.0004810568133725188,0.0020541730501729277
discovery_macro,induction,rms,layer_09.head_04,layer_12.head_12,earlier_to_later,0.002465403088603575,0.001335651995525797,0.0037504822371089343
discovery_macro,induction,rms,layer_09.head_11,layer_09.head_04,within_layer,0.0027935863498721137,0.001379623159681605,0.004793619077495097
discovery_macro,induction,rms,layer_09.head_11,layer_09.head_11,identity,0.014824100114684866,0.01183791849670782,0.01864030552508526
discovery_macro,induction,rms,layer_09.head_11,layer_09.head_13,within_layer,8.750167394827024e-05,-0.00041792399319871305,0.0005285429543406906
discovery_macro,induction,rms,layer_09.head_11,layer_10.head_02,earlier_to_later,0.003883088519379098,0.002722436968548399,0.005384875448637711
discovery_macro,induction,rms,layer_09.head_11,layer_10.head_12,earlier_to_later,-3.7449298748237574e-06,-0.0020347433661846164,0.0015435707764759185
discovery_macro,induction,rms,layer_09.head_11,layer_11.head_08,earlier_to_later,0.0076046373941621725,0.006055437607112571,0.009337801182078193
discovery_macro,induction,rms,layer_09.head_11,layer_11.head_09,earlier_to_later,-0.00519779350012359,-0.007406183468792841,-0.003366128490698108
discovery_macro,induction,rms,layer_09.head_11,layer_11.head_14,earlier_to_later,0.000554657493749818,-0.0004859528750329922,0.0016241516922975447
discovery_macro,induction,rms,layer_09.head_11,layer_11.head_15,earlier_to_later,0.013658259554821688,0.010679309751720704,0.017129388070536575
discovery_macro,induction,rms,layer_09.head_11,layer_12.head_02,earlier_to_later,-0.0027103187788083036,-0.004370525047597803,-0.0013496784306907524
discovery_macro,induction,rms,layer_09.head_11,layer_12.head_03,earlier_to_later,0.0051960731541582685,0.003766733805635567,0.006834741486859604
discovery_macro,induction,rms,layer_09.head_11,layer_12.head_12,earlier_to_later,-0.0015028558614941091,-0.0031093863718422775,-0.00017111181360137176
discovery_macro,induction,rms,layer_09.head_13,layer_09.head_04,within_layer,0.0009133777220570807,-0.00026527066543573886,0.002306791286475053
discovery_macro,induction,rms,layer_09.head_13,layer_09.head_11,within_layer,0.0036572601424619514,0.002649160193591546,0.004888035167854208
discovery_macro,induction,rms,layer_09.head_13,layer_09.head_13,identity,0.0037644339873560586,0.0029737512642280923,0.004647647378585365
discovery_macro,induction,rms,layer_09.head_13,layer_10.head_02,earlier_to_later,0.0036471092062233226,0.0021481696987630298,0.005418840710613791
discovery_macro,induction,rms,layer_09.head_13,layer_10.head_12,earlier_to_later,0.002464465223857115,0.0009500948170380921,0.004595891073435617
discovery_macro,induction,rms,layer_09.head_13,layer_11.head_08,earlier_to_later,0.0048012443772813464,0.002189810167737402,0.007791590808495928
discovery_macro,induction,rms,layer_09.head_13,layer_11.head_09,earlier_to_later,-5.063579341155113e-05,-0.002427715073779544,0.002119025514588625
discovery_macro,induction,rms,layer_09.head_13,layer_11.head_14,earlier_to_later,0.0019265567837417365,0.0009103512631700322,0.0030295610093036183
discovery_macro,induction,rms,layer_09.head_13,layer_11.head_15,earlier_to_later,0.005952536300635804,0.004829661397001922,0.007290570588936542
discovery_macro,induction,rms,layer_09.head_13,layer_12.head_02,earlier_to_later,0.00022867926707008054,-0.0007818076664806122,0.0010946309154957127
discovery_macro,induction,rms,layer_09.head_13,layer_12.head_03,earlier_to_later,-0.0006865988827538462,-0.0015015385324445294,2.455572141946883e-06
discovery_macro,induction,rms,layer_09.head_13,layer_12.head_12,earlier_to_later,0.0030833948684540753,0.0022695749092022342,0.003956871045707529
discovery_macro,induction,rms,layer_10.head_02,layer_09.head_04,later_to_earlier,-0.002795514760142543,-0.004740952500407838,-0.0014892815412049854
discovery_macro,induction,rms,layer_10.head_02,layer_09.head_11,later_to_earlier,0.006912598746731467,0.0047213792027247575,0.009822780813803883
discovery_macro,induction,rms,layer_10.head_02,layer_09.head_13,later_to_earlier,0.0002737623170830681,-0.00020966354263404698,0.0007722211886033197
discovery_macro,induction,rms,layer_10.head_02,layer_10.head_02,identity,0.023792596723052912,0.01971618707386409,0.02880827033256647
discovery_macro,induction,rms,layer_10.head_02,layer_10.head_12,within_layer,-0.0017612928407654388,-0.004206260809030517,-0.0002396363406240622
discovery_macro,induction,rms,layer_10.head_02,layer_11.head_08,earlier_to_later,0.005728329651772198,0.003059669655457959,0.008705008876072595
discovery_macro,induction,rms,layer_10.head_02,layer_11.head_09,earlier_to_later,0.00524215584935326,0.0035423970205173045,0.007155623107315229
discovery_macro,induction,rms,layer_10.head_02,layer_11.head_14,earlier_to_later,0.0030152252727191553,0.0019365516603956916,0.0041640533137815156
discovery_macro,induction,rms,layer_10.head_02,layer_11.head_15,earlier_to_later,0.0053713920801721745,0.004043419633738226,0.006829622475252954
discovery_macro,induction,rms,layer_10.head_02,layer_12.head_02,earlier_to_later,-0.0003427778927159789,-0.0013794495463401635,0.00046073147820608685
discovery_macro,induction,rms,layer_10.head_02,layer_12.head_03,earlier_to_later,0.0006312808456836298,-0.0006189819823762232,0.0017492713214475567
discovery_macro,induction,rms,layer_10.head_02,layer_12.head_12,earlier_to_later,-0.0002513365973083031,-0.001670456225786012,0.001105482904722989
discovery_macro,induction,rms,layer_10.head_12,layer_09.head_04,later_to_earlier,0.00045401214976759096,-0.00021253302173862028,0.0010522071477091141
discovery_macro,induction,rms,layer_10.head_12,layer_09.head_11,later_to_earlier,0.004191100598164158,0.0028143793092724302,0.005952494980203195
discovery_macro,induction,rms,layer_10.head_12,layer_09.head_13,later_to_earlier,-0.00025189280063686776,-0.0005500239776108373,4.381912104195198e-05
discovery_macro,induction,rms,layer_10.head_12,layer_10.head_02,within_layer,0.003160725483742757,0.001800879948241325,0.004772956250583075
discovery_macro,induction,rms,layer_10.head_12,layer_10.head_12,identity,0.15470859603575537,0.14040476084933082,0.16937198635814346
discovery_macro,induction,rms,layer_10.head_12,layer_11.head_08,earlier_to_later,0.006902345287982581,0.0046238290586806344,0.009472259091169806
discovery_macro,induction,rms,layer_10.head_12,layer_11.head_09,earlier_to_later,0.0017995877150898637,1.81978341991986e-05,0.0033408383838157024
discovery_macro,induction,rms,layer_10.head_12,layer_11.head_14,earlier_to_later,-0.0005651364232368394,-0.0017041140520805394,0.0004460108317449809
discovery_macro,induction,rms,layer_10.head_12,layer_11.head_15,earlier_to_later,0.004407266203410179,0.00289746617863492,0.006325267555208828
discovery_macro,induction,rms,layer_10.head_12,layer_12.head_02,earlier_to_later,0.0012024291212532786,0.00012633394332443095,0.002350997490985096
discovery_macro,induction,rms,layer_10.head_12,layer_12.head_03,earlier_to_later,9.018602016144624e-05,-0.0009100216899608963,0.0009859285658233628
discovery_macro,induction,rms,layer_10.head_12,layer_12.head_12,earlier_to_later,0.00021000922874502828,-0.0006738489592973248,0.00104202395717303
discovery_macro,induction,rms,layer_11.head_08,layer_09.head_04,later_to_earlier,-0.0011877114720557332,-0.0032029539167746026,0.00024049852628824794
discovery_macro,induction,rms,layer_11.head_08,layer_09.head_11,later_to_earlier,0.003062410397870165,0.0018758345015444024,0.00432651074865546
discovery_macro,induction,rms,layer_11.head_08,layer_09.head_13,later_to_earlier,0.0016214135547356894,0.0011330586798431964,0.0021085993080281248
discovery_macro,induction,rms,layer_11.head_08,layer_10.head_02,later_to_earlier,0.0032090506467858894,0.0021673660758192896,0.004268112160470648
discovery_macro,induction,rms,layer_11.head_08,layer_10.head_12,later_to_earlier,-0.006511581539217274,-0.009803684520369175,-0.003769763490322453
discovery_macro,induction,rms,layer_11.head_08,layer_11.head_08,identity,0.2366681114700553,0.2104192718855314,0.26059157487970686
discovery_macro,induction,rms,layer_11.head_08,layer_11.head_09,within_layer,0.06405532631205126,0.05406038830828468,0.0755374903843133
discovery_macro,induction,rms,layer_11.head_08,layer_11.head_14,within_layer,0.004054310731855429,0.002752117500016146,0.005651658817022531
discovery_macro,induction,rms,layer_11.head_08,layer_11.head_15,within_layer,0.006051833153223451,0.00395222065833719,0.008623116274456197
discovery_macro,induction,rms,layer_11.head_08,layer_12.head_02,earlier_to_later,0.0015732526692287777,0.0008834151615925828,0.0023257458252981013
discovery_macro,induction,rms,layer_11.head_08,layer_12.head_03,earlier_to_later,0.0040824505960326265,0.0027609667063515564,0.0057393085393582085
discovery_macro,induction,rms,layer_11.head_08,layer_12.head_12,earlier_to_later,-0.001549759018298814,-0.0030549118143398737,-0.00026420186634182216
discovery_macro,induction,rms,layer_11.head_09,layer_09.head_04,later_to_earlier,-0.001150029301858852,-0.0028982424463817706,6.290447221870406e-05
discovery_macro,induction,rms,layer_11.head_09,layer_09.head_11,later_to_earlier,0.003246062284994127,0.0020638789619563253,0.0045728885390938735
discovery_macro,induction,rms,layer_11.head_09,layer_09.head_13,later_to_earlier,0.0013023158206892397,0.0009211356523169634,0.0017081960624642661
discovery_macro,induction,rms,layer_11.head_09,layer_10.head_02,later_to_earlier,0.003446743127393509,0.0023767937197769888,0.0045662626478332425
discovery_macro,induction,rms,layer_11.head_09,layer_10.head_12,later_to_earlier,-0.0057837041095220275,-0.009242412210078451,-0.00303646853255896
discovery_macro,induction,rms,layer_11.head_09,layer_11.head_08,within_layer,0.19471782868843612,0.17299934248506912,0.21661498095628773
discovery_macro,induction,rms,layer_11.head_09,layer_11.head_09,identity,0.05932406499335219,0.04984667795101013,0.07032068047716089
discovery_macro,induction,rms,layer_11.head_09,layer_11.head_14,within_layer,0.004313651905227982,0.0029767611236942975,0.0059644941617510725
discovery_macro,induction,rms,layer_11.head_09,layer_11.head_15,within_layer,0.005835011126471376,0.0037807432681862367,0.00839257814789674
discovery_macro,induction,rms,layer_11.head_09,layer_12.head_02,earlier_to_later,0.0013555272244685193,0.0006978218183990302,0.00210759636316684
discovery_macro,induction,rms,layer_11.head_09,layer_12.head_03,earlier_to_later,0.003936968299973664,0.002735557175020239,0.005447588886913385
discovery_macro,induction,rms,layer_11.head_09,layer_12.head_12,earlier_to_later,-0.0015979423657459051,-0.0030555627789724694,-0.00033343633527866973
discovery_macro,induction,rms,layer_11.head_14,layer_09.head_04,later_to_earlier,-0.000790703896330132,-0.00155452351232935,-0.00010488011460745207
discovery_macro,induction,rms,layer_11.head_14,layer_09.head_11,later_to_earlier,0.004601017698975489,0.002857706057607477,0.006748313967471428
discovery_macro,induction,rms,layer_11.head_14,layer_09.head_13,later_to_earlier,0.00031361954932425336,-9.656053944029793e-05,0.000796465654965508
discovery_macro,induction,rms,layer_11.head_14,layer_10.head_02,later_to_earlier,0.0027801399416528183,0.0019876254453133416,0.003644015623873085
discovery_macro,induction,rms,layer_11.head_14,layer_10.head_12,later_to_earlier,-0.00039950562270560234,-0.0019519955404801192,0.0008627711556089455
discovery_macro,induction,rms,layer_11.head_14,layer_11.head_08,within_layer,0.007863138445806913,0.005387947744894905,0.010552566210595624
discovery_macro,induction,rms,layer_11.head_14,layer_11.head_09,within_layer,0.00809815502578774,0.0058714812753796666,0.010466782853617278
discovery_macro,induction,rms,layer_11.head_14,layer_11.head_14,identity,0.008477874279980084,0.006930096489718455,0.010261620242294307
discovery_macro,induction,rms,layer_11.head_14,layer_11.head_15,within_layer,0.033430287162328494,0.027164770899981202,0.040873763937613695
discovery_macro,induction,rms,layer_11.head_14,layer_12.head_02,earlier_to_later,-0.003972486671453542,-0.0060891756119402255,-0.0024233062292986565
discovery_macro,induction,rms,layer_11.head_14,layer_12.head_03,earlier_to_later,0.0047350417659553935,0.003599291976151254,0.00606658724175023
discovery_macro,induction,rms,layer_11.head_14,layer_12.head_12,earlier_to_later,0.003649875691064822,0.0028274569658957548,0.004653065153779186
discovery_macro,induction,rms,layer_11.head_15,layer_09.head_04,later_to_earlier,-6.987617700291522e-05,-0.0009249098925003759,0.0008123563645978713
discovery_macro,induction,rms,layer_11.head_15,layer_09.head_11,later_to_earlier,0.005381559172423695,0.0032987560213192956,0.007999946557493793
discovery_macro,induction,rms,layer_11.head_15,layer_09.head_13,later_to_earlier,0.00026440358434220925,-0.00015697860659961646,0.00073975610455922
discovery_macro,induction,rms,layer_11.head_15,layer_10.head_02,later_to_earlier,0.0024407201830331624,0.0016335668355717463,0.003298861972561154
discovery_macro,induction,rms,layer_11.head_15,layer_10.head_12,later_to_earlier,-0.0021732497641977814,-0.0041250657108268685,-0.000684562045714448
discovery_macro,induction,rms,layer_11.head_15,layer_11.head_08,within_layer,0.00865260775756363,0.006123962542343966,0.01145614458248278
discovery_macro,induction,rms,layer_11.head_15,layer_11.head_09,within_layer,0.01073896873169419,0.008073722604640657,0.013664507191125998
discovery_macro,induction,rms,layer_11.head_15,layer_11.head_14,within_layer,0.008159448682515506,0.006544859892151275,0.009961914369417842
discovery_macro,induction,rms,layer_11.head_15,layer_11.head_15,identity,0.044404676962309216,0.03519178459257987,0.05531866970109862
discovery_macro,induction,rms,layer_11.head_15,layer_12.head_02,earlier_to_later,-0.0044253479108751805,-0.006397035361087295,-0.002832448886064269
discovery_macro,induction,rms,layer_11.head_15,layer_12.head_03,earlier_to_later,0.003962632135889625,0.0028753555228249452,0.005171219155867779
discovery_macro,induction,rms,layer_11.head_15,layer_12.head_12,earlier_to_later,0.0038294643189250312,0.0030068728494714197,0.004785198506704124
discovery_macro,induction,rms,layer_12.head_02,layer_09.head_04,later_to_earlier,-0.0003280487829770541,-0.002002003643125165,0.0009980334810202407
discovery_macro,induction,rms,layer_12.head_02,layer_09.head_11,later_to_earlier,-0.0008661910563280805,-0.001648567902199155,2.929921844787155e-05
discovery_macro,induction,rms,layer_12.head_02,layer_09.head_13,later_to_earlier,0.0015572132221194342,0.0010845899048883586,0.0021313728401759196
discovery_macro,induction,rms,layer_12.head_02,layer_10.head_02,later_to_earlier,0.0033794601300184248,0.0017781762031538024,0.005437909823280241
discovery_macro,induction,rms,layer_12.head_02,layer_10.head_12,later_to_earlier,0.00578036600848231,0.004262902408097718,0.007560049379544415
discovery_macro,induction,rms,layer_12.head_02,layer_11.head_08,later_to_earlier,0.014576079602072254,0.011123353216652792,0.01846525939648114
discovery_macro,induction,rms,layer_12.head_02,layer_11.head_09,later_to_earlier,0.004802621913527481,0.0028639541336046206,0.006763335520839392
discovery_macro,induction,rms,layer_12.head_02,layer_11.head_14,later_to_earlier,0.004923773770018481,0.0036433407412006943,0.0063338329963032155
discovery_macro,induction,rms,layer_12.head_02,layer_11.head_15,later_to_earlier,-7.932194952773978e-05,-0.0013944382942629467,0.0011056543166779067
discovery_macro,induction,rms,layer_12.head_02,layer_12.head_02,identity,0.010169441417106788,0.00858525510946812,0.011900927993229964
discovery_macro,induction,rms,layer_12.head_02,layer_12.head_03,within_layer,0.012464155225672725,0.010733594482394571,0.014293304967792499
discovery_macro,induction,rms,layer_12.head_02,layer_12.head_12,within_layer,0.0021151019213338533,0.0009498196360310981,0.003367650856910429
discovery_macro,induction,rms,layer_12.head_03,layer_09.head_04,later_to_earlier,4.852829144083104e-06,-0.0008358310994477782,0.000832234409287553
discovery_macro,induction,rms,layer_12.head_03,layer_09.head_11,later_to_earlier,-0.0019982530012426004,-0.002874496012015489,-0.0012241765401800387
discovery_macro,induction,rms,layer_12.head_03,layer_09.head_13,later_to_earlier,0.0015096884136563747,0.0009161754418742219,0.0022189314709253846
discovery_macro,induction,rms,layer_12.head_03,layer_10.head_02,later_to_earlier,0.0027628462260789327,0.0011389185604107177,0.005062504462308652
discovery_macro,induction,rms,layer_12.head_03,layer_10.head_12,later_to_earlier,0.007531294623050237,0.005374483620750744,0.010208356075623379
discovery_macro,induction,rms,layer_12.head_03,layer_11.head_08,later_to_earlier,0.017645816642362498,0.013354557311046083,0.022850945646184135
discovery_macro,induction,rms,layer_12.head_03,layer_11.head_09,later_to_earlier,0.006360351067702422,0.004400341925957781,0.008406838857972061
discovery_macro,induction,rms,layer_12.head_03,layer_11.head_14,later_to_earlier,0.004656919907074975,0.003311776233224128,0.006143302294840231
discovery_macro,induction,rms,layer_12.head_03,layer_11.head_15,later_to_earlier,-0.00036712894391724643,-0.0017988015308545151,0.0008997746895884532
discovery_macro,induction,rms,layer_12.head_03,layer_12.head_02,within_layer,0.010033314787048936,0.008419194088939526,0.011838987596304279
discovery_macro,induction,rms,layer_12.head_03,layer_12.head_03,identity,0.01320804173677776,0.011306859841262817,0.015314550338675549
discovery_macro,induction,rms,layer_12.head_03,layer_12.head_12,within_layer,0.001837008102095547,0.0007139945095536391,0.0030988764873445844
discovery_macro,induction,rms,layer_12.head_12,layer_09.head_04,later_to_earlier,0.0017132438739774145,0.0007785070609798681,0.002800693860450584
discovery_macro,induction,rms,layer_12.head_12,layer_09.head_11,later_to_earlier,0.0021779681347736325,0.0015885253235604438,0.0028406220203931708
discovery_macro,induction,rms,layer_12.head_12,layer_09.head_13,later_to_earlier,0.0011790566019909627,0.0008799629388711106,0.001514943554648636
discovery_macro,induction,rms,layer_12.head_12,layer_10.head_02,later_to_earlier,-3.854189648180674e-05,-0.0009374338734607214,0.0007638071939373297
discovery_macro,induction,rms,layer_12.head_12,layer_10.head_12,later_to_earlier,0.003973541034264205,0.0028431150896201835,0.005331491929467573
discovery_macro,induction,rms,layer_12.head_12,layer_11.head_08,later_to_earlier,0.013671891456050946,0.009774225552229553,0.017646985034512515
discovery_macro,induction,rms,layer_12.head_12,layer_11.head_09,later_to_earlier,0.00792824114684574,0.005869363211948406,0.01014547282234578
discovery_macro,induction,rms,layer_12.head_12,layer_11.head_14,later_to_earlier,0.0033219987573845765,0.0015518631533331447,0.005130470743138837
discovery_macro,induction,rms,layer_12.head_12,layer_11.head_15,later_to_earlier,0.0014943239708910736,0.000454327042597065,0.002596455783216894
discovery_macro,induction,rms,layer_12.head_12,layer_12.head_02,within_layer,0.0026520090772098573,0.0015574854563909322,0.004019324903661538
discovery_macro,induction,rms,layer_12.head_12,layer_12.head_03,within_layer,-0.0010260108595859102,-0.002228931423064745,0.0001360929634937096
discovery_macro,induction,rms,layer_12.head_12,layer_12.head_12,identity,0.013319643347195246,0.010406545364421212,0.017222250467418956
discovery_macro,induction,aligned,layer_09.head_04,layer_09.head_04,identity,0.025943082880153054,0.015582846864530304,0.039645658876490165
discovery_macro,induction,aligned,layer_09.head_04,layer_09.head_11,within_layer,0.0074749781126112755,0.004534586593527127,0.011279336124031461
discovery_macro,induction,aligned,layer_09.head_04,layer_09.head_13,within_layer,0.0015024792013971818,0.0008077385515460746,0.002571365858326593
discovery_macro,induction,aligned,layer_09.head_04,layer_10.head_02,earlier_to_later,0.003974306161136782,0.0025874439541146055,0.005585714198100099
discovery_macro,induction,aligned,layer_09.head_04,layer_10.head_12,earlier_to_later,0.0124218686467885,0.007377927299441344,0.019146792151368577
discovery_macro,induction,aligned,layer_09.head_04,layer_11.head_08,earlier_to_later,0.0014270306606492893,0.0010641119283694874,0.001867299103809656
discovery_macro,induction,aligned,layer_09.head_04,layer_11.head_09,earlier_to_later,0.004107390766580204,0.0027515514842925016,0.005716357568271171
discovery_macro,induction,aligned,layer_09.head_04,layer_11.head_14,earlier_to_later,0.0014797034248913762,0.0008268542782207039,0.0022612143666722
discovery_macro,induction,aligned,layer_09.head_04,layer_11.head_15,earlier_to_later,0.0019729283276195527,0.0010150903110493462,0.003097345574433746
discovery_macro,induction,aligned,layer_09.head_04,layer_12.head_02,earlier_to_later,0.00047339135850044123,0.00021765908393809187,0.0008244452829501424
discovery_macro,induction,aligned,layer_09.head_04,layer_12.head_03,earlier_to_later,0.00026314610391736155,0.000154606050332591,0.0003864817324072488
discovery_macro,induction,aligned,layer_09.head_04,layer_12.head_12,earlier_to_later,0.003153919817232549,0.0017088879571392766,0.005070511447697601
discovery_macro,induction,aligned,layer_09.head_11,layer_09.head_04,within_layer,0.008656035936246483,0.006637917807072004,0.01140154926683138
discovery_macro,induction,aligned,layer_09.head_11,layer_09.head_11,identity,0.014817003840633858,0.01183169875665408,0.01863373585912224
discovery_macro,induction,aligned,layer_09.head_11,layer_09.head_13,within_layer,0.002376630467938129,0.0016175603553152892,0.003292785977124895
discovery_macro,induction,aligned,layer_09.head_11,layer_10.head_02,earlier_to_later,0.011397111900109178,0.009026809887396426,0.014582017200673017
discovery_macro,induction,aligned,layer_09.head_11,layer_10.head_12,earlier_to_later,0.007829604187537257,0.005847891512341678,0.010602344940513327
discovery_macro,induction,aligned,layer_09.head_11,layer_11.head_08,earlier_to_later,0.004700612842591399,0.0036634603055005514,0.006082811402673666
discovery_macro,induction,aligned,layer_09.head_11,layer_11.head_09,earlier_to_later,0.008614194664523143,0.006853397260385007,0.011008635452613174
discovery_macro,induction,aligned,layer_09.head_11,layer_11.head_14,earlier_to_later,0.0029461133983862786,0.0021367706093369868,0.0040098616251512805
discovery_macro,induction,aligned,layer_09.head_11,layer_11.head_15,earlier_to_later,0.0021691726566849543,0.0013979190102632072,0.0031359802835431378
discovery_macro,induction,aligned,layer_09.head_11,layer_12.head_02,earlier_to_later,-0.0005920003722896471,-0.001173940663950002,-0.00011079390196688156
discovery_macro,induction,aligned,layer_09.head_11,layer_12.head_03,earlier_to_later,0.0016197572131112772,0.0013234255715484226,0.001973973682971578
discovery_macro,induction,aligned,layer_09.head_11,layer_12.head_12,earlier_to_later,0.0027177872046071213,0.001893904119185837,0.003577388653860048
discovery_macro,induction,aligned,layer_09.head_13,layer_09.head_04,within_layer,0.001119390345832527,0.0008447164488671197,0.0014402557419645693
discovery_macro,induction,aligned,layer_09.head_13,layer_09.head_11,within_layer,0.0012946786446197053,0.0009818851033723713,0.0016525279958603558
discovery_macro,induction,aligned,layer_09.head_13,layer_09.head_13,identity,0.0037695755028673023,0.002977928733831404,0.004653283231642309
discovery_macro,induction,aligned,layer_09.head_13,layer_10.head_02,earlier_to_later,0.0027435884863945123,0.002241063116981136,0.0032821304801996572
discovery_macro,induction,aligned,layer_09.head_13,layer_10.head_12,earlier_to_later,0.0008922040920954114,0.0006316897703095558,0.0012017122378633035
discovery_macro,induction,aligned,layer_09.head_13,layer_11.head_08,earlier_to_later,0.0006796373734199005,0.00036143010195600466,0.001071561849007484
discovery_macro,induction,aligned,layer_09.head_13,layer_11.head_09,earlier_to_later,0.0021298772269664696,0.001668012389429627,0.0026352543618082883
discovery_macro,induction,aligned,layer_09.head_13,layer_11.head_14,earlier_to_later,0.0014740064757033878,0.0009855264717543563,0.0020900726744396865
discovery_macro,induction,aligned,layer_09.head_13,layer_11.head_15,earlier_to_later,0.0010647931116471345,0.0006810127646377224,0.0015224403814847406
discovery_macro,induction,aligned,layer_09.head_13,layer_12.head_02,earlier_to_later,0.001175573262816033,0.0009321750925203353,0.0014275749228536702
discovery_macro,induction,aligned,layer_09.head_13,layer_12.head_03,earlier_to_later,0.00040751742152632435,0.00017152965482174543,0.0006557190275182668
discovery_macro,induction,aligned,layer_09.head_13,layer_12.head_12,earlier_to_later,0.00046415593803588416,0.000296427544133569,0.0006463275352397529
discovery_macro,induction,aligned,layer_10.head_02,layer_09.head_04,later_to_earlier,0.005707301508225279,0.004371164232253155,0.007528218834971314
discovery_macro,induction,aligned,layer_10.head_02,layer_09.head_11,later_to_earlier,0.007471007962973354,0.005827418244181745,0.009673796674762866
discovery_macro,induction,aligned,layer_10.head_02,layer_09.head_13,later_to_earlier,0.0036015506528981446,0.0027865607188870462,0.0046242322695947075
discovery_macro,induction,aligned,layer_10.head_02,layer_10.head_02,identity,0.023791666213531126,0.019715897251404397,0.028809012541180047
discovery_macro,induction,aligned,layer_10.head_02,layer_10.head_12,within_layer,0.006663176148128149,0.005124922390142894,0.008770101607527043
discovery_macro,induction,aligned,layer_10.head_02,layer_11.head_08,earlier_to_later,0.009417845752421597,0.007375122318655399,0.01198632473124213
discovery_macro,induction,aligned,layer_10.head_02,layer_11.head_09,earlier_to_later,0.011853099867433596,0.009746042050715116,0.014249806127629104
discovery_macro,induction,aligned,layer_10.head_02,layer_11.head_14,earlier_to_later,0.0037282195647697766,0.002955410465159963,0.004693094117045723
discovery_macro,induction,aligned,layer_10.head_02,layer_11.head_15,earlier_to_later,0.0036056650575179003,0.0028255351674425894,0.0044978535744626055
discovery_macro,induction,aligned,layer_10.head_02,layer_12.head_02,earlier_to_later,0.004147410149052675,0.003369103881937868,0.005107054512874394
discovery_macro,induction,aligned,layer_10.head_02,layer_12.head_03,earlier_to_later,0.0034226524725496496,0.0027272680821358603,0.00419780631979525
discovery_macro,induction,aligned,layer_10.head_02,layer_12.head_12,earlier_to_later,0.0020968402157787126,0.0013664678110854494,0.002873313136766121
discovery_macro,induction,aligned,layer_10.head_12,layer_09.head_04,later_to_earlier,0.009993206022068067,0.006342587399266206,0.015133140616006785
discovery_macro,induction,aligned,layer_10.head_12,layer_09.head_11,later_to_earlier,0.005115024426085494,0.00377565415066249,0.006826644446012446
discovery_macro,induction,aligned,layer_10.head_12,layer_09.head_13,later_to_earlier,0.002607225508821292,0.0016609725025640946,0.003773377378531235
discovery_macro,induction,aligned,layer_10.head_12,layer_10.head_02,within_layer,0.0024031168714028837,0.0017699242959728365,0.0031897293204830738
discovery_macro,induction,aligned,layer_10.head_12,layer_10.head_12,identity,0.15471563398669147,0.1404127781725605,0.1693810733096203
discovery_macro,induction,aligned,layer_10.head_12,layer_11.head_08,earlier_to_later,0.0075253897981312256,0.00550656006991822,0.010072629379923113
discovery_macro,induction,aligned,layer_10.head_12,layer_11.head_09,earlier_to_later,0.005071846843718825,0.003658296805592725,0.006772840466603323
discovery_macro,induction,aligned,layer_10.head_12,layer_11.head_14,earlier_to_later,0.00357879048490737,0.002283836443698192,0.0054352887012753025
discovery_macro,induction,aligned,layer_10.head_12,layer_11.head_15,earlier_to_later,0.0043997502864287,0.003075916580761125,0.006059696115288909
discovery_macro,induction,aligned,layer_10.head_12,layer_12.head_02,earlier_to_later,0.002819420521888304,0.00161127296816048,0.00459351559338041
discovery_macro,induction,aligned,layer_10.head_12,layer_12.head_03,earlier_to_later,0.0020986135507078574,0.0012573300679492411,0.0034342436419579864
discovery_macro,induction,aligned,layer_10.head_12,layer_12.head_12,earlier_to_later,0.006475650075518277,0.004120476203233791,0.009851176345418438
discovery_macro,induction,aligned,layer_11.head_08,layer_09.head_04,later_to_earlier,0.007045538883405877,0.005531698017817937,0.008804328018918057
discovery_macro,induction,aligned,layer_11.head_08,layer_09.head_11,later_to_earlier,0.010704036943850713,0.008555640879388595,0.013210697813479352
discovery_macro,induction,aligned,layer_11.head_08,layer_09.head_13,later_to_earlier,0.00308802734614312,0.0022637271425428635,0.004150155594358897
discovery_macro,induction,aligned,layer_11.head_08,layer_10.head_02,later_to_earlier,0.017344929293923943,0.014346847064510929,0.020769964642674544
discovery_macro,induction,aligned,layer_11.head_08,layer_10.head_12,later_to_earlier,0.02264912122984706,0.018469657838648155,0.027538893864299415
discovery_macro,induction,aligned,layer_11.head_08,layer_11.head_08,identity,0.23667796041787928,0.21043101816834658,0.26059446962902943
discovery_macro,induction,aligned,layer_11.head_08,layer_11.head_09,within_layer,0.05584612758885674,0.045555993493349524,0.06760355885486606
discovery_macro,induction,aligned,layer_11.head_08,layer_11.head_14,within_layer,0.04752310161766069,0.03734177755405047,0.05905617523575028
discovery_macro,induction,aligned,layer_11.head_08,layer_11.head_15,within_layer,0.03289704387583397,0.02493763799721389,0.04246568144625767
discovery_macro,induction,aligned,layer_11.head_08,layer_12.head_02,earlier_to_later,0.021884845460598247,0.018363323520146083,0.025974506568609224
discovery_macro,induction,aligned,layer_11.head_08,layer_12.head_03,earlier_to_later,0.016549437391755194,0.01391704802476234,0.019688446940984847
discovery_macro,induction,aligned,layer_11.head_08,layer_12.head_12,earlier_to_later,0.014930378212943886,0.012488839656453808,0.017759327212682707
discovery_macro,induction,aligned,layer_11.head_09,layer_09.head_04,later_to_earlier,0.0074343191271156114,0.005748024396235325,0.00949390140829708
discovery_macro,induction,aligned,layer_11.head_09,layer_09.head_11,later_to_earlier,0.009691543932935066,0.007666837852616136,0.012262639670630989
discovery_macro,induction,aligned,layer_11.head_09,layer_09.head_13,later_to_earlier,0.0036943713109992746,0.003007208088769129,0.004481358685077621
discovery_macro,induction,aligned,layer_11.head_09,layer_10.head_02,later_to_earlier,0.0147579100722393,0.01192414652025157,0.01823200806947114
discovery_macro,induction,aligned,layer_11.head_09,layer_10.head_12,later_to_earlier,0.011379352854395541,0.009073158304988132,0.01423882762925844
discovery_macro,induction,aligned,layer_11.head_09,layer_11.head_08,within_layer,0.017867511738660136,0.013580258022281138,0.023036171758787423
discovery_macro,induction,aligned,layer_11.head_09,layer_11.head_09,identity,0.059328576544776475,0.049856485596818295,0.07032659181266053
discovery_macro,induction,aligned,layer_11.head_09,layer_11.head_14,within_layer,0.0051636648353805045,0.003880308713539955,0.006658106953315519
discovery_macro,induction,aligned,layer_11.head_09,layer_11.head_15,within_layer,-0.0027307752975049534,-0.004559407211854034,-0.0011100647026718374
discovery_macro,induction,aligned,layer_11.head_09,layer_12.head_02,earlier_to_later,0.0016216341502322423,0.0010778624780541036,0.0022220347235223765
discovery_macro,induction,aligned,layer_11.head_09,layer_12.head_03,earlier_to_later,0.00795466424352314,0.00656368356421677,0.009549631236435076
discovery_macro,induction,aligned,layer_11.head_09,layer_12.head_12,earlier_to_later,0.004835173872840868,0.003920783693344584,0.005864802329569011
discovery_macro,induction,aligned,layer_11.head_14,layer_09.head_04,later_to_earlier,0.0009356430643867535,0.0005285306010341886,0.0014586630235155088
discovery_macro,induction,aligned,layer_11.head_14,layer_09.head_11,later_to_earlier,0.000626715312314091,0.00023342304489079775,0.0010418764092377498
discovery_macro,induction,aligned,layer_11.head_14,layer_09.head_13,later_to_earlier,0.0018698801043845069,0.0012469793398542292,0.0025674175327219263
discovery_macro,induction,aligned,layer_11.head_14,layer_10.head_02,later_to_earlier,0.0003280210729346726,-0.0003444273215371966,0.0009963028943465494
discovery_macro,induction,aligned,layer_11.head_14,layer_10.head_12,later_to_earlier,0.00015446482930321526,-0.00047147994261499644,0.0007898689453115138
discovery_macro,induction,aligned,layer_11.head_14,layer_11.head_08,within_layer,0.001607382170139995,0.0009464179122863545,0.002261765679166968
discovery_macro,induction,aligned,layer_11.head_14,layer_11.head_09,within_layer,0.004654133103318244,0.0037952852283827136,0.005696845713401788
discovery_macro,induction,aligned,layer_11.head_14,layer_11.head_14,identity,0.008477592010151549,0.006931901856882129,0.010261590297541234
discovery_macro,induction,aligned,layer_11.head_14,layer_11.head_15,within_layer,-0.00034943429920936955,-0.002398999113099049,0.0013236492965263034
discovery_macro,induction,aligned,layer_11.head_14,layer_12.head_02,earlier_to_later,0.001514755857457347,0.001280020929495906,0.0017659393863093552
discovery_macro,induction,aligned,layer_11.head_14,layer_12.head_03,earlier_to_later,0.0016822569385278366,0.0013186074675653838,0.002085716891472924
discovery_macro,induction,aligned,layer_11.head_14,layer_12.head_12,earlier_to_later,-0.0011388733619861929,-0.001647411597674837,-0.0006982305946916708
discovery_macro,induction,aligned,layer_11.head_15,layer_09.head_04,later_to_earlier,-4.18068410328661e-06,-0.0007135096323658782,0.0006312197414374227
discovery_macro,induction,aligned,layer_11.head_15,layer_09.head_11,later_to_earlier,0.0011624169143632877,0.0002738175453744228,0.002006906484669514
discovery_macro,induction,aligned,layer_11.head_15,layer_09.head_13,later_to_earlier,-0.0003975037334607806,-0.001083533683302847,0.00028102064758180425
discovery_macro,induction,aligned,layer_11.head_15,layer_10.head_02,later_to_earlier,0.0055757192914437075,0.004099060497847117,0.007311269584927215
discovery_macro,induction,aligned,layer_11.head_15,layer_10.head_12,later_to_earlier,0.005193971373959713,0.0038136049905275605,0.006780543922723216
discovery_macro,induction,aligned,layer_11.head_15,layer_11.head_08,within_layer,0.01658340169416882,0.012243199219086624,0.022026103418196216
discovery_macro,induction,aligned,layer_11.head_15,layer_11.head_09,within_layer,0.010031482393692497,0.007417981958471478,0.01305077521907954
discovery_macro,induction,aligned,layer_11.head_15,layer_11.head_14,within_layer,0.019465721730538028,0.015041940167960875,0.024872766669756366
discovery_macro,induction,aligned,layer_11.head_15,layer_11.head_15,identity,0.04440245828581587,0.03519303867959618,0.05531723369161648
discovery_macro,induction,aligned,layer_11.head_15,layer_12.head_02,earlier_to_later,0.002570727665533557,0.0020023499287904513,0.003264941625586186
discovery_macro,induction,aligned,layer_11.head_15,layer_12.head_03,earlier_to_later,0.001244737637168513,0.0006304480888150734,0.0019073911101894884
discovery_macro,induction,aligned,layer_11.head_15,layer_12.head_12,earlier_to_later,0.0030084307875508894,0.0023020061680330034,0.003845214024277555
discovery_macro,induction,aligned,layer_12.head_02,layer_09.head_04,later_to_earlier,0.001012270715326589,0.0007252481684288795,0.0013484664013087345
discovery_macro,induction,aligned,layer_12.head_02,layer_09.head_11,later_to_earlier,-0.00024370750648052073,-0.000562956180903509,4.3564007938707036e-05
discovery_macro,induction,aligned,layer_12.head_02,layer_09.head_13,later_to_earlier,0.0022638965350392577,0.0017795967129270926,0.0028234598058484717
discovery_macro,induction,aligned,layer_12.head_02,layer_10.head_02,later_to_earlier,0.0028472274795885186,0.00212836615978182,0.00370794115986724
discovery_macro,induction,aligned,layer_12.head_02,layer_10.head_12,later_to_earlier,0.0007668707351983718,0.00047326146857406664,0.0010379284300168776
discovery_macro,induction,aligned,layer_12.head_02,layer_11.head_08,later_to_earlier,0.0026607351472548993,0.001008793652860905,0.004449620069039521
discovery_macro,induction,aligned,layer_12.head_02,layer_11.head_09,later_to_earlier,0.00015220295658296902,-0.0006276400057810709,0.0008749228731321347
discovery_macro,induction,aligned,layer_12.head_02,layer_11.head_14,later_to_earlier,0.002044023047061659,0.0013815461993752771,0.0027807423805911126
discovery_macro,induction,aligned,layer_12.head_02,layer_11.head_15,later_to_earlier,0.0012781282460546627,0.0008258409440151507,0.001784953680647851
discovery_macro,induction,aligned,layer_12.head_02,layer_12.head_02,identity,0.010169441417106788,0.00858525510946812,0.011900927993229964
discovery_macro,induction,aligned,layer_12.head_02,layer_12.head_03,within_layer,0.002170095098116131,0.001753772949131073,0.002649277351684226
discovery_macro,induction,aligned,layer_12.head_02,layer_12.head_12,within_layer,0.0008680964396312627,0.0006750224835685321,0.0010862665695998708
discovery_macro,induction,aligned,layer_12.head_03,layer_09.head_04,later_to_earlier,0.00318186181192554,0.0023612377816802084,0.004232780296340738
discovery_macro,induction,aligned,layer_12.head_03,layer_09.head_11,later_to_earlier,0.004840996952682382,0.003799335321002705,0.0061958470152580795
discovery_macro,induction,aligned,layer_12.head_03,layer_09.head_13,later_to_earlier,0.0003590914829003414,0.000143178212058134,0.0005825111890484467
discovery_macro,induction,aligned,layer_12.head_03,layer_10.head_02,later_to_earlier,0.005599115517269063,0.004361398867442473,0.007156731875386066
discovery_macro,induction,aligned,layer_12.head_03,layer_10.head_12,later_to_earlier,0.003902002533341627,0.0030912541916762386,0.004814422078641163
discovery_macro,induction,aligned,layer_12.head_03,layer_11.head_08,later_to_earlier,0.008520164593078014,0.006693445662774015,0.010953574190413538
discovery_macro,induction,aligned,layer_12.head_03,layer_11.head_09,later_to_earlier,0.011599365443422856,0.009617295790273863,0.013962928592625386
discovery_macro,induction,aligned,layer_12.head_03,layer_11.head_14,later_to_earlier,0.0035623495778197827,0.0027566051828848146,0.004518035811694145
discovery_macro,induction,aligned,layer_12.head_03,layer_11.head_15,later_to_earlier,0.0012056077276741532,0.0003166533171932531,0.0020654671556327446
discovery_macro,induction,aligned,layer_12.head_03,layer_12.head_02,within_layer,0.0028507776281867852,0.0021661919604615706,0.003631237615285101
discovery_macro,induction,aligned,layer_12.head_03,layer_12.head_03,identity,0.013207547724811627,0.011306449556557482,0.015314525378174718
discovery_macro,induction,aligned,layer_12.head_03,layer_12.head_12,within_layer,0.004540073637483904,0.0038186095659060683,0.005324184928097751
discovery_macro,induction,aligned,layer_12.head_12,layer_09.head_04,later_to_earlier,0.0024898599991477134,0.001914004208567421,0.0032120755558768706
discovery_macro,induction,aligned,layer_12.head_12,layer_09.head_11,later_to_earlier,0.0028065647703106955,0.0021573794236103144,0.003535289339170998
discovery_macro,induction,aligned,layer_12.head_12,layer_09.head_13,later_to_earlier,0.0006533385545585371,0.00040564022446950453,0.0009360980025349309
discovery_macro,induction,aligned,layer_12.head_12,layer_10.head_02,later_to_earlier,0.002814435400545801,0.002243107457362092,0.0034618733989569273
discovery_macro,induction,aligned,layer_12.head_12,layer_10.head_12,later_to_earlier,0.005593308715392794,0.004382107329709353,0.007140580800558593
discovery_macro,induction,aligned,layer_12.head_12,layer_11.head_08,later_to_earlier,0.00628409299275187,0.005068269944247509,0.0076914848218007145
discovery_macro,induction,aligned,layer_12.head_12,layer_11.head_09,later_to_earlier,0.008542804358371103,0.006952537947363195,0.010328508356992486
discovery_macro,induction,aligned,layer_12.head_12,layer_11.head_14,later_to_earlier,0.0016631602459844955,0.0011242088250199601,0.002283624328086715
discovery_macro,induction,aligned,layer_12.head_12,layer_11.head_15,later_to_earlier,0.002436857074222246,0.001710830423407419,0.0032677413653502503
discovery_macro,induction,aligned,layer_12.head_12,layer_12.head_02,within_layer,0.0003637900177226939,6.943461765847939e-05,0.0006610869710082629
discovery_macro,induction,aligned,layer_12.head_12,layer_12.head_03,within_layer,0.0042452889574043804,0.0033249213893424044,0.005406058382232808
discovery_macro,induction,aligned,layer_12.head_12,layer_12.head_12,identity,0.013319486407502764,0.010406229340057126,0.017222094531854942
