split_role,concept,mapping_id,mapping_class,direction,estimate,ci_low,ci_high
development,HTML,within_15001,within_layer,induction,0.13866493618206788,0.1026262246131591,0.17364321722271148
development,HTML,within_15001,within_layer,rescue,0.38169488351758024,0.3559926991845571,0.4064263126935713
development,HTML,within_15002,within_layer,induction,0.14681775131900324,0.1129598551837643,0.179951376139175
development,HTML,within_15002,within_layer,rescue,0.433575338188234,0.4117635102943649,0.45509592904171586
development,HTML,within_15003,within_layer,induction,0.13503354951565388,0.10641930495742817,0.163082347108924
development,HTML,within_15003,within_layer,rescue,0.4269617159293729,0.40384093649452696,0.450175996161866
development,HTML,within_15004,within_layer,induction,0.36465820521087644,0.2986826463264731,0.42970877874289304
development,HTML,within_15004,within_layer,rescue,0.7821231341051351,0.7484914588366831,0.8100552251587696
development,HTML,within_15005,within_layer,induction,0.10039336095965105,0.07959971860224524,0.12153403012859594
development,HTML,within_15005,within_layer,rescue,0.29854401521938795,0.2773453830186331,0.32000881520685504
development,HTML,within_15006,within_layer,induction,0.08902130168430558,0.06848912988640748,0.10866796167943565
development,HTML,within_15006,within_layer,rescue,0.27824663122754345,0.25541823306912814,0.302349887398569
development,HTML,within_15007,within_layer,induction,0.013007137895907647,0.0063295727559209815,0.01903093828088964
development,HTML,within_15007,within_layer,rescue,0.028633587259378254,0.01998130995820017,0.03721302698098523
development,HTML,within_15008,within_layer,induction,0.06470945379800516,0.05089375573736715,0.07787475325261227
development,HTML,within_15008,within_layer,rescue,0.2148958938151474,0.18535880115917394,0.24442362787209698
development,HTML,within_15009,within_layer,induction,0.005001695518398923,-0.00346903587716364,0.011416742022003672
development,HTML,within_15009,within_layer,rescue,-0.022017081907855725,-0.03531956335878593,-0.010700863214723907
development,HTML,within_15010,within_layer,induction,0.01290326843564869,0.0050512263688576465,0.019597592206585097
development,HTML,within_15010,within_layer,rescue,0.030978412981166926,0.022492011431933603,0.03909178324271009
development,HTML,within_15011,within_layer,induction,0.01774463455516722,0.00944209363030069,0.025326006922802884
development,HTML,within_15011,within_layer,rescue,0.030956197092066467,0.02280777435491591,0.03903794799039269
development,HTML,within_15012,within_layer,induction,0.017603986507961675,0.00885561779872485,0.02543154449198236
development,HTML,within_15012,within_layer,rescue,0.03521412080913354,0.02649555676992244,0.0440188042242789
development,HTML,within_15013,within_layer,induction,0.0016979327448880615,-0.00635449214342425,0.007714430754342486
development,HTML,within_15013,within_layer,rescue,-0.027865620917025657,-0.04220877448873508,-0.014501802418209676
development,HTML,within_15014,within_layer,induction,0.09952778412735075,0.07920798897691235,0.11976412106552688
development,HTML,within_15014,within_layer,rescue,0.3621663342513913,0.33144448865296855,0.3921243040367759
development,HTML,within_15015,within_layer,induction,0.28200140194023965,0.2359052448886511,0.3274139098603752
development,HTML,within_15015,within_layer,rescue,0.7528534545739852,0.7141952609754801,0.7899345229234476
development,HTML,within_15016,within_layer,induction,0.09934183591864139,0.0747760036085496,0.12310750927618085
development,HTML,within_15016,within_layer,rescue,0.27405296487010483,0.2550947943118115,0.29472913495968805
development,HTML,within_15017,within_layer,induction,0.34232771355272795,0.28464706759963787,0.4002408024548616
development,HTML,within_15017,within_layer,rescue,0.7878004558714866,0.75380483998478,0.8167884487345399
development,HTML,within_15018,within_layer,induction,0.0017533109603640098,-0.00684878423115689,0.008193270445180798
development,HTML,within_15018,within_layer,rescue,-0.022412292463846233,-0.03568795457533771,-0.010545515983492638
development,HTML,within_15019,within_layer,induction,0.012937510982776412,0.00545367000138271,0.01938657701331781
development,HTML,within_15019,within_layer,rescue,0.026533867983211074,0.017802808406673743,0.03479691122163674
development,HTML,within_15020,within_layer,induction,0.10998265034763705,0.08525087027670714,0.13441310918688587
development,HTML,within_15020,within_layer,rescue,0.3088269745983506,0.2902932150532187,0.32808203873990666
development,HTML,within_15021,within_layer,induction,0.07040496053234697,0.05625781124254838,0.08534454800038675
development,HTML,within_15021,within_layer,rescue,0.24522458331051636,0.2166881374896635,0.2737679276650456
development,HTML,within_15022,within_layer,induction,0.09744034691606462,0.07507896998334075,0.11936245989499314
development,HTML,within_15022,within_layer,rescue,0.3247592962051405,0.2931654020827922,0.35549490976573994
development,HTML,within_15023,within_layer,induction,0.005001683499252862,-0.0039885559158541126,0.011836256537617646
development,HTML,within_15023,within_layer,rescue,-0.016862224908808524,-0.029847382927282756,-0.006440667733634801
development,HTML,within_15024,within_layer,induction,0.005028702539597937,-0.003007319749209796,0.011292577306441289
development,HTML,within_15024,within_layer,rescue,-0.015108892914938906,-0.027502757527711405,-0.004944540985632896
development,HTML,within_15025,within_layer,induction,0.0017047175528394827,-0.007593300379253574,0.008605879573217448
development,HTML,within_15025,within_layer,rescue,-0.02502655589006358,-0.03869248031064431,-0.01312893721314145
development,HTML,within_15026,within_layer,induction,0.10788089232381927,0.08334877471348084,0.13215544440760155
development,HTML,within_15026,within_layer,rescue,0.37243756895337143,0.344083863851427,0.3995236720650531
development,HTML,within_15027,within_layer,induction,0.07245196533628397,0.05526552877521932,0.08906077156271329
development,HTML,within_15027,within_layer,rescue,0.21558821766176525,0.19014090415046814,0.24042809027180936
development,HTML,within_15028,within_layer,induction,0.01781123865306412,0.010296509085192782,0.024910996583645557
development,HTML,within_15028,within_layer,rescue,0.03225753106959398,0.024377096903905483,0.040221951493523214
development,HTML,within_15029,within_layer,induction,0.12546144750653507,0.09513718604808964,0.15492617139100678
development,HTML,within_15029,within_layer,rescue,0.3910694658851195,0.3636862132344272,0.4179265414027453
development,HTML,within_15030,within_layer,induction,0.10763200585676161,0.08040028518970918,0.134392811691634
development,HTML,within_15030,within_layer,rescue,0.3201906805671837,0.29144165843611997,0.34755828225655794
development,HTML,within_15031,within_layer,induction,0.01296666342154731,0.0058903756264464075,0.0193198521301879
development,HTML,within_15031,within_layer,rescue,0.03327187938944379,0.025131778931036273,0.041176824929698194
development,HTML,within_15032,within_layer,induction,0.0016696456846335538,-0.00719964358500098,0.008223878755582115
development,HTML,within_15032,within_layer,rescue,-0.030257486571710474,-0.04469561518699113,-0.01709753229118308
development,HTML,cross_15101,cross_layer,induction,0.015654024289321,0.010052726030292568,0.021142719977899443
development,HTML,cross_15101,cross_layer,rescue,0.23836197843142906,0.22129889785186355,0.25565248007747765
development,HTML,cross_15102,cross_layer,induction,0.03532912600821799,0.02288339043324795,0.05082333857515043
development,HTML,cross_15102,cross_layer,rescue,0.23752502219068644,0.2253519566331406,0.25026904056679916
development,HTML,cross_15103,cross_layer,induction,0.015960879097830758,0.007789103329030928,0.027569773691827584
development,HTML,cross_15103,cross_layer,rescue,0.12518636080345774,0.11403283801975794,0.13784412733920767
development,HTML,cross_15104,cross_layer,induction,0.024731310074255473,0.016699559544433144,0.034603227207273476
development,HTML,cross_15104,cross_layer,rescue,0.14926649758242164,0.1340136218290352,0.16568513209662594
development,HTML,cross_15105,cross_layer,induction,0.04587990501407088,0.03247665469845664,0.05965695456690077
development,HTML,cross_15105,cross_layer,rescue,0.29823908647903447,0.2834175251475268,0.3136150716054015
development,HTML,cross_15106,cross_layer,induction,0.04988679985129492,0.03317379968351984,0.06971545134605545
development,HTML,cross_15106,cross_layer,rescue,0.20074908246101889,0.18658110555332924,0.21934952012014458
development,HTML,cross_15107,cross_layer,induction,0.0145707566835643,0.00948690609561396,0.019906877831376273
development,HTML,cross_15107,cross_layer,rescue,0.08624149705699716,0.08014166458290363,0.09312859640247334
development,HTML,cross_15108,cross_layer,induction,0.029072733803794663,0.01948537133549117,0.03944155221935356
development,HTML,cross_15108,cross_layer,rescue,0.20405769796475187,0.19379660091780593,0.2143744473546702
development,HTML,cross_15109,cross_layer,induction,0.0139612477580931,0.007908233259677825,0.019871496799874464
development,HTML,cross_15109,cross_layer,rescue,0.10950145331833305,0.10132030621136415,0.1195741972267023
development,HTML,cross_15110,cross_layer,induction,0.02676207701186409,0.01676069130591758,0.03984572467071926
development,HTML,cross_15110,cross_layer,rescue,0.19685127038865777,0.18187789180801395,0.21506821862299424
development,HTML,cross_15111,cross_layer,induction,0.057970036151683314,0.04013144776138113,0.07829022135177889
development,HTML,cross_15111,cross_layer,rescue,0.17379469310260615,0.16152839113668865,0.18842668315272262
development,HTML,cross_15112,cross_layer,induction,0.01132083968440661,0.006911826228956294,0.01622037503074117
development,HTML,cross_15112,cross_layer,rescue,0.10863540172976335,0.09591594658118595,0.12222956691750142
development,HTML,cross_15113,cross_layer,induction,0.024427862693654004,0.013874850236089375,0.039694539769134334
development,HTML,cross_15113,cross_layer,rescue,0.09136641586559972,0.07287001957844348,0.11368318607594938
development,HTML,cross_15114,cross_layer,induction,0.06714764574878875,0.04718975351920514,0.08918526578760719
development,HTML,cross_15114,cross_layer,rescue,0.2127493464435334,0.19408716001167228,0.23529402702058005
development,HTML,cross_15115,cross_layer,induction,0.044823325922142575,0.030158350752444954,0.06136193893939721
development,HTML,cross_15115,cross_layer,rescue,0.2122594851123127,0.1972112041075947,0.2304467737428986
development,HTML,cross_15116,cross_layer,induction,0.029641696140029157,0.019670650009825714,0.04060581369598227
development,HTML,cross_15116,cross_layer,rescue,0.1790543495433388,0.16689707503611667,0.1920172552177582
development,HTML,cross_15117,cross_layer,induction,0.04161659371478198,0.026201417588033418,0.062126171875691555
development,HTML,cross_15117,cross_layer,rescue,0.27901958251072484,0.2581395092554358,0.3022048253061323
development,HTML,cross_15118,cross_layer,induction,0.032496567846454674,0.022528335477744278,0.04457280938885248
development,HTML,cross_15118,cross_layer,rescue,0.1671444665344163,0.15370603456114715,0.18319622255120402
development,HTML,cross_15119,cross_layer,induction,0.029621353735320956,0.01959145626356568,0.04241895105712485
development,HTML,cross_15119,cross_layer,rescue,0.2171010194998761,0.20010635021273349,0.2363227060237905
development,HTML,cross_15120,cross_layer,induction,0.04614358704992961,0.029745459081031714,0.06602063989061302
development,HTML,cross_15120,cross_layer,rescue,0.29690454360094043,0.28575883050151163,0.30930898115047833
development,HTML,cross_15121,cross_layer,induction,0.03911095031630418,0.028320713928568088,0.05221392011840894
development,HTML,cross_15121,cross_layer,rescue,0.13530976301367442,0.11489882204558326,0.15623024332871358
development,HTML,cross_15122,cross_layer,induction,0.048840851694057545,0.03290501188112202,0.06768823059870346
development,HTML,cross_15122,cross_layer,rescue,0.28300175396450145,0.2647638015118038,0.30244165516952703
development,HTML,cross_15123,cross_layer,induction,0.018513295003204838,0.010731949527946198,0.026106853387059148
development,HTML,cross_15123,cross_layer,rescue,0.18770894299481433,0.1738991252300202,0.20063650647727033
development,HTML,cross_15124,cross_layer,induction,0.03873909596589667,0.025971292723858848,0.05353280764742315
development,HTML,cross_15124,cross_layer,rescue,0.24798540219422824,0.23226131760067953,0.2643893660109112
development,HTML,cross_15125,cross_layer,induction,0.044356916949673364,0.030955585697343108,0.06031158067056346
development,HTML,cross_15125,cross_layer,rescue,0.2385048139632177,0.22086333319027485,0.25985544644993525
development,HTML,cross_15126,cross_layer,induction,0.030669525434579608,0.021013058074370573,0.041595687569474286
development,HTML,cross_15126,cross_layer,rescue,0.18313107261439057,0.17025550992308794,0.19792650595106223
development,HTML,cross_15127,cross_layer,induction,0.03226543365812907,0.0221401350518061,0.0440771572301306
development,HTML,cross_15127,cross_layer,rescue,0.12916370356530435,0.11984165741962735,0.1401908924238065
development,HTML,cross_15128,cross_layer,induction,0.01185943564811805,0.007144162239188778,0.018482947595080807
development,HTML,cross_15128,cross_layer,rescue,0.09953653256328988,0.08600363001004038,0.11507373485731948
development,HTML,cross_15129,cross_layer,induction,0.03378395660976494,0.020543795197800835,0.05102923891197983
development,HTML,cross_15129,cross_layer,rescue,0.14691076298318936,0.12830890484454124,0.16877651466856
development,HTML,cross_15130,cross_layer,induction,0.04100818454117536,0.02651849406845821,0.05989847555633412
development,HTML,cross_15130,cross_layer,rescue,0.1986872580499887,0.17940141684700792,0.21982466824456684
development,HTML,cross_15131,cross_layer,induction,0.07375307996439587,0.0522166808764049,0.09772064649970597
development,HTML,cross_15131,cross_layer,rescue,0.29016969323012176,0.27439247378962495,0.30941609758334343
development,HTML,cross_15132,cross_layer,induction,0.057935745527971344,0.039000832345681406,0.079969479607848
development,HTML,cross_15132,cross_layer,rescue,0.11090835145571412,0.0987147909036778,0.12619606684449203
development,biology-focused,within_15001,within_layer,induction,0.1645816716465788,0.13737878854668,0.19225112558509652
development,biology-focused,within_15001,within_layer,rescue,0.2717215547771201,0.24977665639999586,0.2932360016012716
development,biology-focused,within_15002,within_layer,induction,0.08805846695467168,0.07215447558723699,0.10453396625312857
development,biology-focused,within_15002,within_layer,rescue,0.1727263959426905,0.15311110432433614,0.1932010390720496
development,biology-focused,within_15003,within_layer,induction,0.09333489008609268,0.07677983289103676,0.11001722402850743
development,biology-focused,within_15003,within_layer,rescue,0.2036321225330502,0.1845700306897753,0.22301509885231585
development,biology-focused,within_15004,within_layer,induction,0.2847986082019615,0.25368292050830976,0.3158325932632348
development,biology-focused,within_15004,within_layer,rescue,0.5094595572171767,0.47486151644624497,0.5454762596126733
development,biology-focused,within_15005,within_layer,induction,0.08714048728998552,0.07198756495623626,0.10259824630510134
development,biology-focused,within_15005,within_layer,rescue,0.19291813158759732,0.17084475171493946,0.2152401695103928
development,biology-focused,within_15006,within_layer,induction,0.14987432581366375,0.12517112402892103,0.17543203557331782
development,biology-focused,within_15006,within_layer,rescue,0.2928546433945291,0.2691344078791035,0.3171365996300808
development,biology-focused,within_15007,within_layer,induction,0.046489913678212653,0.03545333277282743,0.05843653868654155
development,biology-focused,within_15007,within_layer,rescue,0.09939401151731408,0.08718199346254622,0.11291392846406785
development,biology-focused,within_15008,within_layer,induction,0.17165675062398558,0.1423011865554912,0.2017459757110261
development,biology-focused,within_15008,within_layer,rescue,0.3468518376355691,0.32287287848885815,0.37106804724056225
development,biology-focused,within_15009,within_layer,induction,0.05003406527395973,0.037439154961154734,0.06390398063201437
development,biology-focused,within_15009,within_layer,rescue,0.09212729151777012,0.07775280475184558,0.10830913220280057
development,biology-focused,within_15010,within_layer,induction,0.03845425803815462,0.02922908456678468,0.04870895334311598
development,biology-focused,within_15010,within_layer,rescue,0.08869590949141115,0.07589669159685324,0.1034132621013404
development,biology-focused,within_15011,within_layer,induction,0.038990707400280496,0.029550343162851288,0.049484261438654226
development,biology-focused,within_15011,within_layer,rescue,0.06003045714071581,0.04758069731875219,0.07467117120097296
development,biology-focused,within_15012,within_layer,induction,0.03732892193078992,0.0281005841553673,0.04760554506510955
development,biology-focused,within_15012,within_layer,rescue,0.05817341708353034,0.04542141551091206,0.0731697929368266
development,biology-focused,within_15013,within_layer,induction,0.057840563423504264,0.04351954250838072,0.07307063233259535
development,biology-focused,within_15013,within_layer,rescue,0.13284191857041563,0.11666352866656798,0.14942449956917792
development,biology-focused,within_15014,within_layer,induction,0.11321551209501912,0.09176103671800045,0.13513421558352032
development,biology-focused,within_15014,within_layer,rescue,0.2235508951791429,0.2077628565963618,0.23984024402343793
development,biology-focused,within_15015,within_layer,induction,0.3410637527658943,0.3038722054952065,0.3781757932876467
development,biology-focused,within_15015,within_layer,rescue,0.5834940107651659,0.557371885789106,0.6108472189275999
development,biology-focused,within_15016,within_layer,induction,0.14626488115654143,0.12202476662990562,0.1716876186905106
development,biology-focused,within_15016,within_layer,rescue,0.24933748805306766,0.22618986591007365,0.2730364420143618
development,biology-focused,within_15017,within_layer,induction,0.2990525065984485,0.2671005349404044,0.33070818489707454
development,biology-focused,within_15017,within_layer,rescue,0.5432961594836199,0.5088906720153482,0.5783127710334649
development,biology-focused,within_15018,within_layer,induction,0.055660066173287656,0.041735192000059394,0.07054941508939568
development,biology-focused,within_15018,within_layer,rescue,0.13146494428720687,0.11492516660467708,0.14824740844459333
development,biology-focused,within_15019,within_layer,induction,0.04005550790873932,0.030590164530506093,0.050447501921799344
development,biology-focused,within_15019,within_layer,rescue,0.09023201586873145,0.07780697563424714,0.10458994487312029
development,biology-focused,within_15020,within_layer,induction,0.08430488650050233,0.06945980198176527,0.10002906252748175
development,biology-focused,within_15020,within_layer,rescue,0.15946471205220292,0.13797874242240452,0.18206041450399962
development,biology-focused,within_15021,within_layer,induction,0.10672535690618655,0.08687360491622513,0.12707558043408151
development,biology-focused,within_15021,within_layer,rescue,0.22797137471207152,0.2064132931326544,0.2505457364138225
development,biology-focused,within_15022,within_layer,induction,0.19453091256125477,0.16207219365400521,0.2273500083362373
development,biology-focused,within_15022,within_layer,rescue,0.356772896232806,0.33717572213495295,0.3760860738986296
development,biology-focused,within_15023,within_layer,induction,0.047884754769669025,0.03571802514808771,0.06132224682252879
development,biology-focused,within_15023,within_layer,rescue,0.0903225117550544,0.07557909665295189,0.10674823154519715
development,biology-focused,within_15024,within_layer,induction,0.0539283450482616,0.04027694712267489,0.06872663419642351
development,biology-focused,within_15024,within_layer,rescue,0.10404643290070745,0.08849800697545389,0.12048373628992513
development,biology-focused,within_15025,within_layer,induction,0.049450285382297156,0.03702229047488884,0.06296244067873898
development,biology-focused,within_15025,within_layer,rescue,0.11780168916385235,0.10211144010474045,0.13438566408911498
development,biology-focused,within_15026,within_layer,induction,0.10670290972411281,0.08607126607775986,0.12820814353991442
development,biology-focused,within_15026,within_layer,rescue,0.19596461743062982,0.17988967031080744,0.21343452058673676
development,biology-focused,within_15027,within_layer,induction,0.1671272395278948,0.13817175698769227,0.19733453303253326
development,biology-focused,within_15027,within_layer,rescue,0.3078098104250998,0.2838264333298689,0.33153475776497143
development,biology-focused,within_15028,within_layer,induction,0.04534430810046793,0.0344969506448653,0.05735719399620307
development,biology-focused,within_15028,within_layer,rescue,0.06904643961332427,0.05671708985833486,0.08311434335490005
development,biology-focused,within_15029,within_layer,induction,0.17282196996551244,0.14468528913866885,0.20131867027154524
development,biology-focused,within_15029,within_layer,rescue,0.3114016491207598,0.2904371322891834,0.33183759265388074
development,biology-focused,within_15030,within_layer,induction,0.18506991829366917,0.15338060997412709,0.21738352651713377
development,biology-focused,within_15030,within_layer,rescue,0.32187348211550565,0.30199362501119176,0.34152948191764954
development,biology-focused,within_15031,within_layer,induction,0.0447634477783288,0.033985467662020374,0.05653857426698283
development,biology-focused,within_15031,within_layer,rescue,0.09774180199655144,0.08520665472827187,0.11154189875913044
development,biology-focused,within_15032,within_layer,induction,0.051492433326538634,0.03871961745153031,0.0654194158351155
development,biology-focused,within_15032,within_layer,rescue,0.11919046616582313,0.10386538271211028,0.1355422617065654
development,biology-focused,cross_15101,cross_layer,induction,0.0019935490771249113,-0.0011769102175353088,0.0048761475945519606
development,biology-focused,cross_15101,cross_layer,rescue,-0.08634836021647824,-0.09463432990470054,-0.07817634987583194
development,biology-focused,cross_15102,cross_layer,induction,0.017454976642331026,0.012259870861967061,0.02285141628907033
development,biology-focused,cross_15102,cross_layer,rescue,0.020529118227328898,0.014482102631755884,0.027644064508233743
development,biology-focused,cross_15103,cross_layer,induction,0.03433345795826946,0.025784169060834073,0.043687559135416575
development,biology-focused,cross_15103,cross_layer,rescue,0.05889098864169476,0.048653014866660335,0.06933080698335103
development,biology-focused,cross_15104,cross_layer,induction,0.009784607011451986,0.007207550554076561,0.012567405514016456
development,biology-focused,cross_15104,cross_layer,rescue,-0.01495017265221375,-0.019949478992150584,-0.010326289947743494
development,biology-focused,cross_15105,cross_layer,induction,-0.004092073430246242,-0.008428840644555449,-0.00040108420359043895
development,biology-focused,cross_15105,cross_layer,rescue,-0.043022746583928365,-0.05266242457473131,-0.0344740606763323
development,biology-focused,cross_15106,cross_layer,induction,0.018752351973499653,0.01378873722636541,0.023985442359273298
development,biology-focused,cross_15106,cross_layer,rescue,-0.0590919740811243,-0.06910400776493657,-0.05006407104102733
development,biology-focused,cross_15107,cross_layer,induction,0.031241911431350237,0.022850484899193682,0.04067689776907489
development,biology-focused,cross_15107,cross_layer,rescue,0.04964307867716018,0.04113837034978979,0.058257026474486474
development,biology-focused,cross_15108,cross_layer,induction,0.01946449720060307,0.014823188914462894,0.024556436222644685
development,biology-focused,cross_15108,cross_layer,rescue,0.06723486227910744,0.05588815671426801,0.07929071298853986
development,biology-focused,cross_15109,cross_layer,induction,0.02238607691946207,0.016650326912435825,0.028655336127321455
development,biology-focused,cross_15109,cross_layer,rescue,-0.006693994986089244,-0.014136126599159936,0.00046747707731524085
development,biology-focused,cross_15110,cross_layer,induction,0.011928226748261743,0.00899330971933862,0.015046217165331463
development,biology-focused,cross_15110,cross_layer,rescue,0.020090620422714756,0.01404822279601123,0.02708520681154541
development,biology-focused,cross_15111,cross_layer,induction,0.03134632193816015,0.021896699394170254,0.042178474146080704
development,biology-focused,cross_15111,cross_layer,rescue,-0.016364365464122066,-0.02386251457762675,-0.009065990551158046
development,biology-focused,cross_15112,cross_layer,induction,0.010090865068282282,0.005921980445095465,0.014318655283705291
development,biology-focused,cross_15112,cross_layer,rescue,-0.03339139782773928,-0.040707280782319576,-0.02568401991730518
development,biology-focused,cross_15113,cross_layer,induction,0.030803076201078056,0.02509308169495716,0.03710918720612292
development,biology-focused,cross_15113,cross_layer,rescue,-0.06334288824680216,-0.07347871178408669,-0.0531357282763937
development,biology-focused,cross_15114,cross_layer,induction,-4.785700928683716e-05,-0.003653148817113121,0.0032614303911731478
development,biology-focused,cross_15114,cross_layer,rescue,-0.09585562786619316,-0.10741644565993103,-0.08522217065050139
development,biology-focused,cross_15115,cross_layer,induction,0.021660453810755317,0.016056690847518176,0.02777902159537234
development,biology-focused,cross_15115,cross_layer,rescue,-0.028819405798537406,-0.036396826200995304,-0.021956454795560222
development,biology-focused,cross_15116,cross_layer,induction,0.021022460863367967,0.016055301663764617,0.02645927937668254
development,biology-focused,cross_15116,cross_layer,rescue,0.02693949498238833,0.015325284121564942,0.039772037139497084
development,biology-focused,cross_15117,cross_layer,induction,-0.011882705394593665,-0.016780046867413245,-0.007421049069635471
development,biology-focused,cross_15117,cross_layer,rescue,-0.09453674404241437,-0.10531623933779798,-0.08544513345810861
development,biology-focused,cross_15118,cross_layer,induction,0.05736452043343652,0.043251014598157375,0.07320298985363662
development,biology-focused,cross_15118,cross_layer,rescue,0.0957356365501416,0.08450941151317343,0.10778981631927419
development,biology-focused,cross_15119,cross_layer,induction,0.04312984333400883,0.03256519753631293,0.05396079899520501
development,biology-focused,cross_15119,cross_layer,rescue,0.02528925856414379,0.019419330982775613,0.03153040023904419
development,biology-focused,cross_15120,cross_layer,induction,0.010453690981174298,0.006082662720595023,0.015045373293950464
development,biology-focused,cross_15120,cross_layer,rescue,0.00497396051497119,-0.003997750648370613,0.013555947021870376
development,biology-focused,cross_15121,cross_layer,induction,0.029356884189265804,0.02298200320614233,0.0370730008843406
development,biology-focused,cross_15121,cross_layer,rescue,-0.028044382137640027,-0.038205011680339775,-0.018483208154935028
development,biology-focused,cross_15122,cross_layer,induction,0.019285675960381565,0.013815642288595149,0.025054682683981287
development,biology-focused,cross_15122,cross_layer,rescue,0.006189414400474666,-0.0027178898749575676,0.014606799330446774
development,biology-focused,cross_15123,cross_layer,induction,0.01921060952037209,0.014641737662555153,0.024552739193451797
development,biology-focused,cross_15123,cross_layer,rescue,0.03801615868298774,0.02890185209504286,0.04779028147805151
development,biology-focused,cross_15124,cross_layer,induction,0.01116389301938178,0.007589232682037992,0.014917465411416184
development,biology-focused,cross_15124,cross_layer,rescue,-0.06187546474252102,-0.07139436173564936,-0.05333693065485482
development,biology-focused,cross_15125,cross_layer,induction,0.008235617435337033,0.006475272541645391,0.009978810614495136
development,biology-focused,cross_15125,cross_layer,rescue,-0.0037221005547462085,-0.010931143983079756,0.003582374046467235
development,biology-focused,cross_15126,cross_layer,induction,0.05366676119131962,0.04131439914429014,0.06698066632640257
development,biology-focused,cross_15126,cross_layer,rescue,0.07839255599943143,0.06397363030929418,0.09421534260789091
development,biology-focused,cross_15127,cross_layer,induction,0.07071148088145145,0.05337166702879278,0.08942593252042713
development,biology-focused,cross_15127,cross_layer,rescue,0.19176398626899652,0.17955541270361478,0.20433343706681223
development,biology-focused,cross_15128,cross_layer,induction,0.012787144957342372,0.008434502596667165,0.0171286972750294
development,biology-focused,cross_15128,cross_layer,rescue,-0.019850360192197943,-0.030552422394788895,-0.009116969829717119
development,biology-focused,cross_15129,cross_layer,induction,0.03824562368553711,0.029725060459698756,0.04698892126751221
development,biology-focused,cross_15129,cross_layer,rescue,0.04659068788511201,0.04033721065160832,0.0524850084514645
development,biology-focused,cross_15130,cross_layer,induction,0.07505346467672541,0.05745060781298937,0.09337461540653853
development,biology-focused,cross_15130,cross_layer,rescue,0.15070437139462928,0.13811713587293428,0.16365726123710309
development,biology-focused,cross_15131,cross_layer,induction,-0.00815476450425567,-0.011717170673705942,-0.00507888557692267
development,biology-focused,cross_15131,cross_layer,rescue,-0.08884889254135013,-0.09809537983334443,-0.08013608459857689
development,biology-focused,cross_15132,cross_layer,induction,0.04805617179013188,0.03675589795657878,0.060161352824453944
development,biology-focused,cross_15132,cross_layer,rescue,0.0608265483674326,0.049536712673862525,0.07342470299275829
development,comforting,within_15001,within_layer,induction,0.03780834883334569,0.023859446575279747,0.05564696439261507
development,comforting,within_15001,within_layer,rescue,0.05600737036848188,0.04214486226383148,0.07130558221903364
development,comforting,within_15002,within_layer,induction,0.023394605906786343,0.015581492774655866,0.03299909250236562
development,comforting,within_15002,within_layer,rescue,0.046282738211760495,0.03412643854560196,0.0596054323819274
development,comforting,within_15003,within_layer,induction,0.02936926477716886,0.019960133509646788,0.04057959084916688
development,comforting,within_15003,within_layer,rescue,0.032841627013755065,0.023607569998125806,0.043424158539434106
development,comforting,within_15004,within_layer,induction,0.06860520670103762,0.04909955237015383,0.09263037288937609
development,comforting,within_15004,within_layer,rescue,0.08174245056101301,0.060136507740810884,0.10497445797131617
development,comforting,within_15005,within_layer,induction,0.0435386902029086,0.030451467428064902,0.05904544108712292
development,comforting,within_15005,within_layer,rescue,0.0399911758021576,0.02913639080795956,0.05159434375480036
development,comforting,within_15006,within_layer,induction,0.05306775027676762,0.03613111166984687,0.07347499096678245
development,comforting,within_15006,within_layer,rescue,0.04570443926631084,0.033561526881739905,0.05870478729847177
development,comforting,within_15007,within_layer,induction,0.021713345237300424,0.014149553460800697,0.03092236407415258
development,comforting,within_15007,within_layer,rescue,0.02207579319399381,0.016088751493949973,0.029011312144985715
development,comforting,within_15008,within_layer,induction,0.06263796794097783,0.04376910743463138,0.08492037787480083
development,comforting,within_15008,within_layer,rescue,0.056961273132386574,0.04238698424337356,0.07236467501364587
development,comforting,within_15009,within_layer,induction,0.01967605478070297,0.012770818488495548,0.028246572129399843
development,comforting,within_15009,within_layer,rescue,0.04106971624721391,0.031695389015859034,0.050711399383795056
development,comforting,within_15010,within_layer,induction,0.018919314398277636,0.011936072104086088,0.027501483355859672
development,comforting,within_15010,within_layer,rescue,0.020771319795637448,0.015006200493798035,0.027320469391532775
development,comforting,within_15011,within_layer,induction,0.012853996316104885,0.007814567859246106,0.019157345114539617
development,comforting,within_15011,within_layer,rescue,0.03032502930557648,0.022977735112325766,0.03834300758195146
development,comforting,within_15012,within_layer,induction,0.013463307688615159,0.008035392353967427,0.02044567820634484
development,comforting,within_15012,within_layer,rescue,0.030694866639394913,0.0231686734079198,0.03888477111821651
development,comforting,within_15013,within_layer,induction,0.029076607741917032,0.019536502807134058,0.04053650214398058
development,comforting,within_15013,within_layer,rescue,0.030679915804902317,0.023317695842651146,0.03871352314829228
development,comforting,within_15014,within_layer,induction,0.0373921492196936,0.026394695851198125,0.050255946490996906
development,comforting,within_15014,within_layer,rescue,0.0436669250155725,0.03231277984980912,0.05616485835060706
development,comforting,within_15015,within_layer,induction,0.08969514974758074,0.06617669413936318,0.1170446779481727
development,comforting,within_15015,within_layer,rescue,0.07583422428841309,0.055996641681223466,0.09726878087041033
development,comforting,within_15016,within_layer,induction,0.045065643785672294,0.030411987649292,0.06389431759063582
development,comforting,within_15016,within_layer,rescue,0.061598464559794376,0.045623152713657,0.07828679003102472
development,comforting,within_15017,within_layer,induction,0.07745974302162541,0.05563370000430549,0.1032222955264915
development,comforting,within_15017,within_layer,rescue,0.06436373618352254,0.04648456939903532,0.08376879264307004
development,comforting,within_15018,within_layer,induction,0.02976842729191173,0.019811529960874923,0.04191497929361688
development,comforting,within_15018,within_layer,rescue,0.030993504265088435,0.023415146658619417,0.039198233437646175
development,comforting,within_15019,within_layer,induction,0.018251373067168716,0.011759528694382506,0.02609546877559866
development,comforting,within_15019,within_layer,rescue,0.020503079804728735,0.014870997066814048,0.02696806692618227
development,comforting,within_15020,within_layer,induction,0.03662159930156528,0.02538319997814211,0.05083495146675761
development,comforting,within_15020,within_layer,rescue,0.054744674293162154,0.04028247178908665,0.06969046382202765
development,comforting,within_15021,within_layer,induction,0.05272273362517657,0.0374081725342768,0.07030896943637853
development,comforting,within_15021,within_layer,rescue,0.05141567818908746,0.037904196693241014,0.06553064367033648
development,comforting,within_15022,within_layer,induction,0.05490444932262375,0.03728776109356861,0.0763783212756705
development,comforting,within_15022,within_layer,rescue,0.05119709136828774,0.03854122034973385,0.06534409298911438
development,comforting,within_15023,within_layer,induction,0.020337475284367242,0.013029027729487868,0.02959742936966172
development,comforting,within_15023,within_layer,rescue,0.041430722759191345,0.0318825248553032,0.051318351323706116
development,comforting,within_15024,within_layer,induction,0.023499969830843122,0.015280104202039286,0.03416801149022686
development,comforting,within_15024,within_layer,rescue,0.04357245732539495,0.033605573640493054,0.053870521097837944
development,comforting,within_15025,within_layer,induction,0.02595083596611966,0.017184739320951253,0.03643869085137885
development,comforting,within_15025,within_layer,rescue,0.029307883267041524,0.022090800032021192,0.03713280899951735
development,comforting,within_15026,within_layer,induction,0.031365270347665265,0.02183539362436154,0.042778398297139676
development,comforting,within_15026,within_layer,rescue,0.05847387014136092,0.043849965849182625,0.07413177069621
development,comforting,within_15027,within_layer,induction,0.05463556168892314,0.03810338605888791,0.07529948696909103
development,comforting,within_15027,within_layer,rescue,0.0731958744832837,0.05518632902441044,0.09226408276135321
development,comforting,within_15028,within_layer,induction,0.015730157551677018,0.009892400455911663,0.02344168424116539
development,comforting,within_15028,within_layer,rescue,0.03244421218496509,0.024727745807254516,0.04085497568411462
development,comforting,within_15029,within_layer,induction,0.045647533189873156,0.029608286790336943,0.0655310106988633
development,comforting,within_15029,within_layer,rescue,0.04060509587109566,0.02994336672987074,0.05273768496845911
development,comforting,within_15030,within_layer,induction,0.04686000467575511,0.031316708919083704,0.06617808001333438
development,comforting,within_15030,within_layer,rescue,0.06745375286732057,0.05150518720221351,0.08479389000340132
development,comforting,within_15031,within_layer,induction,0.022374079986441236,0.014461052939992716,0.032302289150260115
development,comforting,within_15031,within_layer,rescue,0.022370154221445684,0.016208049042412416,0.029397223854120035
development,comforting,within_15032,within_layer,induction,0.025252064425656584,0.016925452839843546,0.035056002302528415
development,comforting,within_15032,within_layer,rescue,0.02901472757122118,0.02194442525604192,0.03672010930796062
development,comforting,cross_15101,cross_layer,induction,0.007595458164997552,0.005161336003372073,0.01058605676660267
development,comforting,cross_15101,cross_layer,rescue,0.0182168337009095,0.013134449430889282,0.023734511130954823
development,comforting,cross_15102,cross_layer,induction,0.001187147844288046,-0.0025010506765764575,0.003921832616212684
development,comforting,cross_15102,cross_layer,rescue,0.004105283153106978,0.002678756437190002,0.005625502006202938
development,comforting,cross_15103,cross_layer,induction,0.0018083593162533463,-0.00314769213103415,0.00547002084471352
development,comforting,cross_15103,cross_layer,rescue,0.010157097202960298,0.006977554048334351,0.013811245192728545
development,comforting,cross_15104,cross_layer,induction,-0.00396907326813022,-0.010463915189901396,0.0006067772067987112
development,comforting,cross_15104,cross_layer,rescue,0.014523146822484035,0.009406639364351798,0.020136381217924458
development,comforting,cross_15105,cross_layer,induction,-0.010666517406240479,-0.020386937328641115,-0.0035481615949254958
development,comforting,cross_15105,cross_layer,rescue,0.014439764994506655,0.009882205148777249,0.01952827105826237
development,comforting,cross_15106,cross_layer,induction,-0.004293648686081815,-0.008745664186717595,-0.0011025442432227538
development,comforting,cross_15106,cross_layer,rescue,0.014255582833601819,0.009917363359281253,0.018890656524731313
development,comforting,cross_15107,cross_layer,induction,0.007171349789595851,0.003394697630518598,0.011431328587644052
development,comforting,cross_15107,cross_layer,rescue,0.011590308148783006,0.008160126754034935,0.015321343695882644
development,comforting,cross_15108,cross_layer,induction,-0.003956848769828765,-0.0100766698623286,0.00012152188251176374
development,comforting,cross_15108,cross_layer,rescue,0.0012671738829724518,0.0005083322959567296,0.0021327442951928044
development,comforting,cross_15109,cross_layer,induction,0.00559318635855623,0.003214769227134382,0.0077505660652316035
development,comforting,cross_15109,cross_layer,rescue,0.013635193651117495,0.009322964738495067,0.018772368533961324
development,comforting,cross_15110,cross_layer,induction,-0.003580821231045047,-0.009312848324033585,7.030839503884072e-05
development,comforting,cross_15110,cross_layer,rescue,0.01590097208689761,0.011272781178295105,0.020803542433643817
development,comforting,cross_15111,cross_layer,induction,0.002169858714294522,-0.0030994495115098724,0.005917304257668943
development,comforting,cross_15111,cross_layer,rescue,0.011103936720937813,0.007698724938051733,0.014825497426302004
development,comforting,cross_15112,cross_layer,induction,0.0035610329014129642,0.0005452416680751833,0.006978711258339189
development,comforting,cross_15112,cross_layer,rescue,0.007510001974499518,0.005088211067686645,0.010299072257079952
development,comforting,cross_15113,cross_layer,induction,0.011362180466618167,0.007973116124163567,0.015006028212386327
development,comforting,cross_15113,cross_layer,rescue,0.011898825952158763,0.00824531898934745,0.01591550595155553
development,comforting,cross_15114,cross_layer,induction,0.012386459558427005,0.008478806326245624,0.016480823223686287
development,comforting,cross_15114,cross_layer,rescue,0.023942281690958866,0.017232660405032393,0.031125558701608724
development,comforting,cross_15115,cross_layer,induction,0.0020018118992160073,-0.0015158056212749053,0.00485850943200431
development,comforting,cross_15115,cross_layer,rescue,0.019152048114181947,0.01220494948927458,0.02713016264862849
development,comforting,cross_15116,cross_layer,induction,0.021024441170609063,0.013940030606141697,0.030847853508726496
development,comforting,cross_15116,cross_layer,rescue,0.013396692937287265,0.008898690298860274,0.018444608733661827
development,comforting,cross_15117,cross_layer,induction,-0.005094581225282512,-0.011958186594019609,-0.00041738254573426127
development,comforting,cross_15117,cross_layer,rescue,0.010007927356296624,0.006804283921644429,0.013693914341660651
development,comforting,cross_15118,cross_layer,induction,0.019689043053503608,0.01115662911128527,0.03248792663013591
development,comforting,cross_15118,cross_layer,rescue,0.023340009824745003,0.017250484642354368,0.03007592868373892
development,comforting,cross_15119,cross_layer,induction,0.0010330419669768937,-0.0008915066157491856,0.003089381138821971
development,comforting,cross_15119,cross_layer,rescue,0.009436292991380105,0.006112700076366171,0.013230120383400455
development,comforting,cross_15120,cross_layer,induction,-0.0012871694531650492,-0.009357616546626214,0.004373986813797145
development,comforting,cross_15120,cross_layer,rescue,0.0024733196073893618,0.001461710573132125,0.0035148449635895584
development,comforting,cross_15121,cross_layer,induction,-0.006883973474806124,-0.015826940915917413,-0.0012450187954605406
development,comforting,cross_15121,cross_layer,rescue,0.00797858882587203,0.0047939325139929575,0.011583158473663271
development,comforting,cross_15122,cross_layer,induction,0.012440531507917619,0.007408298014942772,0.01848747912705542
development,comforting,cross_15122,cross_layer,rescue,0.01291690296918693,0.008865293634762166,0.017368109786926194
development,comforting,cross_15123,cross_layer,induction,0.012721428058407818,0.009013385745939708,0.017220369841964577
development,comforting,cross_15123,cross_layer,rescue,0.010880574641327925,0.006873400158770547,0.015477424940092993
development,comforting,cross_15124,cross_layer,induction,0.004874187112808314,0.0025435124798592864,0.007837046159840313
development,comforting,cross_15124,cross_layer,rescue,0.01238085841711066,0.009044064085081006,0.015999532554731476
development,comforting,cross_15125,cross_layer,induction,0.017619099183908783,0.011565234155605637,0.02653900749144686
development,comforting,cross_15125,cross_layer,rescue,0.009438642428852173,0.006577787091010163,0.012680694292106665
development,comforting,cross_15126,cross_layer,induction,0.011730381369942505,0.005488931074608704,0.020624565241081947
development,comforting,cross_15126,cross_layer,rescue,0.012624526286142275,0.00871208606819319,0.017363904570524533
development,comforting,cross_15127,cross_layer,induction,0.015221824559324984,0.008669492171013156,0.025863148643123654
development,comforting,cross_15127,cross_layer,rescue,0.028691530784205735,0.021458658113475942,0.03704594819435555
development,comforting,cross_15128,cross_layer,induction,0.006793195179895051,0.004176889378035816,0.009220467339179155
development,comforting,cross_15128,cross_layer,rescue,0.01016741977187001,0.006995580077400784,0.013896339023509362
development,comforting,cross_15129,cross_layer,induction,0.0016069281641943715,-0.0009955874532431295,0.0034837297480189524
development,comforting,cross_15129,cross_layer,rescue,0.00799006721003476,0.0051730015569387425,0.011105387642231995
development,comforting,cross_15130,cross_layer,induction,0.0004429358274380365,-0.0027299754040028814,0.0029217610627779106
development,comforting,cross_15130,cross_layer,rescue,0.006984986405751309,0.004548205222593772,0.009893710178061533
development,comforting,cross_15131,cross_layer,induction,0.007091235593471772,0.0032875907456497754,0.011348712224652118
development,comforting,cross_15131,cross_layer,rescue,0.019381148672080246,0.013978670348334617,0.02522865659682173
development,comforting,cross_15132,cross_layer,induction,0.005005396180401995,0.002705353294273992,0.008151488640393712
development,comforting,cross_15132,cross_layer,rescue,0.011665904757332528,0.008066045989658703,0.015518463074329907
development,german,within_15001,within_layer,induction,0.39566756188229785,0.3117695516021897,0.4858180549594587
development,german,within_15001,within_layer,rescue,0.25235489876599776,0.1883704511921018,0.32196314468202797
development,german,within_15002,within_layer,induction,0.34857397937522977,0.2656737650820255,0.44101592405913814
development,german,within_15002,within_layer,rescue,0.22975531183627373,0.16519456829572707,0.3021600625266901
development,german,within_15003,within_layer,induction,0.3343458443521008,0.255154506772052,0.4223495629153948
development,german,within_15003,within_layer,rescue,0.2207778358258213,0.15683331553658109,0.29391470854406027
development,german,within_15004,within_layer,induction,0.5304555100759015,0.4324766729673899,0.6306719774711381
development,german,within_15004,within_layer,rescue,0.3598927181705345,0.2762547063937426,0.4428592508836225
development,german,within_15005,within_layer,induction,0.14303013524075694,0.11103420117610725,0.179161163803381
development,german,within_15005,within_layer,rescue,0.12435466716860324,0.07171172074637729,0.18431426738768353
development,german,within_15006,within_layer,induction,0.18161277777362209,0.14642191319787712,0.2236234263583947
development,german,within_15006,within_layer,rescue,0.1264327522375331,0.07642863011539941,0.18374778780111387
development,german,within_15007,within_layer,induction,0.02955222215689873,0.021364857563442648,0.038581410237987404
development,german,within_15007,within_layer,rescue,0.054898669662394185,0.03250491434353496,0.08390900700837918
development,german,within_15008,within_layer,induction,0.18345780869304915,0.14748237616005339,0.22659762294596306
development,german,within_15008,within_layer,rescue,0.12393921476884746,0.07440083003682865,0.18073921752299996
development,german,within_15009,within_layer,induction,0.05107443654247468,0.0395672823770727,0.06397008397852004
development,german,within_15009,within_layer,rescue,0.06664997444275594,0.03949461134800354,0.09927076601016636
development,german,within_15010,within_layer,induction,0.04620551645769936,0.03601426057821708,0.05708923785077364
development,german,within_15010,within_layer,rescue,0.06383906998102809,0.03800797820309177,0.09479278496757289
development,german,within_15011,within_layer,induction,0.050546507970097396,0.038937416816989145,0.06359337075074044
development,german,within_15011,within_layer,rescue,0.06877872639240533,0.041333093242718326,0.10190300487745403
development,german,within_15012,within_layer,induction,0.05739173830333689,0.04377161428122231,0.07308607001436634
development,german,within_15012,within_layer,rescue,0.06995408695023295,0.042393857468204156,0.10201431691254809
development,german,within_15013,within_layer,induction,0.02988950665548924,0.022220920824541354,0.03767292573223329
development,german,within_15013,within_layer,rescue,0.05254270822542975,0.030527627384357485,0.08150589050845886
development,german,within_15014,within_layer,induction,0.33194205321411496,0.2537466352526024,0.4182425980850654
development,german,within_15014,within_layer,rescue,0.22128745882837472,0.15736403373736263,0.2936699745932326
development,german,within_15015,within_layer,induction,0.5136040610961742,0.4195258871527969,0.6104975939346832
development,german,within_15015,within_layer,rescue,0.34992620851827844,0.26410343295934613,0.43535497659044675
development,german,within_15016,within_layer,induction,0.1953184699185211,0.15685768753200707,0.241051122359808
development,german,within_15016,within_layer,rescue,0.1341378975326975,0.08274700650493567,0.1917757894836399
development,german,within_15017,within_layer,induction,0.5153846455507679,0.4193999293036931,0.6130518384424852
development,german,within_15017,within_layer,rescue,0.34770559045423977,0.2647812304538168,0.4311259368154677
development,german,within_15018,within_layer,induction,0.03513722047401213,0.026370295929743912,0.04412123368170773
development,german,within_15018,within_layer,rescue,0.05337174626511391,0.03186781766058027,0.08046595856055833
development,german,within_15019,within_layer,induction,0.03999150532016188,0.03155062426350298,0.04917011618788913
development,german,within_15019,within_layer,rescue,0.06280089372249636,0.03680468116537862,0.09521088884452737
development,german,within_15020,within_layer,induction,0.156040738522313,0.12026199157523941,0.1963594431964031
development,german,within_15020,within_layer,rescue,0.13148373896818297,0.07714073235009909,0.19229367712022571
development,german,within_15021,within_layer,induction,0.14318109912416666,0.11074372381198637,0.18014778434563156
development,german,within_15021,within_layer,rescue,0.12215702485939664,0.07022981665125734,0.18109057777233445
development,german,within_15022,within_layer,induction,0.381068112046321,0.3018520409891568,0.4667050426548362
development,german,within_15022,within_layer,rescue,0.24322112043769603,0.17871817041126534,0.31379036855398557
development,german,within_15023,within_layer,induction,0.057150828622532825,0.04381025220506887,0.07278344221317622
development,german,within_15023,within_layer,rescue,0.06766428778772766,0.04077901271031127,0.09915051383383426
development,german,within_15024,within_layer,induction,0.04627651507940408,0.034633398735069404,0.05961666093726251
development,german,within_15024,within_layer,rescue,0.05893906873667906,0.03600481885372483,0.08679605724958465
development,german,within_15025,within_layer,induction,0.04556766085385067,0.03587476106276744,0.05570734493207818
development,german,within_15025,within_layer,rescue,0.061818917025119595,0.03639495022714691,0.09250156749285089
development,german,within_15026,within_layer,induction,0.34619041574427956,0.2641077044216105,0.4371148262572392
development,german,within_15026,within_layer,rescue,0.23016254361586866,0.16541126403502013,0.30243337494504374
development,german,within_15027,within_layer,induction,0.19773053928437737,0.15826807725384898,0.24457255150832594
development,german,within_15027,within_layer,rescue,0.13135691523543574,0.08039052886328062,0.18853639328061297
development,german,within_15028,within_layer,induction,0.0395413586772955,0.02899221300209754,0.051512671417519196
development,german,within_15028,within_layer,rescue,0.06055728118112003,0.03676831397007508,0.09017971196470219
development,german,within_15029,within_layer,induction,0.3824482703521135,0.3021147443304748,0.46913043338621224
development,german,within_15029,within_layer,rescue,0.24176973055902312,0.17858944865017568,0.31144205425337046
development,german,within_15030,within_layer,induction,0.39447969955136514,0.3116666176567999,0.48382783568202603
development,german,within_15030,within_layer,rescue,0.2538946635518337,0.18869187458254413,0.32397663340360483
development,german,within_15031,within_layer,induction,0.03561817283959067,0.026308404780975146,0.0454460724303517
development,german,within_15031,within_layer,rescue,0.05571393621904868,0.03363595354852521,0.08292146152547351
development,german,within_15032,within_layer,induction,0.04011233173029088,0.032072338449110144,0.048211618886620115
development,german,within_15032,within_layer,rescue,0.06066415320374137,0.03509270014061515,0.09265905513199643
development,german,cross_15101,cross_layer,induction,-0.0017131668721374273,-0.00840204836139591,0.004678097895820231
development,german,cross_15101,cross_layer,rescue,0.011477864476003052,0.004172103676889645,0.021314958773283526
development,german,cross_15102,cross_layer,induction,0.009872187109124306,-0.0002710150308526708,0.018879325802936688
development,german,cross_15102,cross_layer,rescue,0.006796903405674562,0.0015031157596031677,0.010986656901261448
development,german,cross_15103,cross_layer,induction,0.021486324782491004,0.010784617815904734,0.03548474328312011
development,german,cross_15103,cross_layer,rescue,0.03259472369813055,0.017478148993522336,0.05347900717642427
development,german,cross_15104,cross_layer,induction,0.009468774720676323,0.0023072939305202205,0.016739148191380806
development,german,cross_15104,cross_layer,rescue,0.010126632936463074,0.004762506025037743,0.015723352817527694
development,german,cross_15105,cross_layer,induction,0.054540902697647005,0.03406010687738174,0.07954022589372708
development,german,cross_15105,cross_layer,rescue,0.0330297395860567,0.01902974520527937,0.05005190776924688
development,german,cross_15106,cross_layer,induction,-0.026155700402345317,-0.04434634759592274,-0.011687713492153019
development,german,cross_15106,cross_layer,rescue,0.0078094286838503385,0.0024259285771712808,0.015274632593790699
development,german,cross_15107,cross_layer,induction,0.027572933589847894,0.017197874564529772,0.03856824960002367
development,german,cross_15107,cross_layer,rescue,0.03244914712570157,0.019265838166994387,0.05001279473705403
development,german,cross_15108,cross_layer,induction,0.004968607345864148,-0.004201915731618105,0.013926820894111874
development,german,cross_15108,cross_layer,rescue,0.03473039721408918,0.02008065421844412,0.05400742699332839
development,german,cross_15109,cross_layer,induction,0.0015362766390192408,-0.0068571845492810795,0.008598546578856591
development,german,cross_15109,cross_layer,rescue,0.008891566128182284,0.005593751054711668,0.012403671724975553
development,german,cross_15110,cross_layer,induction,0.028428698996440193,0.018972324445117095,0.04005432217318882
development,german,cross_15110,cross_layer,rescue,0.02236279291471717,0.01490611092549915,0.030632905377951748
development,german,cross_15111,cross_layer,induction,0.03341298140008831,0.024253749646304532,0.043356218787315916
development,german,cross_15111,cross_layer,rescue,0.032713289365705674,0.01758503679723172,0.05263234598959369
development,german,cross_15112,cross_layer,induction,0.04181490742501712,0.027089923459370554,0.059702472650982136
development,german,cross_15112,cross_layer,rescue,0.025281519026154397,0.015620949424260872,0.035836355651709145
development,german,cross_15113,cross_layer,induction,-0.015389643267109392,-0.026338237616461285,-0.006274028894598898
development,german,cross_15113,cross_layer,rescue,0.023985228274308445,0.013322080805312778,0.03722751991582195
development,german,cross_15114,cross_layer,induction,0.016134081774886837,0.010509615007302587,0.022732427225873514
development,german,cross_15114,cross_layer,rescue,0.02233748170733284,0.013602454108133544,0.03279278514711018
development,german,cross_15115,cross_layer,induction,-0.021736892395810618,-0.033378472683870175,-0.012012729315925627
development,german,cross_15115,cross_layer,rescue,0.015956108336803953,0.009559782202289592,0.023614262408461845
development,german,cross_15116,cross_layer,induction,0.01205850050218857,0.005279179500302083,0.020149569961041888
development,german,cross_15116,cross_layer,rescue,0.034022389281794706,0.020252538069996,0.04972049513088864
development,german,cross_15117,cross_layer,induction,-0.0032700757123522908,-0.012330002300091599,0.005042328023162087
development,german,cross_15117,cross_layer,rescue,0.007523443558125404,0.0022504603163289705,0.01402174224910314
development,german,cross_15118,cross_layer,induction,-0.0187523636980511,-0.031033996078849657,-0.0086215099150994
development,german,cross_15118,cross_layer,rescue,-0.005259374519067746,-0.011483050508151965,-0.00014516833508977138
development,german,cross_15119,cross_layer,induction,0.01911426109057105,0.010924112044931725,0.02796039321050546
development,german,cross_15119,cross_layer,rescue,0.02464437969316382,0.013930822877659312,0.03866365570614042
development,german,cross_15120,cross_layer,induction,0.03264575616277596,0.019303638908032914,0.04757122475714514
development,german,cross_15120,cross_layer,rescue,0.02560142057839519,0.014647424675346068,0.04086633880901893
development,german,cross_15121,cross_layer,induction,-0.045294358357934786,-0.07126246308692036,-0.02413913270807644
development,german,cross_15121,cross_layer,rescue,0.010773585292724914,0.004050841131130381,0.019964031694237543
development,german,cross_15122,cross_layer,induction,0.02606000535553223,0.015366792592820094,0.037936318762978365
development,german,cross_15122,cross_layer,rescue,0.03114373941373809,0.01668971445984811,0.04870384186179396
development,german,cross_15123,cross_layer,induction,0.023102857602148752,0.014762971972641186,0.03248254167513775
development,german,cross_15123,cross_layer,rescue,0.01994137543780855,0.01391213328026482,0.02635642200019818
development,german,cross_15124,cross_layer,induction,0.029797763497555165,0.02055675180700368,0.039555129316389014
development,german,cross_15124,cross_layer,rescue,0.043094177844041716,0.024607055535953805,0.06706588093808798
development,german,cross_15125,cross_layer,induction,0.01914704851849368,0.009707340343371892,0.030137316915978873
development,german,cross_15125,cross_layer,rescue,0.04228219987749734,0.024945690520797523,0.06384386531323732
development,german,cross_15126,cross_layer,induction,-0.024448081152643013,-0.039791291744096874,-0.012015847471197907
development,german,cross_15126,cross_layer,rescue,0.004294467796155841,0.0008292602101573208,0.007953895139594956
development,german,cross_15127,cross_layer,induction,-0.0005681041890569615,-0.00808128965948064,0.006523179102301685
development,german,cross_15127,cross_layer,rescue,0.02232882110828985,0.009483499568391333,0.03788730304766359
development,german,cross_15128,cross_layer,induction,0.0045328424677010684,-0.0019692067582230905,0.011667716147278406
development,german,cross_15128,cross_layer,rescue,0.01269581337840434,0.005894561948410835,0.022299208886097224
development,german,cross_15129,cross_layer,induction,-0.022808871058098604,-0.039019632131524394,-0.010086732086769759
development,german,cross_15129,cross_layer,rescue,0.00507622165282497,0.0022008974140703373,0.007862905053848424
development,german,cross_15130,cross_layer,induction,0.015209106465973106,0.007973779956070952,0.023156013625364496
development,german,cross_15130,cross_layer,rescue,0.0033787010346167097,-0.0032383410649420804,0.00897134728420162
development,german,cross_15131,cross_layer,induction,0.006099043431475484,-0.0018667247886516639,0.014238800003961263
development,german,cross_15131,cross_layer,rescue,0.02803132853157937,0.016951463881349552,0.04206292077219011
development,german,cross_15132,cross_layer,induction,-0.016603152550359,-0.032669298214732696,-0.0033349603681171853
development,german,cross_15132,cross_layer,rescue,-0.0007057726406466785,-0.006638710417323257,0.003028357519208277
validation,all-caps,within_15001,within_layer,induction,0.02558881878094482,0.013339145437587218,0.04150795822047806
validation,all-caps,within_15001,within_layer,rescue,0.09126720182268802,0.07745462213989908,0.10529794897436434
validation,all-caps,within_15002,within_layer,induction,0.012636121472693884,-0.0033921242909764524,0.028637957992894533
validation,all-caps,within_15002,within_layer,rescue,0.06785130339996917,0.03945815082429136,0.09142586356812664
validation,all-caps,within_15003,within_layer,induction,0.018278491760468113,0.004939605752003664,0.03360735630237232
validation,all-caps,within_15003,within_layer,rescue,0.10713078939250344,0.07689436555191208,0.13408562612873115
validation,all-caps,within_15004,within_layer,induction,0.015507977807377286,6.103284182845609e-05,0.030398911588705807
validation,all-caps,within_15004,within_layer,rescue,0.11162963796519602,0.07080330701371662,0.14827239910031947
validation,all-caps,within_15005,within_layer,induction,0.0011056767859733063,-0.016925043142367417,0.01648275154667453
validation,all-caps,within_15005,within_layer,rescue,0.07613961008848039,0.029764303758923104,0.11225882130475404
validation,all-caps,within_15006,within_layer,induction,0.010345846620012313,-0.0005283089244401665,0.0203452393478169
validation,all-caps,within_15006,within_layer,rescue,0.09282876396897606,0.06237534272263986,0.1196184777545684
validation,all-caps,within_15007,within_layer,induction,0.005665371387545383,-0.006374001005329192,0.01704173899685799
validation,all-caps,within_15007,within_layer,rescue,0.06006398113014963,0.03460436222389492,0.08109454204041741
validation,all-caps,within_15008,within_layer,induction,0.022984246659866526,0.01448765303499708,0.032606291431454465
validation,all-caps,within_15008,within_layer,rescue,0.13769135886029385,0.10790286304193221,0.16526968651063748
validation,all-caps,within_15009,within_layer,induction,0.010628007805749663,0.0009053380018994201,0.021950240121138935
validation,all-caps,within_15009,within_layer,rescue,0.08156988098784794,0.05788592285557949,0.1010889569994301
validation,all-caps,within_15010,within_layer,induction,0.012240744499033965,0.0010237081599183367,0.027411007524312317
validation,all-caps,within_15010,within_layer,rescue,0.07444702825904885,0.048354949406836066,0.09692578820895759
validation,all-caps,within_15011,within_layer,induction,-0.0010606025846926583,-0.01920605879312462,0.013781281330948672
validation,all-caps,within_15011,within_layer,rescue,0.042726999534602655,0.01745674021191993,0.0640437044318605
validation,all-caps,within_15012,within_layer,induction,0.005609774348833407,-0.010264985281177714,0.021675656793112247
validation,all-caps,within_15012,within_layer,rescue,0.04334280923820198,0.019735010582499084,0.06350342496120663
validation,all-caps,within_15013,within_layer,induction,0.017123287210128065,0.009417430993974458,0.02679867432760808
validation,all-caps,within_15013,within_layer,rescue,0.10353423270105339,0.08126702264480193,0.12278378289682355
validation,all-caps,within_15014,within_layer,induction,0.031036959861123405,0.0174511767077918,0.04878679499998287
validation,all-caps,within_15014,within_layer,rescue,0.15262498238641692,0.12488464473116749,0.1783109645375583
validation,all-caps,within_15015,within_layer,induction,0.03661680212316888,0.0230690135934379,0.053791895688650546
validation,all-caps,within_15015,within_layer,rescue,0.19204425640281256,0.15061945731181145,0.23120738319788767
validation,all-caps,within_15016,within_layer,induction,0.0017529970019752588,-0.015355364711859264,0.014937973912208339
validation,all-caps,within_15016,within_layer,rescue,0.06728760452732652,0.04091089361258196,0.0892009791503334
validation,all-caps,within_15017,within_layer,induction,0.023227970489033852,0.011428713834909553,0.037250677720217694
validation,all-caps,within_15017,within_layer,rescue,0.1396109232645384,0.09751610288558638,0.17884182652988695
validation,all-caps,within_15018,within_layer,induction,0.024334256273866373,0.013939343755589436,0.03658037796422233
validation,all-caps,within_15018,within_layer,rescue,0.09816430240294068,0.07738558174976705,0.11625467620707959
validation,all-caps,within_15019,within_layer,induction,0.0057804431719912725,-0.006240271922581236,0.01731518067870877
validation,all-caps,within_15019,within_layer,rescue,0.07544714524275829,0.04789044309795849,0.09891021991805816
validation,all-caps,within_15020,within_layer,induction,-0.004657432704201952,-0.027588002715453225,0.012862606706352002
validation,all-caps,within_15020,within_layer,rescue,0.044284781330829255,0.0007453931677712073,0.0762931637053935
validation,all-caps,within_15021,within_layer,induction,0.014566991712903023,0.004010090934744799,0.02476269651611689
validation,all-caps,within_15021,within_layer,rescue,0.11654653525479378,0.0727360778451124,0.15089186669044208
validation,all-caps,within_15022,within_layer,induction,0.04737444382894361,0.027620653622815364,0.07140486752440738
validation,all-caps,within_15022,within_layer,rescue,0.171830844766864,0.15392194058859388,0.19119213637791446
validation,all-caps,within_15023,within_layer,induction,0.018359327037617744,0.008947116391898362,0.030619759195158122
validation,all-caps,within_15023,within_layer,rescue,0.077828568996127,0.05606583618478655,0.09605373959061847
validation,all-caps,within_15024,within_layer,induction,0.017705137977339754,0.008239290750715078,0.02973249133196056
validation,all-caps,within_15024,within_layer,rescue,0.06623954649056381,0.04620920485620742,0.08351434211413215
validation,all-caps,within_15025,within_layer,induction,0.02480790410090821,0.014044997186638942,0.03794538323555226
validation,all-caps,within_15025,within_layer,rescue,0.1114880291590311,0.08883928824318757,0.13122912549497442
validation,all-caps,within_15026,within_layer,induction,0.024943023133515596,0.010725637313982185,0.041661019906673084
validation,all-caps,within_15026,within_layer,rescue,0.10978033007220313,0.08224817197328203,0.13376548401849928
validation,all-caps,within_15027,within_layer,induction,0.014801688273266073,0.005488189680833061,0.02548478361001949
validation,all-caps,within_15027,within_layer,rescue,0.10900219110125274,0.08156268004791058,0.13270402951007038
validation,all-caps,within_15028,within_layer,induction,-0.0016828999904248394,-0.020154811798002496,0.012937757369104989
validation,all-caps,within_15028,within_layer,rescue,0.02953934466647758,0.005974988100174412,0.049005045312454365
validation,all-caps,within_15029,within_layer,induction,0.03416147200824261,0.02046140486461927,0.052172707743913894
validation,all-caps,within_15029,within_layer,rescue,0.12051550096292767,0.10325056095379048,0.13858123330603847
validation,all-caps,within_15030,within_layer,induction,0.03877705779083282,0.022417571021907827,0.05785094858776341
validation,all-caps,within_15030,within_layer,rescue,0.13854583190253988,0.12390660680056502,0.15533326254746713
validation,all-caps,within_15031,within_layer,induction,0.012358500849879658,0.0016279958432402913,0.02673378984399687
validation,all-caps,within_15031,within_layer,rescue,0.058844361486187144,0.03552777433843826,0.07863975717515652
validation,all-caps,within_15032,within_layer,induction,0.01749904364911288,0.009752103087594916,0.027602731817098297
validation,all-caps,within_15032,within_layer,rescue,0.11677190004692295,0.09219855821484235,0.13814961874856255
validation,all-caps,cross_15101,cross_layer,induction,-0.03703726404983931,-0.06725419864063835,-0.014872144414884228
validation,all-caps,cross_15101,cross_layer,rescue,-0.13725762117277748,-0.15684350403521674,-0.11859581818050172
validation,all-caps,cross_15102,cross_layer,induction,-0.0022901919956939223,-0.018251603359255787,0.009317271725468862
validation,all-caps,cross_15102,cross_layer,rescue,-0.043828191686119504,-0.06391331305314794,-0.02484012513534353
validation,all-caps,cross_15103,cross_layer,induction,0.005323901170049415,-0.003644303237212441,0.014332265771135588
validation,all-caps,cross_15103,cross_layer,rescue,-0.024939874567984962,-0.040217073159251625,-0.00969415466948539
validation,all-caps,cross_15104,cross_layer,induction,-0.015763773899644964,-0.042473562976247874,0.0024204186240805977
validation,all-caps,cross_15104,cross_layer,rescue,-0.09463091587887365,-0.11093942299965999,-0.07802854765453361
validation,all-caps,cross_15105,cross_layer,induction,0.006817249229831354,-0.0035971676300209695,0.017411905098896164
validation,all-caps,cross_15105,cross_layer,rescue,-0.004746611680007764,-0.019089473359674283,0.009802795154410517
validation,all-caps,cross_15106,cross_layer,induction,0.008315373994951213,0.0030368336338032534,0.0144373202349888
validation,all-caps,cross_15106,cross_layer,rescue,0.037065717139397714,0.02101288172983884,0.05134604198252112
validation,all-caps,cross_15107,cross_layer,induction,0.017273303929114605,0.00800560545622541,0.02892497008575587
validation,all-caps,cross_15107,cross_layer,rescue,-0.015307229826278414,-0.03692181480970761,0.008578984423522769
validation,all-caps,cross_15108,cross_layer,induction,4.0450781369875616e-05,-0.020243901731133267,0.017616069861312464
validation,all-caps,cross_15108,cross_layer,rescue,-0.05746661963842143,-0.07556247579651143,-0.037760687104413784
validation,all-caps,cross_15109,cross_layer,induction,0.0018820384745386431,-0.013255950329301885,0.014198685659337393
validation,all-caps,cross_15109,cross_layer,rescue,0.06004676137669163,0.038681291948390456,0.0807343163050303
validation,all-caps,cross_15110,cross_layer,induction,-0.011870796334883294,-0.026856455918573975,0.0003283880918798302
validation,all-caps,cross_15110,cross_layer,rescue,-0.06939291565505622,-0.08265277642403443,-0.05767877564897068
validation,all-caps,cross_15111,cross_layer,induction,0.02174758540496948,0.007147897027348753,0.041562893175095095
validation,all-caps,cross_15111,cross_layer,rescue,0.03981101563972249,0.022059791726705347,0.06225297801451176
validation,all-caps,cross_15112,cross_layer,induction,-0.02684002143717413,-0.055758849149632334,-0.008997655691025173
validation,all-caps,cross_15112,cross_layer,rescue,-0.18573083151492453,-0.21653989602909116,-0.1579883450906196
validation,all-caps,cross_15113,cross_layer,induction,-0.009731288056926479,-0.038379703260185236,0.005361294942334126
validation,all-caps,cross_15113,cross_layer,rescue,-0.03402455912185264,-0.04890858930217749,-0.02014070627890023
validation,all-caps,cross_15114,cross_layer,induction,-0.02199800822158817,-0.0387230830766423,-0.008476107087842775
validation,all-caps,cross_15114,cross_layer,rescue,-0.14789022546991692,-0.170489937518515,-0.12716168754727145
validation,all-caps,cross_15115,cross_layer,induction,0.012175718335127619,-0.0016477194553301867,0.023597888451074255
validation,all-caps,cross_15115,cross_layer,rescue,0.051536828817618875,0.03583667202156482,0.06925040984244761
validation,all-caps,cross_15116,cross_layer,induction,0.016483726551019373,0.0007901314080227583,0.031175898875394688
validation,all-caps,cross_15116,cross_layer,rescue,0.09333368409458104,0.07343399898692568,0.11086153094830715
validation,all-caps,cross_15117,cross_layer,induction,0.0031293675665953974,-0.00297142649606113,0.008964964117233404
validation,all-caps,cross_15117,cross_layer,rescue,-0.049030496083945725,-0.06364032277496713,-0.03440074112873934
validation,all-caps,cross_15118,cross_layer,induction,-0.008951131518326853,-0.028961157774468924,0.005139668980088478
validation,all-caps,cross_15118,cross_layer,rescue,-0.09341040759371863,-0.11588915486785467,-0.07394106285836681
validation,all-caps,cross_15119,cross_layer,induction,-0.012665005418588064,-0.022575776950750037,-0.00457196728349197
validation,all-caps,cross_15119,cross_layer,rescue,-0.03308628452229917,-0.0448592193359265,-0.02133061729356194
validation,all-caps,cross_15120,cross_layer,induction,-0.024585648517240544,-0.05450619277812606,-0.004606812525696575
validation,all-caps,cross_15120,cross_layer,rescue,-0.11605907516791097,-0.13592386087247232,-0.09807830990318368
validation,all-caps,cross_15121,cross_layer,induction,-0.005089150752644394,-0.02507081586876882,0.008448999914667698
validation,all-caps,cross_15121,cross_layer,rescue,-0.06791200442912028,-0.088893329586651,-0.05077687863814606
validation,all-caps,cross_15122,cross_layer,induction,-0.013380392649943054,-0.032204288830870294,-0.002440605981483373
validation,all-caps,cross_15122,cross_layer,rescue,-0.13476544869829343,-0.15650184640367287,-0.11252553851135642
validation,all-caps,cross_15123,cross_layer,induction,0.03671336365657415,0.021312051694657348,0.05773480738802153
validation,all-caps,cross_15123,cross_layer,rescue,0.066378503873124,0.04966412084248772,0.08391899189278625
validation,all-caps,cross_15124,cross_layer,induction,-0.026140310747882187,-0.05261563188596159,-0.008007298960940181
validation,all-caps,cross_15124,cross_layer,rescue,-0.1566814305735345,-0.18029335947636688,-0.13676493543946958
validation,all-caps,cross_15125,cross_layer,induction,-0.009809223339508424,-0.025262905941050424,-0.000376265472622116
validation,all-caps,cross_15125,cross_layer,rescue,-0.12506527551165356,-0.14971942576295413,-0.10212402237201827
validation,all-caps,cross_15126,cross_layer,induction,0.0038565453472927335,-0.011476991100696233,0.0166479533716289
validation,all-caps,cross_15126,cross_layer,rescue,0.02757867698208544,0.01181277053389918,0.041486129022755405
validation,all-caps,cross_15127,cross_layer,induction,0.0012753098967855684,-0.014884057950001178,0.012806959446956223
validation,all-caps,cross_15127,cross_layer,rescue,0.01570299622778028,0.0038535289346394806,0.027863898752088466
validation,all-caps,cross_15128,cross_layer,induction,-0.004074774081360694,-0.014862722582311168,0.0049588861644042
validation,all-caps,cross_15128,cross_layer,rescue,-0.0195786483964247,-0.04018647638294743,-0.0012639830282014225
validation,all-caps,cross_15129,cross_layer,induction,-0.04033691929744939,-0.07870196458594589,-0.01237192045010974
validation,all-caps,cross_15129,cross_layer,rescue,-0.17860395815079982,-0.20996355797830116,-0.15485825271219533
validation,all-caps,cross_15130,cross_layer,induction,0.004601346809262852,-0.0018752902146529228,0.011931487677490053
validation,all-caps,cross_15130,cross_layer,rescue,-0.017301235019650828,-0.03615602526081502,0.0019037381310930013
validation,all-caps,cross_15131,cross_layer,induction,0.017463108573569832,0.0039380028050334534,0.0362489371326308
validation,all-caps,cross_15131,cross_layer,rescue,-0.0035535394148877744,-0.024140377892841975,0.02152081883057513
validation,all-caps,cross_15132,cross_layer,induction,-0.02347942487514876,-0.05214152582016124,-0.005588777326365047
validation,all-caps,cross_15132,cross_layer,rescue,-0.0627817897533974,-0.07821816751466869,-0.04782028164831622
validation,chemistry-based,within_15001,within_layer,induction,0.06247033671203943,0.049710134904462494,0.07582760111905044
validation,chemistry-based,within_15001,within_layer,rescue,0.21330470953758462,0.194407595933865,0.231444488980901
validation,chemistry-based,within_15002,within_layer,induction,0.09007421017613093,0.07801053328585228,0.10531052657243875
validation,chemistry-based,within_15002,within_layer,rescue,0.2670371426714588,0.24605058155858253,0.2892012143281557
validation,chemistry-based,within_15003,within_layer,induction,0.1016003009163308,0.08681670585702347,0.1194374114802757
validation,chemistry-based,within_15003,within_layer,rescue,0.2794521385908503,0.26041672097494223,0.2995319567249317
validation,chemistry-based,within_15004,within_layer,induction,0.16428287823570964,0.14400214558658145,0.18931039161796603
validation,chemistry-based,within_15004,within_layer,rescue,0.39596820110047576,0.37176877983657924,0.42079556521200995
validation,chemistry-based,within_15005,within_layer,induction,0.1228595518612048,0.1078560613702336,0.13935766824254872
validation,chemistry-based,within_15005,within_layer,rescue,0.3456145045976353,0.32503591450640495,0.36665219736646576
validation,chemistry-based,within_15006,within_layer,induction,0.11603245362236253,0.100056319969447,0.1335272264305171
validation,chemistry-based,within_15006,within_layer,rescue,0.2847082943982547,0.2669147098090075,0.30269007890395916
validation,chemistry-based,within_15007,within_layer,induction,0.05059490899322809,0.04115201968752373,0.06183812005034568
validation,chemistry-based,within_15007,within_layer,rescue,0.19281701890719943,0.17321229556100826,0.21505840199893794
validation,chemistry-based,within_15008,within_layer,induction,0.18850854782668686,0.16495617113113017,0.21422842965594363
validation,chemistry-based,within_15008,within_layer,rescue,0.415762691931731,0.39516766472856546,0.4371304466801173
validation,chemistry-based,within_15009,within_layer,induction,0.09238516745181113,0.07872814132559441,0.10933342028695482
validation,chemistry-based,within_15009,within_layer,rescue,0.33531169369229435,0.30986379227095273,0.3646242944217445
validation,chemistry-based,within_15010,within_layer,induction,0.05710973780182281,0.046650937859404024,0.06973279706987767
validation,chemistry-based,within_15010,within_layer,rescue,0.2145829423652462,0.1924877698009651,0.24090277929324705
validation,chemistry-based,within_15011,within_layer,induction,0.04943891451041837,0.04155707594681937,0.05896831873769353
validation,chemistry-based,within_15011,within_layer,rescue,0.19766732875180595,0.17292236306531578,0.2263130119287864
validation,chemistry-based,within_15012,within_layer,induction,0.048654683577686535,0.04123044759675853,0.05735152343535679
validation,chemistry-based,within_15012,within_layer,rescue,0.202531800373065,0.1774380054515048,0.23103888485460988
validation,chemistry-based,within_15013,within_layer,induction,0.09005730850160698,0.07522577927619863,0.10748433504547411
validation,chemistry-based,within_15013,within_layer,rescue,0.3419504916042729,0.3210902814958574,0.3657962064844106
validation,chemistry-based,within_15014,within_layer,induction,0.15852652193726502,0.1389025458667883,0.1817553524690463
validation,chemistry-based,within_15014,within_layer,rescue,0.4322273245569434,0.41170886459793915,0.45469870164736115
validation,chemistry-based,within_15015,within_layer,induction,0.2856793189959035,0.2528566819408964,0.3225736094342
validation,chemistry-based,within_15015,within_layer,rescue,0.5375927468995085,0.5150610863749153,0.5617803824013593
validation,chemistry-based,within_15016,within_layer,induction,0.10116477554541702,0.0891338607003801,0.11475424541309281
validation,chemistry-based,within_15016,within_layer,rescue,0.26768121317017546,0.24527895831324983,0.2895611674074606
validation,chemistry-based,within_15017,within_layer,induction,0.1871893208274773,0.16223976956717437,0.21615075244474394
validation,chemistry-based,within_15017,within_layer,rescue,0.40805626688094737,0.38629313201079724,0.43062933480652615
validation,chemistry-based,within_15018,within_layer,induction,0.0896040019827784,0.07528901046048775,0.10612407797240647
validation,chemistry-based,within_15018,within_layer,rescue,0.3470787178592098,0.3255842612552802,0.3709560079632733
validation,chemistry-based,within_15019,within_layer,induction,0.05780461762063528,0.04698701866084792,0.07105460223337233
validation,chemistry-based,within_15019,within_layer,rescue,0.20936017553961897,0.18760432641720143,0.2356100534374587
validation,chemistry-based,within_15020,within_layer,induction,0.11203424919695587,0.09996298128473259,0.12589194390268865
validation,chemistry-based,within_15020,within_layer,rescue,0.3287764875979869,0.3039115481810499,0.35338848347610863
validation,chemistry-based,within_15021,within_layer,induction,0.1921179009850436,0.172347190322287,0.2132070923913691
validation,chemistry-based,within_15021,within_layer,rescue,0.5064819507388434,0.485563309463214,0.5286032266635919
validation,chemistry-based,within_15022,within_layer,induction,0.12717166063534197,0.10708287889314631,0.15003123737952048
validation,chemistry-based,within_15022,within_layer,rescue,0.3469445812541569,0.325782883778299,0.3683839537987166
validation,chemistry-based,within_15023,within_layer,induction,0.0917488402652888,0.07865304353339907,0.10767804453557205
validation,chemistry-based,within_15023,within_layer,rescue,0.340187914176031,0.3141678276518282,0.3698178364328282
validation,chemistry-based,within_15024,within_layer,induction,0.08021339666383637,0.06942556317022072,0.09300233798425207
validation,chemistry-based,within_15024,within_layer,rescue,0.3287127652407006,0.3034354028071428,0.35564548777582
validation,chemistry-based,within_15025,within_layer,induction,0.10090114775886283,0.08419884542830001,0.12101294842008023
validation,chemistry-based,within_15025,within_layer,rescue,0.36269893200091724,0.3400149872154744,0.3900054217230009
validation,chemistry-based,within_15026,within_layer,induction,0.14528488868228343,0.1296351186885992,0.16436062455305833
validation,chemistry-based,within_15026,within_layer,rescue,0.40908615559104555,0.3861655916989181,0.43378880097440625
validation,chemistry-based,within_15027,within_layer,induction,0.17136358615716044,0.15235296327913003,0.19248215457267062
validation,chemistry-based,within_15027,within_layer,rescue,0.39085341500299886,0.36583094235648456,0.41536399086964965
validation,chemistry-based,within_15028,within_layer,induction,0.04161425666506619,0.03402197741500617,0.04970662770611957
validation,chemistry-based,within_15028,within_layer,rescue,0.1846579497614553,0.1615710474261618,0.20969730020779917
validation,chemistry-based,within_15029,within_layer,induction,0.07745893110492554,0.06295126141906789,0.09422145710537844
validation,chemistry-based,within_15029,within_layer,rescue,0.21841178896759178,0.20302579938677304,0.23417862598810923
validation,chemistry-based,within_15030,within_layer,induction,0.1113761324934105,0.09530677788020411,0.1292339306653167
validation,chemistry-based,within_15030,within_layer,rescue,0.3341275053221283,0.3094309789951867,0.3582024402610154
validation,chemistry-based,within_15031,within_layer,induction,0.04987657655065989,0.040972985043440706,0.06046680724584841
validation,chemistry-based,within_15031,within_layer,rescue,0.19828564928441583,0.1782748183217817,0.22072280070883343
validation,chemistry-based,within_15032,within_layer,induction,0.10124190987191362,0.08402494179230462,0.12216177932295558
validation,chemistry-based,within_15032,within_layer,rescue,0.3575784941593742,0.33530924131576745,0.38460738687670865
validation,chemistry-based,cross_15101,cross_layer,induction,0.05078214098542798,0.03625420792961143,0.06802599085012728
validation,chemistry-based,cross_15101,cross_layer,rescue,0.10284504328451617,0.08893160980871384,0.11839554953376029
validation,chemistry-based,cross_15102,cross_layer,induction,0.04343507665485142,0.03573443762211312,0.05223175527855256
validation,chemistry-based,cross_15102,cross_layer,rescue,0.08360055594388237,0.07235167097806831,0.09493610171484196
validation,chemistry-based,cross_15103,cross_layer,induction,0.10899698784169051,0.08287324288486692,0.14203027167252097
validation,chemistry-based,cross_15103,cross_layer,rescue,0.22319389734203368,0.20202643865374426,0.24812156010082978
validation,chemistry-based,cross_15104,cross_layer,induction,0.024455009190588545,0.017232645136600565,0.030989308397299735
validation,chemistry-based,cross_15104,cross_layer,rescue,0.0219993207562033,0.014825936819840289,0.029279107116697387
validation,chemistry-based,cross_15105,cross_layer,induction,0.07239770831954076,0.0564884606180755,0.09346208384796433
validation,chemistry-based,cross_15105,cross_layer,rescue,0.09573142840035812,0.08526973318996274,0.10789944269684176
validation,chemistry-based,cross_15106,cross_layer,induction,0.018883844055065085,0.005100022297302702,0.029771871641764362
validation,chemistry-based,cross_15106,cross_layer,rescue,0.01504399135062162,0.0015273205936730287,0.028091654747058978
validation,chemistry-based,cross_15107,cross_layer,induction,0.017035968983211653,0.009080987209243907,0.025493542016358853
validation,chemistry-based,cross_15107,cross_layer,rescue,0.050493690626182336,0.037598135338698296,0.06351728445169233
validation,chemistry-based,cross_15108,cross_layer,induction,-0.033679766123557976,-0.06144818810351001,-0.014488542872706983
validation,chemistry-based,cross_15108,cross_layer,rescue,-0.029973797739332536,-0.03772001481874985,-0.022007193631042473
validation,chemistry-based,cross_15109,cross_layer,induction,0.030336261985832284,0.021556562667046798,0.040833849855023
validation,chemistry-based,cross_15109,cross_layer,rescue,0.08719549222192675,0.06996445887554538,0.10756677017426149
validation,chemistry-based,cross_15110,cross_layer,induction,0.10186437407723034,0.08238319015715068,0.12694766521804263
validation,chemistry-based,cross_15110,cross_layer,rescue,0.13949590589421615,0.12298422974230887,0.1569773700092656
validation,chemistry-based,cross_15111,cross_layer,induction,-0.010645151560375292,-0.03492590024571027,0.007275920487656929
validation,chemistry-based,cross_15111,cross_layer,rescue,-0.05626036523343196,-0.06621780269542031,-0.046527286888314694
validation,chemistry-based,cross_15112,cross_layer,induction,0.08493837873142325,0.06677649145683574,0.108321304483624
validation,chemistry-based,cross_15112,cross_layer,rescue,0.0870102066283691,0.06780937365497436,0.1060797384134253
validation,chemistry-based,cross_15113,cross_layer,induction,0.048153333006058355,0.038711365242378275,0.058933257921810284
validation,chemistry-based,cross_15113,cross_layer,rescue,0.057977069104101615,0.043923269279668144,0.07381877373555079
validation,chemistry-based,cross_15114,cross_layer,induction,0.004918736820768835,-0.006686261478774146,0.013278104270560392
validation,chemistry-based,cross_15114,cross_layer,rescue,-0.020371330945009647,-0.030491125138510027,-0.010310894007799004
validation,chemistry-based,cross_15115,cross_layer,induction,0.008590684806423615,-0.008873700797751762,0.02033261433443071
validation,chemistry-based,cross_15115,cross_layer,rescue,0.0001263806081461812,-0.01334810297308637,0.012722564533886087
validation,chemistry-based,cross_15116,cross_layer,induction,0.016761928457215924,0.007994111605419893,0.024871472557870335
validation,chemistry-based,cross_15116,cross_layer,rescue,0.10159570905045362,0.07977643679158297,0.12618577557415897
validation,chemistry-based,cross_15117,cross_layer,induction,0.05018005124699905,0.04332689858605393,0.05744316944208277
validation,chemistry-based,cross_15117,cross_layer,rescue,0.07487424619282135,0.06176609526810068,0.08726457113253451
validation,chemistry-based,cross_15118,cross_layer,induction,0.010270151999231104,-0.009006150856132156,0.024445892827319026
validation,chemistry-based,cross_15118,cross_layer,rescue,-0.04623702672980517,-0.05785753521716393,-0.03569980668983358
validation,chemistry-based,cross_15119,cross_layer,induction,0.06973620760816165,0.0595004416721869,0.08114105301160326
validation,chemistry-based,cross_15119,cross_layer,rescue,0.05938400243286018,0.04554689737393507,0.07414103806630895
validation,chemistry-based,cross_15120,cross_layer,induction,0.01760192702316691,0.010570569797449716,0.023335593476761035
validation,chemistry-based,cross_15120,cross_layer,rescue,0.03386277128771438,0.025833791811932846,0.04275797621952434
validation,chemistry-based,cross_15121,cross_layer,induction,0.05136475828095972,0.043269474118565285,0.05828754954592319
validation,chemistry-based,cross_15121,cross_layer,rescue,0.06198186112346465,0.04689429975586899,0.07696240603801034
validation,chemistry-based,cross_15122,cross_layer,induction,0.0362239980785085,0.02309720625237194,0.049608986326483355
validation,chemistry-based,cross_15122,cross_layer,rescue,0.05014500056790162,0.03835290547884185,0.06323533085527966
validation,chemistry-based,cross_15123,cross_layer,induction,-0.023357257269322196,-0.051748248966954645,-0.0031263143809169814
validation,chemistry-based,cross_15123,cross_layer,rescue,0.038178691113211864,0.030719827654979614,0.04614724295740581
validation,chemistry-based,cross_15124,cross_layer,induction,0.08597584162421755,0.06940509334460307,0.10801755883130332
validation,chemistry-based,cross_15124,cross_layer,rescue,0.10725212954721411,0.09292020643387763,0.12626056228084753
validation,chemistry-based,cross_15125,cross_layer,induction,0.0263616793136796,0.019797018670297706,0.032246024758965146
validation,chemistry-based,cross_15125,cross_layer,rescue,0.040766930563604024,0.026151525073949917,0.057557991032999356
validation,chemistry-based,cross_15126,cross_layer,induction,0.028490213512559825,0.022163828419568658,0.03467068358199625
validation,chemistry-based,cross_15126,cross_layer,rescue,0.06155239058858781,0.04897436388218769,0.07537327893246361
validation,chemistry-based,cross_15127,cross_layer,induction,-0.010296694055154654,-0.028381957030763377,0.00262908966089113
validation,chemistry-based,cross_15127,cross_layer,rescue,0.033912252941249006,0.0210254472972279,0.04611975168477999
validation,chemistry-based,cross_15128,cross_layer,induction,0.007785639670108572,-0.002398722117406816,0.015860371765719035
validation,chemistry-based,cross_15128,cross_layer,rescue,0.0623791294018769,0.0506184203933702,0.07644362895185736
validation,chemistry-based,cross_15129,cross_layer,induction,0.04038876123378035,0.03393668000448509,0.04738881884345607
validation,chemistry-based,cross_15129,cross_layer,rescue,0.04840327398796759,0.04120395301328684,0.05551899567256422
validation,chemistry-based,cross_15130,cross_layer,induction,0.07252657935954851,0.05963878592439154,0.08912683729017538
validation,chemistry-based,cross_15130,cross_layer,rescue,0.1242626036679788,0.11253533926496362,0.139085794294519
validation,chemistry-based,cross_15131,cross_layer,induction,-0.005375048207016118,-0.025038745388181235,0.007767404123907215
validation,chemistry-based,cross_15131,cross_layer,rescue,-0.07194227076903438,-0.081085377178894,-0.06340971368816123
validation,chemistry-based,cross_15132,cross_layer,induction,0.07861778951390543,0.06673094376762882,0.09263030598223343
validation,chemistry-based,cross_15132,cross_layer,rescue,0.2065539253471725,0.18552834868295537,0.22767624683049717
validation,confused,within_15001,within_layer,induction,0.16442147740974336,0.13959041938845096,0.19066117894328385
validation,confused,within_15001,within_layer,rescue,0.2818176928789358,0.25815091551511515,0.3059545545955604
validation,confused,within_15002,within_layer,induction,0.19866530597922774,0.16884745927541397,0.22846986621141724
validation,confused,within_15002,within_layer,rescue,0.32110939585090836,0.2990947264466376,0.3442688472074099
validation,confused,within_15003,within_layer,induction,0.19349432450115203,0.16490928533530314,0.22119904775668922
validation,confused,within_15003,within_layer,rescue,0.318844397160479,0.2994789360137105,0.3405896148997506
validation,confused,within_15004,within_layer,induction,0.30216510199775753,0.26268154429068025,0.34331326773252596
validation,confused,within_15004,within_layer,rescue,0.500519502286865,0.4670938901234301,0.5368199314744576
validation,confused,within_15005,within_layer,induction,0.1604793844733965,0.13583256266456087,0.18651818739374634
validation,confused,within_15005,within_layer,rescue,0.2971176492241122,0.2743528506530855,0.3236525832077481
validation,confused,within_15006,within_layer,induction,0.1316684942425257,0.11138227248414563,0.1529571733101133
validation,confused,within_15006,within_layer,rescue,0.2629602431720421,0.24031842805659748,0.28974089721422436
validation,confused,within_15007,within_layer,induction,0.05226687194749442,0.04255723004820114,0.06326357611565396
validation,confused,within_15007,within_layer,rescue,0.14099767338082395,0.1301004675948221,0.15350378026603004
validation,confused,within_15008,within_layer,induction,0.11649322892994113,0.09824424724450502,0.1349510153362967
validation,confused,within_15008,within_layer,rescue,0.23616273607308724,0.2132433804402211,0.26381864096745766
validation,confused,within_15009,within_layer,induction,0.047783840601119204,0.03800932029813531,0.05779542792395102
validation,confused,within_15009,within_layer,rescue,0.13389160638649072,0.12208844163383734,0.14680061385288654
validation,confused,within_15010,within_layer,induction,0.053905760352792126,0.04399745538656412,0.06505493261719207
validation,confused,within_15010,within_layer,rescue,0.1434033038078335,0.13310030440868886,0.15501062100253088
validation,confused,within_15011,within_layer,induction,0.0601183530964304,0.04839461320622225,0.07326209036172196
validation,confused,within_15011,within_layer,rescue,0.15272963552702062,0.14081431624374793,0.16496361104430948
validation,confused,within_15012,within_layer,induction,0.057594454354574,0.04656601566133261,0.07005557767492672
validation,confused,within_15012,within_layer,rescue,0.149211080158711,0.13766259487460317,0.1612957576247299
validation,confused,within_15013,within_layer,induction,0.04050468642025714,0.03255914833332074,0.04911943573471766
validation,confused,within_15013,within_layer,rescue,0.12074706369198515,0.10899393038318665,0.13440599054139374
validation,confused,within_15014,within_layer,induction,0.17572698192328157,0.150345610304459,0.20024309027548695
validation,confused,within_15014,within_layer,rescue,0.3042773827329183,0.2830108479177308,0.32841832275696986
validation,confused,within_15015,within_layer,induction,0.2790632657183966,0.24309172547786334,0.3152579792887875
validation,confused,within_15015,within_layer,rescue,0.480850191998807,0.44716733471676456,0.5191639709499766
validation,confused,within_15016,within_layer,induction,0.13515882326911124,0.11362683517170766,0.15819773831165057
validation,confused,within_15016,within_layer,rescue,0.26906137206361186,0.2445953193519347,0.2967843489035073
validation,confused,within_15017,within_layer,induction,0.297437645573946,0.25936550221561133,0.3366127957729067
validation,confused,within_15017,within_layer,rescue,0.497763365820206,0.4665538580152326,0.5330578179936668
validation,confused,within_15018,within_layer,induction,0.03812893323979896,0.03073274497542471,0.046274567237801184
validation,confused,within_15018,within_layer,rescue,0.11689243737420736,0.1052738202941626,0.13076494786773146
validation,confused,within_15019,within_layer,induction,0.05640673729958275,0.045857889151143715,0.0680243074927064
validation,confused,within_15019,within_layer,rescue,0.1467694545936632,0.13641604805459062,0.15839291858776355
validation,confused,within_15020,within_layer,induction,0.16463074775798364,0.1386600289239939,0.19244235443070934
validation,confused,within_15020,within_layer,rescue,0.3010959680548235,0.2766651329207234,0.3285517207655499
validation,confused,within_15021,within_layer,induction,0.14139941444699095,0.11929884400477206,0.1637106129364042
validation,confused,within_15021,within_layer,rescue,0.27971805531137406,0.25467349824147056,0.3088697095404825
validation,confused,within_15022,within_layer,induction,0.14780454912964425,0.12618233339420556,0.169156120590497
validation,confused,within_15022,within_layer,rescue,0.2505327415749733,0.22860216687262053,0.2747988819967431
validation,confused,within_15023,within_layer,induction,0.04544071237679988,0.03625253922557596,0.054865851780449636
validation,confused,within_15023,within_layer,rescue,0.13004007676163318,0.11817523062490558,0.14315475582320947
validation,confused,within_15024,within_layer,induction,0.04184269706467042,0.033547223830914824,0.0506594784205599
validation,confused,within_15024,within_layer,rescue,0.12205114888318681,0.10961639866330458,0.13609906999461027
validation,confused,within_15025,within_layer,induction,0.04148311603394692,0.03331163114339091,0.0498931560949983
validation,confused,within_15025,within_layer,rescue,0.12486573507261042,0.11375459225293402,0.1379010880128437
validation,confused,within_15026,within_layer,induction,0.18132191120286326,0.1546127558903627,0.20737033590644824
validation,confused,within_15026,within_layer,rescue,0.3059200857397066,0.2824237232488293,0.3316024295441154
validation,confused,within_15027,within_layer,induction,0.11987533039071156,0.10045407936753573,0.14002194665589252
validation,confused,within_15027,within_layer,rescue,0.24133699372122577,0.21711922673732245,0.2695289337208217
validation,confused,within_15028,within_layer,induction,0.05575915528074357,0.0451343130235303,0.06780104123454977
validation,confused,within_15028,within_layer,rescue,0.14686102924460673,0.13467865295064896,0.159591051637066
validation,confused,within_15029,within_layer,induction,0.16037660389641628,0.1365786034359939,0.18462090681171411
validation,confused,within_15029,within_layer,rescue,0.2768657789220101,0.25532326423253165,0.30000791251876613
validation,confused,within_15030,within_layer,induction,0.1520882127078996,0.12931326136648724,0.17495080886138123
validation,confused,within_15030,within_layer,rescue,0.2546857230026871,0.2306926137542629,0.27990704481926637
validation,confused,within_15031,within_layer,induction,0.04952764051835973,0.04042196344089396,0.06008302714592299
validation,confused,within_15031,within_layer,rescue,0.13755028497280988,0.12685094034978198,0.14997991731841026
validation,confused,within_15032,within_layer,induction,0.04391126514466232,0.035116839395292504,0.052922058553097596
validation,confused,within_15032,within_layer,rescue,0.12874369199450098,0.11771039501187493,0.1415623324608025
validation,confused,cross_15101,cross_layer,induction,0.07165076229967755,0.060159364941161884,0.0829557533603616
validation,confused,cross_15101,cross_layer,rescue,0.13330929991952103,0.12016956431216576,0.14922327666209115
validation,confused,cross_15102,cross_layer,induction,0.008115791154232005,0.0031466616752358493,0.012699598459253992
validation,confused,cross_15102,cross_layer,rescue,0.02859736798365769,0.02190149403821643,0.035067397744963806
validation,confused,cross_15103,cross_layer,induction,0.047390848333441773,0.03890469637054099,0.05739418815508883
validation,confused,cross_15103,cross_layer,rescue,0.13289361946194753,0.12229378339255036,0.14595263471379766
validation,confused,cross_15104,cross_layer,induction,0.024584311779327874,0.0193146082425217,0.029750623893162728
validation,confused,cross_15104,cross_layer,rescue,0.06144713776106236,0.05134655209267132,0.0718046392253929
validation,confused,cross_15105,cross_layer,induction,0.07941525686017975,0.06651186555222728,0.09345157423035481
validation,confused,cross_15105,cross_layer,rescue,0.1548429632121798,0.14014685999470536,0.17127921551222144
validation,confused,cross_15106,cross_layer,induction,0.008559897372576848,0.002498882187394532,0.014578502158492934
validation,confused,cross_15106,cross_layer,rescue,0.019863051590200388,0.010604365832148396,0.029892364318041653
validation,confused,cross_15107,cross_layer,induction,0.0066876089143151594,0.001048475689113822,0.011618129627212415
validation,confused,cross_15107,cross_layer,rescue,0.10070187129050837,0.09272120556289934,0.10935723625941957
validation,confused,cross_15108,cross_layer,induction,0.06699262393670868,0.05642201932712472,0.07726868834714855
validation,confused,cross_15108,cross_layer,rescue,0.12520571605982753,0.11409932417935753,0.13781283194226784
validation,confused,cross_15109,cross_layer,induction,0.007054004378769371,0.0008768836839281977,0.012718431762779758
validation,confused,cross_15109,cross_layer,rescue,0.013523441733225694,0.005494049799387724,0.02047888095855526
validation,confused,cross_15110,cross_layer,induction,0.0955163678325237,0.08047363095107476,0.10969175334929367
validation,confused,cross_15110,cross_layer,rescue,0.20765995111914382,0.19207284802705554,0.22580381849279343
validation,confused,cross_15111,cross_layer,induction,0.027270651579430618,0.019159604021753943,0.03550793297663063
validation,confused,cross_15111,cross_layer,rescue,0.08353946639263299,0.07109361911172724,0.09679711282214178
validation,confused,cross_15112,cross_layer,induction,0.1130477919797471,0.09609384680044993,0.13020709873936823
validation,confused,cross_15112,cross_layer,rescue,0.16848544957011508,0.15613645652165387,0.18282975671825125
validation,confused,cross_15113,cross_layer,induction,0.04472328810990795,0.03636306761722824,0.05338280623589537
validation,confused,cross_15113,cross_layer,rescue,0.07490958432982675,0.06609164166219683,0.08499617189080762
validation,confused,cross_15114,cross_layer,induction,0.06586352468625052,0.05295891560876626,0.07837501832129276
validation,confused,cross_15114,cross_layer,rescue,0.15259575127634814,0.141408614098256,0.1670649804151622
validation,confused,cross_15115,cross_layer,induction,0.015204323516620205,0.0111787946948574,0.01918236577886415
validation,confused,cross_15115,cross_layer,rescue,0.012856476182988616,0.0027216504965379084,0.02324445168420757
validation,confused,cross_15116,cross_layer,induction,0.046508772305721965,0.040275672746322974,0.05219641878322852
validation,confused,cross_15116,cross_layer,rescue,0.12229660239313854,0.11118585193011975,0.135557065051542
validation,confused,cross_15117,cross_layer,induction,0.014864382413212567,0.011122396675131839,0.018461697967806875
validation,confused,cross_15117,cross_layer,rescue,0.049610413667208336,0.04019519714089699,0.059880066974690255
validation,confused,cross_15118,cross_layer,induction,-0.009309741478873252,-0.015745043022998402,-0.0032271879835931755
validation,confused,cross_15118,cross_layer,rescue,-0.07438768901439412,-0.08694171551820891,-0.06343131115700683
validation,confused,cross_15119,cross_layer,induction,0.019514441455922113,0.01259038888344156,0.027984375428991518
validation,confused,cross_15119,cross_layer,rescue,0.04918954261671788,0.03655922500414575,0.06325967492315582
validation,confused,cross_15120,cross_layer,induction,0.010530140466874005,0.005160676520241272,0.01603273864357112
validation,confused,cross_15120,cross_layer,rescue,-0.03756839478626422,-0.047241681361999674,-0.027895976953260234
validation,confused,cross_15121,cross_layer,induction,0.02686736928891233,0.019944942323550225,0.03468366099158173
validation,confused,cross_15121,cross_layer,rescue,0.0929420417112913,0.08173465193729487,0.10517185087893398
validation,confused,cross_15122,cross_layer,induction,0.052703856057007,0.046225610793764284,0.05901870917152069
validation,confused,cross_15122,cross_layer,rescue,0.06594259006524106,0.05814067922329004,0.07365669838549443
validation,confused,cross_15123,cross_layer,induction,0.06334781921839476,0.05275421285054488,0.0745833664346863
validation,confused,cross_15123,cross_layer,rescue,0.12215301640581473,0.11096617932630001,0.13397312164888156
validation,confused,cross_15124,cross_layer,induction,0.031239893994646096,0.027478493512408556,0.0348647838918173
validation,confused,cross_15124,cross_layer,rescue,0.08921828556772818,0.08081317730056688,0.09830267434975185
validation,confused,cross_15125,cross_layer,induction,0.010494626783392788,0.00538124884790138,0.016020417801135917
validation,confused,cross_15125,cross_layer,rescue,-0.003995941776805878,-0.011733367343183806,0.0035331364205179964
validation,confused,cross_15126,cross_layer,induction,0.0011584594319082936,-0.005407855108241397,0.006577491963683445
validation,confused,cross_15126,cross_layer,rescue,0.01390575226207649,0.005073122135739936,0.021777937770820086
validation,confused,cross_15127,cross_layer,induction,0.049374099247310184,0.03962867249825232,0.059112474894515814
validation,confused,cross_15127,cross_layer,rescue,0.06630334339507835,0.05582436718757835,0.07664893845378266
validation,confused,cross_15128,cross_layer,induction,0.0917786110474181,0.07607847731384415,0.10759848991426713
validation,confused,cross_15128,cross_layer,rescue,0.12923084708747157,0.11839998808619943,0.1408759864267062
validation,confused,cross_15129,cross_layer,induction,0.050319995067854166,0.0419219887845865,0.058646614891416975
validation,confused,cross_15129,cross_layer,rescue,0.07963691967778816,0.0739957752926049,0.08673866305322844
validation,confused,cross_15130,cross_layer,induction,0.06076590662683425,0.04899240374296736,0.0726520593889156
validation,confused,cross_15130,cross_layer,rescue,0.08279654070285625,0.07496599871986345,0.09252284432930867
validation,confused,cross_15131,cross_layer,induction,0.09589835216878997,0.08189376674154945,0.11014886846870404
validation,confused,cross_15131,cross_layer,rescue,0.21480249755491593,0.20076153763984222,0.23077831077768823
validation,confused,cross_15132,cross_layer,induction,0.025912448332056096,0.019689678855164542,0.03234254783615146
validation,confused,cross_15132,cross_layer,rescue,0.05165102462119006,0.043477480222501905,0.05993668402195463
validation,finnish,within_15001,within_layer,induction,0.3340835925236749,0.27985242391920706,0.38854167995617306
validation,finnish,within_15001,within_layer,rescue,0.5080203941085318,0.40927840282335526,0.6020937021602113
validation,finnish,within_15002,within_layer,induction,0.27763693845900744,0.23948709005157273,0.3182850190700129
validation,finnish,within_15002,within_layer,rescue,0.4504059068284547,0.3505789594548685,0.5453764257592897
validation,finnish,within_15003,within_layer,induction,0.2680670482420176,0.2307114987904127,0.30772948126596955
validation,finnish,within_15003,within_layer,rescue,0.4413325345444988,0.34212004898136034,0.5369328692139661
validation,finnish,within_15004,within_layer,induction,0.4528379638587591,0.3799844869436098,0.5365318690842553
validation,finnish,within_15004,within_layer,rescue,0.6511407732574989,0.5899729937207957,0.7088334943071007
validation,finnish,within_15005,within_layer,induction,0.11537133083649209,0.08404477128146311,0.14616960917265706
validation,finnish,within_15005,within_layer,rescue,0.21902561550404134,0.16738389041704496,0.26534874918337803
validation,finnish,within_15006,within_layer,induction,0.15367678143170482,0.12142127707650135,0.18421674966664547
validation,finnish,within_15006,within_layer,rescue,0.2634732140964988,0.20418047442838658,0.3165642715578722
validation,finnish,within_15007,within_layer,induction,0.04020381023034082,0.026253674727726942,0.05666244144154463
validation,finnish,within_15007,within_layer,rescue,0.1385466443354793,0.10136259929473573,0.17819929904248766
validation,finnish,within_15008,within_layer,induction,0.15748813402606074,0.124241150700017,0.1888148223166458
validation,finnish,within_15008,within_layer,rescue,0.267098132222814,0.2070037671028685,0.32105104535133316
validation,finnish,within_15009,within_layer,induction,0.04867117447093188,0.03314416632879766,0.06621652867663945
validation,finnish,within_15009,within_layer,rescue,0.15463124154953214,0.114345540482205,0.19631947439602696
validation,finnish,within_15010,within_layer,induction,0.038356860792049745,0.024026599574606795,0.05541021808373107
validation,finnish,within_15010,within_layer,rescue,0.1277056934760071,0.0935555375540901,0.16401086750719124
validation,finnish,within_15011,within_layer,induction,0.0463134463832968,0.03144148560170251,0.06317425948005431
validation,finnish,within_15011,within_layer,rescue,0.14970295909136733,0.11067132851347553,0.19011854563332578
validation,finnish,within_15012,within_layer,induction,0.042412554759834305,0.028009839683876846,0.058932978813240555
validation,finnish,within_15012,within_layer,rescue,0.13791324451115652,0.10171627129610775,0.17587076166058033
validation,finnish,within_15013,within_layer,induction,0.04258258600514251,0.028129896706387755,0.05935336711777377
validation,finnish,within_15013,within_layer,rescue,0.14387087387968583,0.10527309078626651,0.18441644304894356
validation,finnish,within_15014,within_layer,induction,0.2725869795033557,0.23443485682937762,0.31411268858258357
validation,finnish,within_15014,within_layer,rescue,0.4445232457713901,0.3461957759858845,0.538426720846299
validation,finnish,within_15015,within_layer,induction,0.4468129264246367,0.37479216955797606,0.530259607006868
validation,finnish,within_15015,within_layer,rescue,0.6452643709690395,0.5835639305751401,0.7039980351176712
validation,finnish,within_15016,within_layer,induction,0.16096981694646853,0.12835760378793198,0.19143421129456792
validation,finnish,within_15016,within_layer,rescue,0.2753356462782563,0.21391064025228837,0.32886717286667116
validation,finnish,within_15017,within_layer,induction,0.44187177638825215,0.37117034339710037,0.5228126377926193
validation,finnish,within_15017,within_layer,rescue,0.6429867271274389,0.5802643837210992,0.7026292435957355
validation,finnish,within_15018,within_layer,induction,0.039455962201351544,0.0254200679840622,0.05610431305806424
validation,finnish,within_15018,within_layer,rescue,0.13244382486279346,0.09643990027975399,0.17071829609309017
validation,finnish,within_15019,within_layer,induction,0.04199965917177582,0.0273687301804461,0.05900290275972527
validation,finnish,within_15019,within_layer,rescue,0.1397650576937025,0.10265472516598771,0.1787936444805801
validation,finnish,within_15020,within_layer,induction,0.12133879087511841,0.0895398033230174,0.15235262167744013
validation,finnish,within_15020,within_layer,rescue,0.23142437661846793,0.17826914432829596,0.2779990205284991
validation,finnish,within_15021,within_layer,induction,0.11897777520307021,0.0872656547144003,0.1501724220368978
validation,finnish,within_15021,within_layer,rescue,0.22062013331994615,0.16850649379818164,0.268024109760328
validation,finnish,within_15022,within_layer,induction,0.32914458060831264,0.2754542795301258,0.38320453630657103
validation,finnish,within_15022,within_layer,rescue,0.5001028664494972,0.400636889080654,0.5947293109703504
validation,finnish,within_15023,within_layer,induction,0.04496089127420391,0.02993200788893587,0.062438097233829024
validation,finnish,within_15023,within_layer,rescue,0.14325563086597715,0.10573532951053626,0.1825008782439908
validation,finnish,within_15024,within_layer,induction,0.043454331893816776,0.029310261348138647,0.05968783289466004
validation,finnish,within_15024,within_layer,rescue,0.1420497823396001,0.10428494423807427,0.181837231711052
validation,finnish,within_15025,within_layer,induction,0.04096205703176726,0.025790811893623776,0.05879136742607935
validation,finnish,within_15025,within_layer,rescue,0.13318786362869198,0.0973891065157924,0.1710686488406207
validation,finnish,within_15026,within_layer,induction,0.281942137451826,0.2429969544997771,0.32426621454274124
validation,finnish,within_15026,within_layer,rescue,0.4535403438565246,0.3546764549372226,0.5469943937199996
validation,finnish,within_15027,within_layer,induction,0.16500071109270195,0.13114199840011723,0.19659766797949974
validation,finnish,within_15027,within_layer,rescue,0.2789239858403255,0.21672036749659024,0.333097892502252
validation,finnish,within_15028,within_layer,induction,0.04442446708413003,0.030316399100537284,0.06062502912993583
validation,finnish,within_15028,within_layer,rescue,0.14816073290209975,0.10896638471542448,0.18897153668970496
validation,finnish,within_15029,within_layer,induction,0.32591387974361724,0.2724944082995044,0.3792219115198482
validation,finnish,within_15029,within_layer,rescue,0.49462901085622346,0.3939663055299968,0.590430486201767
validation,finnish,within_15030,within_layer,induction,0.3371191704888366,0.2829971662241464,0.391701479941517
validation,finnish,within_15030,within_layer,rescue,0.5134395571318532,0.41575746775604816,0.6061365525206723
validation,finnish,within_15031,within_layer,induction,0.037052499764607144,0.02343880748472658,0.053445989595318676
validation,finnish,within_15031,within_layer,rescue,0.1267448314592559,0.09219112653647436,0.1636951439030982
validation,finnish,within_15032,within_layer,induction,0.0446736147630322,0.02919499591193305,0.06254308199303779
validation,finnish,within_15032,within_layer,rescue,0.14488389146152794,0.10644755390967289,0.18510181584099925
validation,finnish,cross_15101,cross_layer,induction,0.006199419368585981,0.001047621243411169,0.012660169802430128
validation,finnish,cross_15101,cross_layer,rescue,0.06852849814407419,0.049544620132068354,0.08827463310758984
validation,finnish,cross_15102,cross_layer,induction,-0.004139414210710667,-0.006879012056634029,-0.0011909814324168988
validation,finnish,cross_15102,cross_layer,rescue,0.038295830411848523,0.026116161035416398,0.05170540865231482
validation,finnish,cross_15103,cross_layer,induction,0.01975873371320682,0.012169095650935394,0.02838809373168535
validation,finnish,cross_15103,cross_layer,rescue,0.10439342027057455,0.07434540777539375,0.13721670064141658
validation,finnish,cross_15104,cross_layer,induction,-0.0027614637031802107,-0.0057823558318118974,0.00041350260063097334
validation,finnish,cross_15104,cross_layer,rescue,0.019228817858842114,0.011315350149311771,0.02759727799482124
validation,finnish,cross_15105,cross_layer,induction,0.002452913185625058,-0.00041429294647232887,0.006064745310997099
validation,finnish,cross_15105,cross_layer,rescue,0.032220452113988295,0.021695922768226728,0.043930758041812464
validation,finnish,cross_15106,cross_layer,induction,0.008156592221249504,0.004794950680897164,0.01201886057089966
validation,finnish,cross_15106,cross_layer,rescue,0.05271642824996203,0.03512738728498711,0.07239892583816283
validation,finnish,cross_15107,cross_layer,induction,0.02734005821984918,0.01761443088461237,0.037445719136916356
validation,finnish,cross_15107,cross_layer,rescue,0.11098565497680397,0.0798581794252029,0.1445619156375482
validation,finnish,cross_15108,cross_layer,induction,0.00021866009808558444,-0.004199747027693882,0.004564682714801522
validation,finnish,cross_15108,cross_layer,rescue,0.06668131673223913,0.04652322779560195,0.08849029436975583
validation,finnish,cross_15109,cross_layer,induction,-0.00949335858708301,-0.012593136491878862,-0.006245690607436223
validation,finnish,cross_15109,cross_layer,rescue,0.04129765490749709,0.02813802746487623,0.05533946362256062
validation,finnish,cross_15110,cross_layer,induction,0.012689647019280229,0.007526302410352539,0.018209097756859215
validation,finnish,cross_15110,cross_layer,rescue,0.0843650553138267,0.05954248226284196,0.11126489646080798
validation,finnish,cross_15111,cross_layer,induction,0.022590278948613783,0.01508272019930311,0.030406372233755002
validation,finnish,cross_15111,cross_layer,rescue,0.08138068255431005,0.05899888658060969,0.10438333625809912
validation,finnish,cross_15112,cross_layer,induction,0.01462281812342044,0.008162236389122494,0.021664164997032172
validation,finnish,cross_15112,cross_layer,rescue,0.07348694500244045,0.05068372688131389,0.09883560921430513
validation,finnish,cross_15113,cross_layer,induction,0.00753793077469674,0.0036788216256308927,0.011616202025344781
validation,finnish,cross_15113,cross_layer,rescue,0.052480403700119985,0.03672577467905848,0.06943715246873305
validation,finnish,cross_15114,cross_layer,induction,-0.0022319184261446502,-0.005685311675336788,0.0006887518572463987
validation,finnish,cross_15114,cross_layer,rescue,0.038984790535910634,0.02761198068217316,0.05078542156220069
validation,finnish,cross_15115,cross_layer,induction,0.012120174267778096,0.0061199085722247705,0.018416248967544322
validation,finnish,cross_15115,cross_layer,rescue,0.03979827366146209,0.02768739610551906,0.05194868085348469
validation,finnish,cross_15116,cross_layer,induction,0.0053084780368619295,5.0744529122632076e-05,0.01051930335898596
validation,finnish,cross_15116,cross_layer,rescue,0.06571407179569266,0.04517910480767482,0.0873693452010919
validation,finnish,cross_15117,cross_layer,induction,0.002564560028756081,-0.0009474516785395265,0.006615792173782393
validation,finnish,cross_15117,cross_layer,rescue,0.057069851279850835,0.039308797090153044,0.07625813143221565
validation,finnish,cross_15118,cross_layer,induction,0.000444318224586775,-0.002922580995959666,0.0037068937959210454
validation,finnish,cross_15118,cross_layer,rescue,0.04154224817534242,0.027016338046158158,0.05696219096693041
validation,finnish,cross_15119,cross_layer,induction,0.0023372521542794665,-0.0012744817487634933,0.007350189722263991
validation,finnish,cross_15119,cross_layer,rescue,0.055607410110305566,0.03919606008577972,0.07324449110956836
validation,finnish,cross_15120,cross_layer,induction,0.013744169498632396,0.007854071669481863,0.01986303198927476
validation,finnish,cross_15120,cross_layer,rescue,0.03451553411380198,0.023891958068307285,0.045538195601191586
validation,finnish,cross_15121,cross_layer,induction,0.006383440714956531,0.001937983709712811,0.012447396063062883
validation,finnish,cross_15121,cross_layer,rescue,0.05891320819701795,0.041551316097113176,0.0786768800496246
validation,finnish,cross_15122,cross_layer,induction,0.007522195633357139,0.001702719202216447,0.013802033882019475
validation,finnish,cross_15122,cross_layer,rescue,0.05430303379330576,0.03735753588719508,0.07241933288877297
validation,finnish,cross_15123,cross_layer,induction,0.014623407744538009,0.009233918399641291,0.02072565586561746
validation,finnish,cross_15123,cross_layer,rescue,0.07986370373232508,0.055117421209250055,0.10698422487277874
validation,finnish,cross_15124,cross_layer,induction,0.005931022644714247,0.0024240613656749286,0.010183896706007233
validation,finnish,cross_15124,cross_layer,rescue,0.07673131350242801,0.05568293096752417,0.09871738828385095
validation,finnish,cross_15125,cross_layer,induction,0.010629469144107848,0.004544436450714277,0.01678720752103813
validation,finnish,cross_15125,cross_layer,rescue,0.08325920871156582,0.05939103021042539,0.1092854162802956
validation,finnish,cross_15126,cross_layer,induction,-0.001692212607426516,-0.0049911750072635,0.002247260314071446
validation,finnish,cross_15126,cross_layer,rescue,0.055484365128699656,0.03951878374539398,0.07213386062783814
validation,finnish,cross_15127,cross_layer,induction,-0.009637285697458786,-0.01406563303349407,-0.005720145558180101
validation,finnish,cross_15127,cross_layer,rescue,0.022989891872620103,0.01559936704765814,0.030795840764046636
validation,finnish,cross_15128,cross_layer,induction,0.006711812031292226,0.0032820036406616287,0.01051844757431854
validation,finnish,cross_15128,cross_layer,rescue,0.07320328785297532,0.0519668703830365,0.09572991071301327
validation,finnish,cross_15129,cross_layer,induction,-0.0016861198558782904,-0.006583960650639114,0.00453764861977509
validation,finnish,cross_15129,cross_layer,rescue,0.04498800632345044,0.03153295942089445,0.05991530232810414
validation,finnish,cross_15130,cross_layer,induction,-0.002313482680741863,-0.005728171319082578,0.0016222238532434315
validation,finnish,cross_15130,cross_layer,rescue,0.022445100948451494,0.01288791908172769,0.03302249248560822
validation,finnish,cross_15131,cross_layer,induction,0.027488601051094824,0.01822944366536849,0.03730187145942001
validation,finnish,cross_15131,cross_layer,rescue,0.0865739899048311,0.06253782532473133,0.11192328871468508
validation,finnish,cross_15132,cross_layer,induction,-0.004482281868462178,-0.009213635950168551,0.0012917032330445558
validation,finnish,cross_15132,cross_layer,rescue,0.022704241263265392,0.014400416109632944,0.0319323952276905
validation,jokey,within_15001,within_layer,induction,0.07457710577846995,0.054526500601572825,0.09453155187970344
validation,jokey,within_15001,within_layer,rescue,0.104555817524758,0.09286794306448108,0.116582539060028
validation,jokey,within_15002,within_layer,induction,0.06229542671962276,0.03927989404154193,0.08636943858817069
validation,jokey,within_15002,within_layer,rescue,0.0821045831822165,0.06353712627706472,0.10357581754183423
validation,jokey,within_15003,within_layer,induction,0.05345990203545459,0.032902052579311454,0.07514049088839307
validation,jokey,within_15003,within_layer,rescue,0.05974580070724678,0.03905466878392665,0.0831379869723481
validation,jokey,within_15004,within_layer,induction,0.12119642546405512,0.0887965433605877,0.1532192037568005
validation,jokey,within_15004,within_layer,rescue,0.16260186046670855,0.14591768224148813,0.1789639853525241
validation,jokey,within_15005,within_layer,induction,0.06834942745907753,0.04538613530385463,0.09384719729813958
validation,jokey,within_15005,within_layer,rescue,0.08103301338474014,0.06586412607241618,0.09711248805414668
validation,jokey,within_15006,within_layer,induction,0.07255943586022559,0.05267113308236637,0.09292554621345595
validation,jokey,within_15006,within_layer,rescue,0.08666292271304149,0.07525959251988018,0.09709901637705753
validation,jokey,within_15007,within_layer,induction,0.028368649359495544,0.016201870513954345,0.04187189708275275
validation,jokey,within_15007,within_layer,rescue,0.025692895516416753,0.014072165091184679,0.038442555472813195
validation,jokey,within_15008,within_layer,induction,0.0747178256089511,0.05522680898297541,0.09586614859171158
validation,jokey,within_15008,within_layer,rescue,0.08729255711815717,0.07581856598721293,0.09887876290185725
validation,jokey,within_15009,within_layer,induction,0.027696891847491016,0.01708040844960094,0.04021983412082676
validation,jokey,within_15009,within_layer,rescue,0.03422825192937718,0.02349262228692665,0.0458055698083847
validation,jokey,within_15010,within_layer,induction,0.01617822097461806,0.003917248393344977,0.02805907781717454
validation,jokey,within_15010,within_layer,rescue,0.010628716543054502,0.001201248965618983,0.020903473054174095
validation,jokey,within_15011,within_layer,induction,0.025206682376143527,0.009858261651394798,0.039814374312638796
validation,jokey,within_15011,within_layer,rescue,0.03397969619451457,0.02337238109608119,0.045126542313521444
validation,jokey,within_15012,within_layer,induction,0.024376937875628255,0.00899632164659797,0.03842578311322013
validation,jokey,within_15012,within_layer,rescue,0.03199972999169815,0.021152830887565408,0.04276073964192674
validation,jokey,within_15013,within_layer,induction,0.030829259418498973,0.017806127036001786,0.04584601521008461
validation,jokey,within_15013,within_layer,rescue,0.02646870016798292,0.014354655772496196,0.03983103672251693
validation,jokey,within_15014,within_layer,induction,0.055761388976998665,0.03733217857201838,0.07635675857049679
validation,jokey,within_15014,within_layer,rescue,0.06065307724980158,0.03969514679247874,0.08469007472099829
validation,jokey,within_15015,within_layer,induction,0.11394961945786289,0.08545721736731907,0.14264021117100625
validation,jokey,within_15015,within_layer,rescue,0.1393802493661902,0.12163997220349484,0.15973186522155325
validation,jokey,within_15016,within_layer,induction,0.08181998288058878,0.0595608581582196,0.1041847149155793
validation,jokey,within_15016,within_layer,rescue,0.10907573762896715,0.09580286698097655,0.12149747897112888
validation,jokey,within_15017,within_layer,induction,0.11182382710051324,0.08228830836343949,0.14103826222606378
validation,jokey,within_15017,within_layer,rescue,0.13936368290442847,0.12086817498081842,0.15809564447481486
validation,jokey,within_15018,within_layer,induction,0.029689121486238444,0.018476519322329396,0.042377696241719415
validation,jokey,within_15018,within_layer,rescue,0.024244473748674583,0.013327146883629806,0.03601442513393922
validation,jokey,within_15019,within_layer,induction,0.01710888075262627,0.004054393616606389,0.03017676296531978
validation,jokey,within_15019,within_layer,rescue,0.012852847867869345,0.002815987649562897,0.0240158232114657
validation,jokey,within_15020,within_layer,induction,0.0776221515795816,0.052008072624709314,0.10432767801734642
validation,jokey,within_15020,within_layer,rescue,0.10401363627008886,0.08849739477650576,0.11881295962284176
validation,jokey,within_15021,within_layer,induction,0.07020211844105251,0.0478523028956761,0.09602925151318491
validation,jokey,within_15021,within_layer,rescue,0.08187790043210137,0.06739400118550361,0.09784077975768594
validation,jokey,within_15022,within_layer,induction,0.06822790670633595,0.052586478949849115,0.08288461807336067
validation,jokey,within_15022,within_layer,rescue,0.08160679478984678,0.06711490765779621,0.09817142491641419
validation,jokey,within_15023,within_layer,induction,0.02690047045948618,0.01750513450454333,0.03784323853913484
validation,jokey,within_15023,within_layer,rescue,0.032472018044890846,0.021726862287587877,0.043394738862387004
validation,jokey,within_15024,within_layer,induction,0.038256229450079955,0.02734636979842892,0.05079394924091421
validation,jokey,within_15024,within_layer,rescue,0.04606412049525373,0.03520492735106669,0.05702880945547043
validation,jokey,within_15025,within_layer,induction,0.018221846684613567,0.007895465101468753,0.029379695760606183
validation,jokey,within_15025,within_layer,rescue,0.011810822428030285,0.002864755211545759,0.02191334505436686
validation,jokey,within_15026,within_layer,induction,0.06443678454406575,0.045474235115347685,0.08565161914763988
validation,jokey,within_15026,within_layer,rescue,0.08183724253115836,0.06285436727509204,0.10421609452203882
validation,jokey,within_15027,within_layer,induction,0.08392040502806829,0.06400716951893559,0.10470944100688571
validation,jokey,within_15027,within_layer,rescue,0.1094618487999155,0.09549525955329852,0.12253441544388484
validation,jokey,within_15028,within_layer,induction,0.03657493878517205,0.0218026781099699,0.05182858313836739
validation,jokey,within_15028,within_layer,rescue,0.04788365853381188,0.037690251986358496,0.058961508171256345
validation,jokey,within_15029,within_layer,induction,0.06569797276157371,0.04909507068337052,0.08124208230511473
validation,jokey,within_15029,within_layer,rescue,0.08138848536013266,0.06816291989402914,0.09516093473884552
validation,jokey,within_15030,within_layer,induction,0.07733829451649515,0.05992939557543143,0.09361842372643828
validation,jokey,within_15030,within_layer,rescue,0.10451733553597539,0.0905993466615864,0.12008291922846587
validation,jokey,within_15031,within_layer,induction,0.027182590796822986,0.01649232984900997,0.03880941114379457
validation,jokey,within_15031,within_layer,rescue,0.023342329806281908,0.012884642331055114,0.03461806699203376
validation,jokey,within_15032,within_layer,induction,0.019365568177786903,0.007574339160770613,0.03229923164439043
validation,jokey,within_15032,within_layer,rescue,0.013708375488555467,0.0037994155022374673,0.02523948731433244
validation,jokey,cross_15101,cross_layer,induction,0.03355538331329075,0.023903764266884394,0.04381519759137888
validation,jokey,cross_15101,cross_layer,rescue,0.036517477937476915,0.023802953881352135,0.050022733042098214
validation,jokey,cross_15102,cross_layer,induction,-0.013613807768503407,-0.027183846661083373,-0.0011464657846754418
validation,jokey,cross_15102,cross_layer,rescue,-0.024920051306582324,-0.036695850478131314,-0.015240601793140978
validation,jokey,cross_15103,cross_layer,induction,0.0463225497912766,0.03431831359792411,0.05988066913168216
validation,jokey,cross_15103,cross_layer,rescue,0.06458952131554083,0.048153581529045225,0.08057830309374595
validation,jokey,cross_15104,cross_layer,induction,0.02238786637505957,0.012254753539080747,0.03474074212106271
validation,jokey,cross_15104,cross_layer,rescue,0.02901003168828802,0.014014427504600727,0.04516146603106033
validation,jokey,cross_15105,cross_layer,induction,0.014578171036996043,0.00413535792299448,0.025521210038880988
validation,jokey,cross_15105,cross_layer,rescue,0.005745255820804016,-0.0059843062890028624,0.018085142938699457
validation,jokey,cross_15106,cross_layer,induction,-0.004566497637372304,-0.016214433306059158,0.00842097049258314
validation,jokey,cross_15106,cross_layer,rescue,-0.020393937547862562,-0.03604855610157088,-0.005121095004795439
validation,jokey,cross_15107,cross_layer,induction,0.0752383328265631,0.05834911725560374,0.09212994871740406
validation,jokey,cross_15107,cross_layer,rescue,0.08348774885628352,0.07095229015697233,0.0969622209358139
validation,jokey,cross_15108,cross_layer,induction,-0.01693984278297659,-0.03260515766809227,-0.005423495144897659
validation,jokey,cross_15108,cross_layer,rescue,-0.008319895438699527,-0.01703858451868578,-5.996078600793402e-05
validation,jokey,cross_15109,cross_layer,induction,0.012387374085881659,0.003929310938972442,0.020424384265731003
validation,jokey,cross_15109,cross_layer,rescue,-0.0030349144838242867,-0.014073417941505496,0.008126274794469148
validation,jokey,cross_15110,cross_layer,induction,-0.009678907737040141,-0.0223970225118232,0.0014742335498057462
validation,jokey,cross_15110,cross_layer,rescue,-0.004153687436131535,-0.015982429124021053,0.007105975081250207
validation,jokey,cross_15111,cross_layer,induction,0.0689029875206395,0.04785960417327215,0.09250766404027363
validation,jokey,cross_15111,cross_layer,rescue,0.06653968290210617,0.051774381353343946,0.08305451942340845
validation,jokey,cross_15112,cross_layer,induction,0.03898296158927203,0.02657795189611627,0.05251685443087411
validation,jokey,cross_15112,cross_layer,rescue,0.05270421237174956,0.03986529877314259,0.06603776176336476
validation,jokey,cross_15113,cross_layer,induction,0.004989673138404169,-0.006140014464463141,0.016151038293774362
validation,jokey,cross_15113,cross_layer,rescue,0.020796254822492016,0.006819291565150372,0.03474780349302885
validation,jokey,cross_15114,cross_layer,induction,0.01863683905423141,0.007952051416640488,0.02966818162527078
validation,jokey,cross_15114,cross_layer,rescue,0.009037027413400147,-0.0056602772101012645,0.0258291432796352
validation,jokey,cross_15115,cross_layer,induction,0.051443698574399406,0.041548831072323225,0.06274287090015429
validation,jokey,cross_15115,cross_layer,rescue,0.06364840865070803,0.04516118817527203,0.08309495689227772
validation,jokey,cross_15116,cross_layer,induction,0.06811096049922888,0.055740610860434095,0.08110767228604196
validation,jokey,cross_15116,cross_layer,rescue,0.08785309661504444,0.06996400339727205,0.10789627002341198
validation,jokey,cross_15117,cross_layer,induction,-0.011281259962399436,-0.0241026595543356,-0.0012684552796395393
validation,jokey,cross_15117,cross_layer,rescue,-0.011964035297594513,-0.023616466081430854,-0.00033654883838451566
validation,jokey,cross_15118,cross_layer,induction,0.0186167991409704,0.007841385620060426,0.029796431428611818
validation,jokey,cross_15118,cross_layer,rescue,0.017131464443588304,0.004688345532940994,0.028707687242126256
validation,jokey,cross_15119,cross_layer,induction,0.0013654618321133343,-0.00846941861547529,0.011433190232905207
validation,jokey,cross_15119,cross_layer,rescue,-0.0019626690149467723,-0.011213031652640187,0.006252497987318165
validation,jokey,cross_15120,cross_layer,induction,-0.022012683563403284,-0.037815183378154045,-0.00634359949488709
validation,jokey,cross_15120,cross_layer,rescue,-0.01595972886337696,-0.03456363237953244,0.0036016747584011522
validation,jokey,cross_15121,cross_layer,induction,0.059194530420988725,0.04371923356584552,0.07609100472743885
validation,jokey,cross_15121,cross_layer,rescue,0.051430032494689325,0.04112741863681743,0.06321247764981654
validation,jokey,cross_15122,cross_layer,induction,0.028982674504001136,0.015974716849247568,0.04218066936885352
validation,jokey,cross_15122,cross_layer,rescue,0.05235975509143926,0.03279363116894681,0.0724184887598583
validation,jokey,cross_15123,cross_layer,induction,0.023670706107244647,0.011055744421109983,0.037631916784299495
validation,jokey,cross_15123,cross_layer,rescue,0.032877221937895246,0.019821752773600796,0.044509486268844156
validation,jokey,cross_15124,cross_layer,induction,-0.026908498436726606,-0.04478254063006854,-0.013852660135477585
validation,jokey,cross_15124,cross_layer,rescue,-0.019329922757645817,-0.033988093968887835,-0.004696055606927719
validation,jokey,cross_15125,cross_layer,induction,0.009463198390977146,-0.002557126987127018,0.019624527967101343
validation,jokey,cross_15125,cross_layer,rescue,0.034704447615506576,0.02100440744471427,0.04959504013281332
validation,jokey,cross_15126,cross_layer,induction,0.06679691976323032,0.05085920826591194,0.08451194357569966
validation,jokey,cross_15126,cross_layer,rescue,0.09179518003449667,0.07508019414295099,0.10948200038404829
validation,jokey,cross_15127,cross_layer,induction,0.039483038505702346,0.025917854401131972,0.05309571462024662
validation,jokey,cross_15127,cross_layer,rescue,0.03562356717623168,0.02250948054308798,0.04968875254284196
validation,jokey,cross_15128,cross_layer,induction,0.039170177622099525,0.030186275121208854,0.04874124006206016
validation,jokey,cross_15128,cross_layer,rescue,0.04746293046474421,0.03395246923725848,0.06264303741761845
validation,jokey,cross_15129,cross_layer,induction,-0.014101787664366327,-0.022034419720574207,-0.006996335086930968
validation,jokey,cross_15129,cross_layer,rescue,-0.025008087536423192,-0.04339992169770063,-0.009297975406232773
validation,jokey,cross_15130,cross_layer,induction,-0.0214100997879573,-0.032458073360230384,-0.011936450046576723
validation,jokey,cross_15130,cross_layer,rescue,-0.022588646511265315,-0.03659634371604535,-0.009393722955999863
validation,jokey,cross_15131,cross_layer,induction,0.0337248116708611,0.02174113171730418,0.04598034408643252
validation,jokey,cross_15131,cross_layer,rescue,0.028999779000397116,0.015745878056827606,0.04192484297823198
validation,jokey,cross_15132,cross_layer,induction,0.041640076911625544,0.027140448894414672,0.05886887687337039
validation,jokey,cross_15132,cross_layer,rescue,0.048333788318776605,0.028621594932922025,0.06746374601915936
validation,literature-focused,within_15001,within_layer,induction,0.06431675119493553,0.05211665605846307,0.07680848972690434
validation,literature-focused,within_15001,within_layer,rescue,0.00021456658270852688,2.8574613000118457e-05,0.0004950756431118291
validation,literature-focused,within_15002,within_layer,induction,0.05123223554136674,0.040318997406423515,0.06310147142112896
validation,literature-focused,within_15002,within_layer,rescue,0.00023207615506796493,3.5391514815231075e-05,0.0005222124785685003
validation,literature-focused,within_15003,within_layer,induction,0.06905409482271373,0.05452754972351817,0.08403168238938823
validation,literature-focused,within_15003,within_layer,rescue,0.00030708766783619216,4.5926414091867445e-05,0.0006932337649137773
validation,literature-focused,within_15004,within_layer,induction,0.15457052894976564,0.12863760475760846,0.18189045272402513
validation,literature-focused,within_15004,within_layer,rescue,0.0005502055513127896,0.00010362996445046066,0.001211405207864002
validation,literature-focused,within_15005,within_layer,induction,0.09606145802523994,0.07743112178967863,0.11521023986713319
validation,literature-focused,within_15005,within_layer,rescue,0.0003673933574873046,6.611463567506392e-05,0.0007870394745377763
validation,literature-focused,within_15006,within_layer,induction,0.10994544169428537,0.08917533453911279,0.13177362879805343
validation,literature-focused,within_15006,within_layer,rescue,0.000340177811190768,5.920230500714339e-05,0.000743341468857347
validation,literature-focused,within_15007,within_layer,induction,0.02796481781357872,0.02152566484820851,0.03421361171366419
validation,literature-focused,within_15007,within_layer,rescue,0.00012959690995111484,1.8773935103011535e-05,0.0002813473449140698
validation,literature-focused,within_15008,within_layer,induction,0.12180834937046792,0.09913502021838826,0.1464935962517217
validation,literature-focused,within_15008,within_layer,rescue,0.0003886256355117209,7.182450975694592e-05,0.0008470325835070116
validation,literature-focused,within_15009,within_layer,induction,0.02538654522921485,0.01972105295186391,0.031016436550997274
validation,literature-focused,within_15009,within_layer,rescue,0.00010542772023152937,1.9353487701692415e-05,0.00022670933165952603
validation,literature-focused,within_15010,within_layer,induction,0.028967044784912466,0.02206616262965134,0.035867360774996644
validation,literature-focused,within_15010,within_layer,rescue,0.00013612929454065236,1.9811375303573315e-05,0.000297647328583408
validation,literature-focused,within_15011,within_layer,induction,0.01734323282337724,0.012667845526915552,0.022324137110630457
validation,literature-focused,within_15011,within_layer,rescue,8.953759117009296e-05,1.5059338719670282e-05,0.0001909345105242727
validation,literature-focused,within_15012,within_layer,induction,0.01695563413827146,0.012349896832418038,0.02181870359177587
validation,literature-focused,within_15012,within_layer,rescue,9.416023672590351e-05,1.5051259249244509e-05,0.00020228094100580908
validation,literature-focused,within_15013,within_layer,induction,0.036541566335643975,0.028453722169638013,0.04494789188353882
validation,literature-focused,within_15013,within_layer,rescue,0.0001458349694919389,2.259103373195442e-05,0.00031555342198160465
validation,literature-focused,within_15014,within_layer,induction,0.08213132967818362,0.06497581238832419,0.1001169552761148
validation,literature-focused,within_15014,within_layer,rescue,0.0003370303890590048,5.3233799145435e-05,0.0007647561656899154
validation,literature-focused,within_15015,within_layer,induction,0.20362481715802436,0.17221255844983122,0.2363930074806125
validation,literature-focused,within_15015,within_layer,rescue,0.0007639550145044707,0.00015187272135602637,0.0016821165991601943
validation,literature-focused,within_15016,within_layer,induction,0.0882715419130424,0.07139217289856763,0.10584394305451206
validation,literature-focused,within_15016,within_layer,rescue,0.0002617462836923229,4.824091484053284e-05,0.0005673909360665811
validation,literature-focused,within_15017,within_layer,induction,0.18662528467162803,0.15670996045393723,0.21757264515717897
validation,literature-focused,within_15017,within_layer,rescue,0.0006765531320802845,0.00012703055519207787,0.0014936303149024096
validation,literature-focused,within_15018,within_layer,induction,0.03568826945383152,0.027892235239334904,0.04376818500787213
validation,literature-focused,within_15018,within_layer,rescue,0.00015185698775172787,2.260918514567002e-05,0.0003310341707474783
validation,literature-focused,within_15019,within_layer,induction,0.02964900364562925,0.022589941759990947,0.03677901855052361
validation,literature-focused,within_15019,within_layer,rescue,0.0001303894567843866,1.9987010316402826e-05,0.00028353546618988207
validation,literature-focused,within_15020,within_layer,induction,0.07621025325139683,0.06147150319920825,0.09131696231187843
validation,literature-focused,within_15020,within_layer,rescue,0.0002797777251942839,5.344914684065928e-05,0.0005891760941647685
validation,literature-focused,within_15021,within_layer,induction,0.1090567809359925,0.08774685258874365,0.13198768734025568
validation,literature-focused,within_15021,within_layer,rescue,0.0004084647269565923,7.789857798108605e-05,0.0008703639377183216
validation,literature-focused,within_15022,within_layer,induction,0.09585183748073448,0.0781265949617307,0.11404803597149206
validation,literature-focused,within_15022,within_layer,rescue,0.00031638235129233597,4.384713893296461e-05,0.0007359266644218875
validation,literature-focused,within_15023,within_layer,induction,0.024802851436593436,0.01928154319166657,0.03018638973996767
validation,literature-focused,within_15023,within_layer,rescue,0.00010865643200161913,1.930030133974468e-05,0.00023315121664939029
validation,literature-focused,within_15024,within_layer,induction,0.023275295701613668,0.018360568597163167,0.028100445561206288
validation,literature-focused,within_15024,within_layer,rescue,0.00010858078303181905,1.828808894451896e-05,0.00023081622981036126
validation,literature-focused,within_15025,within_layer,induction,0.037539205731858365,0.029034045308175015,0.0464322920240031
validation,literature-focused,within_15025,within_layer,rescue,0.00015209325617829777,2.390951848167406e-05,0.0003314602029354358
validation,literature-focused,within_15026,within_layer,induction,0.0633862446329031,0.05029973208461017,0.07716225404921932
validation,literature-focused,within_15026,within_layer,rescue,0.000260557099221175,4.32611880567965e-05,0.0005840254749482151
validation,literature-focused,within_15027,within_layer,induction,0.09959080611835675,0.08056180211809481,0.11998493038456298
validation,literature-focused,within_15027,within_layer,rescue,0.0003019561509852984,5.8549878774656773e-05,0.0006548765674374445
validation,literature-focused,within_15028,within_layer,induction,0.015974161989546667,0.011882542450048474,0.020140655768580436
validation,literature-focused,within_15028,within_layer,rescue,9.005822813563465e-05,1.436612152931381e-05,0.0001919784643476513
validation,literature-focused,within_15029,within_layer,induction,0.08373766119661377,0.0680643956187294,0.09948157699755646
validation,literature-focused,within_15029,within_layer,rescue,0.0002809428073009516,3.63654163304101e-05,0.0006483652485611731
validation,literature-focused,within_15030,within_layer,induction,0.07557475940798807,0.061563045721112965,0.08963813839597527
validation,literature-focused,within_15030,within_layer,rescue,0.0002460783047854558,3.6353635563130766e-05,0.0005700459412639289
validation,literature-focused,within_15031,within_layer,induction,0.02734769799948421,0.02098590558850981,0.033521794044580354
validation,literature-focused,within_15031,within_layer,rescue,0.00013580097687880777,1.8772507186124912e-05,0.0002977549144025371
validation,literature-focused,within_15032,within_layer,induction,0.03840201787723734,0.029670365932833415,0.04756868060257863
validation,literature-focused,within_15032,within_layer,rescue,0.000146692191384604,2.385774700610322e-05,0.00031917209605806596
validation,literature-focused,cross_15101,cross_layer,induction,0.02435364478147962,0.018909050627711085,0.03036635914648885
validation,literature-focused,cross_15101,cross_layer,rescue,2.1068870262728135e-05,3.731343054669614e-06,4.717515971149342e-05
validation,literature-focused,cross_15102,cross_layer,induction,0.014230377229005884,0.011044984661690606,0.01730675314165954
validation,literature-focused,cross_15102,cross_layer,rescue,1.3211948741202922e-05,-2.906170590447359e-07,3.1658332416583105e-05
validation,literature-focused,cross_15103,cross_layer,induction,0.02275466129285271,0.015817331519619,0.03117152202728077
validation,literature-focused,cross_15103,cross_layer,rescue,4.3074120341315094e-05,1.0876873140691873e-05,8.35727831440192e-05
validation,literature-focused,cross_15104,cross_layer,induction,0.004281358434944922,-0.002218067032580057,0.008884419707805886
validation,literature-focused,cross_15104,cross_layer,rescue,0.00013850911407688564,2.161622463053274e-05,0.00029664833985095667
validation,literature-focused,cross_15105,cross_layer,induction,0.010384217525836195,0.005962830973019949,0.014508363140979927
validation,literature-focused,cross_15105,cross_layer,rescue,7.7768198390532e-05,1.0892319206581962e-05,0.00016625669737622628
validation,literature-focused,cross_15106,cross_layer,induction,0.04330414641234157,0.032295855736894266,0.056962631567327504
validation,literature-focused,cross_15106,cross_layer,rescue,0.00011560183852933721,2.3948071725446578e-05,0.00024229230192450367
validation,literature-focused,cross_15107,cross_layer,induction,0.018989919183633176,0.011824191002891083,0.02836147084917216
validation,literature-focused,cross_15107,cross_layer,rescue,3.1288437558918944e-05,7.5168571036473245e-06,5.918380194139825e-05
validation,literature-focused,cross_15108,cross_layer,induction,0.06087402126583954,0.04826155723364187,0.07411285114323389
validation,literature-focused,cross_15108,cross_layer,rescue,8.830463702111611e-05,1.4814237580059335e-05,0.000191599292839529
validation,literature-focused,cross_15109,cross_layer,induction,0.04083815077421779,0.0328951324723479,0.04974270869198202
validation,literature-focused,cross_15109,cross_layer,rescue,0.00011921828751894291,1.6765746990035362e-05,0.000294593171673556
validation,literature-focused,cross_15110,cross_layer,induction,0.04784772431341905,0.0366549002309579,0.06092703598568194
validation,literature-focused,cross_15110,cross_layer,rescue,0.0001856418682649386,3.654913311089587e-05,0.00039364423268592707
validation,literature-focused,cross_15111,cross_layer,induction,0.002098696972921149,-0.003045354149114703,0.0068716278187194064
validation,literature-focused,cross_15111,cross_layer,rescue,8.47956107300521e-05,1.582475415564118e-05,0.00017603498433810028
validation,literature-focused,cross_15112,cross_layer,induction,0.043769437264016095,0.034268513501043325,0.05468529034442074
validation,literature-focused,cross_15112,cross_layer,rescue,2.8954742127509715e-05,6.787359476825287e-06,5.4753019599842056e-05
validation,literature-focused,cross_15113,cross_layer,induction,0.03139725338229913,0.023970918986864626,0.039595440756732735
validation,literature-focused,cross_15113,cross_layer,rescue,2.5992145630205162e-05,7.847541801671178e-06,4.684445512320688e-05
validation,literature-focused,cross_15114,cross_layer,induction,0.045818453962239526,0.033652936188177975,0.061069632636258676
validation,literature-focused,cross_15114,cross_layer,rescue,8.938476273150055e-05,1.5950468961450983e-05,0.0002015322657038644
validation,literature-focused,cross_15115,cross_layer,induction,-0.003945674490004474,-0.009695821584080026,0.0003353890773851113
validation,literature-focused,cross_15115,cross_layer,rescue,8.365153974921508e-05,1.662421614055096e-05,0.0001729570993953135
validation,literature-focused,cross_15116,cross_layer,induction,0.01839795589137851,0.013705792924656582,0.02351120334237946
validation,literature-focused,cross_15116,cross_layer,rescue,2.427278414058436e-05,5.7919152701684826e-06,4.6107696971735064e-05
validation,literature-focused,cross_15117,cross_layer,induction,0.03810792662844367,0.028241816010299944,0.05067517125410762
validation,literature-focused,cross_15117,cross_layer,rescue,7.105684320320907e-05,1.026887591758507e-05,0.00015414104777699352
validation,literature-focused,cross_15118,cross_layer,induction,0.03448681516852135,0.0277532761012703,0.04139359341165953
validation,literature-focused,cross_15118,cross_layer,rescue,0.0002570156015087194,3.431285980328619e-05,0.0006169948916882519
validation,literature-focused,cross_15119,cross_layer,induction,0.017817394305217896,0.012845231774744021,0.022976247303756504
validation,literature-focused,cross_15119,cross_layer,rescue,0.00015463289431415713,2.36328930272334e-05,0.0003383620014065327
validation,literature-focused,cross_15120,cross_layer,induction,0.05128647175273471,0.04027930363214514,0.06324692898381024
validation,literature-focused,cross_15120,cross_layer,rescue,8.02585013819093e-05,1.3786926542503486e-05,0.00017028449664531964
validation,literature-focused,cross_15121,cross_layer,induction,0.019187256100275947,0.014372294729501137,0.02417041371837624
validation,literature-focused,cross_15121,cross_layer,rescue,3.1993007154116584e-05,9.865247395239897e-06,6.128970870499767e-05
validation,literature-focused,cross_15122,cross_layer,induction,0.06487106868756852,0.04973633492304357,0.08265925029709573
validation,literature-focused,cross_15122,cross_layer,rescue,3.2785925674504996e-05,8.753053389273055e-06,6.535278649564835e-05
validation,literature-focused,cross_15123,cross_layer,induction,0.05258171426559275,0.04166827188085647,0.06441343438136071
validation,literature-focused,cross_15123,cross_layer,rescue,9.5229947865037e-05,1.8390168969256215e-05,0.00020509860435218082
validation,literature-focused,cross_15124,cross_layer,induction,0.05536088309212304,0.04174725291047552,0.07155827455125954
validation,literature-focused,cross_15124,cross_layer,rescue,6.375484136489479e-05,1.33944714035284e-05,0.00013140332428092258
validation,literature-focused,cross_15125,cross_layer,induction,0.06678631011338909,0.05090266782616702,0.08572890933554186
validation,literature-focused,cross_15125,cross_layer,rescue,2.5443662348949942e-05,6.079438350195809e-06,4.843446138118701e-05
validation,literature-focused,cross_15126,cross_layer,induction,0.026299480587578923,0.02101262426133325,0.03169761768843182
validation,literature-focused,cross_15126,cross_layer,rescue,0.00012182028795957616,1.5975194214824282e-05,0.000302408994733441
validation,literature-focused,cross_15127,cross_layer,induction,0.0008081567245604444,-0.003600686478281255,0.004311826689840355
validation,literature-focused,cross_15127,cross_layer,rescue,5.833524511955999e-05,8.94360012681173e-06,0.00012894201698078
validation,literature-focused,cross_15128,cross_layer,induction,0.016665303910114438,0.012133892668818666,0.022013066536216985
validation,literature-focused,cross_15128,cross_layer,rescue,2.7460114704161034e-05,5.70671115548481e-06,5.2300287525524213e-05
validation,literature-focused,cross_15129,cross_layer,induction,0.025451688795909703,0.020347206578606735,0.03075877398831602
validation,literature-focused,cross_15129,cross_layer,rescue,1.989828095680999e-05,6.184171696232549e-06,3.69905525115888e-05
validation,literature-focused,cross_15130,cross_layer,induction,0.037933183519263725,0.030722383503980814,0.044997977443086506
validation,literature-focused,cross_15130,cross_layer,rescue,2.6459546705313597e-05,6.834202063043367e-06,5.05958467898743e-05
validation,literature-focused,cross_15131,cross_layer,induction,0.03218624116151172,0.02509389133300084,0.03959284113170458
validation,literature-focused,cross_15131,cross_layer,rescue,0.00016210554306188627,3.133553662910944e-05,0.0003553931672120891
validation,literature-focused,cross_15132,cross_layer,induction,0.032976502388300535,0.024809287619465815,0.04244562048090424
validation,literature-focused,cross_15132,cross_layer,rescue,8.68464296926796e-05,2.0477717602693143e-05,0.00019188307366381315
validation,mathematical,within_15001,within_layer,induction,0.3594812517715593,0.2961933810158196,0.4318096947126954
validation,mathematical,within_15001,within_layer,rescue,0.04121054565766178,0.02815027860031441,0.054288103973711956
validation,mathematical,within_15002,within_layer,induction,0.33022039382787655,0.2717912324908581,0.3995539111105821
validation,mathematical,within_15002,within_layer,rescue,0.04471758897587053,0.030420919929183193,0.059672444818573325
validation,mathematical,within_15003,within_layer,induction,0.35560938436092265,0.294808622959577,0.4274022654124728
validation,mathematical,within_15003,within_layer,rescue,0.04774411121367506,0.03179407080075171,0.06476947492688181
validation,mathematical,within_15004,within_layer,induction,0.6227703858207534,0.5623522802866047,0.692693303241973
validation,mathematical,within_15004,within_layer,rescue,0.148981691492485,0.10544115981232731,0.1894871365496259
validation,mathematical,within_15005,within_layer,induction,0.32988811951280567,0.27333653663785773,0.3955736421294419
validation,mathematical,within_15005,within_layer,rescue,0.04207145096778575,0.027585701501394628,0.058231416950751236
validation,mathematical,within_15006,within_layer,induction,0.3571482354617878,0.2886640707512562,0.4320175136885131
validation,mathematical,within_15006,within_layer,rescue,0.03965364287912909,0.02580013755022554,0.05546806835308027
validation,mathematical,within_15007,within_layer,induction,0.031984863732209275,0.013115001735634476,0.05050759101644572
validation,mathematical,within_15007,within_layer,rescue,0.009291421722128521,0.005546089805244159,0.013466325590606548
validation,mathematical,within_15008,within_layer,induction,0.3831916190042534,0.3098141361769544,0.461002773584536
validation,mathematical,within_15008,within_layer,rescue,0.03850544719801593,0.02608451674027274,0.05151034942792721
validation,mathematical,within_15009,within_layer,induction,0.027930794852176775,0.010937739239006624,0.04309770992111548
validation,mathematical,within_15009,within_layer,rescue,0.004993807112696954,0.00178115229141047,0.007750014617022345
validation,mathematical,within_15010,within_layer,induction,0.020994012565561805,-0.0012482819171800255,0.04079090898429795
validation,mathematical,within_15010,within_layer,rescue,0.008578379280288085,0.004839758327698181,0.01271964016413221
validation,mathematical,within_15011,within_layer,induction,-0.002073111210054964,-0.025904976933149484,0.016508469343898127
validation,mathematical,within_15011,within_layer,rescue,0.006946518478919736,0.003748900838990862,0.010270713523965766
validation,mathematical,within_15012,within_layer,induction,-0.004641843660322186,-0.03044740171291929,0.014778951783703389
validation,mathematical,within_15012,within_layer,rescue,0.006814096904343436,0.0036827094112113932,0.010054245322028407
validation,mathematical,within_15013,within_layer,induction,0.060580679438280494,0.04404115131752558,0.07636436122862288
validation,mathematical,within_15013,within_layer,rescue,0.0073276961406036414,0.004608598001928039,0.010015508065212078
validation,mathematical,within_15014,within_layer,induction,0.3850415969520387,0.3228467708794397,0.4566768070502295
validation,mathematical,within_15014,within_layer,rescue,0.044439446460106585,0.030333520230199505,0.05891176035964528
validation,mathematical,within_15015,within_layer,induction,0.6673002575244102,0.6162274888128669,0.7296332118128639
validation,mathematical,within_15015,within_layer,rescue,0.1507804804454507,0.10518735210938863,0.19348305748195122
validation,mathematical,within_15016,within_layer,induction,0.3303296329579187,0.26457202997292945,0.40432561405095596
validation,mathematical,within_15016,within_layer,rescue,0.03632530922555759,0.0240421205657809,0.05051085109412653
validation,mathematical,within_15017,within_layer,induction,0.6436047955649871,0.585336183036741,0.7112218082552634
validation,mathematical,within_15017,within_layer,rescue,0.15225224185591366,0.10611763616731745,0.19526932761868301
validation,mathematical,within_15018,within_layer,induction,0.05737759682697359,0.040536422046739275,0.07313405727457717
validation,mathematical,within_15018,within_layer,rescue,0.007227920431162147,0.004646087849842931,0.009785825548703232
validation,mathematical,within_15019,within_layer,induction,0.02369861619477089,0.002569647104481048,0.04341357996119589
validation,mathematical,within_15019,within_layer,rescue,0.008844659461706985,0.004997585393859217,0.013061102583184315
validation,mathematical,within_15020,within_layer,induction,0.3024523626462497,0.248540664589719,0.36612171871437704
validation,mathematical,within_15020,within_layer,rescue,0.03927565173130395,0.02625358220579845,0.05348139235044225
validation,mathematical,within_15021,within_layer,induction,0.35784996105486294,0.2962910035518054,0.4284341041771961
validation,mathematical,within_15021,within_layer,rescue,0.03998824759368166,0.02722781108784304,0.05296534915102581
validation,mathematical,within_15022,within_layer,induction,0.40964641566850846,0.3403074753638824,0.48388282488288353
validation,mathematical,within_15022,within_layer,rescue,0.042066214321105896,0.028985321991169575,0.05467412135532934
validation,mathematical,within_15023,within_layer,induction,0.024522971511197623,0.005956025881711561,0.04046424462190574
validation,mathematical,within_15023,within_layer,rescue,0.004871829146687389,0.0017450386191848123,0.007529929336364705
validation,mathematical,within_15024,within_layer,induction,0.032728946904911065,0.01532547969825347,0.04809004720544061
validation,mathematical,within_15024,within_layer,rescue,0.005273934494521358,0.002566380948972529,0.007630905479046742
validation,mathematical,within_15025,within_layer,induction,0.04927715939826715,0.03180507159590666,0.0652085701819706
validation,mathematical,within_15025,within_layer,rescue,0.0067414931968479315,0.003817106376877114,0.00964452109567562
validation,mathematical,within_15026,within_layer,induction,0.360878480570183,0.3002185088210704,0.4321390404485046
validation,mathematical,within_15026,within_layer,rescue,0.0412240360459347,0.028554639274635547,0.05374696759712898
validation,mathematical,within_15027,within_layer,induction,0.35817433559429074,0.28716383096539155,0.43566252271388184
validation,mathematical,within_15027,within_layer,rescue,0.035095850549541376,0.024167608236368588,0.04651984867502986
validation,mathematical,within_15028,within_layer,induction,0.006273123822235137,-0.015281232484863795,0.023429501020108906
validation,mathematical,within_15028,within_layer,rescue,0.0073742373473508135,0.004352330586425549,0.01057685762855706
validation,mathematical,within_15029,within_layer,induction,0.38404969452349885,0.31835796069642613,0.4582015145383224
validation,mathematical,within_15029,within_layer,rescue,0.04479165610740999,0.03008674029897511,0.05986361578148553
validation,mathematical,within_15030,within_layer,induction,0.38676535216369873,0.31974897011222997,0.46027365104300527
validation,mathematical,within_15030,within_layer,rescue,0.03836091243093496,0.02683441908844758,0.04921262294575223
validation,mathematical,within_15031,within_layer,induction,0.029252859473960755,0.009153207368985224,0.04780649948697353
validation,mathematical,within_15031,within_layer,rescue,0.009063985536966501,0.005404242511554602,0.013201175716284099
validation,mathematical,within_15032,within_layer,induction,0.052625290641255845,0.03549719693428835,0.06884396761428745
validation,mathematical,within_15032,within_layer,rescue,0.00684433441602426,0.0037838691044414733,0.00986238666430039
validation,mathematical,cross_15101,cross_layer,induction,-0.06032932206825025,-0.08662672477953004,-0.04296264926020877
validation,mathematical,cross_15101,cross_layer,rescue,-0.004157950443604155,-0.006552330621579356,-0.0019145459298202236
validation,mathematical,cross_15102,cross_layer,induction,-0.02523484367803774,-0.04551806043437773,-0.009965663779985479
validation,mathematical,cross_15102,cross_layer,rescue,0.0018677358263732736,0.0006931613645000356,0.0032017217606450333
validation,mathematical,cross_15103,cross_layer,induction,-0.03385892666774469,-0.057509704352748686,-0.016296748316816604
validation,mathematical,cross_15103,cross_layer,rescue,0.00349333538772098,0.0019280460737303483,0.005435915135162182
validation,mathematical,cross_15104,cross_layer,induction,-0.046514688277851886,-0.07051961621834947,-0.027823861048649867
validation,mathematical,cross_15104,cross_layer,rescue,0.0019008129683553492,0.00015929654311575044,0.003736482623771146
validation,mathematical,cross_15105,cross_layer,induction,0.02961785046497274,0.007817520848036559,0.04807835744408861
validation,mathematical,cross_15105,cross_layer,rescue,0.004272594111901568,0.0017490611532397734,0.006818037810346789
validation,mathematical,cross_15106,cross_layer,induction,-0.03704554820328637,-0.05971875584831409,-0.018644688396375522
validation,mathematical,cross_15106,cross_layer,rescue,0.0020603880643685225,-3.306750866816312e-05,0.004619358994289612
validation,mathematical,cross_15107,cross_layer,induction,0.006208468097449872,-0.013096900853934982,0.02485790933454997
validation,mathematical,cross_15107,cross_layer,rescue,0.00753623273921917,0.00513175412063758,0.010188954632547133
validation,mathematical,cross_15108,cross_layer,induction,0.04963356578638835,0.03321530679073309,0.0718744718592096
validation,mathematical,cross_15108,cross_layer,rescue,0.01280925743705591,0.008271931552607754,0.019023010903942397
validation,mathematical,cross_15109,cross_layer,induction,0.0025510807400997617,-0.011755406767464534,0.015842477132506343
validation,mathematical,cross_15109,cross_layer,rescue,0.00017498969220100765,-0.003966826134920775,0.0033264940106420555
validation,mathematical,cross_15110,cross_layer,induction,-0.0804927798214021,-0.11468140520887968,-0.0545745450286009
validation,mathematical,cross_15110,cross_layer,rescue,0.0017154985063531593,-0.00024915749508675486,0.0038036211369577785
validation,mathematical,cross_15111,cross_layer,induction,-0.02988175898034112,-0.04910661292068569,-0.016064429977157065
validation,mathematical,cross_15111,cross_layer,rescue,0.003353910858099482,0.0014933842961787171,0.0051851197247428146
validation,mathematical,cross_15112,cross_layer,induction,-0.03486904521321588,-0.057353380031697064,-0.01977409927762585
validation,mathematical,cross_15112,cross_layer,rescue,-0.002064100854283196,-0.0046581055298877145,-0.00014109743138714182
validation,mathematical,cross_15113,cross_layer,induction,0.00888975374268473,-0.004614956854228026,0.021229174803438295
validation,mathematical,cross_15113,cross_layer,rescue,0.0040031280131148156,0.001924511104149622,0.0066241124437015735
validation,mathematical,cross_15114,cross_layer,induction,-0.14439664022829157,-0.20287971532338775,-0.10358476049460466
validation,mathematical,cross_15114,cross_layer,rescue,-0.004756938203459398,-0.009533902931705458,-0.0010823201471098025
validation,mathematical,cross_15115,cross_layer,induction,-0.014695511891205807,-0.03042947912816033,-0.0015698887811102164
validation,mathematical,cross_15115,cross_layer,rescue,0.002219414859943177,-0.00011703673394027927,0.004627026848693723
validation,mathematical,cross_15116,cross_layer,induction,-0.06470055273251696,-0.095267283393714,-0.043437627706900815
validation,mathematical,cross_15116,cross_layer,rescue,-0.0023915721153412155,-0.005075203271666458,6.288587888612095e-05
validation,mathematical,cross_15117,cross_layer,induction,0.04593311943607558,0.026507274620035003,0.06787553231681122
validation,mathematical,cross_15117,cross_layer,rescue,0.007179170668374546,0.00409296742483062,0.010457312915530675
validation,mathematical,cross_15118,cross_layer,induction,0.12958087289170805,0.09432932621450935,0.17301134024385437
validation,mathematical,cross_15118,cross_layer,rescue,0.013908886162442279,0.009546159694418603,0.018844466951623437
validation,mathematical,cross_15119,cross_layer,induction,-0.04386892537312736,-0.07155569250791737,-0.024284566265107645
validation,mathematical,cross_15119,cross_layer,rescue,0.0011182435796222266,-0.0002675930343155534,0.0025943646825184246
validation,mathematical,cross_15120,cross_layer,induction,-0.02979887829727992,-0.05270404875296233,-0.010220111144535292
validation,mathematical,cross_15120,cross_layer,rescue,0.004565937415061164,0.002006521507385706,0.008336203887813911
validation,mathematical,cross_15121,cross_layer,induction,0.10717241201517576,0.08349692221122268,0.13687988246480765
validation,mathematical,cross_15121,cross_layer,rescue,0.010842943612949095,0.006613275555556049,0.01642340637393123
validation,mathematical,cross_15122,cross_layer,induction,-0.020060455403522772,-0.04616708602309902,-0.001246124466279868
validation,mathematical,cross_15122,cross_layer,rescue,-0.0014025939287219946,-0.004210396308399447,0.0007329454429042827
validation,mathematical,cross_15123,cross_layer,induction,-0.0035566245408621667,-0.01940417372010772,0.007278542456917035
validation,mathematical,cross_15123,cross_layer,rescue,0.00025462996090017944,-0.0024351392568008725,0.002708388833677231
validation,mathematical,cross_15124,cross_layer,induction,0.13267093076967018,0.09635771895205489,0.17399307097808075
validation,mathematical,cross_15124,cross_layer,rescue,0.015575288219763525,0.010196523530699206,0.021720939664557903
validation,mathematical,cross_15125,cross_layer,induction,0.01358583569361054,-0.004584907777377216,0.032149978478789434
validation,mathematical,cross_15125,cross_layer,rescue,0.0036071705377604293,0.0012749300034495177,0.005949313200811076
validation,mathematical,cross_15126,cross_layer,induction,0.1141202241875622,0.0844262544377754,0.15341503180113966
validation,mathematical,cross_15126,cross_layer,rescue,0.011202427092580994,0.007019581010593953,0.016190136465664882
validation,mathematical,cross_15127,cross_layer,induction,-0.01740398062728112,-0.04371121946275201,0.0038981868841683255
validation,mathematical,cross_15127,cross_layer,rescue,-0.0023178746223629174,-0.005610791939690831,0.00029469254883215316
validation,mathematical,cross_15128,cross_layer,induction,-0.018786902074262084,-0.0307604599857883,-0.009816314711779621
validation,mathematical,cross_15128,cross_layer,rescue,0.004058222128952715,0.0024757796108629145,0.005897461790924021
validation,mathematical,cross_15129,cross_layer,induction,0.07769777077098869,0.05673018992520302,0.10076258705295332
validation,mathematical,cross_15129,cross_layer,rescue,0.008721095005512953,0.005575086012478535,0.012469393583715151
validation,mathematical,cross_15130,cross_layer,induction,-0.046239222959990625,-0.07024253934448613,-0.028150735808304565
validation,mathematical,cross_15130,cross_layer,rescue,-0.0009515012523444332,-0.0034360436892962062,0.0009021919214527504
validation,mathematical,cross_15131,cross_layer,induction,-0.034539720891579334,-0.057061075565388274,-0.01642711788485294
validation,mathematical,cross_15131,cross_layer,rescue,0.008465578971024765,0.005392344905158079,0.012315740002596018
validation,mathematical,cross_15132,cross_layer,induction,0.005293678299895576,-0.008173279952551103,0.019388432012248824
validation,mathematical,cross_15132,cross_layer,rescue,0.0031862739192213343,0.0009771201409383534,0.005922997561012697
